report_id,report_text,clean_report_text,report_concepts,report_side
MMCQSD_REPORT_MMCQSD_000064,"Is the current treatment plan appropriate for a 10-month-old with a scratched, swollen, red, watery, light-sensitive eye that is affecting sleep? The image shows the condition of swollen eye. Eye lid entirely swollen and pink in color with tear dripping of the eye.",is the current treatment plan appropriate for a 10-month-old with a scratched swollen red watery light-sensitive eye that is affecting sleep the image shows the condition of swollen eye eye lid entirely swollen and pink in color with tear dripping of the eye,,unspecified
MMCQSD_REPORT_MMCQSD_002684,"What could be causing swollen, dry, and itchy eyelids in a pregnant woman despite using various treatments? The image shows the condition of swollen eye. Big swelling of the entire eyelid and also below the eye. Looks Dark red and little shiny. ",what could be causing swollen dry and itchy eyelids in a pregnant woman despite using various treatments the image shows the condition of swollen eye big swelling of the entire eyelid and also below the eye looks dark red and little shiny,,unspecified
MMCQSD_REPORT_MMCQSD_000103,Is it possible to have roseola without high fever in a 2.5-year-old boy with a rash and recent cold-like symptoms? The image shows the condition of skin rash. Red spots on the left should and back area. Multiple spots with redness.,is it possible to have roseola without high fever in a 2 5-year-old boy with a rash and recent cold-like symptoms the image shows the condition of skin rash red spots on the left should and back area multiple spots with redness,,left
MMCQSD_REPORT_MMCQSD_002692,"What could be the cause of dryness, dandruff, skin rash, and hair loss in a patient with hypothyroidism and genital warts? The image shows the condition of skin rash. Round and swollen spots on the skin, red in color and multiple in the affected area.",what could be the cause of dryness dandruff skin rash and hair loss in a patient with hypothyroidism and genital warts the image shows the condition of skin rash round and swollen spots on the skin red in color and multiple in the affected area,,unspecified
MMCQSD_REPORT_MMCQSD_000417,"What could be the cause of the rash on a 5-month-old baby's head, resembling a pea-sized mark, with no known head injury? The image here shows a medical condition related to foot_swelling. The foot is swollen with blue discolouration.",what could be the cause of the rash on a 5-month-old baby s head resembling a pea-sized mark with no known head injury the image here shows a medical condition related to foot swelling the foot is swollen with blue discolouration,,unspecified
MMCQSD_REPORT_MMCQSD_001265,"Could knots and swelling in the feet and hands, along with itching and excessive drinking, be a sign of diabetes? The image shows the condition of hand lump. Lump on the small fingers side of the palm.",could knots and swelling in the feet and hands along with itching and excessive drinking be a sign of diabetes the image shows the condition of hand lump lump on the small fingers side of the palm,,unspecified
MMCQSD_REPORT_MMCQSD_000094,"What treatment should be recommended for a 16-month-old baby with a persistent skin rash, itching, and disrupted sleep due to allergies? The image shows the condition of skin rash. Red spots on the left should and back area. Multiple spots with redness.",what treatment should be recommended for a 16-month-old baby with a persistent skin rash itching and disrupted sleep due to allergies the image shows the condition of skin rash red spots on the left should and back area multiple spots with redness,,left
MMCQSD_REPORT_MMCQSD_001539,"What is the hard lump under the skin under the left nostril after experiencing swollen upper lip, root canal, and antibiotics? The image shows the condition of Lip Swelling. Central portion of the upper lip is swollen.",what is the hard lump under the skin under the left nostril after experiencing swollen upper lip root canal and antibiotics the image shows the condition of lip swelling central portion of the upper lip is swollen,,left
MMCQSD_REPORT_MMCQSD_000568,"Could the ulcers in the mouth, weight loss, and recurrence be caused by an allergic reaction to the stent? The image shows the condition of mouth ulcers.",could the ulcers in the mouth weight loss and recurrence be caused by an allergic reaction to the stent the image shows the condition of mouth ulcers,,unspecified
MMCQSD_REPORT_MMCQSD_001042,Is the slightly raised bump with a small red dot and two hard bumps underneath indicative of ringworm? The image here shows a medical condition related to skin_growth. There are black eruptions and mass elevated from the surface on the skin.,is the slightly raised bump with a small red dot and two hard bumps underneath indicative of ringworm the image here shows a medical condition related to skin growth there are black eruptions and mass elevated from the surface on the skin,,unspecified
MMCQSD_REPORT_MMCQSD_001403,"What could be the diagnosis for a 24-year-old male with a 4cm lump under the jawline, tenderness, pain, and difficulty eating? The image here shows a medical condition related to neck_swelling. The neck below the jaw contains a cyst like structure.",what could be the diagnosis for a 24-year-old male with a 4cm lump under the jawline tenderness pain and difficulty eating the image here shows a medical condition related to neck swelling the neck below the jaw contains a cyst like structure,,unspecified
MMCQSD_REPORT_MMCQSD_000323,"What type of injury could have caused foot pain, weight-bearing difficulty, and a peculiar walking pattern, with no visible swelling or bruising? The image here shows the condition of foot swelling",what type of injury could have caused foot pain weight-bearing difficulty and a peculiar walking pattern with no visible swelling or bruising the image here shows the condition of foot swelling,,unspecified
MMCQSD_REPORT_MMCQSD_002298,"What could be the cause of a rough rash on a toddler's leg, foot, and thigh that is non-bothersome and improves with cortisone cream? The image shows the condition of skin rash. Round and swollen spots on the skin, red in color and multiple in the affected area.",what could be the cause of a rough rash on a toddler s leg foot and thigh that is non-bothersome and improves with cortisone cream the image shows the condition of skin rash round and swollen spots on the skin red in color and multiple in the affected area,,unspecified
MMCQSD_REPORT_MMCQSD_001125,"Is edema and swelling in ankles a result of splenectomy and pancreatic tail removal, requiring natural or medical treatment? The image here shows a medical condition related to edema. The leg is swollen with no signs of redness.",is edema and swelling in ankles a result of splenectomy and pancreatic tail removal requiring natural or medical treatment the image here shows a medical condition related to edema the leg is swollen with no signs of redness,congestion,unspecified
MMCQSD_REPORT_MMCQSD_000602,What is the appropriate specialist to treat severe mouth ulcers and tongue irritation after wisdom tooth extraction? The image here shows the condition of mouth ulcers,what is the appropriate specialist to treat severe mouth ulcers and tongue irritation after wisdom tooth extraction the image here shows the condition of mouth ulcers,,unspecified
MMCQSD_REPORT_MMCQSD_000742,"What is the cause of swollen lymph nodes, dizziness, facial spasms, eye headaches, and tonsil inflammation in this patient? The image here shows a medical condition related to swollen_tonsils. Reddish black swelling at the back of the throat.",what is the cause of swollen lymph nodes dizziness facial spasms eye headaches and tonsil inflammation in this patient the image here shows a medical condition related to swollen tonsils reddish black swelling at the back of the throat,,unspecified
MMCQSD_REPORT_MMCQSD_001128,"Do the presence of edema, soft lumps in ankles, and a history of kidney stones suggest any underlying kidney condition? The image here shows a medical condition related to edema. The right leg has swelling with redness.",do the presence of edema soft lumps in ankles and a history of kidney stones suggest any underlying kidney condition the image here shows a medical condition related to edema the right leg has swelling with redness,congestion,right
MMCQSD_REPORT_MMCQSD_001103,"Is there a natural way to improve kidney function, reverse edema, and prevent dialysis in a diabetic patient with high blood pressure? The image here shows a medical condition related to edema. The leg is swollen with no signs of redness.",is there a natural way to improve kidney function reverse edema and prevent dialysis in a diabetic patient with high blood pressure the image here shows a medical condition related to edema the leg is swollen with no signs of redness,congestion,unspecified
MMCQSD_REPORT_MMCQSD_001492,"What could be causing the throbbing leg pain, numbness in toes, and lump on the leg, along with knee swelling?  The image here shows a medical condition related to knee_swelling. The legs are swollen with a slight red bruises in the leg.",what could be causing the throbbing leg pain numbness in toes and lump on the leg along with knee swelling the image here shows a medical condition related to knee swelling the legs are swollen with a slight red bruises in the leg,,unspecified
MMCQSD_REPORT_MMCQSD_000045,"Should I be worried about my 10-month-old baby's swollen eye after a fall, despite appearing normal otherwise? The image shows the condition of swollen eye. Eyelid of the right eye swollen and light pink in color. The eyelid is dropping down because of swelling.",should i be worried about my 10-month-old baby s swollen eye after a fall despite appearing normal otherwise the image shows the condition of swollen eye eyelid of the right eye swollen and light pink in color the eyelid is dropping down because of swelling,no_acute,right
MMCQSD_REPORT_MMCQSD_001557,"What could be the cause of a painless, growing, 2-inch lump on a healthy baby's left hand since birth? The image shows the condition of hand lump. Swellings on the end of the fingers on the palm.",what could be the cause of a painless growing 2-inch lump on a healthy baby s left hand since birth the image shows the condition of hand lump swellings on the end of the fingers on the palm,,left
MMCQSD_REPORT_MMCQSD_002046,"What type of infection might be causing a rash on the arms and legs that is itchy, oozes, and is painful? The image shows the condition of skin rash. Round and swollen spots on the skin, red in color and multiple in the affected area.",what type of infection might be causing a rash on the arms and legs that is itchy oozes and is painful the image shows the condition of skin rash round and swollen spots on the skin red in color and multiple in the affected area,pneumonia,unspecified
MMCQSD_REPORT_MMCQSD_000053,Can a doctor provide help for a two-year-old with recurring UTIs and red swollen eyes? The image shows the condition of swollen eye. Little swelling on the lateral side of the right eye's eyelid.,can a doctor provide help for a two-year-old with recurring utis and red swollen eyes the image shows the condition of swollen eye little swelling on the lateral side of the right eye s eyelid,,right
MMCQSD_REPORT_MMCQSD_002093,"What is the cause of a persistent rash with blisters on the feet, itchy palms, and tiny lumps on the body? The image shows the condition of skin rash. Round and swollen spots on the skin, red in color and multiple in the affected area.",what is the cause of a persistent rash with blisters on the feet itchy palms and tiny lumps on the body the image shows the condition of skin rash round and swollen spots on the skin red in color and multiple in the affected area,,unspecified
MMCQSD_REPORT_MMCQSD_002872,"What could be causing red rashes on the penis, recurrence after using Candid Total, orange patches, burning during urination, and occasional itching? The image shows the condition of skin rash. Round and swollen spots on the skin, red in color and multiple in the affected area.",what could be causing red rashes on the penis recurrence after using candid total orange patches burning during urination and occasional itching the image shows the condition of skin rash round and swollen spots on the skin red in color and multiple in the affected area,,unspecified
MMCQSD_REPORT_MMCQSD_000437,"Is Voltaren gel recommended for a 66-year-old Type I Diabetic with edema, ankle injury, and shooting, burning pain? The image here shows a medical condition related to foot_swelling. The foot has turned red and blue and swollen.",is voltaren gel recommended for a 66-year-old type i diabetic with edema ankle injury and shooting burning pain the image here shows a medical condition related to foot swelling the foot has turned red and blue and swollen,congestion,unspecified
MMCQSD_REPORT_MMCQSD_002032,"What could be the cause of a two-month-old rash with red spots, occasional itchiness but no discharge, and a red shiny skin on the scrotum and penile shaft? The image shows the condition of skin rash. Round and swollen spots on the skin, red in color and multiple in the affected area.",what could be the cause of a two-month-old rash with red spots occasional itchiness but no discharge and a red shiny skin on the scrotum and penile shaft the image shows the condition of skin rash round and swollen spots on the skin red in color and multiple in the affected area,,unspecified
MMCQSD_REPORT_MMCQSD_002678,"Is the patient's difficulty sleeping and feeling of swollen/constricted tonsils related, and is treatment needed? The image here shows a medical condition related to swollen_tonsils. The tonsils have swollen excessively in the back of the throat.",is the patient s difficulty sleeping and feeling of swollen constricted tonsils related and is treatment needed the image here shows a medical condition related to swollen tonsils the tonsils have swollen excessively in the back of the throat,,unspecified
MMCQSD_REPORT_MMCQSD_002554,"Summary: Patient has had rashes on face and skin for 3 months. Antihistamines and corticosteroid caused dry skin. Can Venusia cream be used? The image shows the condition of skin rash. Round and swollen spots on the skin, red in color and multiple in the affected area.",summary patient has had rashes on face and skin for 3 months antihistamines and corticosteroid caused dry skin can venusia cream be used the image shows the condition of skin rash round and swollen spots on the skin red in color and multiple in the affected area,,unspecified
MMCQSD_REPORT_MMCQSD_000204,What is the significance of a neck swelling in a 10-month-old with abnormal lab results including elevated ESR and platelet count? The image here shows a medical condition related to neck_swelling. There is round shaped swelling in the neck below the lower jaws.,what is the significance of a neck swelling in a 10-month-old with abnormal lab results including elevated esr and platelet count the image here shows a medical condition related to neck swelling there is round shaped swelling in the neck below the lower jaws,no_acute,unspecified
MMCQSD_REPORT_MMCQSD_002207,"Could the skin rash on arms, chest, stomach, and legs, worsened by scratching with acrylic nails, indicate a specific cause? The image shows the condition of skin rash. Round and swollen spots on the skin, red in color and multiple in the affected area.",could the skin rash on arms chest stomach and legs worsened by scratching with acrylic nails indicate a specific cause the image shows the condition of skin rash round and swollen spots on the skin red in color and multiple in the affected area,,unspecified
MMCQSD_REPORT_MMCQSD_002273,"Does the patient's severe itching at night, without a rash, have any relation to their known allergies or recent medication change? The image shows the condition of skin rash. Round and swollen spots on the skin, red in color and multiple in the affected area.",does the patient s severe itching at night without a rash have any relation to their known allergies or recent medication change the image shows the condition of skin rash round and swollen spots on the skin red in color and multiple in the affected area,,unspecified
MMCQSD_REPORT_MMCQSD_001345,"What could be the cause of the lump under the ribs, vomiting in the mornings, and poor appetite in a 35-year-old man? The image shows the condition of hand lump. Two swellings or lump on the right hand's palm around the thumb side.",what could be the cause of the lump under the ribs vomiting in the mornings and poor appetite in a 35-year-old man the image shows the condition of hand lump two swellings or lump on the right hand s palm around the thumb side,,right
MMCQSD_REPORT_MMCQSD_001584,"Should a painless lump on the left side of the neck, present for 18 months, be a cause for concern? The image here shows a medical condition related to neck_swelling. There is round shaped swelling in the neck below the lower jaws.",should a painless lump on the left side of the neck present for 18 months be a cause for concern the image here shows a medical condition related to neck swelling there is round shaped swelling in the neck below the lower jaws,,left
MMCQSD_REPORT_MMCQSD_002574,"What is the cause of a rash after skin irritation from underwear, followed by a swollen, painful bump with discharge? The image shows the condition of skin rash. Round and swollen spots on the skin, red in color and multiple in the affected area.",what is the cause of a rash after skin irritation from underwear followed by a swollen painful bump with discharge the image shows the condition of skin rash round and swollen spots on the skin red in color and multiple in the affected area,,unspecified
MMCQSD_REPORT_MMCQSD_001962,"Are the skin rashes on palm, fingers, and legs due to deplatte and Atorvastatin, and what alternative medications can be considered? The image shows the condition of skin rash. Oval shaped or circular red patches on the leg. Little swelling and dryness on the patches with foldings of skin.",are the skin rashes on palm fingers and legs due to deplatte and atorvastatin and what alternative medications can be considered the image shows the condition of skin rash oval shaped or circular red patches on the leg little swelling and dryness on the patches with foldings of skin,,unspecified
MMCQSD_REPORT_MMCQSD_000271,"What are the potential long-term effects and lasting damage of chronic nose picking, lip swelling, and acne flare-ups in a 14-year-old? The image shows the condition of Lip Swelling. Left half of the lower lip is red and swollen.",what are the potential long-term effects and lasting damage of chronic nose picking lip swelling and acne flare-ups in a 14-year-old the image shows the condition of lip swelling left half of the lower lip is red and swollen,,left
MMCQSD_REPORT_MMCQSD_000299,"What could be the cause of a knot in the left thigh, knee swelling, and difficulty in bending the leg in a 1-year-old child? The image here shows a medical condition related to knee_swelling. Both the knee are swollen as a result the legs have bend inwards.",what could be the cause of a knot in the left thigh knee swelling and difficulty in bending the leg in a 1-year-old child the image here shows a medical condition related to knee swelling both the knee are swollen as a result the legs have bend inwards,,left
MMCQSD_REPORT_MMCQSD_002424,"What could be the cause of dry skin rashes with initial positive VDRL but negative TPHA results and subsequent white spots? The image shows the condition of skin rash. Round and swollen spots on the skin, red in color and multiple in the affected area.",what could be the cause of dry skin rashes with initial positive vdrl but negative tpha results and subsequent white spots the image shows the condition of skin rash round and swollen spots on the skin red in color and multiple in the affected area,,unspecified
MMCQSD_REPORT_MMCQSD_001526,Is the large solid feeling lump above the shin where the knee was hit something to be worried about? The image here shows the condition of knee swelling,is the large solid feeling lump above the shin where the knee was hit something to be worried about the image here shows the condition of knee swelling,,unspecified
MMCQSD_REPORT_MMCQSD_001638,What could be causing the sharp pains and long lump in the left armpit of a 27-year-old male? The image shows the condition of hand lump. Oval shaped swelling the on the palm side of hand below the middle finger.,what could be causing the sharp pains and long lump in the left armpit of a 27-year-old male the image shows the condition of hand lump oval shaped swelling the on the palm side of hand below the middle finger,,left
MMCQSD_REPORT_MMCQSD_002438,"Can Sjogren's Syndrome cause a symmetrical, red, rough, and dry rash on the cheeks, neck, and other areas? The image shows the condition of skin rash. Round and swollen spots on the skin, red in color and multiple in the affected area.",can sjogren s syndrome cause a symmetrical red rough and dry rash on the cheeks neck and other areas the image shows the condition of skin rash round and swollen spots on the skin red in color and multiple in the affected area,,unspecified
MMCQSD_REPORT_MMCQSD_001098,"What could be causing painless, non-tender swelling of the right testis in a 50-year-old kidney transplant patient? The image here shows a medical condition related to edema. The leg is swollen near the ankle",what could be causing painless non-tender swelling of the right testis in a 50-year-old kidney transplant patient the image here shows a medical condition related to edema the leg is swollen near the ankle,congestion,right
MMCQSD_REPORT_MMCQSD_001245,"Should the patient be concerned about a painful, movable mass in their hand after previous cancer amputation, and how long is too long to wait for treatment? The image shows the condition of hand lump. Lump on the wrist's bone on the right hand.",should the patient be concerned about a painful movable mass in their hand after previous cancer amputation and how long is too long to wait for treatment the image shows the condition of hand lump lump on the wrist s bone on the right hand,,right
MMCQSD_REPORT_MMCQSD_001126,"Summary: Can a patient with lymphoma and a history of radical nephrectomy have chronic renal disease indicated by elevated BUN and creatinine levels, edema, high PTH values, and previously elevated blood pressure? The image here shows a medical condition related to edema. the calf muscle of the right leg has swollen badly.",summary can a patient with lymphoma and a history of radical nephrectomy have chronic renal disease indicated by elevated bun and creatinine levels edema high pth values and previously elevated blood pressure the image here shows a medical condition related to edema the calf muscle of the right leg has swollen badly,congestion,right
MMCQSD_REPORT_MMCQSD_001256,"What could be causing the patient's low-grade fevers, swollen soft tissue lumps, bursitis pain, petechiae, lupus-like rash, and fatigue? The image shows the condition of skin rash. Red all over the left cheek of the mouth continues to the forehead. Part of nose also full red. Extreme allergy.",what could be causing the patient s low-grade fevers swollen soft tissue lumps bursitis pain petechiae lupus-like rash and fatigue the image shows the condition of skin rash red all over the left cheek of the mouth continues to the forehead part of nose also full red extreme allergy,,left
MMCQSD_REPORT_MMCQSD_000252,"Summary: Patient has undiagnosed throat infection with swollen tonsils, veiny throat, pale mouth, thin spider web veins, yellow roof, ear aches, pale and sensitive gums. The image shows the condition of mouth ulcers. Pink coloured circular swelling with redness all around it prese t on the inner side of upper lip.
Condition- stomatitis ( Inflammation of the skin of mouth)
",summary patient has undiagnosed throat infection with swollen tonsils veiny throat pale mouth thin spider web veins yellow roof ear aches pale and sensitive gums the image shows the condition of mouth ulcers pink coloured circular swelling with redness all around it prese t on the inner side of upper lip condition- stomatitis inflammation of the skin of mouth,pneumonia,unspecified
MMCQSD_REPORT_MMCQSD_000140,"What could be causing a non-itchy red bumpy rash on the hands, arms, and ears of children after a field trip to Catalina Island? The image shows the condition of skin rash. Spot swelling on the complete leg's skin, circular In shape and very ligh pink color.",what could be causing a non-itchy red bumpy rash on the hands arms and ears of children after a field trip to catalina island the image shows the condition of skin rash spot swelling on the complete leg s skin circular in shape and very ligh pink color,,unspecified
MMCQSD_REPORT_MMCQSD_000197,"What could be the cause of neck swelling in a 13-year-old girl with high-functioning Asperger's syndrome, requiring referral to a children's hospital? The image here shows a medical condition related to neck_swelling. The part of the neck near the ear is swollen. The neck below the lower jaw is red and swollen.",what could be the cause of neck swelling in a 13-year-old girl with high-functioning asperger s syndrome requiring referral to a children s hospital the image here shows a medical condition related to neck swelling the part of the neck near the ear is swollen the neck below the lower jaw is red and swollen,,unspecified
MMCQSD_REPORT_MMCQSD_002310,"What is the best approach for complete cure of recurring rash on hands, trunk, shoulder, back, neck, and chin? The image shows the condition of skin rash. Round and swollen spots on the skin, red in color and multiple in the affected area.",what is the best approach for complete cure of recurring rash on hands trunk shoulder back neck and chin the image shows the condition of skin rash round and swollen spots on the skin red in color and multiple in the affected area,,unspecified
MMCQSD_REPORT_MMCQSD_002649,"What is the timeline for reduction in swelling in nephrotic syndrome, safety of albumin infusion, and alternative treatments for edema? The image here shows a medical condition related to edema. The leg is swollen near the ankle",what is the timeline for reduction in swelling in nephrotic syndrome safety of albumin infusion and alternative treatments for edema the image here shows a medical condition related to edema the leg is swollen near the ankle,congestion,unspecified
MMCQSD_REPORT_MMCQSD_002968,Is the high level of Vitamin B12 and difficulty in absorbing food due to small intestine bacterial overgrowth? The image here shows a medical condition related to foot_swelling. The both foot are swollen with deformation in right foot.,is the high level of vitamin b12 and difficulty in absorbing food due to small intestine bacterial overgrowth the image here shows a medical condition related to foot swelling the both foot are swollen with deformation in right foot,,right
MMCQSD_REPORT_MMCQSD_002934,"Query: Patient has been suffering from pterygium for 2 years, experiencing swollen eyes. Wants to know if online eye drops can provide a permanent solution without surgery. The image shows the condition of swollen eye. Little swelling on the lateral side of the right eye's eyelid.",query patient has been suffering from pterygium for 2 years experiencing swollen eyes wants to know if online eye drops can provide a permanent solution without surgery the image shows the condition of swollen eye little swelling on the lateral side of the right eye s eyelid,,right
MMCQSD_REPORT_MMCQSD_002895,"Patient experiences redness and cut-like lesions on groin, burning and irritation after sex. Unsure if it's herpes or skin irritation. The image shows the condition of skin irritation. Red colored rashes on the right side of the neck. Raised spots of abrasion in the area with red spots prominent.",patient experiences redness and cut-like lesions on groin burning and irritation after sex unsure if it s herpes or skin irritation the image shows the condition of skin irritation red colored rashes on the right side of the neck raised spots of abrasion in the area with red spots prominent,,right
MMCQSD_REPORT_MMCQSD_002856,"Could the rash on the arms, hands, feet, and lip be a contagious condition like strep, impetigo, or hand, foot, and mouth disease? The image shows the condition of skin rash. Round and swollen spots on the skin, red in color and multiple in the affected area.",could the rash on the arms hands feet and lip be a contagious condition like strep impetigo or hand foot and mouth disease the image shows the condition of skin rash round and swollen spots on the skin red in color and multiple in the affected area,,unspecified
MMCQSD_REPORT_MMCQSD_000686,"Why does my daughter have extreme bruising, swelling, and a hard lump after her wisdom tooth removal? The image here shows a medical condition related to neck_swelling. The right side of the neck is swollen below the right lower jaws.",why does my daughter have extreme bruising swelling and a hard lump after her wisdom tooth removal the image here shows a medical condition related to neck swelling the right side of the neck is swollen below the right lower jaws,,right
MMCQSD_REPORT_MMCQSD_000267,What could be the cause of a small red flat dot above a 3-year-old's lip that doesn't go away and is not affected by OTC treatments? The image shows the condition of Lip Swelling. Central upper buldge swollen with redness and shiny appearance.,what could be the cause of a small red flat dot above a 3-year-old s lip that doesn t go away and is not affected by otc treatments the image shows the condition of lip swelling central upper buldge swollen with redness and shiny appearance,,unspecified
MMCQSD_REPORT_MMCQSD_000424,"What could be the cause of numbness in the lower gums and jaw, accompanied by lip swelling and a recent seizure? The image here shows a medical condition related to foot_swelling. The ankle of the foot is swollen with brown discolouration.",what could be the cause of numbness in the lower gums and jaw accompanied by lip swelling and a recent seizure the image here shows a medical condition related to foot swelling the ankle of the foot is swollen with brown discolouration,,unspecified
MMCQSD_REPORT_MMCQSD_000479,"What is the cause of the random lesions on the knee, back of knee, left arm, butt cheek, and below the lip, considering the previous knee injury and tummy rash? The image shows the condition of Lip Swelling. Full upper lip swollen. More swelling on right side of upper lip.",what is the cause of the random lesions on the knee back of knee left arm butt cheek and below the lip considering the previous knee injury and tummy rash the image shows the condition of lip swelling full upper lip swollen more swelling on right side of upper lip,,right
MMCQSD_REPORT_MMCQSD_000898,"24-year-old female with monthly swollen neck glands, fever, tonsillitis, relieved temporarily by high doses of vitamins. Concerned about potential causes. The image here shows a medical condition related to neck_swelling. The women is swollen with no red marks.",24-year-old female with monthly swollen neck glands fever tonsillitis relieved temporarily by high doses of vitamins concerned about potential causes the image here shows a medical condition related to neck swelling the women is swollen with no red marks,,unspecified
MMCQSD_REPORT_MMCQSD_000473,"Is the patient's enlarged uvula, difficulty swallowing, lump in jaw, knee pain, and occasional arm/hand pain related or unrelated? The image shows the condition of Lip Swelling. Intermediate swelling on both upper and lower lips but more on the upper portion.",is the patient s enlarged uvula difficulty swallowing lump in jaw knee pain and occasional arm hand pain related or unrelated the image shows the condition of lip swelling intermediate swelling on both upper and lower lips but more on the upper portion,,unspecified
MMCQSD_REPORT_MMCQSD_002341,"Is the red blotchy rash on the patient's arms, neck, and stomach related to their body fighting an illness or autoimmune response? The image shows the condition of skin rash. Round and swollen spots on the skin, red in color and multiple in the affected area.",is the red blotchy rash on the patient s arms neck and stomach related to their body fighting an illness or autoimmune response the image shows the condition of skin rash round and swollen spots on the skin red in color and multiple in the affected area,,unspecified
MMCQSD_REPORT_MMCQSD_000290,"Could the patient's use of a new mouthwash be causing their swollen, itchy, tingly, and sore lips and tongue? The image shows the condition of Lip Swelling. Bright pink coloured skin with darkening at one place on inner side of lower lip.",could the patient s use of a new mouthwash be causing their swollen itchy tingly and sore lips and tongue the image shows the condition of lip swelling bright pink coloured skin with darkening at one place on inner side of lower lip,,right
MMCQSD_REPORT_MMCQSD_000569,"Is a growing skin tag under the tongue with a soreness and small white tip normal? The image shows the condition of mouth ulcers. White coloured circular patch/ swelling with red coloured margin present on the inner skin of lower lip, imner skin of left cheek, above the teeth and below the tongue.
Condition- Aphthous ulcer
",is a growing skin tag under the tongue with a soreness and small white tip normal the image shows the condition of mouth ulcers white coloured circular patch swelling with red coloured margin present on the inner skin of lower lip imner skin of left cheek above the teeth and below the tongue condition- aphthous ulcer,no_acute,left
MMCQSD_REPORT_MMCQSD_000582,"Are small red dots with white centers in the roof of the mouth caused by irritation from zinc and cough drops? The image shows the condition of mouth ulcers. White coloured circular patch/ swelling with red coloured margin present on the inner skin of lower lip, imner skin of left cheek, above the teeth and below the tongue.
Condition- Aphthous ulcer
",are small red dots with white centers in the roof of the mouth caused by irritation from zinc and cough drops the image shows the condition of mouth ulcers white coloured circular patch swelling with red coloured margin present on the inner skin of lower lip imner skin of left cheek above the teeth and below the tongue condition- aphthous ulcer,,left
MMCQSD_REPORT_MMCQSD_000015,"Is post nasal drip the cause for my 9-year-old son’s throat ache, swollen tonsils, congested nose, and bad breath? The image here shows a medical condition related to swollen_tonsils. The swollen tonsils are black and red.",is post nasal drip the cause for my 9-year-old son s throat ache swollen tonsils congested nose and bad breath the image here shows a medical condition related to swollen tonsils the swollen tonsils are black and red,,unspecified
MMCQSD_REPORT_MMCQSD_002693,"Is it advisable to take Amoxyclav 625 to reduce foot swelling, pain, and infection with pus and blood discharge? The image here shows a medical condition related to foot_swelling. The ankle of the foot is swollen with brown discolouration.",is it advisable to take amoxyclav 625 to reduce foot swelling pain and infection with pus and blood discharge the image here shows a medical condition related to foot swelling the ankle of the foot is swollen with brown discolouration,pneumonia,unspecified
MMCQSD_REPORT_MMCQSD_000808,"Can swollen tonsils, lymph nodes, and glands in the neck be related to tingling and warm armpits after taking Amoxicillin? The image here shows a medical condition related to swollen_tonsils. One of the tonsils are swollen.",can swollen tonsils lymph nodes and glands in the neck be related to tingling and warm armpits after taking amoxicillin the image here shows a medical condition related to swollen tonsils one of the tonsils are swollen,,unspecified
MMCQSD_REPORT_MMCQSD_002651,"What could be the cause of itchy skin color bumps appearing on legs, hips, and hands during peak summer? The image shows the condition of skin rash. Round and swollen spots on the skin, red in color and multiple in the affected area.",what could be the cause of itchy skin color bumps appearing on legs hips and hands during peak summer the image shows the condition of skin rash round and swollen spots on the skin red in color and multiple in the affected area,,unspecified
MMCQSD_REPORT_MMCQSD_002248,"What could be the cause of the odd honeycombed blotch on the patient's left cheek that appeared 2 days ago? The image shows the condition of skin rash. Round and swollen spots on the skin, red in color and multiple in the affected area.",what could be the cause of the odd honeycombed blotch on the patient s left cheek that appeared 2 days ago the image shows the condition of skin rash round and swollen spots on the skin red in color and multiple in the affected area,,left
MMCQSD_REPORT_MMCQSD_000529,"Is the presence of a white spot on the gum and lips, along with pain when pressing the back teeth, normal after tooth extraction? The image shows the condition of Lip Swelling. Swelling present on the entire lower lip with yellowish fluid near the end and dried flakes on the lips.",is the presence of a white spot on the gum and lips along with pain when pressing the back teeth normal after tooth extraction the image shows the condition of lip swelling swelling present on the entire lower lip with yellowish fluid near the end and dried flakes on the lips,pleural_effusion|no_acute,unspecified
MMCQSD_REPORT_MMCQSD_000458,"What are the possible causes of recurrent headaches, water retention in ankles and calves, swollen eyes, and increased blood pressure? The image shows the condition of Lip Swelling. The left side of lower lip contains the swelling.",what are the possible causes of recurrent headaches water retention in ankles and calves swollen eyes and increased blood pressure the image shows the condition of lip swelling the left side of lower lip contains the swelling,,left
MMCQSD_REPORT_MMCQSD_000600,"Summary: Patient has dry mouth, mouth ulcers, tastelessness, breathlessness, leg pain for over 6 weeks. Diagnosis needed. The image shows the condition of mouth ulcers. A patch of oval shaped swelling on the tongue's right side. Dark red in color with swelling.",summary patient has dry mouth mouth ulcers tastelessness breathlessness leg pain for over 6 weeks diagnosis needed the image shows the condition of mouth ulcers a patch of oval shaped swelling on the tongue s right side dark red in color with swelling,,right
MMCQSD_REPORT_MMCQSD_000315,"What could be the cause of a large lump under the right armpit of a 6-month-old child? The image shows the condition of hand lump. One swelling on the palm area below the thumb on the inside. Circular on shape, inside part is whitish surrounded by red lining.",what could be the cause of a large lump under the right armpit of a 6-month-old child the image shows the condition of hand lump one swelling on the palm area below the thumb on the inside circular on shape inside part is whitish surrounded by red lining,,right
MMCQSD_REPORT_MMCQSD_000185,"Summary: Baby girl, 3 months old, using Nan1 formula, has a growing spot on chest, dry rash on back, spreading patches on face; seeking advice on formula change. The image shows the condition of skin rash. A section of skin in dark pink coloration and little raised or swollen. Some ciruclar small patches are also present around it.",summary baby girl 3 months old using nan1 formula has a growing spot on chest dry rash on back spreading patches on face seeking advice on formula change the image shows the condition of skin rash a section of skin in dark pink coloration and little raised or swollen some ciruclar small patches are also present around it,,unspecified
MMCQSD_REPORT_MMCQSD_000965,"Why did the patient's mouth and neck swell, and why haven't steroids helped reduce the swelling? The image here shows a medical condition related to neck_swelling. The middle aged man has red swollen neck.",why did the patient s mouth and neck swell and why haven t steroids helped reduce the swelling the image here shows a medical condition related to neck swelling the middle aged man has red swollen neck,,unspecified
MMCQSD_REPORT_MMCQSD_000671,Should the patient continue taking amoxicillin for infection in the neck and arm after tooth extractions? The image here shows a medical condition related to neck_swelling. The lower part of the neck is swollen.,should the patient continue taking amoxicillin for infection in the neck and arm after tooth extractions the image here shows a medical condition related to neck swelling the lower part of the neck is swollen,pneumonia,unspecified
MMCQSD_REPORT_MMCQSD_000052,"What could be the underlying cause of a 3-year-old's cold symptoms, blood in urine, ear pain, jaw pain, and swollen eye with discharge? The image shows the condition of swollen eye. Eye lid entirely swollen and pink in color with tear dripping of the eye.",what could be the underlying cause of a 3-year-old s cold symptoms blood in urine ear pain jaw pain and swollen eye with discharge the image shows the condition of swollen eye eye lid entirely swollen and pink in color with tear dripping of the eye,,unspecified
MMCQSD_REPORT_MMCQSD_002590,"Can the patient conclude that their HIV Elisa test is conclusive, given symptoms like frequent swelling, lumps, and pre-existing immunodeficiency? The image here shows a medical condition related to neck_swelling. The middle aged man has red swollen neck.",can the patient conclude that their hiv elisa test is conclusive given symptoms like frequent swelling lumps and pre-existing immunodeficiency the image here shows a medical condition related to neck swelling the middle aged man has red swollen neck,,unspecified
MMCQSD_REPORT_MMCQSD_001753,"Is the red, itchy, pimply rash on your hands possibly caused by a new hand cream you used? The image shows the condition of skin rash. Raised spots of pink color on the area of the skin just above the upper thumb. Little dryness present.",is the red itchy pimply rash on your hands possibly caused by a new hand cream you used the image shows the condition of skin rash raised spots of pink color on the area of the skin just above the upper thumb little dryness present,,unspecified
MMCQSD_REPORT_MMCQSD_001538,What is the recommended treatment for a cystic swelling on the right eyebrow that has been growing for 2 days? The image shows the condition of swollen eye. Eye lid of the left eye swelling. Color almost normal but little pink hue.,what is the recommended treatment for a cystic swelling on the right eyebrow that has been growing for 2 days the image shows the condition of swollen eye eye lid of the left eye swelling color almost normal but little pink hue,no_acute,right
MMCQSD_REPORT_MMCQSD_002822,"What could be the cause of long-term abdominal irritation, pain, and the potential diffusion of water and liquid food, causing skin irritation and inflammation? The image shows the condition of skin irritation. Small circular spots of red lesions. Little inflammed spots with little redness.",what could be the cause of long-term abdominal irritation pain and the potential diffusion of water and liquid food causing skin irritation and inflammation the image shows the condition of skin irritation small circular spots of red lesions little inflammed spots with little redness,,unspecified
MMCQSD_REPORT_MMCQSD_002646,"Can Coumadin cause a high dosage rash in a 91-year-old patient with atrial fibrillation? Can Aspirin be a suitable alternative? The image shows the condition of skin rash. Round and swollen spots on the skin, red in color and multiple in the affected area.",can coumadin cause a high dosage rash in a 91-year-old patient with atrial fibrillation can aspirin be a suitable alternative the image shows the condition of skin rash round and swollen spots on the skin red in color and multiple in the affected area,,unspecified
MMCQSD_REPORT_MMCQSD_000433,"What could be the cause of itchy scalp, redness in groin and face, bad smell in ear, belly, and anus, and dead skin cells formation, and how can they be treated? The image here shows a medical condition related to foot_swelling. The foot is swollen blue black discolour.",what could be the cause of itchy scalp redness in groin and face bad smell in ear belly and anus and dead skin cells formation and how can they be treated the image here shows a medical condition related to foot swelling the foot is swollen blue black discolour,,unspecified
MMCQSD_REPORT_MMCQSD_002189,"Is the sudden itching sensation and appearance of red bumps on various areas of the skin indicative of a bug bite or skin rash? The image shows the condition of skin rash. Round and swollen spots on the skin, red in color and multiple in the affected area.",is the sudden itching sensation and appearance of red bumps on various areas of the skin indicative of a bug bite or skin rash the image shows the condition of skin rash round and swollen spots on the skin red in color and multiple in the affected area,,unspecified
MMCQSD_REPORT_MMCQSD_001012,What could be causing the recurrent swelling in the left cheek and eyes of the patient's son? The image shows the condition of swollen eye.  Little swelling on the lateral side of the right eye's eyelid.,what could be causing the recurrent swelling in the left cheek and eyes of the patient s son the image shows the condition of swollen eye little swelling on the lateral side of the right eye s eyelid,,right
MMCQSD_REPORT_MMCQSD_001952,"Summary: Patient has a spreading rash on the inner arm with skin discoloration, and a white patch on the lower back. The image shows the condition of skin rash.  Pinkish red multuiple single coloured rash on the skin present close to each other.",summary patient has a spreading rash on the inner arm with skin discoloration and a white patch on the lower back the image shows the condition of skin rash pinkish red multuiple single coloured rash on the skin present close to each other,,unspecified
MMCQSD_REPORT_MMCQSD_000332,"Is it necessary to seek immediate medical attention for a 7-year-old with a severe blistery rash, dry skin, pain, and an elevated temperature? The image here shows the condition of mouth ulcers",is it necessary to seek immediate medical attention for a 7-year-old with a severe blistery rash dry skin pain and an elevated temperature the image here shows the condition of mouth ulcers,,unspecified
MMCQSD_REPORT_MMCQSD_001602,"What could be the cause of soft tissue swelling at the base of both sides of the neck in a 46-year-old male with no pain, rash, or weight gain? The image here shows a medical condition related to neck_swelling. The lower part of the neck is swollen.",what could be the cause of soft tissue swelling at the base of both sides of the neck in a 46-year-old male with no pain rash or weight gain the image here shows a medical condition related to neck swelling the lower part of the neck is swollen,,unspecified
MMCQSD_REPORT_MMCQSD_001746,"Why does the patient have pink and purple discoloration on their knee bone, with no pain or rashes? The image shows the condition of skin rash. Cluster of circular red rashes on the skin. Red around the rasied edges and clear skin in the center.",why does the patient have pink and purple discoloration on their knee bone with no pain or rashes the image shows the condition of skin rash cluster of circular red rashes on the skin red around the rasied edges and clear skin in the center,,unspecified
MMCQSD_REPORT_MMCQSD_000773,"Patient experiencing recurring canker sores, swollen tonsils on one side, sore and bleeding gums. Seeking assistance. The image here shows a medical condition related to swollen_tonsils. The swollen tonsils are black and red.",patient experiencing recurring canker sores swollen tonsils on one side sore and bleeding gums seeking assistance the image here shows a medical condition related to swollen tonsils the swollen tonsils are black and red,,unspecified
MMCQSD_REPORT_MMCQSD_002163,"Is the red raised line from rectum to scrotum in a 3-year-old with severe diaper rash a normal anatomical feature or a cause for concern? The image shows the condition of skin rash. Round and swollen spots on the skin, red in color and multiple in the affected area.",is the red raised line from rectum to scrotum in a 3-year-old with severe diaper rash a normal anatomical feature or a cause for concern the image shows the condition of skin rash round and swollen spots on the skin red in color and multiple in the affected area,no_acute,unspecified
MMCQSD_REPORT_MMCQSD_002683,How can I treat mouth ulcers from chewing pan masala that have caused stiffness and difficulty opening my mouth? The image shows the condition of mouth ulcers. A patch of irregular swelling on the lower lips immediate right inner side. Redness around the inflammation.,how can i treat mouth ulcers from chewing pan masala that have caused stiffness and difficulty opening my mouth the image shows the condition of mouth ulcers a patch of irregular swelling on the lower lips immediate right inner side redness around the inflammation,,right
MMCQSD_REPORT_MMCQSD_002243,"Is the red, raised, and painful skin rash with a white speck a spider bite on the thigh? The image shows the condition of skin rash. Round and swollen spots on the skin, red in color and multiple in the affected area.",is the red raised and painful skin rash with a white speck a spider bite on the thigh the image shows the condition of skin rash round and swollen spots on the skin red in color and multiple in the affected area,,unspecified
MMCQSD_REPORT_MMCQSD_000683,Was the diagnosis of Koch's disease correct in a 30-year-old nurse presenting with a previous root canal and neck swelling? The image here shows a medical condition related to neck_swelling. The part of the neck near the ear is swollen. The neck below the lower jaw is red and swollen.,was the diagnosis of koch s disease correct in a 30-year-old nurse presenting with a previous root canal and neck swelling the image here shows a medical condition related to neck swelling the part of the neck near the ear is swollen the neck below the lower jaw is red and swollen,,unspecified
MMCQSD_REPORT_MMCQSD_002419,"What could be the cause of my 5-year-old daughter's non-itchy, skin-colored rash on her face after a vacation? The image shows the condition of skin rash. Round and swollen spots on the skin, red in color and multiple in the affected area.",what could be the cause of my 5-year-old daughter s non-itchy skin-colored rash on her face after a vacation the image shows the condition of skin rash round and swollen spots on the skin red in color and multiple in the affected area,,unspecified
MMCQSD_REPORT_MMCQSD_000333,Is the high sed rate and recurring infections in a 6-year-old girl related to her tonsils or underlying conditions? The image here shows a medical condition related to eye_redness. The Eye is swelling with redness and the upper eyelid is also swollen.,is the high sed rate and recurring infections in a 6-year-old girl related to her tonsils or underlying conditions the image here shows a medical condition related to eye redness the eye is swelling with redness and the upper eyelid is also swollen,pneumonia,unspecified
MMCQSD_REPORT_MMCQSD_001254,"What could be the cause of a finger nail sized bulge above the left side of the forehead, accompanied by red marks, swollen lymph nodes, sore eyes, and weakness? The image here shows a medical condition related to skin_growth. There is black coloured tissue/mass elevated from the surface on the skin.",what could be the cause of a finger nail sized bulge above the left side of the forehead accompanied by red marks swollen lymph nodes sore eyes and weakness the image here shows a medical condition related to skin growth there is black coloured tissue mass elevated from the surface on the skin,,left
MMCQSD_REPORT_MMCQSD_001207,"Is surgery for gallbladder stone necessary if patient is asymptomatic with no complications based on USG report? The image here shows a medical condition related to swollen_tonsils. There are two round, flesh masses ninth back of throat.",is surgery for gallbladder stone necessary if patient is asymptomatic with no complications based on usg report the image here shows a medical condition related to swollen tonsils there are two round flesh masses ninth back of throat,,unspecified
MMCQSD_REPORT_MMCQSD_000487,"Is the presence of small, clear fluid-filled bumps inside the upper lip, along with swelling and pain, normal after dental work? The image here shows a medical condition related to skin_growth. There are red mass elevated from the surface on the skin having smooth surface.",is the presence of small clear fluid-filled bumps inside the upper lip along with swelling and pain normal after dental work the image here shows a medical condition related to skin growth there are red mass elevated from the surface on the skin having smooth surface,pleural_effusion|no_acute,unspecified
MMCQSD_REPORT_MMCQSD_001293,What could be the cause of sudden painful chin and neck lumps in a patient with a cold? The image here shows a medical condition related to neck_swelling. There is round shaped swelling in the neck below the lower jaws.,what could be the cause of sudden painful chin and neck lumps in a patient with a cold the image here shows a medical condition related to neck swelling there is round shaped swelling in the neck below the lower jaws,,unspecified
MMCQSD_REPORT_MMCQSD_002877,"Is TAVR a viable option for replacing a calcium-deposited aortic valve after open heart surgery? If so, where can I get the best treatment? The image shows the condition of swollen eye. Pinkish red localized round swelling above the left eyelid on the lateral side.",is tavr a viable option for replacing a calcium-deposited aortic valve after open heart surgery if so where can i get the best treatment the image shows the condition of swollen eye pinkish red localized round swelling above the left eyelid on the lateral side,,left
MMCQSD_REPORT_MMCQSD_002974,"What is the most effective treatment for thread-like rashes on genital area diagnosed as a fungal infection, unresponsive to antibiotics? The image shows the condition of skin rash. Round and swollen spots on the skin, red in color and multiple in the affected area.",what is the most effective treatment for thread-like rashes on genital area diagnosed as a fungal infection unresponsive to antibiotics the image shows the condition of skin rash round and swollen spots on the skin red in color and multiple in the affected area,pneumonia,unspecified
MMCQSD_REPORT_MMCQSD_002860,"Can homeopathy help with symptoms of depression, fatigue, low energy, tiredness, red eyes, and exhaustion related to excessive masturbation and pornography? The image here shows a medical condition related to eye_redness. The eye is swollen and the cornea has turned red.",can homeopathy help with symptoms of depression fatigue low energy tiredness red eyes and exhaustion related to excessive masturbation and pornography the image here shows a medical condition related to eye redness the eye is swollen and the cornea has turned red,,unspecified
MMCQSD_REPORT_MMCQSD_000818,"What could be the cause of my son's illness with symptoms of rash, peeling skin, and a burning bright orange urine? The image shows the condition of skin rash. Spot swelling on the complete leg's skin, circular In shape and very ligh pink color.",what could be the cause of my son s illness with symptoms of rash peeling skin and a burning bright orange urine the image shows the condition of skin rash spot swelling on the complete leg s skin circular in shape and very ligh pink color,,right
MMCQSD_REPORT_MMCQSD_001546,Should a 30-year-old male be concerned about a previously sore lump on the right side of his neck that has now become smaller without pain? The image here shows a medical condition related to neck_swelling. The part of the neck near the ear is swollen.,should a 30-year-old male be concerned about a previously sore lump on the right side of his neck that has now become smaller without pain the image here shows a medical condition related to neck swelling the part of the neck near the ear is swollen,,right
MMCQSD_REPORT_MMCQSD_000762,"Does the patient experience sharp pain in the eye, swollen tonsils, and a lump after a dental procedure indicating infection? The image here shows a medical condition related to swollen_tonsils. The right side of the   throat is swollen with redness. ",does the patient experience sharp pain in the eye swollen tonsils and a lump after a dental procedure indicating infection the image here shows a medical condition related to swollen tonsils the right side of the throat is swollen with redness,pneumonia,right
MMCQSD_REPORT_MMCQSD_002674,"What is the recommended treatment for alopecia and dry scalp, and can Tugain Foam and Morpheme Bhringraja be used together? The image shows the condition of dry scalp. White coloured scalp with lots of white flakes seen in the hairs.
Condition- dry scalp with dandruff caused by Malassezia Furfur.",what is the recommended treatment for alopecia and dry scalp and can tugain foam and morpheme bhringraja be used together the image shows the condition of dry scalp white coloured scalp with lots of white flakes seen in the hairs condition- dry scalp with dandruff caused by malassezia furfur,,unspecified
MMCQSD_REPORT_MMCQSD_000176,Does the onset of vitiligo in children under 10 years of age increase the chances of successful skin recovery? The image here shows a medical condition related to skin_growth. The skin has red rash like growths.,does the onset of vitiligo in children under 10 years of age increase the chances of successful skin recovery the image here shows a medical condition related to skin growth the skin has red rash like growths,,unspecified
MMCQSD_REPORT_MMCQSD_001037,What could be the cause of the patient's red spots with white halos on their legs accompanied by a low grade fever and flu-like symptoms? The image here shows a medical condition related to skin_growth. This is a black mass accumulated on the skin.,what could be the cause of the patient s red spots with white halos on their legs accompanied by a low grade fever and flu-like symptoms the image here shows a medical condition related to skin growth this is a black mass accumulated on the skin,,unspecified
MMCQSD_REPORT_MMCQSD_000719,"Summary: Patient experienced yellow jacket sting with initial pain, itching, rash, and swelling. After subsiding, it reoccurs as aching, under-the-skin swelling. The image shows the condition of skin rash. One section of oval skin with dark brown lining and central area light pink in color.",summary patient experienced yellow jacket sting with initial pain itching rash and swelling after subsiding it reoccurs as aching under-the-skin swelling the image shows the condition of skin rash one section of oval skin with dark brown lining and central area light pink in color,,unspecified
MMCQSD_REPORT_MMCQSD_001189,Could the patient's long-term conjunctivitis and recent yellow eyes be related to liver dysfunction? The image here shows a medical condition related to eye_redness. The eye has swollen and there is a red mark in the cornea,could the patient s long-term conjunctivitis and recent yellow eyes be related to liver dysfunction the image here shows a medical condition related to eye redness the eye has swollen and there is a red mark in the cornea,,unspecified
MMCQSD_REPORT_MMCQSD_000145,Should I give my 4-year-old daughter Acutret 5mg for her skin rash? Are there any food restrictions while on this medication? The image shows the condition of skin rash.  Pinkish red multuiple single coloured rash on the skin present close to each other.,should i give my 4-year-old daughter acutret 5mg for her skin rash are there any food restrictions while on this medication the image shows the condition of skin rash pinkish red multuiple single coloured rash on the skin present close to each other,,unspecified
MMCQSD_REPORT_MMCQSD_002112,"What could be causing a swollen, red rash with a bruise-like spot and white border after removing dead trees? The image shows the condition of skin rash. Round and swollen spots on the skin, red in color and multiple in the affected area.",what could be causing a swollen red rash with a bruise-like spot and white border after removing dead trees the image shows the condition of skin rash round and swollen spots on the skin red in color and multiple in the affected area,,unspecified
MMCQSD_REPORT_MMCQSD_000496,Why is the left side of the face significantly swollen with a drooping lip after a double root canal? The image shows the condition of swollen eye. Eyelid of the right eye swollen and light pink in color. The eyelid is dropping down because of swelling.,why is the left side of the face significantly swollen with a drooping lip after a double root canal the image shows the condition of swollen eye eyelid of the right eye swollen and light pink in color the eyelid is dropping down because of swelling,,right
MMCQSD_REPORT_MMCQSD_000875,"Is the patient's bruised lip infected if they are experiencing pain, white spots, and lip swelling that is expanding? The image shows the condition of Lip Swelling. Swelling present on the entire lower lip with yellowish fluid near the end and dried flakes on the lips.",is the patient s bruised lip infected if they are experiencing pain white spots and lip swelling that is expanding the image shows the condition of lip swelling swelling present on the entire lower lip with yellowish fluid near the end and dried flakes on the lips,pleural_effusion|pneumonia,unspecified
MMCQSD_REPORT_MMCQSD_000692,"Is the patient's facial and neck swelling, along with sinus pressure, possibly caused by a bad ear infection or infected tooth extraction site? The image here shows a medical condition related to neck_swelling.  The portion below the ear is swollen.",is the patient s facial and neck swelling along with sinus pressure possibly caused by a bad ear infection or infected tooth extraction site the image here shows a medical condition related to neck swelling the portion below the ear is swollen,pneumonia,unspecified
MMCQSD_REPORT_MMCQSD_001719,"What could be the cause of persistent skin rash in a child who recently recovered from bronchitis? The image shows the condition of skin rash. Spot swelling on the complete leg's skin, circular In shape and very ligh pink color.",what could be the cause of persistent skin rash in a child who recently recovered from bronchitis the image shows the condition of skin rash spot swelling on the complete leg s skin circular in shape and very ligh pink color,,unspecified
MMCQSD_REPORT_MMCQSD_002759,"Can using a hair dryer five days a week for six months lead to brain tumor or cancer? The image shows the condition of dry scalp. White coloured scalp with lots of white flakes seen in the hairs.
Condition- dry scalp with dandruff caused by Malassezia Furfur.",can using a hair dryer five days a week for six months lead to brain tumor or cancer the image shows the condition of dry scalp white coloured scalp with lots of white flakes seen in the hairs condition- dry scalp with dandruff caused by malassezia furfur,,unspecified
MMCQSD_REPORT_MMCQSD_000444,"What could be the underlying cause of the patient's ongoing sinus congestion, swollen face, broken molar, and stye on the eye? The image shows the condition of hand lump. Big lump just above the wrist.",what could be the underlying cause of the patient s ongoing sinus congestion swollen face broken molar and stye on the eye the image shows the condition of hand lump big lump just above the wrist,congestion,unspecified
MMCQSD_REPORT_MMCQSD_002168,"Can the rash, itching, and pain be caused by scabies mite from previous exposure to sarcoptic mange in a rescued pup? The image shows the condition of skin rash. Round and swollen spots on the skin, red in color and multiple in the affected area.",can the rash itching and pain be caused by scabies mite from previous exposure to sarcoptic mange in a rescued pup the image shows the condition of skin rash round and swollen spots on the skin red in color and multiple in the affected area,,unspecified
MMCQSD_REPORT_MMCQSD_002031,"How long does it take for Cipralex and its side effects, including intense itching and rashes, to leave the system? What can be done to alleviate the symptoms? The image shows the condition of skin rash. Round and swollen spots on the skin, red in color and multiple in the affected area.",how long does it take for cipralex and its side effects including intense itching and rashes to leave the system what can be done to alleviate the symptoms the image shows the condition of skin rash round and swollen spots on the skin red in color and multiple in the affected area,,unspecified
MMCQSD_REPORT_MMCQSD_000257,"Is the patient's excruciating pain and swelling, along with a yellowish surgical site, indicative of an infection? The image here shows the condition of mouth ulcers",is the patient s excruciating pain and swelling along with a yellowish surgical site indicative of an infection the image here shows the condition of mouth ulcers,pneumonia,unspecified
MMCQSD_REPORT_MMCQSD_002464,"How can the patient treat a spreading, red, itchy rash with bumps in their genital area without using hydrocortisone cream? The image shows the condition of skin rash. Round and swollen spots on the skin, red in color and multiple in the affected area.",how can the patient treat a spreading red itchy rash with bumps in their genital area without using hydrocortisone cream the image shows the condition of skin rash round and swollen spots on the skin red in color and multiple in the affected area,,unspecified
MMCQSD_REPORT_MMCQSD_000782,"Summary: Patient has had persistent sore throat, swollen tonsils with recurring pus, fullness in ears, red eyes, swollen gland, normal temperature, negative strep and mono tests. The image here shows a medical condition related to swollen_tonsils. The swollen tonsils with red inflammations.",summary patient has had persistent sore throat swollen tonsils with recurring pus fullness in ears red eyes swollen gland normal temperature negative strep and mono tests the image here shows a medical condition related to swollen tonsils the swollen tonsils with red inflammations,no_acute,unspecified
MMCQSD_REPORT_MMCQSD_000528,"What could be the cause of severe pain, swelling, pus and blood oozing from the gum and lips on the right side of the face? The image shows the condition of Lip Swelling. Impacted right upper lip and the portion of skin above. Swelling with redness and yellowish fluid spot in the center.",what could be the cause of severe pain swelling pus and blood oozing from the gum and lips on the right side of the face the image shows the condition of lip swelling impacted right upper lip and the portion of skin above swelling with redness and yellowish fluid spot in the center,pleural_effusion,right
MMCQSD_REPORT_MMCQSD_000001,"What could be the cause of high fever, swollen tonsils with white spots, severe fatigue, and cold sweats with low body temperature in an 11-year-old girl recently diagnosed with MRSA? The image here shows a medical condition related to swollen_tonsils. The back of the throat has swelling with whitish mass accumulation.",what could be the cause of high fever swollen tonsils with white spots severe fatigue and cold sweats with low body temperature in an 11-year-old girl recently diagnosed with mrsa the image here shows a medical condition related to swollen tonsils the back of the throat has swelling with whitish mass accumulation,,unspecified
MMCQSD_REPORT_MMCQSD_001609,"What medication can relieve joint pain, swelling, weakness, and general illness caused by multiple mosquito bites? The image shows the condition of hand lump. Oval shaped swelling the on the palm side of hand below the middle finger.",what medication can relieve joint pain swelling weakness and general illness caused by multiple mosquito bites the image shows the condition of hand lump oval shaped swelling the on the palm side of hand below the middle finger,,unspecified
MMCQSD_REPORT_MMCQSD_001776,"What could be the cause of the prolonged skin rash on the patient's face since adolescence? The image shows the condition of skin rash. Pink colored oval shaped raised patches all over the chest, neck and the face.",what could be the cause of the prolonged skin rash on the patient s face since adolescence the image shows the condition of skin rash pink colored oval shaped raised patches all over the chest neck and the face,,unspecified
MMCQSD_REPORT_MMCQSD_000046,"Does a head injury, fever, stomach issues, and bloodshot, crusty, and swollen eyes indicate any specific condition in this case? The image shows the condition of swollen eye. Swelling of the left eye lid with dark pink coloured skin over the swelling having shiny appearance. 
Condition- stye.
",does a head injury fever stomach issues and bloodshot crusty and swollen eyes indicate any specific condition in this case the image shows the condition of swollen eye swelling of the left eye lid with dark pink coloured skin over the swelling having shiny appearance condition- stye,,left
MMCQSD_REPORT_MMCQSD_002304,"What could be the cause of a skin rash on the back, abdomen, and thighs that worsens with warm baths and wool clothing? The image shows the condition of skin rash. Round and swollen spots on the skin, red in color and multiple in the affected area.",what could be the cause of a skin rash on the back abdomen and thighs that worsens with warm baths and wool clothing the image shows the condition of skin rash round and swollen spots on the skin red in color and multiple in the affected area,,unspecified
MMCQSD_REPORT_MMCQSD_002196,"What caused the burning and itching sensation, followed by the appearance of fuzzy hairs and a red bumpy rash on the arm after touching a wet rock? The image shows the condition of skin rash. Round and swollen spots on the skin, red in color and multiple in the affected area.",what caused the burning and itching sensation followed by the appearance of fuzzy hairs and a red bumpy rash on the arm after touching a wet rock the image shows the condition of skin rash round and swollen spots on the skin red in color and multiple in the affected area,,unspecified
MMCQSD_REPORT_MMCQSD_001322,"Is the presence of painful lumps in the neck, swelling, exhaustion, nosebleeds, leg pains, deteriorating eyesight, and growing mole cause for concern? The image here shows a medical condition related to neck_swelling. There is round shaped swelling in the neck below the lower jaws.",is the presence of painful lumps in the neck swelling exhaustion nosebleeds leg pains deteriorating eyesight and growing mole cause for concern the image here shows a medical condition related to neck swelling there is round shaped swelling in the neck below the lower jaws,,unspecified
MMCQSD_REPORT_MMCQSD_000195,"Should I be concerned about my 6-year-old son's hives, neck rash, swelling, and sore bump on his foreskin? The image here shows a medical condition related to neck_swelling. The neck is swollen with red spots and marks in various part of the neck.",should i be concerned about my 6-year-old son s hives neck rash swelling and sore bump on his foreskin the image here shows a medical condition related to neck swelling the neck is swollen with red spots and marks in various part of the neck,,unspecified
MMCQSD_REPORT_MMCQSD_001552,What could be the cause of a painful lump on the right side of the knee after a recent fall? The image here shows a medical condition related to knee_swelling. The right leg have swollen with a slight deformation in the leg.,what could be the cause of a painful lump on the right side of the knee after a recent fall the image here shows a medical condition related to knee swelling the right leg have swollen with a slight deformation in the leg,,right
MMCQSD_REPORT_MMCQSD_002145,"What could be the cause of the persistent, itchy, raised welts all over the body that haven't responded to treatment? The image shows the condition of skin rash. Round and swollen spots on the skin, red in color and multiple in the affected area.",what could be the cause of the persistent itchy raised welts all over the body that haven t responded to treatment the image shows the condition of skin rash round and swollen spots on the skin red in color and multiple in the affected area,,unspecified
MMCQSD_REPORT_MMCQSD_000679,"Why does a patient experiencing terrible pain and jawline pain, along with a lump on the right jawline and neck, have antibiotics that aren't effective? The image here shows a medical condition related to neck_swelling. The neck below the jaw contains a cyst like structure.",why does a patient experiencing terrible pain and jawline pain along with a lump on the right jawline and neck have antibiotics that aren t effective the image here shows a medical condition related to neck swelling the neck below the jaw contains a cyst like structure,,right
MMCQSD_REPORT_MMCQSD_001576,"Does a Coumadin patient's lower leg injury with swelling, bruising, and a knot indicate a severe condition? The image here shows a medical condition related to foot_swelling. The left leg is swollen.",does a coumadin patient s lower leg injury with swelling bruising and a knot indicate a severe condition the image here shows a medical condition related to foot swelling the left leg is swollen,,left
MMCQSD_REPORT_MMCQSD_001136,"What could be causing Bill's extremely high blood pressure, edema, electrolyte imbalance, muscle cramps, and normal liver, kidneys, and heart? The image here shows a medical condition related to edema. the calf muscle of the right leg has swollen badly.",what could be causing bill s extremely high blood pressure edema electrolyte imbalance muscle cramps and normal liver kidneys and heart the image here shows a medical condition related to edema the calf muscle of the right leg has swollen badly,congestion|no_acute,right
MMCQSD_REPORT_MMCQSD_002984,"What could be the reason for occasional swelling in the right eye, teary eyes, and possible tear duct blockage? The image shows the condition of swollen eye. Redness on the eye or the blood veins/caapilliaries are swollen and red.",what could be the reason for occasional swelling in the right eye teary eyes and possible tear duct blockage the image shows the condition of swollen eye redness on the eye or the blood veins caapilliaries are swollen and red,,right
MMCQSD_REPORT_MMCQSD_000409,"11 year old with itchy rash concentrated on neck, behind ears, torso, arms, swollen red cheeks. Any throat or mouth symptoms? The image here shows a medical condition related to edema. The sole has swollen with red and yellow rashes in the little toe finger and noel",11 year old with itchy rash concentrated on neck behind ears torso arms swollen red cheeks any throat or mouth symptoms the image here shows a medical condition related to edema the sole has swollen with red and yellow rashes in the little toe finger and noel,congestion,unspecified
MMCQSD_REPORT_MMCQSD_001463,"Are the lumps on the back of a 16-year-old's neck, along with headaches, chest pain, stomach pain, dizziness, and nausea, signs of lymph node infection or cancer? The image here shows a medical condition related to neck_swelling. The middle of the neck is red and swollen.",are the lumps on the back of a 16-year-old s neck along with headaches chest pain stomach pain dizziness and nausea signs of lymph node infection or cancer the image here shows a medical condition related to neck swelling the middle of the neck is red and swollen,pneumonia,unspecified
MMCQSD_REPORT_MMCQSD_001252,What could be causing a deep lump just above the knee area that is painful when touched or pressed? The image here shows a medical condition related to knee_swelling. Both the knee are swollen as a result the legs have bend inwards.,what could be causing a deep lump just above the knee area that is painful when touched or pressed the image here shows a medical condition related to knee swelling both the knee are swollen as a result the legs have bend inwards,,unspecified
MMCQSD_REPORT_MMCQSD_001663,"Is the hard, tender lump in the breast, accompanied by swelling, tenderness, warmth, a red rash, and skin growths, indicative of breast cancer? The image here shows a medical condition related to skin_growth. There are red small masses elevated from the skin.",is the hard tender lump in the breast accompanied by swelling tenderness warmth a red rash and skin growths indicative of breast cancer the image here shows a medical condition related to skin growth there are red small masses elevated from the skin,,unspecified
MMCQSD_REPORT_MMCQSD_001778,"What could be causing dryness, redness, thin skin, and pain on both thumbs in a 71-year-old undergoing chemotherapy and radiation? The image shows the condition of skin rash. Oval shaped or circular red patches on the leg. Little swelling and dryness on the patches with foldings of skin.",what could be causing dryness redness thin skin and pain on both thumbs in a 71-year-old undergoing chemotherapy and radiation the image shows the condition of skin rash oval shaped or circular red patches on the leg little swelling and dryness on the patches with foldings of skin,,unspecified
MMCQSD_REPORT_MMCQSD_000415,What could be causing a limping and crying in a 3-year-old child after landing funny on their foot with no swelling? The image here shows a medical condition related to foot_swelling. The foot is swollen and reddish discolouration.,what could be causing a limping and crying in a 3-year-old child after landing funny on their foot with no swelling the image here shows a medical condition related to foot swelling the foot is swollen and reddish discolouration,,unspecified
MMCQSD_REPORT_MMCQSD_001004,"Can you provide treatment advice for an 11-year-old patient with foot swelling, itching, bruising, and an allergy to tablets? The image here shows a medical condition related to foot_swelling. There are bruises and scratches in the foot.",can you provide treatment advice for an 11-year-old patient with foot swelling itching bruising and an allergy to tablets the image here shows a medical condition related to foot swelling there are bruises and scratches in the foot,,unspecified
MMCQSD_REPORT_MMCQSD_002096,"What can be used to calm the thick, itchy, and swollen skin around the nose, cheeks, and lips, possibly due to an allergic reaction to poppers? The image shows the condition of skin rash. Round and swollen spots on the skin, red in color and multiple in the affected area.",what can be used to calm the thick itchy and swollen skin around the nose cheeks and lips possibly due to an allergic reaction to poppers the image shows the condition of skin rash round and swollen spots on the skin red in color and multiple in the affected area,,unspecified
MMCQSD_REPORT_MMCQSD_001438,"What tests can be done to confirm the reason for the painless bumps on the head, including a growing lump? The image here shows a medical condition related to neck_swelling. The neck below the jaw contains a cyst like structure.",what tests can be done to confirm the reason for the painless bumps on the head including a growing lump the image here shows a medical condition related to neck swelling the neck below the jaw contains a cyst like structure,,unspecified
MMCQSD_REPORT_MMCQSD_001890,"What could be the cause of dry rashes, hair loss, and scanty hair after a high fever three months ago? The image shows the condition of skin rash.  Pinkish red multuiple single coloured rash on the skin present close to each other.",what could be the cause of dry rashes hair loss and scanty hair after a high fever three months ago the image shows the condition of skin rash pinkish red multuiple single coloured rash on the skin present close to each other,,unspecified
OPENI_005307,"FINDINGS: The XXXX examination consists of frontal and lateral radiographs of the chest. The cardiomediastinal contours are within normal limits. Pulmonary vascularity is within normal limits. No focal consolidation, pleural effusion, or pneumothorax identified. Old healed left 5th and 6th rib fractures are seen laterally.. IMPRESSION: No evidence of acute cardiopulmonary process.",findings the xxxx examination consists of frontal and lateral radiographs of the chest the cardiomediastinal contours are within normal limits pulmonary vascularity is within normal limits no focal consolidation pleural effusion or pneumothorax identified old healed left 5th and 6th rib fractures are seen laterally impression no evidence of acute cardiopulmonary process,pleural_effusion|consolidation|cardiomegaly|no_acute,left
OPENI_000248,"FINDINGS: Heart size and mediastinal contour are normal. Pulmonary vascularity is normal. Lungs are clear. No pleural effusions or pneumothoraces. There is a mild anterior wedge XXXX deformity of L1, age-indeterminate.. IMPRESSION: 1. No acute cardiopulmonary process. 2. Age indeterminant grade 1 anterior wedge XXXX deformity of L1.",findings heart size and mediastinal contour are normal pulmonary vascularity is normal lungs are clear no pleural effusions or pneumothoraces there is a mild anterior wedge xxxx deformity of l1 age-indeterminate impression 1 no acute cardiopulmonary process 2 age indeterminant grade 1 anterior wedge xxxx deformity of l1,pleural_effusion|cardiomegaly|no_acute,unspecified
OPENI_003460,FINDINGS: The heart is normal in size. The mediastinum is unremarkable. The lungs are hypoinflated. Small bilateral pleural effusions are seen.. IMPRESSION: Small bilateral pleural effusions.,findings the heart is normal in size the mediastinum is unremarkable the lungs are hypoinflated small bilateral pleural effusions are seen impression small bilateral pleural effusions,pleural_effusion|no_acute,bilateral
OPENI_003482,"FINDINGS: Heart size normal. Lungs are clear. XXXX are normal. No pneumonia, effusions, edema, pneumothorax, adenopathy, nodules or masses.. IMPRESSION: Normal chest",findings heart size normal lungs are clear xxxx are normal no pneumonia effusions edema pneumothorax adenopathy nodules or masses impression normal chest,pleural_effusion|pneumonia|cardiomegaly|congestion|no_acute,unspecified
OPENI_006298,FINDINGS: Heart size and pulmonary vascularity appear within normal limits. Calcified granuloma is present in the right base. No pneumothorax or pleural effusion is seen. In the lateral right base is identified an ill-defined somewhat oblong opacity. This was not present on the previous study. The remainder of the lungs appear clear.. IMPRESSION: 1. Ill-defined oblong opacity in the lateral right base. This may represent pleural based process. The exact XXXX is unclear. Followup exam is suggested to confirm clearing or stability.,findings heart size and pulmonary vascularity appear within normal limits calcified granuloma is present in the right base no pneumothorax or pleural effusion is seen in the lateral right base is identified an ill-defined somewhat oblong opacity this was not present on the previous study the remainder of the lungs appear clear impression 1 ill-defined oblong opacity in the lateral right base this may represent pleural based process the exact xxxx is unclear followup exam is suggested to confirm clearing or stability,pleural_effusion|cardiomegaly|opacity|no_acute,right
OPENI_000497,FINDINGS: The cardiac contours are normal. Prior granulomatous disease. The lungs are clear. Thoracic spondylosis.. IMPRESSION: No acute process.,findings the cardiac contours are normal prior granulomatous disease the lungs are clear thoracic spondylosis impression no acute process,no_acute,unspecified
OPENI_001407,"FINDINGS: The lungs are clear, and without focal air space opacity. The cardiomediastinal silhouette is normal in size and contour, and stable. There is no pneumothorax large pleural effusion.. IMPRESSION: No acute cardiopulmonary abnormality.",findings the lungs are clear and without focal air space opacity the cardiomediastinal silhouette is normal in size and contour and stable there is no pneumothorax large pleural effusion impression no acute cardiopulmonary abnormality,pleural_effusion|cardiomegaly|opacity|no_acute,unspecified
OPENI_001150,FINDINGS: . IMPRESSION: The heart size and cardiomediastinal silhouette are within normal limits. Pulmonary vasculature appears normal. There is no focal air space consolidation. No pleural effusion or pneumothorax.,findings impression the heart size and cardiomediastinal silhouette are within normal limits pulmonary vasculature appears normal there is no focal air space consolidation no pleural effusion or pneumothorax,pleural_effusion|consolidation|cardiomegaly|no_acute,unspecified
OPENI_000240,"FINDINGS: No focal consolidation, pneumothorax, or pleural effusion. Cardiomediastinal silhouette is stable and unremarkable. No acute osseous abnormalities are identified.. IMPRESSION: No acute cardiopulmonary abnormality..",findings no focal consolidation pneumothorax or pleural effusion cardiomediastinal silhouette is stable and unremarkable no acute osseous abnormalities are identified impression no acute cardiopulmonary abnormality,pleural_effusion|consolidation|cardiomegaly|no_acute,unspecified
OPENI_001298,FINDINGS: The lungs hyperexpanded suggesting emphysema. The heart size and pulmonary vascularity appear within normal limits. Lungs are free of focal airspace disease. No pleural effusion or pneumothorax is seen. Osteopenia and degenerative changes are present in the spine.. IMPRESSION: No evidence of active disease.,findings the lungs hyperexpanded suggesting emphysema the heart size and pulmonary vascularity appear within normal limits lungs are free of focal airspace disease no pleural effusion or pneumothorax is seen osteopenia and degenerative changes are present in the spine impression no evidence of active disease,pleural_effusion|cardiomegaly|no_acute,unspecified
OPENI_006412,"FINDINGS: The cardiomediastinal silhouette and pulmonary vasculature are within normal limits in size. The lungs are clear of focal airspace disease, pneumothorax, or pleural effusion. There are no acute bony findings.. IMPRESSION: No acute cardiopulmonary findings. .",findings the cardiomediastinal silhouette and pulmonary vasculature are within normal limits in size the lungs are clear of focal airspace disease pneumothorax or pleural effusion there are no acute bony findings impression no acute cardiopulmonary findings,pleural_effusion|cardiomegaly|no_acute,unspecified
OPENI_002624,FINDINGS: There's been interval enlargement in the cardiac silhouette. These XXXX't contours are within normal limits. The lungs are normally inflated and clear. Osseous structures are within normal limits for patient age.. IMPRESSION: 1. No acute radiographic cardiopulmonary process. 2. Interval development of cardiomegaly.,findings there s been interval enlargement in the cardiac silhouette these xxxx t contours are within normal limits the lungs are normally inflated and clear osseous structures are within normal limits for patient age impression 1 no acute radiographic cardiopulmonary process 2 interval development of cardiomegaly,cardiomegaly|no_acute,unspecified
OPENI_003519,FINDINGS: Cardiomediastinal silhouette and pulmonary vasculature are within normal limits. Lungs are clear. No pneumothorax or pleural effusion. No acute osseous findings.. IMPRESSION: No acute cardiopulmonary findings.,findings cardiomediastinal silhouette and pulmonary vasculature are within normal limits lungs are clear no pneumothorax or pleural effusion no acute osseous findings impression no acute cardiopulmonary findings,pleural_effusion|cardiomegaly|no_acute,unspecified
OPENI_000545,"FINDINGS: There is a lobulated contour to the right paratracheal stripe, possibly consistent with a vascular structure or lymph XXXX. The cardiomediastinal silhouette is otherwise within normal limits for appearance. No focal areas of pulmonary consolidation. No pneumothorax. No pleural effusion. The thoracic spine appears intact.. IMPRESSION: 1. Lobulated contour of the right paratracheal stripe. This may represent a vascular structure or enlarged lymph node and could be evaluated further with chest CT. Otherwise, no acute intrathoracic abnormality.",findings there is a lobulated contour to the right paratracheal stripe possibly consistent with a vascular structure or lymph xxxx the cardiomediastinal silhouette is otherwise within normal limits for appearance no focal areas of pulmonary consolidation no pneumothorax no pleural effusion the thoracic spine appears intact impression 1 lobulated contour of the right paratracheal stripe this may represent a vascular structure or enlarged lymph node and could be evaluated further with chest ct otherwise no acute intrathoracic abnormality,pleural_effusion|consolidation|cardiomegaly|no_acute,right
OPENI_006075,FINDINGS: Heart size and pulmonary vascularity appear within normal limits. There is mild tortuosity to the descending thoracic aorta. The lungs are free of focal airspace disease. No pleural effusion or pneumothorax is seen. No discrete nodules or adenopathy are noted. Degenerative changes are present in the spine.. IMPRESSION: No evidence of active disease.,findings heart size and pulmonary vascularity appear within normal limits there is mild tortuosity to the descending thoracic aorta the lungs are free of focal airspace disease no pleural effusion or pneumothorax is seen no discrete nodules or adenopathy are noted degenerative changes are present in the spine impression no evidence of active disease,pleural_effusion|cardiomegaly|no_acute,unspecified
OPENI_001375,FINDINGS: Normal heart. Clear lungs. Stable calcified granuloma left midlung. No pneumothorax. No pleural effusion. Midline trachea.. IMPRESSION: Normal chest exam.,findings normal heart clear lungs stable calcified granuloma left midlung no pneumothorax no pleural effusion midline trachea impression normal chest exam,pleural_effusion|no_acute,left
OPENI_000813,FINDINGS: Patient is status post CABG. The heart size and pulmonary vascularity appear within normal limits. The lungs are free of focal airspace disease. No pleural effusion or pneumothorax is seen. Calcified granuloma is noted.. IMPRESSION: No evidence of active disease.,findings patient is status post cabg the heart size and pulmonary vascularity appear within normal limits the lungs are free of focal airspace disease no pleural effusion or pneumothorax is seen calcified granuloma is noted impression no evidence of active disease,pleural_effusion|cardiomegaly|no_acute,unspecified
OPENI_000231,FINDINGS: The heart size and pulmonary vascularity appear within normal limits. The lungs are free of focal airspace disease. No pleural effusion or pneumothorax is seen. Degenerative changes are present in the spine.. IMPRESSION: 1. No evidence of active disease.,findings the heart size and pulmonary vascularity appear within normal limits the lungs are free of focal airspace disease no pleural effusion or pneumothorax is seen degenerative changes are present in the spine impression 1 no evidence of active disease,pleural_effusion|cardiomegaly|no_acute,unspecified
OPENI_005479,"FINDINGS: Heart size within normal limits. Small, nodular opacity in the right upper lobe. This does not look like an acute infiltrate, and more XXXX represents a granuloma. No pneumothorax or effusions.. IMPRESSION: No acute findings, no evidence for active TB.",findings heart size within normal limits small nodular opacity in the right upper lobe this does not look like an acute infiltrate and more xxxx represents a granuloma no pneumothorax or effusions impression no acute findings no evidence for active tb,pleural_effusion|cardiomegaly|opacity|no_acute,right
OPENI_001761,"FINDINGS: Lung volumes are decreased from XXXX, and there is resultant bronchovascular crowding. No evidence of focal airspace disease. No definite pleural effusion or pneumothorax. Cardiomediastinal silhouette is within normal limits given the low lung volumes. No free subdiaphragmatic air. Grossly stable mild degenerative changes of the right lower thoracic spine.. IMPRESSION: No acute pulmonary disease.",findings lung volumes are decreased from xxxx and there is resultant bronchovascular crowding no evidence of focal airspace disease no definite pleural effusion or pneumothorax cardiomediastinal silhouette is within normal limits given the low lung volumes no free subdiaphragmatic air grossly stable mild degenerative changes of the right lower thoracic spine impression no acute pulmonary disease,pleural_effusion|cardiomegaly|no_acute,right
OPENI_003246,"FINDINGS: XXXX focal opacity in the medial right lung base XXXX seen on the frontal view. No definite pleural effusion. Stable cardiomediastinal silhouette with normal heart size, no typical findings of pulmonary edema.. IMPRESSION: Abnormal opacity in the right lung base which may be compatible with pneumonia in the appropriate clinical setting. Recommend clinical correlation for infection and followup to resolution. Or, if clinical findings are not compatible with XXXX may be of XXXX.",findings xxxx focal opacity in the medial right lung base xxxx seen on the frontal view no definite pleural effusion stable cardiomediastinal silhouette with normal heart size no typical findings of pulmonary edema impression abnormal opacity in the right lung base which may be compatible with pneumonia in the appropriate clinical setting recommend clinical correlation for infection and followup to resolution or if clinical findings are not compatible with xxxx may be of xxxx,pleural_effusion|pneumonia|cardiomegaly|congestion|opacity|no_acute,right
OPENI_001424,"FINDINGS: Normal cardiomediastinal contours. Marrow pneumothorax, focal lung consolidation or pleural effusions.. IMPRESSION: No acute cardiopulmonary abnormality.",findings normal cardiomediastinal contours marrow pneumothorax focal lung consolidation or pleural effusions impression no acute cardiopulmonary abnormality,pleural_effusion|consolidation|cardiomegaly|no_acute,unspecified
OPENI_002464,FINDINGS: No focal consolidation. No pneumothorax. No pleural effusions. Heart size normal. Cardio mediastinal silhouette is unremarkable.. IMPRESSION: 1. No acute cardiopulmonary findings.,findings no focal consolidation no pneumothorax no pleural effusions heart size normal cardio mediastinal silhouette is unremarkable impression 1 no acute cardiopulmonary findings,pleural_effusion|consolidation|cardiomegaly|no_acute,unspecified
OPENI_001596,"FINDINGS: The heart is mild enlarged. Central pulmonary vascularity is again accentuated. There are also mild increased interstitial markings without focal consolidation or pleural effusion.. IMPRESSION: Mild stable cardiomegaly with mild central pulmonary vascular congestion and interstitial accentuation, XXXX edema.",findings the heart is mild enlarged central pulmonary vascularity is again accentuated there are also mild increased interstitial markings without focal consolidation or pleural effusion impression mild stable cardiomegaly with mild central pulmonary vascular congestion and interstitial accentuation xxxx edema,pleural_effusion|consolidation|cardiomegaly|congestion,unspecified
OPENI_002663,"FINDINGS: The heart size is normal. The lungs are clear without focal airspace opacity, pleural effusion, or pneumothorax. The osseous structures are intact. There are degenerative changes within the XXXX bilaterally and left acromioclavicular joint. XXXX XXXX in the soft tissues of the right upper extremity.. IMPRESSION: No acute cardiopulmonary findings.",findings the heart size is normal the lungs are clear without focal airspace opacity pleural effusion or pneumothorax the osseous structures are intact there are degenerative changes within the xxxx bilaterally and left acromioclavicular joint xxxx xxxx in the soft tissues of the right upper extremity impression no acute cardiopulmonary findings,pleural_effusion|cardiomegaly|opacity|no_acute,right
OPENI_001567,"FINDINGS: The trachea is midline. Cardio mediastinal silhouette is normal in contour with overlying sternotomy XXXX. The lungs are clear without acute infiltrate, effusion or pneumothorax. The visualized bony structures reveal no fractures or dislocations.. IMPRESSION: No acute abnormalities.",findings the trachea is midline cardio mediastinal silhouette is normal in contour with overlying sternotomy xxxx the lungs are clear without acute infiltrate effusion or pneumothorax the visualized bony structures reveal no fractures or dislocations impression no acute abnormalities,pleural_effusion|opacity|no_acute,unspecified
OPENI_002216,FINDINGS: The heart and lungs have XXXX XXXX in the interval. Both lungs are clear and expanded. Heart and mediastinum normal.. IMPRESSION: No active disease.,findings the heart and lungs have xxxx xxxx in the interval both lungs are clear and expanded heart and mediastinum normal impression no active disease,no_acute,unspecified
OPENI_006611,"FINDINGS: The lungs are clear bilaterally. Specifically, no evidence of focal consolidation, pneumothorax, or pleural effusion.. Cardiomediastinal silhouette is unremarkable. Visualized osseous structures of the thorax are without acute abnormality.. IMPRESSION: No acute cardiopulmonary abnormality.",findings the lungs are clear bilaterally specifically no evidence of focal consolidation pneumothorax or pleural effusion cardiomediastinal silhouette is unremarkable visualized osseous structures of the thorax are without acute abnormality impression no acute cardiopulmonary abnormality,pleural_effusion|consolidation|cardiomegaly|no_acute,bilateral
OPENI_006081,FINDINGS: There is a moderate sized right pleural effusion. Severe slightly smaller than is compared to XXXX. There is a small left pleural effusion. This is unchanged as compared to the prior study. There is a right chest wall venous XXXX XXXX which appears accessed. No pneumothorax. Scaphoid abdomen.. IMPRESSION: 1. Moderate sized right pleural effusion appears smaller than the prior study. 2. Small left pleural effusion appears unchanged.,findings there is a moderate sized right pleural effusion severe slightly smaller than is compared to xxxx there is a small left pleural effusion this is unchanged as compared to the prior study there is a right chest wall venous xxxx xxxx which appears accessed no pneumothorax scaphoid abdomen impression 1 moderate sized right pleural effusion appears smaller than the prior study 2 small left pleural effusion appears unchanged,pleural_effusion,right
OPENI_003045,FINDINGS: Cardiomegaly. No focal consolidation. No pleural effusions. No evidence of pneumothorax. Osseous structures intact. Levocurvature of the thoracic spine. Lumbar vertebral body stabilization XXXX.. IMPRESSION: 1. No acute cardiopulmonary abnormality. 2. Cardiomegaly. .,findings cardiomegaly no focal consolidation no pleural effusions no evidence of pneumothorax osseous structures intact levocurvature of the thoracic spine lumbar vertebral body stabilization xxxx impression 1 no acute cardiopulmonary abnormality 2 cardiomegaly,pleural_effusion|consolidation|cardiomegaly|no_acute,unspecified
PUBMEDQA_REPORT_26348845,"Rapid prescreening (RPS) is one of the quality assurance (QA) methods used in gynecologic cytology. The efficacy of RPS has been previously studied but mostly with respect to squamous lesions; in fact, there has been no study so far specifically looking at the sensitivity of RPS for detecting glandular cell abnormalities. A total of 80,565 Papanicolaou (Pap) smears underwent RPS during a 25-month period. A sample was designated as ""review for abnormality"" (R) if any abnormal cells (at the threshold of atypical squamous cells of undetermined significance/atypical glandular cells [AGC]) were thought to be present or was designated as negative (N) if none were detected. Each sample then underwent full screening (FS) and was designated as either R or N and also given a cytologic interpretation. The final cytologic interpretation was a glandular cell abnormality (≥AGC) in 107 samples (0.13%); 39 of these (36.4%) were flagged as R on RPS. Twenty-four patients (33.8%) out of 71 who had histologic follow-up were found to harbor a high-grade squamous intraepithelial lesion or carcinoma; 13 of those 24 Pap smears (54.2%) had been flagged as R on RPS. Notably, 11 AGC cases were picked up by RPS only and not by FS and represented false-negative cases; 2 of these showed endometrial adenocarcinoma on histologic follow-up. Conclusion: Pap smears with glandular cell abnormalities are often flagged as abnormal by RPS, and this results in a sensitivity of 36.4% (at the AGC threshold). Most importantly, some cases of AGC are detected on Pap smears by RPS only, and this demonstrates that RPS is a valuable QA method.",rapid prescreening rps is one of the quality assurance qa methods used in gynecologic cytology the efficacy of rps has been previously studied but mostly with respect to squamous lesions in fact there has been no study so far specifically looking at the sensitivity of rps for detecting glandular cell abnormalities a total of 80 565 papanicolaou pap smears underwent rps during a 25-month period a sample was designated as review for abnormality r if any abnormal cells at the threshold of atypical squamous cells of undetermined significance atypical glandular cells agc were thought to be present or was designated as negative n if none were detected each sample then underwent full screening fs and was designated as either r or n and also given a cytologic interpretation the final cytologic interpretation was a glandular cell abnormality agc in 107 samples 0 13 39 of these 36 4 were flagged as r on rps twenty-four patients 33 8 out of 71 who had histologic follow-up were found to harbor a high-grade squamous intraepithelial lesion or carcinoma 13 of those 24 pap smears 54 2 had been flagged as r on rps notably 11 agc cases were picked up by rps only and not by fs and represented false-negative cases 2 of these showed endometrial adenocarcinoma on histologic follow-up conclusion pap smears with glandular cell abnormalities are often flagged as abnormal by rps and this results in a sensitivity of 36 4 at the agc threshold most importantly some cases of agc are detected on pap smears by rps only and this demonstrates that rps is a valuable qa method,no_acute,unspecified
PUBMEDQA_REPORT_23506394,"Arterial calcification is a significant cardiovascular risk factor in hemodialysis patients. A series of factors are involved in the process of arterial calcification; however, the relationship between malnutrition and arterial calcification is still unclear. 68 hemodialysis patients were enrolled in this study. Nutrition status was evaluated using modified quantitative subjective global assessment (MQSGA). Related serum biochemical parameters were measured. And the radial artery samples were collected during the arteriovenous fistula surgeries. Hematoxylin/eosin stain was used to observe the arterial structures while Alizarin red stain to observe calcified depositions and classify calcified degree. The expressions of bone morphogenetic protein 2 (BMP2) and matrix Gla protein (MGP) were detected by immunohistochemistry and western blot methods. 66.18% hemodialysis patients were malnutrition. In hemodialysis patients, the calcified depositions were mainly located in the medial layer of the radial arteries and the expressions of BMP2 and MGP were both increased in the calcified areas. The levels of serum albumin were negatively associated with calcification score and the expressions of BMP2 and MGP. While MQSGA score, serum phosphorus and calcium × phosphorus product showed positive relationships with calcification score and the expressions of BMP2 and MGP. Conclusion: Malnutrition is prevalent in hemodialysis patients and is associated with arterial calcification and the expressions of BMP2 and MGP in calcified radial arteries. Malnutrition may be a new inducer candidate for arterial calcification in hemodialysis patients.",arterial calcification is a significant cardiovascular risk factor in hemodialysis patients a series of factors are involved in the process of arterial calcification however the relationship between malnutrition and arterial calcification is still unclear 68 hemodialysis patients were enrolled in this study nutrition status was evaluated using modified quantitative subjective global assessment mqsga related serum biochemical parameters were measured and the radial artery samples were collected during the arteriovenous fistula surgeries hematoxylin eosin stain was used to observe the arterial structures while alizarin red stain to observe calcified depositions and classify calcified degree the expressions of bone morphogenetic protein 2 bmp2 and matrix gla protein mgp were detected by immunohistochemistry and western blot methods 66 18 hemodialysis patients were malnutrition in hemodialysis patients the calcified depositions were mainly located in the medial layer of the radial arteries and the expressions of bmp2 and mgp were both increased in the calcified areas the levels of serum albumin were negatively associated with calcification score and the expressions of bmp2 and mgp while mqsga score serum phosphorus and calcium phosphorus product showed positive relationships with calcification score and the expressions of bmp2 and mgp conclusion malnutrition is prevalent in hemodialysis patients and is associated with arterial calcification and the expressions of bmp2 and mgp in calcified radial arteries malnutrition may be a new inducer candidate for arterial calcification in hemodialysis patients,,unspecified
PUBMEDQA_REPORT_24359102,"Skin diseases are the most frequently recognized occupational diseases in Denmark. The prognosis for occupational contact dermatitis is often poor. To investigate the prognosis, assessed by eczema, job status and skin-related quality of life, among patients allergic to rubber chemicals and latex (ubiquitous allergens) and epoxy (nonubiquitous allergen), 2 years after recognition of occupational allergic contact dermatitis. From a cohort of all patients recognized as having occupational dermatitis by the Danish National Board of Industrial Injuries in 2010, 199 patients with relevant rubber allergy (contact allergy to rubber chemicals or contact urticaria from latex) or epoxy allergy were identified. Follow-up consisted of a questionnaire covering current severity of eczema, employment, exposure and quality of life. The response rate was 75%. Clearance of eczema was reported by 11% of patients and 67% reported improvement. Overall 22% of patients with allergy to a nonubiquitous allergen had total clearance of eczema compared with 10% of cases allergic to ubiquitous allergens and 0% of those with contact urticaria (P = 0·116). Improvement was significantly more frequent in those who had changed jobs compared with those who had not (P = 0·01). Conclusion: At follow-up, patients with contact urticaria had significantly poorer prognosis than those with contact allergy, and there was a trend towards a poorer prognosis for those with contact allergy to rubber chemicals than those with allergy to epoxy. A significant positive association between job change and improvement was found.",skin diseases are the most frequently recognized occupational diseases in denmark the prognosis for occupational contact dermatitis is often poor to investigate the prognosis assessed by eczema job status and skin-related quality of life among patients allergic to rubber chemicals and latex ubiquitous allergens and epoxy nonubiquitous allergen 2 years after recognition of occupational allergic contact dermatitis from a cohort of all patients recognized as having occupational dermatitis by the danish national board of industrial injuries in 2010 199 patients with relevant rubber allergy contact allergy to rubber chemicals or contact urticaria from latex or epoxy allergy were identified follow-up consisted of a questionnaire covering current severity of eczema employment exposure and quality of life the response rate was 75 clearance of eczema was reported by 11 of patients and 67 reported improvement overall 22 of patients with allergy to a nonubiquitous allergen had total clearance of eczema compared with 10 of cases allergic to ubiquitous allergens and 0 of those with contact urticaria p 0 116 improvement was significantly more frequent in those who had changed jobs compared with those who had not p 0 01 conclusion at follow-up patients with contact urticaria had significantly poorer prognosis than those with contact allergy and there was a trend towards a poorer prognosis for those with contact allergy to rubber chemicals than those with allergy to epoxy a significant positive association between job change and improvement was found,,unspecified
PUBMEDQA_REPORT_24374414,"Broad-based electronic health information exchange (HIE), in which patients' clinical data follow them between care delivery settings, is expected to produce large quality gains and cost savings. Although these benefits are assumed to result from reducing redundant care, there is limited supporting empirical evidence. To evaluate whether HIE adoption is associated with decreases in repeat imaging in emergency departments (EDs).DATA SOURCE/ ED discharge data from the State Emergency Department Databases for California and Florida for 2007-2010 were merged with Health Information Management Systems Society data that report hospital HIE participation. Using regression with ED fixed effects and trends, we performed a retrospective analysis of the impact of HIE participation on repeat imaging, comparing 37 EDs that initiated HIE participation during the study period to 410 EDs that did not participate in HIE during the same period. Within 3 common types of imaging tests [computed tomography (CT), ultrasound, and chest x-ray), we defined a repeat image for a given patient as the same study in the same body region performed within 30 days at unaffiliated EDs. In our sample there were 20,139 repeat CTs (representing 14.7% of those cases with CT in the index visit), 13,060 repeat ultrasounds (20.7% of ultrasound cases), and 29,703 repeat chest x-rays (19.5% of x-ray cases). HIE was associated with reduced probability of repeat ED imaging in all 3 modalities: -8.7 percentage points for CT [95% confidence interval (CI): -14.7, -2.7], -9.1 percentage points for ultrasound (95% CI: -17.2, -1.1), and -13.0 percentage points for chest x-ray (95% CI: -18.3, -7.7), reflecting reductions of 44%-67% relative to sample means. Conclusion: HIE was associated with reduced repeat imaging in EDs. This study is among the first to find empirical support for this anticipated benefit of HIE.",broad-based electronic health information exchange hie in which patients clinical data follow them between care delivery settings is expected to produce large quality gains and cost savings although these benefits are assumed to result from reducing redundant care there is limited supporting empirical evidence to evaluate whether hie adoption is associated with decreases in repeat imaging in emergency departments eds data source ed discharge data from the state emergency department databases for california and florida for 2007-2010 were merged with health information management systems society data that report hospital hie participation using regression with ed fixed effects and trends we performed a retrospective analysis of the impact of hie participation on repeat imaging comparing 37 eds that initiated hie participation during the study period to 410 eds that did not participate in hie during the same period within 3 common types of imaging tests computed tomography ct ultrasound and chest x-ray we defined a repeat image for a given patient as the same study in the same body region performed within 30 days at unaffiliated eds in our sample there were 20 139 repeat cts representing 14 7 of those cases with ct in the index visit 13 060 repeat ultrasounds 20 7 of ultrasound cases and 29 703 repeat chest x-rays 19 5 of x-ray cases hie was associated with reduced probability of repeat ed imaging in all 3 modalities -8 7 percentage points for ct 95 confidence interval ci -14 7 -2 7 -9 1 percentage points for ultrasound 95 ci -17 2 -1 1 and -13 0 percentage points for chest x-ray 95 ci -18 3 -7 7 reflecting reductions of 44 -67 relative to sample means conclusion hie was associated with reduced repeat imaging in eds this study is among the first to find empirical support for this anticipated benefit of hie,,unspecified
PUBMEDQA_REPORT_22012962,"Men appear to benefit more from being married than women with respect to mortality in middle age. However, there is some uncertainty about gender differences in mortality risks in older individuals, widowed, divorced and single individuals and about the impact of living arrangements. Longitudinal data with 1990 census records being linked to mortality data up to 2005 were used (Swiss National Cohort). The sample comprised all residents over age 44 years in Switzerland (n=2,440,242). All-cause mortality HRs for marital status and living arrangements were estimated by Cox regression for men and women and different age groups with adjustment for education and socio-professional category. The benefit of being married was stronger for men than for women; however, mortality patterns were similar, with higher mortality in divorced and single individuals compared with widowed individuals (<80 years). After adjustment for living arrangements, the gender difference by marital status disappeared. Stratification by living arrangement revealed that mortality risks were highest for 45-64-year-old divorced (HR 1.72 (95% CI 1.67 to 1.76)) and single men (HR 1.67 (95% CI 1.63 to 1.71)) who lived alone. In women of the same age, the highest mortality risk was observed for those who were single and living with a partner (HR 1.70 (95% CI 1.58 to 1.82)). In older age groups, the impact of marital status decreased. Conclusion: Evaluation of living arrangements is crucial for identifying and explaining gender differences in mortality risks by marital status. The impact of living alone and living with a partner seems to be different in men and women.",men appear to benefit more from being married than women with respect to mortality in middle age however there is some uncertainty about gender differences in mortality risks in older individuals widowed divorced and single individuals and about the impact of living arrangements longitudinal data with 1990 census records being linked to mortality data up to 2005 were used swiss national cohort the sample comprised all residents over age 44 years in switzerland n 2 440 242 all-cause mortality hrs for marital status and living arrangements were estimated by cox regression for men and women and different age groups with adjustment for education and socio-professional category the benefit of being married was stronger for men than for women however mortality patterns were similar with higher mortality in divorced and single individuals compared with widowed individuals 80 years after adjustment for living arrangements the gender difference by marital status disappeared stratification by living arrangement revealed that mortality risks were highest for 45-64-year-old divorced hr 1 72 95 ci 1 67 to 1 76 and single men hr 1 67 95 ci 1 63 to 1 71 who lived alone in women of the same age the highest mortality risk was observed for those who were single and living with a partner hr 1 70 95 ci 1 58 to 1 82 in older age groups the impact of marital status decreased conclusion evaluation of living arrangements is crucial for identifying and explaining gender differences in mortality risks by marital status the impact of living alone and living with a partner seems to be different in men and women,,unspecified
PUBMEDQA_REPORT_20064872,"To identify the features of PMR that may predict the duration of steroid therapy, the occurrence of relapses and the late development of GCA. Prospective cohort study of 176 patients with PMR, followed up for 5 years. Baseline factors associated with the duration of steroids therapy were identified using Cox regression. Predictors of relapse and the late development of GCA were identified using binary logistic regression. A total of 176 patients with PMR were included, of whom 124 stopped steroids within 5 years. The probability of stopping steroids within 5 years was independently reduced by an elevated plasma viscosity (PV) [hazard ratio (HR) = 0.49; 95% CI 0.29, 0.82 for a PV>or = 2.00 mPa s compared with a PV<or = 1.80 mPa s; overall P = 0.024] and by starting treatment at>15 mg prednisolone (HR = 0.63; 95% CI 0.41, 0.97; P = 0.036). Either of these independently reduced the chances of stopping steroids within a given time interval between 27 and 51%. No significant predictors of relapse were identified. Predictors of late GCA on univariable analysis were female sex [odds ratio (OR) = 8.16; 95% CI 1.06, 63.13; P = 0.044], HLA-DRB1*0101 or -*0401 alleles (OR = 4.95; 95% CI 1.05, 23.34; P = 0.043), PV>or = 2.00 mPa s compared with PV<or = 1.80 mPa s (OR = 10.64; 95% CI 1.28, 88.38; P = 0.029) and initial prednisolone dose>15 mg (OR = 4.53; 95% CI 1.61, 12.79; P = 0.004). Conclusion: A higher PV in PMR increases the risk of prolonged steroid therapy and late GCA. Female sex and particular HLA alleles may increase the risk of late GCA. Starting patients on>15 mg prednisolone is associated with a prolonged steroid duration.",to identify the features of pmr that may predict the duration of steroid therapy the occurrence of relapses and the late development of gca prospective cohort study of 176 patients with pmr followed up for 5 years baseline factors associated with the duration of steroids therapy were identified using cox regression predictors of relapse and the late development of gca were identified using binary logistic regression a total of 176 patients with pmr were included of whom 124 stopped steroids within 5 years the probability of stopping steroids within 5 years was independently reduced by an elevated plasma viscosity pv hazard ratio hr 0 49 95 ci 0 29 0 82 for a pv or 2 00 mpa s compared with a pv or 1 80 mpa s overall p 0 024 and by starting treatment at 15 mg prednisolone hr 0 63 95 ci 0 41 0 97 p 0 036 either of these independently reduced the chances of stopping steroids within a given time interval between 27 and 51 no significant predictors of relapse were identified predictors of late gca on univariable analysis were female sex odds ratio or 8 16 95 ci 1 06 63 13 p 0 044 hla-drb1 0101 or - 0401 alleles or 4 95 95 ci 1 05 23 34 p 0 043 pv or 2 00 mpa s compared with pv or 1 80 mpa s or 10 64 95 ci 1 28 88 38 p 0 029 and initial prednisolone dose 15 mg or 4 53 95 ci 1 61 12 79 p 0 004 conclusion a higher pv in pmr increases the risk of prolonged steroid therapy and late gca female sex and particular hla alleles may increase the risk of late gca starting patients on 15 mg prednisolone is associated with a prolonged steroid duration,,unspecified
PUBMEDQA_REPORT_18439500,"To assess whether it is possible for an experienced laparoscopic surgeon to perform efficient laparoscopic myomectomy regardless of the size, number, and location of the myomas. Prospective observational study (Canadian Task Force classification II-1). Tertiary endoscopy center. A total of 505 healthy nonpregnant women with symptomatic myomas underwent laparoscopic myomectomy at our center. No exclusion criteria were based on the size, number, or location of myomas. Laparoscopic myomectomy and modifications of the technique: enucleation of the myoma by morcellation while it is still attached to the uterus with and without earlier devascularization. In all, 912 myomas were removed in these 505 patients laparoscopically. The mean number of myomas removed was 1.85 +/- 5.706 (95% CI 1.72-1.98). In all, 184 (36.4%) patients had multiple myomectomy. The mean size of the myomas removed was 5.86 +/- 3.300 cm in largest diameter (95% CI 5.56-6.16 cm). The mean weight of the myomas removed was 227.74 +/- 325.801 g (95% CI 198.03-257.45 g) and median was 100 g. The median operating time was 60 minutes (range 30-270 minutes). The median blood loss was 90 mL (range 40-2000 mL). Three comparisons were performed on the basis of size of the myomas (<10 cm and>or=10 cm in largest diameter), number of myomas removed (<or=4 and>or=5 myomas), and the technique (enucleation of the myomas by morcellation while the myoma is still attached to the uterus and the conventional technique). In all these comparisons, although the mean blood loss, duration of surgery, and hospital stay were greater in the groups in which larger myomas or more myomas were removed or the modified technique was performed as compared with their corresponding study group, the weight and size of removed myomas were also proportionately larger in these groups. Two patients were given the diagnosis of leiomyosarcoma in their histopathology and 1 patient developed a diaphragmatic parasitic myoma followed by a leiomyoma of the sigmoid colon. Six patients underwent laparoscopic hysterectomy 4 to 6 years after the surgery for recurrent myomas. One conversion to laparotomy occurred and 1 patient underwent open subtotal hysterectomy for dilutional coagulopathy. Conclusion: Laparoscopic myomectomy can be performed by experienced surgeons regardless of the size, number, or location of the myomas.",to assess whether it is possible for an experienced laparoscopic surgeon to perform efficient laparoscopic myomectomy regardless of the size number and location of the myomas prospective observational study canadian task force classification ii-1 tertiary endoscopy center a total of 505 healthy nonpregnant women with symptomatic myomas underwent laparoscopic myomectomy at our center no exclusion criteria were based on the size number or location of myomas laparoscopic myomectomy and modifications of the technique enucleation of the myoma by morcellation while it is still attached to the uterus with and without earlier devascularization in all 912 myomas were removed in these 505 patients laparoscopically the mean number of myomas removed was 1 85 - 5 706 95 ci 1 72-1 98 in all 184 36 4 patients had multiple myomectomy the mean size of the myomas removed was 5 86 - 3 300 cm in largest diameter 95 ci 5 56-6 16 cm the mean weight of the myomas removed was 227 74 - 325 801 g 95 ci 198 03-257 45 g and median was 100 g the median operating time was 60 minutes range 30-270 minutes the median blood loss was 90 ml range 40-2000 ml three comparisons were performed on the basis of size of the myomas 10 cm and or 10 cm in largest diameter number of myomas removed or 4 and or 5 myomas and the technique enucleation of the myomas by morcellation while the myoma is still attached to the uterus and the conventional technique in all these comparisons although the mean blood loss duration of surgery and hospital stay were greater in the groups in which larger myomas or more myomas were removed or the modified technique was performed as compared with their corresponding study group the weight and size of removed myomas were also proportionately larger in these groups two patients were given the diagnosis of leiomyosarcoma in their histopathology and 1 patient developed a diaphragmatic parasitic myoma followed by a leiomyoma of the sigmoid colon six patients underwent laparoscopic hysterectomy 4 to 6 years after the surgery for recurrent myomas one conversion to laparotomy occurred and 1 patient underwent open subtotal hysterectomy for dilutional coagulopathy conclusion laparoscopic myomectomy can be performed by experienced surgeons regardless of the size number or location of the myomas,,unspecified
PUBMEDQA_REPORT_9446993,"To determine the ability of dentists to recognize digitally manipulated radiographs. A poster was presented at the Annual Meeting of the German Society for Periodontology displaying the intra-oral radiographs of 12 different patients. Half of the radiographs were subjected to digital manipulation to add or remove specific features. Dentists were asked to identify these radiographs by means of a questionnaire. Thirty-nine dentists submitted usable questionnaires. Statistical evaluation revealed a distribution of hits similar to the random distribution. None of the dentists detected all the six manipulated radiographs; three dentists had five correct, but there were five with only one. An authentic radiograph scored highest as a manipulation. Conclusion: Image manipulations which alter the diagnostic content of a radiograph are unlikely to be detected by dentists. Digital radiography requires additional measures for data protection.",to determine the ability of dentists to recognize digitally manipulated radiographs a poster was presented at the annual meeting of the german society for periodontology displaying the intra-oral radiographs of 12 different patients half of the radiographs were subjected to digital manipulation to add or remove specific features dentists were asked to identify these radiographs by means of a questionnaire thirty-nine dentists submitted usable questionnaires statistical evaluation revealed a distribution of hits similar to the random distribution none of the dentists detected all the six manipulated radiographs three dentists had five correct but there were five with only one an authentic radiograph scored highest as a manipulation conclusion image manipulations which alter the diagnostic content of a radiograph are unlikely to be detected by dentists digital radiography requires additional measures for data protection,,unspecified
PUBMEDQA_REPORT_25940336,"More than 1000 candidates applied for orthopaedic residency positions in 2014, and the competition is intense; approximately one-third of the candidates failed to secure a position in the match. However, the criteria used in the selection process often are subjective and studies have differed in terms of which criteria predict either objective measures or subjective ratings of resident performance by faculty.QUESTIONS/ Do preresidency selection factors serve as predictors of success in residency? Specifically, we asked which preresidency selection factors are associated or correlated with (1) objective measures of resident knowledge and performance; and (2) subjective ratings by faculty. Charts of 60 orthopaedic residents from our institution were reviewed. Preresidency selection criteria examined included United States Medical Licensing Examination (USMLE) Step 1 and Step 2 scores, Medical College Admission Test (MCAT) scores, number of clinical clerkship honors, number of letters of recommendation, number of away rotations, Alpha Omega Alpha (AOA) honor medical society membership, fourth-year subinternship at our institution, and number of publications. Resident performance was assessed using objective measures including American Board of Orthopaedic Surgery (ABOS) Part I scores and Orthopaedics In-Training Exam (OITE) scores and subjective ratings by faculty including global evaluation scores and faculty rankings of residents. We tested associations between preresidency criteria and the subsequent objective and subjective metrics using linear correlation analysis and Mann-Whitney tests when appropriate. Objective measures of resident performance namely, ABOS Part I scores, had a moderate linear correlation with the USMLE Step 2 scores (r = 0.55, p<0.001) and number of clinical honors received in medical school (r = 0.45, p<0.001). OITE scores had a weak linear correlation with the number of clinical honors (r = 0.35, p = 0.009) and USMLE Step 2 scores (r = 0.29, p = 0.02). With regards to subjective outcomes, AOA membership was associated with higher scores on the global evaluation (p = 0.005). AOA membership also correlated with higher global evaluation scores (r = 0.60, p = 0.005) with the strongest correlation existing between AOA membership and the ""interpersonal and communication skills"" subsection of the global evaluations. Conclusion: We found that USMLE Step 2, number of honors in medical school clerkships, and AOA membership demonstrated the strongest correlations with resident performance. Our goal in analyzing these data was to provide residency programs at large a sense of which criteria may be ""high yield"" in ranking applicants by analyzing data from within our own pool of residents. Similar studies across a broader scope of programs are warranted to confirm applicability of our findings. The continually emerging complexities of the field of orthopaedic surgery lend increasing importance to future work on the appropriate selection and training of orthopaedic residents.",more than 1000 candidates applied for orthopaedic residency positions in 2014 and the competition is intense approximately one-third of the candidates failed to secure a position in the match however the criteria used in the selection process often are subjective and studies have differed in terms of which criteria predict either objective measures or subjective ratings of resident performance by faculty questions do preresidency selection factors serve as predictors of success in residency specifically we asked which preresidency selection factors are associated or correlated with 1 objective measures of resident knowledge and performance and 2 subjective ratings by faculty charts of 60 orthopaedic residents from our institution were reviewed preresidency selection criteria examined included united states medical licensing examination usmle step 1 and step 2 scores medical college admission test mcat scores number of clinical clerkship honors number of letters of recommendation number of away rotations alpha omega alpha aoa honor medical society membership fourth-year subinternship at our institution and number of publications resident performance was assessed using objective measures including american board of orthopaedic surgery abos part i scores and orthopaedics in-training exam oite scores and subjective ratings by faculty including global evaluation scores and faculty rankings of residents we tested associations between preresidency criteria and the subsequent objective and subjective metrics using linear correlation analysis and mann-whitney tests when appropriate objective measures of resident performance namely abos part i scores had a moderate linear correlation with the usmle step 2 scores r 0 55 p 0 001 and number of clinical honors received in medical school r 0 45 p 0 001 oite scores had a weak linear correlation with the number of clinical honors r 0 35 p 0 009 and usmle step 2 scores r 0 29 p 0 02 with regards to subjective outcomes aoa membership was associated with higher scores on the global evaluation p 0 005 aoa membership also correlated with higher global evaluation scores r 0 60 p 0 005 with the strongest correlation existing between aoa membership and the interpersonal and communication skills subsection of the global evaluations conclusion we found that usmle step 2 number of honors in medical school clerkships and aoa membership demonstrated the strongest correlations with resident performance our goal in analyzing these data was to provide residency programs at large a sense of which criteria may be high yield in ranking applicants by analyzing data from within our own pool of residents similar studies across a broader scope of programs are warranted to confirm applicability of our findings the continually emerging complexities of the field of orthopaedic surgery lend increasing importance to future work on the appropriate selection and training of orthopaedic residents,,unspecified
PUBMEDQA_REPORT_19054501,"Studies have shown that schizophrenia patients have motion perception deficit, which was thought to cause eye-tracking abnormality in schizophrenia. However, eye movement closely interacts with motion perception. The known eye-tracking difficulties in schizophrenia patients may interact with their motion perception. Two speed discrimination experiments were conducted in a within-subject design. In experiment 1, the stimulus duration was 150 msec to minimize the chance of eye-tracking occurrence. In experiment 2, the duration was increased to 300 msec, increasing the possibility of eye movement intrusion. Regular eye-tracking performance was evaluated in a third experiment. At 150 msec, speed discrimination thresholds did not differ between schizophrenia patients (n = 38) and control subjects (n = 33). At 300 msec, patients had significantly higher thresholds than control subjects (p = .03). Furthermore, frequencies of eye tracking during the 300 msec stimulus were significantly correlated with speed discrimination in control subjects (p = .01) but not in patients, suggesting that eye-tracking initiation may benefit control subjects but not patients. The frequency of eye tracking during speed discrimination was not significantly related to regular eye-tracking performance. Conclusion: Speed discrimination, per se, is not impaired in schizophrenia patients. The observed abnormality appears to be a consequence of impairment in generating or integrating the feedback information from eye movements. This study introduces a novel approach to motion perception studies and highlights the importance of concurrently measuring eye movements to understand interactions between these two systems; the results argue for a conceptual revision regarding motion perception abnormality in schizophrenia.",studies have shown that schizophrenia patients have motion perception deficit which was thought to cause eye-tracking abnormality in schizophrenia however eye movement closely interacts with motion perception the known eye-tracking difficulties in schizophrenia patients may interact with their motion perception two speed discrimination experiments were conducted in a within-subject design in experiment 1 the stimulus duration was 150 msec to minimize the chance of eye-tracking occurrence in experiment 2 the duration was increased to 300 msec increasing the possibility of eye movement intrusion regular eye-tracking performance was evaluated in a third experiment at 150 msec speed discrimination thresholds did not differ between schizophrenia patients n 38 and control subjects n 33 at 300 msec patients had significantly higher thresholds than control subjects p 03 furthermore frequencies of eye tracking during the 300 msec stimulus were significantly correlated with speed discrimination in control subjects p 01 but not in patients suggesting that eye-tracking initiation may benefit control subjects but not patients the frequency of eye tracking during speed discrimination was not significantly related to regular eye-tracking performance conclusion speed discrimination per se is not impaired in schizophrenia patients the observed abnormality appears to be a consequence of impairment in generating or integrating the feedback information from eye movements this study introduces a novel approach to motion perception studies and highlights the importance of concurrently measuring eye movements to understand interactions between these two systems the results argue for a conceptual revision regarding motion perception abnormality in schizophrenia,no_acute,unspecified
PUBMEDQA_REPORT_23347337,"To provide equality of cancer care to rural patients, Townsville Cancer Centre administers intensive chemotherapy regimens to rural patients with node-positive breast and metastatic colorectal cancers at the same doses as urban patients. Side-effects were usually managed by rural general practitioners locally.AIM: The aim is to determine the safety of this practice by comparing the profile of serious adverse events and dose intensities between urban and rural patients at the Townsville Cancer Centre. A retrospective audit was conducted in patients with metastatic colorectal and node-positive breast cancers during a 24-month period. Fisher's exact test was used for analysis. Rurality was determined as per rural, remote and metropolitan classification. Of the 121 patients included, 70 and 51 patients had breast and colon cancers respectively. The urban versus rural patient split among all patients, breast and colorectal cancer subgroups was 68 versus 53, 43 versus 27 and 25 versus 26 respectively. A total of 421 cycles was given with dose intensity of>95% for breast cancer in both groups (P>0.05). Rate of febrile neutropenia was 9.3% versus 7.4% (P = 0.56). For XELOX, rate of diarrhoea was 20% versus 19% (P = 0.66) and rate of vomiting was 20% versus 11% (P = 0.11). Only two patients were transferred to Townsville for admission. No toxic death occurred in either group. Conclusion: It appears safe to administer intensive chemotherapy regimens at standard doses to rural patients without increased morbidity or mortality. Support for general practitioners through phone or videoconferencing may reduce the safety concerns.",to provide equality of cancer care to rural patients townsville cancer centre administers intensive chemotherapy regimens to rural patients with node-positive breast and metastatic colorectal cancers at the same doses as urban patients side-effects were usually managed by rural general practitioners locally aim the aim is to determine the safety of this practice by comparing the profile of serious adverse events and dose intensities between urban and rural patients at the townsville cancer centre a retrospective audit was conducted in patients with metastatic colorectal and node-positive breast cancers during a 24-month period fisher s exact test was used for analysis rurality was determined as per rural remote and metropolitan classification of the 121 patients included 70 and 51 patients had breast and colon cancers respectively the urban versus rural patient split among all patients breast and colorectal cancer subgroups was 68 versus 53 43 versus 27 and 25 versus 26 respectively a total of 421 cycles was given with dose intensity of 95 for breast cancer in both groups p 0 05 rate of febrile neutropenia was 9 3 versus 7 4 p 0 56 for xelox rate of diarrhoea was 20 versus 19 p 0 66 and rate of vomiting was 20 versus 11 p 0 11 only two patients were transferred to townsville for admission no toxic death occurred in either group conclusion it appears safe to administer intensive chemotherapy regimens at standard doses to rural patients without increased morbidity or mortality support for general practitioners through phone or videoconferencing may reduce the safety concerns,,unspecified
PUBMEDQA_REPORT_8199520,"To explore expressed needs, both formal and informal, of family caregivers of frail elderly. To evaluate roles of physicians. Questionnaire survey of members of the Montreal Jewish community providing care for frail elderly family members. Jewish community of Montreal. Volunteer caregivers who were caring for a family member or friend 60 years or older, who had greatest responsibility for providing physical or emotional support to an elderly person, who saw themselves as caregivers, and who could speak English or French were studied. Of 118 volunteers, 32 were excluded because they withdrew for personal reasons or because they did not meet study criteria. Demographic variables, functional status of the care receiver, use of home care services, and needs assessment to identify additional services. An average of 75.4% respondents did not use formal support services. Just under half of caregivers were dissatisfied with the attention they received from the health care system, and more than one third expressed feelings of stress, depression, guilt, and isolation. Conclusion: Hypotheses for this discontent are presented. Physicians may be uninterested in helping caregivers; even if they were receptive to counseling caregivers, they could be poorly remunerated for the types of counseling sessions that are usual for caregivers; and being a professional caregiver to family caregivers is demanding in itself.",to explore expressed needs both formal and informal of family caregivers of frail elderly to evaluate roles of physicians questionnaire survey of members of the montreal jewish community providing care for frail elderly family members jewish community of montreal volunteer caregivers who were caring for a family member or friend 60 years or older who had greatest responsibility for providing physical or emotional support to an elderly person who saw themselves as caregivers and who could speak english or french were studied of 118 volunteers 32 were excluded because they withdrew for personal reasons or because they did not meet study criteria demographic variables functional status of the care receiver use of home care services and needs assessment to identify additional services an average of 75 4 respondents did not use formal support services just under half of caregivers were dissatisfied with the attention they received from the health care system and more than one third expressed feelings of stress depression guilt and isolation conclusion hypotheses for this discontent are presented physicians may be uninterested in helping caregivers even if they were receptive to counseling caregivers they could be poorly remunerated for the types of counseling sessions that are usual for caregivers and being a professional caregiver to family caregivers is demanding in itself,,unspecified
PUBMEDQA_REPORT_24340838,"Sudden death in athletes can occur during sport activities and is presumably related to ventricular arrhythmias. To investigate the long-term follow-up ofathletes with ventricular arrhythmias during an exercise test. From a database of 56,462 athletes we identified 192 athletes (35 years old who had ventricular arrhythmias during an exercise test. Ninety athletes had>or =3 ventricular premature beats (VPB) (group A) and 102 athletes had ventricular couplets or non-sustained ventricular tachycardia during an exercise test (group B). A control group of 92 athletesfrom without ventricular arrhythmias was randomly seleclted from the database (group C). Of the 192 athletes 39 returnied for a repeat exercise test after a mean follow-up period of 70 +/- 25 months and they constitute the study population. Twelve athletes from group A, 21 fromgroup B and 6 from group C returned for a repeat exercise test. The athletes reached a significantly lower peak heart rate during their follow-up exercise test (P = 0.001). More athletes were engaged in competitive sports during their initialexercise test than in the follow-up test (P = 0.021). Most of theathletes who had VPB and/orventricular couplets and/or NSVT during their initial exercise test had far fewer ventricular arrhythmias in the follow-up exercise test (P = 0.001). Conclusion: Athletes engaged in competitive sports are more likely to develop ventricular arrhythmias during exercise. These arrhythmias subside over time when athletes are engaged in non-competitive sports.",sudden death in athletes can occur during sport activities and is presumably related to ventricular arrhythmias to investigate the long-term follow-up ofathletes with ventricular arrhythmias during an exercise test from a database of 56 462 athletes we identified 192 athletes 35 years old who had ventricular arrhythmias during an exercise test ninety athletes had or 3 ventricular premature beats vpb group a and 102 athletes had ventricular couplets or non-sustained ventricular tachycardia during an exercise test group b a control group of 92 athletesfrom without ventricular arrhythmias was randomly seleclted from the database group c of the 192 athletes 39 returnied for a repeat exercise test after a mean follow-up period of 70 - 25 months and they constitute the study population twelve athletes from group a 21 fromgroup b and 6 from group c returned for a repeat exercise test the athletes reached a significantly lower peak heart rate during their follow-up exercise test p 0 001 more athletes were engaged in competitive sports during their initialexercise test than in the follow-up test p 0 021 most of theathletes who had vpb and orventricular couplets and or nsvt during their initial exercise test had far fewer ventricular arrhythmias in the follow-up exercise test p 0 001 conclusion athletes engaged in competitive sports are more likely to develop ventricular arrhythmias during exercise these arrhythmias subside over time when athletes are engaged in non-competitive sports,,unspecified
PUBMEDQA_REPORT_17598882,"A genetic component is well established in the etiology of breast cancer. It is not well known, however, whether genetic traits also influence prognostic features of the malignant phenotype. We carried out a population-based cohort study in Sweden based on the nationwide Multi-Generation Register. Among all women with breast cancer diagnosed from 1961 to 2001, 2,787 mother-daughter pairs and 831 sister pairs with breast cancer were identified; we achieved complete follow-up and classified 5-year breast cancer-specific prognosis among proband (mother or oldest sister) into tertiles as poor, intermediary, or good. We used Kaplan-Meier estimates of survival proportions and Cox models to calculate relative risks of dying from breast cancer within 5 years depending on the proband's outcome. The 5-year survival proportion among daughters whose mothers died within 5 years was 87% compared to 91% if the mother was alive (p = 0.03). Among sisters, the corresponding proportions were 70% and 88%, respectively (p = 0.001). After adjustment for potential confounders, daughters and sisters of a proband with poor prognosis had a 60% higher 5-year breast cancer mortality compared to those of a proband with good prognosis (hazard ratio [HR], 1.6; 95% confidence interval [CI], 1.2 to 2.2; p for trend 0.002). This association was slightly stronger among sisters (HR, 1.8; 95% CI, 1.0 to 3.4) than among daughters (HR, 1.6; 95% CI, 1.1 to 2.3). Conclusion: Breast cancer prognosis of a woman predicts the survival in her first-degree relatives with breast cancer. Our novel findings suggest that breast cancer prognosis might be inherited.",a genetic component is well established in the etiology of breast cancer it is not well known however whether genetic traits also influence prognostic features of the malignant phenotype we carried out a population-based cohort study in sweden based on the nationwide multi-generation register among all women with breast cancer diagnosed from 1961 to 2001 2 787 mother-daughter pairs and 831 sister pairs with breast cancer were identified we achieved complete follow-up and classified 5-year breast cancer-specific prognosis among proband mother or oldest sister into tertiles as poor intermediary or good we used kaplan-meier estimates of survival proportions and cox models to calculate relative risks of dying from breast cancer within 5 years depending on the proband s outcome the 5-year survival proportion among daughters whose mothers died within 5 years was 87 compared to 91 if the mother was alive p 0 03 among sisters the corresponding proportions were 70 and 88 respectively p 0 001 after adjustment for potential confounders daughters and sisters of a proband with poor prognosis had a 60 higher 5-year breast cancer mortality compared to those of a proband with good prognosis hazard ratio hr 1 6 95 confidence interval ci 1 2 to 2 2 p for trend 0 002 this association was slightly stronger among sisters hr 1 8 95 ci 1 0 to 3 4 than among daughters hr 1 6 95 ci 1 1 to 2 3 conclusion breast cancer prognosis of a woman predicts the survival in her first-degree relatives with breast cancer our novel findings suggest that breast cancer prognosis might be inherited,,unspecified
PUBMEDQA_REPORT_8921484,"After 34 weeks gestation, summary measures of location for birthweight (e.g means and centiles) increase more slowly for Australian Aborigines than for whites. A similar pattern has been observed for blacks in the US. This study tests whether the reported pattern is due to differential misclassification of gestational age. Simulation was used to measure the potential effect of differential misclassification of gestational age. Reported gestational age data were obtained from Queensland Perinatal Data Collection (QPDC). Estimates of the true distributions of gestational age were obtained by assuming various (plausible) types of misclassification and applying these to the reported distributions. Previous studies and data from the QPDC were used to help specify the birthweight distributions used in the simulations. At full term, the parameters of the birthweight distributions were robust to gestational age misclassification. At preterm, the 10th centiles were robust to misclassification. In contrast, the 90th centiles were sensitive to even minor misclassification. Extreme types of misclassification were required to remove the divergence in median birthweights for Aborigines and whites. Conclusion: Gestational age misclassification is an unlikely explanation for the reported divergence in average birth-weights for Aborigines and whites. The results might help with the interpretation of other between-population comparisons.",after 34 weeks gestation summary measures of location for birthweight e g means and centiles increase more slowly for australian aborigines than for whites a similar pattern has been observed for blacks in the us this study tests whether the reported pattern is due to differential misclassification of gestational age simulation was used to measure the potential effect of differential misclassification of gestational age reported gestational age data were obtained from queensland perinatal data collection qpdc estimates of the true distributions of gestational age were obtained by assuming various plausible types of misclassification and applying these to the reported distributions previous studies and data from the qpdc were used to help specify the birthweight distributions used in the simulations at full term the parameters of the birthweight distributions were robust to gestational age misclassification at preterm the 10th centiles were robust to misclassification in contrast the 90th centiles were sensitive to even minor misclassification extreme types of misclassification were required to remove the divergence in median birthweights for aborigines and whites conclusion gestational age misclassification is an unlikely explanation for the reported divergence in average birth-weights for aborigines and whites the results might help with the interpretation of other between-population comparisons,,unspecified
PUBMEDQA_REPORT_8910148,"The brain-dead donor supply has become one of the criteria limiting the performance of heart transplantation. Conventional screening criteria are too limiting and exclude suitable heart donors. Echocardiography is now widely available and is a reliable tool to assess left ventricular dysfunction in brain-dead donors. Yet few data are available on the degree of left ventricular dysfunction where a transplantation is possible. Fifty-five potential brain-dead heart donors (age 38 +/- 11 years) were prospectively evaluated by transesophageal echocardiography (TEE) before harvesting. Fractional area change (FAC) was used to assess left ventricular function in potential brain-dead donors. Transplanted hearts were evaluated on the fifth postoperative day. The transplantation was considered a success if the recipient was alive, not retransplanted, without an assistance device or an epinephrine infusion of more than 1 mg/h and showed an ejection fraction above 40%. Of the 55 potential heart donors, 20 exhibited an FAC of less than 50%. Forty hearts were harvested, 36 of which were successfully transplanted. Nine patients had an FAC below 50% (group H2) and 27 had an FAC over 50% (group H1). Four patients died: 2 from hemorrhage (FAC>50% in donors); 1 from right and one from left ventricular dysfunction (FAC<50% in donors). The FAC increased significantly from 51 +/- 15% to 57 +/- 11% in 18 hearts that underwent TEE in donors and afterwards in recipients. Overall actuarial survival was 86.2% versus 64.6% at 1 and 2 years in group H1 and group H2, respectively (p = NS). Conclusion: TEE is useful to assess left ventricular function in potential brain-dead donors. An FAC less than 50% is present in 36% of potential heart donors. Because left ventricular dysfunction is often reversible shortly after transplantation, an FAC below 50% may not necessarily preclude the use of hearts for transplantation.",the brain-dead donor supply has become one of the criteria limiting the performance of heart transplantation conventional screening criteria are too limiting and exclude suitable heart donors echocardiography is now widely available and is a reliable tool to assess left ventricular dysfunction in brain-dead donors yet few data are available on the degree of left ventricular dysfunction where a transplantation is possible fifty-five potential brain-dead heart donors age 38 - 11 years were prospectively evaluated by transesophageal echocardiography tee before harvesting fractional area change fac was used to assess left ventricular function in potential brain-dead donors transplanted hearts were evaluated on the fifth postoperative day the transplantation was considered a success if the recipient was alive not retransplanted without an assistance device or an epinephrine infusion of more than 1 mg h and showed an ejection fraction above 40 of the 55 potential heart donors 20 exhibited an fac of less than 50 forty hearts were harvested 36 of which were successfully transplanted nine patients had an fac below 50 group h2 and 27 had an fac over 50 group h1 four patients died 2 from hemorrhage fac 50 in donors 1 from right and one from left ventricular dysfunction fac 50 in donors the fac increased significantly from 51 - 15 to 57 - 11 in 18 hearts that underwent tee in donors and afterwards in recipients overall actuarial survival was 86 2 versus 64 6 at 1 and 2 years in group h1 and group h2 respectively p ns conclusion tee is useful to assess left ventricular function in potential brain-dead donors an fac less than 50 is present in 36 of potential heart donors because left ventricular dysfunction is often reversible shortly after transplantation an fac below 50 may not necessarily preclude the use of hearts for transplantation,,right
PUBMEDQA_REPORT_21726930,"Endometrial polyp is a common cause of abnormal uterine bleeding, but the etiology and pathogenesis remain unclear. Vascular endothelial growth factor (VEGF) is angiogenic, related to thick walled vessels and transforming growth factor-beta1 (TGF-β1) is related to fibrotic tissue, which are characteristics of endometrial polyps. The primary objective of this study was to find out if endometrial polyp formation is associated with increased expression of VEGF or TGF-β1, or both. A secondary objective is to determine if the changes are related to steroid receptor expression. This prospective study compared VEGF and TGF-β1 expression of endometrial polyps and adjacent endometrial tissue in 70 premenopausal women. The comparison of results was separately made for endometrium specimens obtained in the proliferative and secretory phases. The results were correlated with the steroid receptors (estrogen receptor and progesterone receptor) expression. The score of VEGF in glandular cells of endometrial polyps was significantly higher than the score in adjacent endometrium, both in the proliferative phase (P<0.001) and the secretory phase (P=0.03); the score of VEGF in stromal cells of endometrial polyps was significantly higher than the score in adjacent endometrium only in proliferative phase (P=0.006). The score of TGF-β1 in glandular cells of endometrial polyps was significantly higher than the score in adjacent endometrium in proliferative phase (P=0.02); whereas the score of TGF-β1 in stromal cells of endometrial polyps was significantly higher than the score in adjacent endometrium, both in the proliferative phase (P=0.006) and the secretory phase (P=0.008). There was a significant correlation between the expression of steroid receptors and VEGF and TGF-β1 (Spearman's correlation P<0.001 and P<0.05, respectively). Conclusion: There was increased expression of TGF-β1 and VEGF in polyps compared to adjacent normal endometrial tissue. It suggested that these cytokines might play a role in endometrial polyp formation. In addition, there was a significant correlation between steroid receptor expression and VEGF and TGF-β1 expression.",endometrial polyp is a common cause of abnormal uterine bleeding but the etiology and pathogenesis remain unclear vascular endothelial growth factor vegf is angiogenic related to thick walled vessels and transforming growth factor-beta1 tgf- 1 is related to fibrotic tissue which are characteristics of endometrial polyps the primary objective of this study was to find out if endometrial polyp formation is associated with increased expression of vegf or tgf- 1 or both a secondary objective is to determine if the changes are related to steroid receptor expression this prospective study compared vegf and tgf- 1 expression of endometrial polyps and adjacent endometrial tissue in 70 premenopausal women the comparison of results was separately made for endometrium specimens obtained in the proliferative and secretory phases the results were correlated with the steroid receptors estrogen receptor and progesterone receptor expression the score of vegf in glandular cells of endometrial polyps was significantly higher than the score in adjacent endometrium both in the proliferative phase p 0 001 and the secretory phase p 0 03 the score of vegf in stromal cells of endometrial polyps was significantly higher than the score in adjacent endometrium only in proliferative phase p 0 006 the score of tgf- 1 in glandular cells of endometrial polyps was significantly higher than the score in adjacent endometrium in proliferative phase p 0 02 whereas the score of tgf- 1 in stromal cells of endometrial polyps was significantly higher than the score in adjacent endometrium both in the proliferative phase p 0 006 and the secretory phase p 0 008 there was a significant correlation between the expression of steroid receptors and vegf and tgf- 1 spearman s correlation p 0 001 and p 0 05 respectively conclusion there was increased expression of tgf- 1 and vegf in polyps compared to adjacent normal endometrial tissue it suggested that these cytokines might play a role in endometrial polyp formation in addition there was a significant correlation between steroid receptor expression and vegf and tgf- 1 expression,no_acute,unspecified
PUBMEDQA_REPORT_10173769,"To consider whether the Barthel Index alone provides sufficient information about the long term outcome of stroke. Cross sectional follow up study with a structured interview questionnaire and measures of impairment, disability, handicap, and general health. The scales used were the hospital anxiety and depression scale, mini mental state examination, Barthel index, modified Rankin scale, London handicap scale, Frenchay activities index, SF36, Nottingham health profile, life satisfaction index, and the caregiver strain index. South east London. People, and their identified carers, resident in south east London in 1989-90 when they had their first in a life-time stroke aged under 75 years. Observational study. Comparison and correlation of the individual Barthel index scores with the scores on other outcome measures. One hundred and twenty three (42%) people were known to be alive, of whom 106 (86%) were interviewed. The median age was 71 years (range 34-79). The mean interval between the stroke and follow up was 4.9 years. The rank correlation coefficients between the Barthel and the different dimensions of the SF36 ranged from r = 0.217 (with the role emotional dimension) to r = 0.810 (with the physical functioning dimension); with the Nottingham health profile the range was r = -0.189 (with the sleep dimension, NS) to r = -0.840 (with the physical mobility dimension); with the hospital and anxiety scale depression component the coefficient was r = -0.563, with the life satisfaction index r = 0.361, with the London handicap scale r = 0.726 and with the Frenchay activities index r = 0.826. Conclusion: The place of the Barthel index as the standard outcome measure for populations of stroke patients is still justified for long term follow up, and may be a proxy for different outcome measures intended for the assessment of other domains.",to consider whether the barthel index alone provides sufficient information about the long term outcome of stroke cross sectional follow up study with a structured interview questionnaire and measures of impairment disability handicap and general health the scales used were the hospital anxiety and depression scale mini mental state examination barthel index modified rankin scale london handicap scale frenchay activities index sf36 nottingham health profile life satisfaction index and the caregiver strain index south east london people and their identified carers resident in south east london in 1989-90 when they had their first in a life-time stroke aged under 75 years observational study comparison and correlation of the individual barthel index scores with the scores on other outcome measures one hundred and twenty three 42 people were known to be alive of whom 106 86 were interviewed the median age was 71 years range 34-79 the mean interval between the stroke and follow up was 4 9 years the rank correlation coefficients between the barthel and the different dimensions of the sf36 ranged from r 0 217 with the role emotional dimension to r 0 810 with the physical functioning dimension with the nottingham health profile the range was r -0 189 with the sleep dimension ns to r -0 840 with the physical mobility dimension with the hospital and anxiety scale depression component the coefficient was r -0 563 with the life satisfaction index r 0 361 with the london handicap scale r 0 726 and with the frenchay activities index r 0 826 conclusion the place of the barthel index as the standard outcome measure for populations of stroke patients is still justified for long term follow up and may be a proxy for different outcome measures intended for the assessment of other domains,,unspecified
PUBMEDQA_REPORT_16962519,"To estimate changes in uterine myoma volume during pregnancy. Review of departmental electronic perinatal database and medical records. Canadian Task Force Classification II-3. Obstetrical ultrasound unit in an academic tertiary care center. One hundred-seven patients diagnosed with uterine myomas during pregnancy and who had two or more obstetrical ultrasounds in different periods of pregnancy. We analyzed the change in volume of uterine myomas between the first half of pregnancy (up until 19 weeks), third quarter (20-30 weeks), and last quarter (31 weeks to term). The volume of largest uterine myoma was calculated using the formula Volume (mm3)=Pi/6x(length mm)x(width mm)x(height mm). The mean age of the population was 31+/-6 years. Between the first and the second study periods, the percentage of uterine myomas that decreased in size was 55.1% (95% CI: 43-66), with a mean decrease in volume of 35%+/-4%; while the percentage of uterine myomas that enlarged was 44.9% (95% CI: 34-56), with a mean increase in volume of 69%+/-11%. Between the second and the third study periods, 75% (95% CI: 56-87) became smaller, with a mean decrease in volume of 30%+/-3%; while 25% (95% CI: 13-43) enlarged, with a mean increase in volume of 102%+/-62%. Conclusion: Contrary to common belief, we found that uterine myomas commonly decrease in volume over the course of pregnancy.",to estimate changes in uterine myoma volume during pregnancy review of departmental electronic perinatal database and medical records canadian task force classification ii-3 obstetrical ultrasound unit in an academic tertiary care center one hundred-seven patients diagnosed with uterine myomas during pregnancy and who had two or more obstetrical ultrasounds in different periods of pregnancy we analyzed the change in volume of uterine myomas between the first half of pregnancy up until 19 weeks third quarter 20-30 weeks and last quarter 31 weeks to term the volume of largest uterine myoma was calculated using the formula volume mm3 pi 6x length mm x width mm x height mm the mean age of the population was 31 -6 years between the first and the second study periods the percentage of uterine myomas that decreased in size was 55 1 95 ci 43-66 with a mean decrease in volume of 35 -4 while the percentage of uterine myomas that enlarged was 44 9 95 ci 34-56 with a mean increase in volume of 69 -11 between the second and the third study periods 75 95 ci 56-87 became smaller with a mean decrease in volume of 30 -3 while 25 95 ci 13-43 enlarged with a mean increase in volume of 102 -62 conclusion contrary to common belief we found that uterine myomas commonly decrease in volume over the course of pregnancy,,unspecified
PUBMEDQA_REPORT_21849531,"Adults with GH deficiency (GHD) have a decreased life expectancy. The effect of GH treatment on mortality remains to be established. This nationwide cohort study investigates the effect of GH treatment on all-cause and cause-specific mortality and analyzes patient characteristics influencing mortality in GHD adults. Patients in the Dutch National Registry of Growth Hormone Treatment in Adults were retrospectively monitored (1985-2009) and subdivided into treatment (n = 2229), primary (untreated, n = 109), and secondary control (partly treated, n = 356) groups. Standardized mortality ratios (SMR) were calculated for all-cause, malignancy, and cardiovascular disease (CVD) mortality. Expected mortality was obtained from cause, sex, calendar year, and age-specific death rates from national death and population counts. In the treatment group, 95 patients died compared to 74.6 expected [SMR 1.27 (95% confidence interval, 1.04-1.56)]. Mortality was higher in women than in men. After exclusion of high-risk patients, the SMR for CVD mortality remained increased in women. Mortality due to malignancies was not elevated. In the control groups mortality was not different from the background population. Univariate analyses demonstrated sex, GHD onset, age, and underlying diagnosis as influencing factors. Conclusion: GHD men receiving GH treatment have a mortality rate not different from the background population. In women, after exclusion of high-risk patients, mortality was not different from the background population except for CVD. Mortality due to malignancies was not elevated in adults receiving GH treatment. Next to gender, the heterogeneous etiology is of influence on mortality in GHD adults with GH treatment.",adults with gh deficiency ghd have a decreased life expectancy the effect of gh treatment on mortality remains to be established this nationwide cohort study investigates the effect of gh treatment on all-cause and cause-specific mortality and analyzes patient characteristics influencing mortality in ghd adults patients in the dutch national registry of growth hormone treatment in adults were retrospectively monitored 1985-2009 and subdivided into treatment n 2229 primary untreated n 109 and secondary control partly treated n 356 groups standardized mortality ratios smr were calculated for all-cause malignancy and cardiovascular disease cvd mortality expected mortality was obtained from cause sex calendar year and age-specific death rates from national death and population counts in the treatment group 95 patients died compared to 74 6 expected smr 1 27 95 confidence interval 1 04-1 56 mortality was higher in women than in men after exclusion of high-risk patients the smr for cvd mortality remained increased in women mortality due to malignancies was not elevated in the control groups mortality was not different from the background population univariate analyses demonstrated sex ghd onset age and underlying diagnosis as influencing factors conclusion ghd men receiving gh treatment have a mortality rate not different from the background population in women after exclusion of high-risk patients mortality was not different from the background population except for cvd mortality due to malignancies was not elevated in adults receiving gh treatment next to gender the heterogeneous etiology is of influence on mortality in ghd adults with gh treatment,,unspecified
PUBMEDQA_REPORT_19653482,The present study investigated factors that explain when and why different groups of teammates are more likely to request and accept backup from one another when needed in an environment characterized by extreme time pressure and severe consequences of error: commercial air traffic control (ATC). Transactive memory theory states that teammates develop consensus regarding the distribution of their relative expertise as well as confidence in that expertise over time and that this facilitates coordination processes. The present study investigated whether this theory could help to explain between-team differences in requesting and accepting backup when needed. The present study used cross-sectional data collected from 51 commercial ATC teams. Hypotheses were tested using multiple regression analysis. Teammates with greater experience working together requested and accepted backup from one another more than those with lesser experience working together. Teammate knowledge consensus and perceived team efficacy appear to have mediated this relationship. Conclusion: Transactive memory theory extends to high-stress environments in which members' expertise is highly overlapping. Teammates' shared mental models about one another increase the likelihood that they will request and accept backup.,the present study investigated factors that explain when and why different groups of teammates are more likely to request and accept backup from one another when needed in an environment characterized by extreme time pressure and severe consequences of error commercial air traffic control atc transactive memory theory states that teammates develop consensus regarding the distribution of their relative expertise as well as confidence in that expertise over time and that this facilitates coordination processes the present study investigated whether this theory could help to explain between-team differences in requesting and accepting backup when needed the present study used cross-sectional data collected from 51 commercial atc teams hypotheses were tested using multiple regression analysis teammates with greater experience working together requested and accepted backup from one another more than those with lesser experience working together teammate knowledge consensus and perceived team efficacy appear to have mediated this relationship conclusion transactive memory theory extends to high-stress environments in which members expertise is highly overlapping teammates shared mental models about one another increase the likelihood that they will request and accept backup,,unspecified
PUBMEDQA_REPORT_18041059,"Despite the advantages from using aromatase inhibitors (AIs) compared with tamoxifen for early breast cancer, an unexpectedly greater number of grade 3 and 4 cardiovascular events (CVAE) (as defined by National Cancer Institute of Canada-Common Toxicity Criteria [version 2.0] was demonstrated. Phase 3 randomized clinical trials (RCTs) comparing AI with tamoxifen in early breast cancer were considered eligible for this review. The event-based risk ratios (RRs) with 95% confidence intervals (95% CIs) were derived, and a test of heterogeneity was applied. Finally, absolute differences (ADs) in event rates and the number of patients needed to harm 1 patient (NNH) were determined. Seven eligible RCTs (19,818 patients) reported CVAE results. When considering all RCTs, the AD of the primary endpoint (CVAE) between the 2 arms (0.52%), tamoxifen versus AI, was statistically significant (RR, 1.31; 95% CI, 1.07-1.60; P= .007). This translated into an NNH value of 189 patients; when only third-generation AIs were considered, the difference (0.57%) remained significant (RR, 1.34; 95% CI, 1.09-1.63; P= .0038). Thromboembolic events were significantly more frequent in the tamoxifen arm, regardless of the strategy adopted (RR, 0.53; 95% CI, 0.42-0.65; P<.0001), without significant heterogeneity (P= .21). An AD of 1.17% and an NNH value of 85 patients were observed. Conclusion: According to the results from this meta-analysis, the risk of grade 3 and 4 CVAEs in patients who were receiving AIs was higher compared with the risk in patients who were receiving tamoxifen, and the difference reached statistical significance. However, the AD was relatively low, and from 160 to 180 patients had to be treated to produce 1 event.",despite the advantages from using aromatase inhibitors ais compared with tamoxifen for early breast cancer an unexpectedly greater number of grade 3 and 4 cardiovascular events cvae as defined by national cancer institute of canada-common toxicity criteria version 2 0 was demonstrated phase 3 randomized clinical trials rcts comparing ai with tamoxifen in early breast cancer were considered eligible for this review the event-based risk ratios rrs with 95 confidence intervals 95 cis were derived and a test of heterogeneity was applied finally absolute differences ads in event rates and the number of patients needed to harm 1 patient nnh were determined seven eligible rcts 19 818 patients reported cvae results when considering all rcts the ad of the primary endpoint cvae between the 2 arms 0 52 tamoxifen versus ai was statistically significant rr 1 31 95 ci 1 07-1 60 p 007 this translated into an nnh value of 189 patients when only third-generation ais were considered the difference 0 57 remained significant rr 1 34 95 ci 1 09-1 63 p 0038 thromboembolic events were significantly more frequent in the tamoxifen arm regardless of the strategy adopted rr 0 53 95 ci 0 42-0 65 p 0001 without significant heterogeneity p 21 an ad of 1 17 and an nnh value of 85 patients were observed conclusion according to the results from this meta-analysis the risk of grade 3 and 4 cvaes in patients who were receiving ais was higher compared with the risk in patients who were receiving tamoxifen and the difference reached statistical significance however the ad was relatively low and from 160 to 180 patients had to be treated to produce 1 event,,unspecified
PUBMEDQA_REPORT_21198823,"Elevation of cardiac troponin (cTn) is considered specific for myocardial damage. Elevated cTn and echocardiogrpahic documentation of wall motion abnormalities (WMAs) that were recorded after extreme physical effort raise the question whether dobutamine stress echo (DSE), can also induce elevation of troponin. we prospective enrolled stable patients (age>18 years) referred to DSE. The exam was performed under standardized conditions. Blood samples for cTnI were obtained at baseline and 18-24 hours after the test. We aimed to compare between the clinical and echocardiographic features of patients with elevated cTnI and those without cTnI elevations. Fifty-seven consecutive patients were included. The average age was 64.4 ± 10.7, 73% of the patients were males, and nearly half of the patients were known to have ischemic heart disease. Two of the patients were excluded due to technical difficulty. No signs of ischemia were recorded in 25 (45.4%). Among the patients with established ischemia on DSE, 12 (22%) had mild ischemia, 13 (23.6%) had moderate and 5 (9%) had severe ischemia. Angiography was performed in 13 (26%) of the patients, of which 7 had PCI and one was referred to bypass surgery. None of the patients had elevated cTnI 18-24 hours after the DSE. Conclusion: Our results indicate that there is no elevation of cTn despite the occurrence of significant WMAs on DSE. We conclude that cTnI cannot be used as an additional diagnostic tool during pharmacological stress test performed to evaluate the presence and severity of ischemia.",elevation of cardiac troponin ctn is considered specific for myocardial damage elevated ctn and echocardiogrpahic documentation of wall motion abnormalities wmas that were recorded after extreme physical effort raise the question whether dobutamine stress echo dse can also induce elevation of troponin we prospective enrolled stable patients age 18 years referred to dse the exam was performed under standardized conditions blood samples for ctni were obtained at baseline and 18-24 hours after the test we aimed to compare between the clinical and echocardiographic features of patients with elevated ctni and those without ctni elevations fifty-seven consecutive patients were included the average age was 64 4 10 7 73 of the patients were males and nearly half of the patients were known to have ischemic heart disease two of the patients were excluded due to technical difficulty no signs of ischemia were recorded in 25 45 4 among the patients with established ischemia on dse 12 22 had mild ischemia 13 23 6 had moderate and 5 9 had severe ischemia angiography was performed in 13 26 of the patients of which 7 had pci and one was referred to bypass surgery none of the patients had elevated ctni 18-24 hours after the dse conclusion our results indicate that there is no elevation of ctn despite the occurrence of significant wmas on dse we conclude that ctni cannot be used as an additional diagnostic tool during pharmacological stress test performed to evaluate the presence and severity of ischemia,no_acute,unspecified
PUBMEDQA_REPORT_24318956,"Digoxin is a commonly used medication for heart failure and cardiac arrhythmias that has recently been suggested as a novel chemotherapeutic agent. Preclinical studies of prostate cancer (PCa) have shown anti-tumor activity with digoxin. We explore the relationship between use of digoxin and PCa risk. Data from a population-based case-control study of incident cases aged 35-74 years at PCa diagnosis in 2002-2005 in King County, Washington were available. Controls were identified by random digit dialing and frequency matched by age. Use of digoxin was determined from in-person questionnaires regarding medical and prescription history. The relationship of digoxin use with PCa risk was evaluated with logistic regression. One thousand one cases of PCa and 942 controls were analyzed. The prevalence of digoxin use in controls was 2.7%, and use was positively correlated with age. In multivariate analysis adjusting for age, race, PSA screening, and family history of PCa, digoxin use was associated with a reduction in the odds ratio of PCa (OR 0.58, 95% CI: 0.30-1.10). Among those with ≥3 PSA tests over the preceding 5 years (546 cases, 380 controls), digoxin use was associated with a stronger reduction of PCa risk (OR 0.44, 95% CI: 0.20-0.98). Conclusion: These data indicate digoxin use may be associated with a reduction in risk of PCa. Given the potential mechanisms by which digoxin may exert an anti-neoplastic effect and other recent studies showing a negative association between digoxin use and PCa, further research is warranted.",digoxin is a commonly used medication for heart failure and cardiac arrhythmias that has recently been suggested as a novel chemotherapeutic agent preclinical studies of prostate cancer pca have shown anti-tumor activity with digoxin we explore the relationship between use of digoxin and pca risk data from a population-based case-control study of incident cases aged 35-74 years at pca diagnosis in 2002-2005 in king county washington were available controls were identified by random digit dialing and frequency matched by age use of digoxin was determined from in-person questionnaires regarding medical and prescription history the relationship of digoxin use with pca risk was evaluated with logistic regression one thousand one cases of pca and 942 controls were analyzed the prevalence of digoxin use in controls was 2 7 and use was positively correlated with age in multivariate analysis adjusting for age race psa screening and family history of pca digoxin use was associated with a reduction in the odds ratio of pca or 0 58 95 ci 0 30-1 10 among those with 3 psa tests over the preceding 5 years 546 cases 380 controls digoxin use was associated with a stronger reduction of pca risk or 0 44 95 ci 0 20-0 98 conclusion these data indicate digoxin use may be associated with a reduction in risk of pca given the potential mechanisms by which digoxin may exert an anti-neoplastic effect and other recent studies showing a negative association between digoxin use and pca further research is warranted,,unspecified
PUBMEDQA_REPORT_18507507,"Specialty pharmaceuticals have evolved beyond their status as niche drugs designed to treat rare conditions and are now poised to become the standard of care in a wide variety of common chronic illnesses. Due in part to the cost of these therapies, payers are increasingly demanding evidence of their value. Determining the value of these medications is hampered by a lack of robust pharmacoeconomic data. To outline emerging strategies and case study examples for the medical and pharmacy benefits management of specialty pharmaceuticals. The promise of specialty pharmaceuticals: increased life expectancy, improved quality of life, enhanced workplace productivity, decreased burden of disease, and reduced health care spending comes at a significant cost. These agents require special handling, administration, patient education, clinical support, and risk mitigation. Additionally, specialty drugs require distribution systems that ensure appropriate patient selection and data collection. With the specialty pharmaceutical pipeline overflowing with new medicines and an aging population increasingly relying on these novel treatments to treat common diseases, the challenge of managing the costs associated with these agents can be daunting. Aided by sophisticated pharmacoeconomic models to assess value, the cost impacts of these specialty drugs can be appropriately controlled. Conclusion: Current evidence suggests that when used in targeted patient populations, specialty pharmaceuticals may represent a good health care value.",specialty pharmaceuticals have evolved beyond their status as niche drugs designed to treat rare conditions and are now poised to become the standard of care in a wide variety of common chronic illnesses due in part to the cost of these therapies payers are increasingly demanding evidence of their value determining the value of these medications is hampered by a lack of robust pharmacoeconomic data to outline emerging strategies and case study examples for the medical and pharmacy benefits management of specialty pharmaceuticals the promise of specialty pharmaceuticals increased life expectancy improved quality of life enhanced workplace productivity decreased burden of disease and reduced health care spending comes at a significant cost these agents require special handling administration patient education clinical support and risk mitigation additionally specialty drugs require distribution systems that ensure appropriate patient selection and data collection with the specialty pharmaceutical pipeline overflowing with new medicines and an aging population increasingly relying on these novel treatments to treat common diseases the challenge of managing the costs associated with these agents can be daunting aided by sophisticated pharmacoeconomic models to assess value the cost impacts of these specialty drugs can be appropriately controlled conclusion current evidence suggests that when used in targeted patient populations specialty pharmaceuticals may represent a good health care value,,unspecified
PUBMEDQA_REPORT_27040842,"To measure the dimensions of compensatory hypertrophy of the middle turbinate in patients with nasal septal deviation, before and after septoplasty. The mucosal and bony structures of the middle turbinate and the angle of the septum were measured using radiological analysis before septoplasty and at least one year after septoplasty. All pre- and post-operative measurements of the middle turbinate were compared using the paired sample t-test and Wilcoxon rank sum test. The dimensions of bony and mucosal components of the middle turbinate on concave and convex sides of the septum were not significantly changed by septoplasty. There was a significant negative correlation after septoplasty between the angle of the septum and the middle turbinate total area on the deviated side (p = 0.033). Conclusion: The present study findings suggest that compensatory hypertrophy of the middle turbinate is not affected by septoplasty, even after one year.",to measure the dimensions of compensatory hypertrophy of the middle turbinate in patients with nasal septal deviation before and after septoplasty the mucosal and bony structures of the middle turbinate and the angle of the septum were measured using radiological analysis before septoplasty and at least one year after septoplasty all pre- and post-operative measurements of the middle turbinate were compared using the paired sample t-test and wilcoxon rank sum test the dimensions of bony and mucosal components of the middle turbinate on concave and convex sides of the septum were not significantly changed by septoplasty there was a significant negative correlation after septoplasty between the angle of the septum and the middle turbinate total area on the deviated side p 0 033 conclusion the present study findings suggest that compensatory hypertrophy of the middle turbinate is not affected by septoplasty even after one year,,unspecified
PUBMEDQA_REPORT_12221908,"The principal causes of morbidity and mortality during pregnancy in Mexico, are preeclampsia/eclampsia, obstetric hemorrhage and puerperium complications; this is, 62% of maternal deaths in last years. HELLP syndrome was observed between 5 to 25% of the mortality in pregnancies of 36 weeks or less. To analyze patients with HELLP syndrome in ICU's (Intensive Care Unit) of a Gynecology and Obstetric Hospital, related to the abnormal hematological, hepatic and renal results with the obstetric case history and the clinical complications. A transversal study in patients with HELLP syndrome during 1998 and 1999 were carry out. Peripheral blood with Microangiopathic hemolysis, elevated liver enzymes: AST, ALT over 40 UI/L, even when were LDH lower than 600 UI/L. It was evaluated the hepatic and renal function, platelets count, microangiopathic hemolysis, arterial pressure, seizures, icteric skin color, blindness, visual disturbances, nausea, vomiting and upper quadrant right abdominal pain. In newborn we analyzed gestational age, sex, weight and APGAR. We studied for an association between maternal and biochemical variables with Correlation Pearson Test, and dependence between variables with lineal regression model. 2878 patients with hypertensives disorders in pregnancy (11.64%). The 1.15% (n = 33) had HELLP syndrome with specific maternal mortality of 0.4 per 10,000 live birth, perinatal mortality of 1.62 per 10,000 live birth; and renal damage in 84.5%. Coefficient beta was higher between number of pregnancies to platelets count (-0.33) and creatinine clearance (-0.401). Conclusion: We found an important renal damage, low platelets, elevated liver enzymes in women with two or more pregnancies. Then we propose there are similarities between HELLP syndrome and Systemic Inflammatory Response Syndrome (SIRS) because they could have the same pathophysiology.",the principal causes of morbidity and mortality during pregnancy in mexico are preeclampsia eclampsia obstetric hemorrhage and puerperium complications this is 62 of maternal deaths in last years hellp syndrome was observed between 5 to 25 of the mortality in pregnancies of 36 weeks or less to analyze patients with hellp syndrome in icu s intensive care unit of a gynecology and obstetric hospital related to the abnormal hematological hepatic and renal results with the obstetric case history and the clinical complications a transversal study in patients with hellp syndrome during 1998 and 1999 were carry out peripheral blood with microangiopathic hemolysis elevated liver enzymes ast alt over 40 ui l even when were ldh lower than 600 ui l it was evaluated the hepatic and renal function platelets count microangiopathic hemolysis arterial pressure seizures icteric skin color blindness visual disturbances nausea vomiting and upper quadrant right abdominal pain in newborn we analyzed gestational age sex weight and apgar we studied for an association between maternal and biochemical variables with correlation pearson test and dependence between variables with lineal regression model 2878 patients with hypertensives disorders in pregnancy 11 64 the 1 15 n 33 had hellp syndrome with specific maternal mortality of 0 4 per 10 000 live birth perinatal mortality of 1 62 per 10 000 live birth and renal damage in 84 5 coefficient beta was higher between number of pregnancies to platelets count -0 33 and creatinine clearance -0 401 conclusion we found an important renal damage low platelets elevated liver enzymes in women with two or more pregnancies then we propose there are similarities between hellp syndrome and systemic inflammatory response syndrome sirs because they could have the same pathophysiology,no_acute,right
PUBMEDQA_REPORT_24352924,"The purpose of this study was to investigate the efficacy of ultrasonography to confirm Schanz pin placement in a cadaveric model, and the interobserver repeatability of the ultrasound methodology. This investigation is a repeated measures cadaveric study with multiple examiners. Cadaveric preparation and observations were done by an orthopaedic traumatologist and resident, and two general surgery traumatologists. A total of 16 Schanz pins were equally placed in bilateral femora and tibiae. Four examiners took measurements of pin protrusion beyond the distal cortices using first ultrasonography and then by direct measurement after gross dissection.MAIN OUTCOME MEASURE(S): Distal Schanz pin protrusion length measurements from both ultrasonography and direct measurement post dissection. Schanz pin protrusion measurements are underestimated by ultrasonography (p<0.01) by an average of 10 percent over the range of 5 to 18 mm, and they display a proportional bias that increases the under reporting as the magnitude of pin protrusion increases. Ultrasound data demonstrate good linear correlation and closely represent actual protrusion values in the 5 to 12 mm range. Interobserver repeatability analysis demonstrated that all examiners were not statistically different in their measurements despite minimal familiarity with the ultrasound methodology (p>0.8). Conclusion: Despite the statistical imparity of pin protrusion measurement via ultrasound compared to that of gross dissection, a consideration of the clinical relevance of ultrasound measurement bias during an austere operating theatre leads to the conclusion that ultrasonography is an adequate methodology for Schanz pin protrusion measurement.",the purpose of this study was to investigate the efficacy of ultrasonography to confirm schanz pin placement in a cadaveric model and the interobserver repeatability of the ultrasound methodology this investigation is a repeated measures cadaveric study with multiple examiners cadaveric preparation and observations were done by an orthopaedic traumatologist and resident and two general surgery traumatologists a total of 16 schanz pins were equally placed in bilateral femora and tibiae four examiners took measurements of pin protrusion beyond the distal cortices using first ultrasonography and then by direct measurement after gross dissection main outcome measure s distal schanz pin protrusion length measurements from both ultrasonography and direct measurement post dissection schanz pin protrusion measurements are underestimated by ultrasonography p 0 01 by an average of 10 percent over the range of 5 to 18 mm and they display a proportional bias that increases the under reporting as the magnitude of pin protrusion increases ultrasound data demonstrate good linear correlation and closely represent actual protrusion values in the 5 to 12 mm range interobserver repeatability analysis demonstrated that all examiners were not statistically different in their measurements despite minimal familiarity with the ultrasound methodology p 0 8 conclusion despite the statistical imparity of pin protrusion measurement via ultrasound compared to that of gross dissection a consideration of the clinical relevance of ultrasound measurement bias during an austere operating theatre leads to the conclusion that ultrasonography is an adequate methodology for schanz pin protrusion measurement,,bilateral
PUBMEDQA_REPORT_23453079,"To determine whether prostate morphology or technique used has any effect on postoperative outcomes after holmium laser enucleation of the prostate. A retrospective review of prospectively collected data was completed for all patients undergoing a holmium laser enucleation of the prostate at our institution. Prostate morphology was classified as either ""bilobar"" or ""trilobar"" according to the cystoscopic appearance. The baseline characteristics, complications, and postoperative outcomes were collected. A total of 304 patients with either ""bilobar"" (n = 142) or ""trilobar"" (n = 162) prostate morphology were included. The trilobar group was more likely to have longer operative times (112 vs 100 minutes, P = .04), although this difference was not significant on multivariate analysis. The postoperative outcomes were similar between the 2 groups for American Urological Association symptom score, change in American Urological Association symptom score, bother score, maximal flow rate, change in maximal flow rate, postvoid residual urine volume, and complication rate. However, the trilobar group had a significantly greater decrease in their PVR urine volume (296 vs 176 mL, P = .01), a difference that persisted on multivariate analysis. A subset analysis of the trilobar prostates revealed that performing a 2-lobe technique achieved shorter operative and enucleation times, although the difference was not significant. Conclusion: Those patients with trilobar prostate morphology are more likely to achieve a greater decrease in the PVR urine volume after holmium laser enucleation of the prostate. All other outcomes appeared to be similar between the 2 groups. In addition, a 2-lobe technique can be safely used for trilobar prostates when deemed feasible by the surgeon.",to determine whether prostate morphology or technique used has any effect on postoperative outcomes after holmium laser enucleation of the prostate a retrospective review of prospectively collected data was completed for all patients undergoing a holmium laser enucleation of the prostate at our institution prostate morphology was classified as either bilobar or trilobar according to the cystoscopic appearance the baseline characteristics complications and postoperative outcomes were collected a total of 304 patients with either bilobar n 142 or trilobar n 162 prostate morphology were included the trilobar group was more likely to have longer operative times 112 vs 100 minutes p 04 although this difference was not significant on multivariate analysis the postoperative outcomes were similar between the 2 groups for american urological association symptom score change in american urological association symptom score bother score maximal flow rate change in maximal flow rate postvoid residual urine volume and complication rate however the trilobar group had a significantly greater decrease in their pvr urine volume 296 vs 176 ml p 01 a difference that persisted on multivariate analysis a subset analysis of the trilobar prostates revealed that performing a 2-lobe technique achieved shorter operative and enucleation times although the difference was not significant conclusion those patients with trilobar prostate morphology are more likely to achieve a greater decrease in the pvr urine volume after holmium laser enucleation of the prostate all other outcomes appeared to be similar between the 2 groups in addition a 2-lobe technique can be safely used for trilobar prostates when deemed feasible by the surgeon,,unspecified
PUBMEDQA_REPORT_10411439,"Lower limb compartment syndrome has been reported to occur after colorectal, urological, and gynecological procedures during which the patient's lower limbs are elevated for prolonged periods of time. We investigated lower limb perfusion in a group of patients undergoing prolonged pelvic surgery both during and immediately after surgery, using intra-arterial blood pressure monitoring, laser doppler flowmetry, and pulse oximetry. Use of the modified lithotomy position was not associated with any demonstrable decrease in lower limb perfusion. The addition of 15 degrees head-down tilt, however, during pelvic dissection, led to an immediate and significant drop in lower limb perfusion (P<0.05; Mann-Whitney U test). The subgroup of patients analyzed postoperatively showed a ten-fold increase (P<0.01) in perfusion that was confined to the muscle compartment with no demonstrable increase in skin perfusion or intra-arterial pedal blood pressure. Conclusion: The use of the modified lithotomy position during pelvic surgery is not associated with lower limb ischemia. Addition of Trendelenburg position, however, causes profound ischemia of the lower limbs, and this is followed during the recovery period by hyperperfusion that is confined to the muscle compartments, which may put patients at risk of developing lower limb compartment syndrome.",lower limb compartment syndrome has been reported to occur after colorectal urological and gynecological procedures during which the patient s lower limbs are elevated for prolonged periods of time we investigated lower limb perfusion in a group of patients undergoing prolonged pelvic surgery both during and immediately after surgery using intra-arterial blood pressure monitoring laser doppler flowmetry and pulse oximetry use of the modified lithotomy position was not associated with any demonstrable decrease in lower limb perfusion the addition of 15 degrees head-down tilt however during pelvic dissection led to an immediate and significant drop in lower limb perfusion p 0 05 mann-whitney u test the subgroup of patients analyzed postoperatively showed a ten-fold increase p 0 01 in perfusion that was confined to the muscle compartment with no demonstrable increase in skin perfusion or intra-arterial pedal blood pressure conclusion the use of the modified lithotomy position during pelvic surgery is not associated with lower limb ischemia addition of trendelenburg position however causes profound ischemia of the lower limbs and this is followed during the recovery period by hyperperfusion that is confined to the muscle compartments which may put patients at risk of developing lower limb compartment syndrome,,unspecified
MMEDBENCH_REPORT_MMEDBENCH_039388,"Correct answer: T8. Rationale: The correct answer option for the vertebral level indicated by a thoracic CT scan can be determined by the anatomic structures visible in the image. In an adult, the T4 level typically shows the arch of the aorta and great vessels emerging from it, while T1 is at the level where the brachiocephalic veins converge to form the superior vena cava. The T5 level may show the aortic arch coming to an end. However, at the T8 level, you can often identify the inferior vena cava passing through the diaphragm, which is a key landmark distinguishing the mid-thoracic vertebrae. Depending on which anatomical structures or features are identifiable in the CT scan, you can deduce the vertebral level that corresponds to the image. If the image shows landmarks consistent with the T8 level, it would be the correct answer. This analysis underscores the importance of understanding thoracic anatomy for accurate clinical diagnostics in trauma settings.",correct answer t8 rationale the correct answer option for the vertebral level indicated by a thoracic ct scan can be determined by the anatomic structures visible in the image in an adult the t4 level typically shows the arch of the aorta and great vessels emerging from it while t1 is at the level where the brachiocephalic veins converge to form the superior vena cava the t5 level may show the aortic arch coming to an end however at the t8 level you can often identify the inferior vena cava passing through the diaphragm which is a key landmark distinguishing the mid-thoracic vertebrae depending on which anatomical structures or features are identifiable in the ct scan you can deduce the vertebral level that corresponds to the image if the image shows landmarks consistent with the t8 level it would be the correct answer this analysis underscores the importance of understanding thoracic anatomy for accurate clinical diagnostics in trauma settings,,unspecified
MMEDBENCH_REPORT_MMEDBENCH_037715,"Correct answer: 600 mg. Rationale: To calculate the loading dose for the patient, we need to apply the concept of proportionality. The original subject weighed 100 kg and received a 1500 mg dose to achieve a 15 mg/dL serum concentration. As the bioavailability is 1, no adjustments for absorption are needed.The patient weighs 60 kg, and the desired concentration is 10 mg/dL, which is two-thirds of the original concentration (10/15 = 2/3). Since dose, body weight, and targeted serum concentration are directly proportional, we calculate the dose for the new patient by multiplying the original dose by the ratio of the target concentration and the ratio of target body weight to original body weight:New Dose = (1500 mg) * (60 kg / 100 kg) * (10 mg/dL / 15 mg/dL)          = (1500 mg) * (0.6) * (2/3)          = (1500 mg) * 0.4          = 600 mgTherefore, the correct loading dose to achieve the target serum concentration in a 60 kg patient is 600 mg, leading us to choose option D.",correct answer 600 mg rationale to calculate the loading dose for the patient we need to apply the concept of proportionality the original subject weighed 100 kg and received a 1500 mg dose to achieve a 15 mg dl serum concentration as the bioavailability is 1 no adjustments for absorption are needed the patient weighs 60 kg and the desired concentration is 10 mg dl which is two-thirds of the original concentration 10 15 2 3 since dose body weight and targeted serum concentration are directly proportional we calculate the dose for the new patient by multiplying the original dose by the ratio of the target concentration and the ratio of target body weight to original body weight new dose 1500 mg 60 kg 100 kg 10 mg dl 15 mg dl 1500 mg 0 6 2 3 1500 mg 0 4 600 mgtherefore the correct loading dose to achieve the target serum concentration in a 60 kg patient is 600 mg leading us to choose option d,,unspecified
MMEDBENCH_REPORT_MMEDBENCH_041074,"Correct answer: Dark-field microscopy
"". Rationale: The most appropriate next step to confirm the diagnosis is D. Dark-field microscopy. The patient's symptoms—painless ulcer (chancre) with a smooth base and non-tender bilateral inguinal adenopathy—are classic for primary syphilis. Dark-field microscopy can be used to directly observe the spirochete Treponema pallidum in fluid from the lesion, providing rapid and specific confirmation. Swab culture (A) is not generally useful for syphilis, as T. pallidum does not grow well in culture. Serologic tests such as RPR (B) and FTA-ABS (C) are useful in syphilis diagnosis, but they may not yet be positive in the earliest stages of primary syphilis; therefore, direct visualization using microscopy is preferred.",correct answer dark-field microscopy rationale the most appropriate next step to confirm the diagnosis is d dark-field microscopy the patient s symptoms painless ulcer chancre with a smooth base and non-tender bilateral inguinal adenopathy are classic for primary syphilis dark-field microscopy can be used to directly observe the spirochete treponema pallidum in fluid from the lesion providing rapid and specific confirmation swab culture a is not generally useful for syphilis as t pallidum does not grow well in culture serologic tests such as rpr b and fta-abs c are useful in syphilis diagnosis but they may not yet be positive in the earliest stages of primary syphilis therefore direct visualization using microscopy is preferred,pleural_effusion,bilateral
MMEDBENCH_REPORT_MMEDBENCH_003645,"Correct answer: Dermis. Rationale: The pruritic wheals described are indicative of urticaria, a key feature of type I hypersensitivity reactions, where histamine release leads to vasodilation and increased vascular permeability in the skin. This process predominantly affects the dermis layer, which contains the mast cells that release histamine in response to an allergen. The stratum corneum, stratum granulosum, and stratum basale are layers of the epidermis and are not primarily involved in this immediate hypersensitivity reaction. Therefore, histologic changes such as dermal edema and inflammatory cell infiltration would be most notable in the dermis (option D), justifying its selection as the correct answer.",correct answer dermis rationale the pruritic wheals described are indicative of urticaria a key feature of type i hypersensitivity reactions where histamine release leads to vasodilation and increased vascular permeability in the skin this process predominantly affects the dermis layer which contains the mast cells that release histamine in response to an allergen the stratum corneum stratum granulosum and stratum basale are layers of the epidermis and are not primarily involved in this immediate hypersensitivity reaction therefore histologic changes such as dermal edema and inflammatory cell infiltration would be most notable in the dermis option d justifying its selection as the correct answer,congestion,unspecified
MMEDBENCH_REPORT_MMEDBENCH_003627,"Correct answer: Calcium oxalate crystals. Rationale: The presence of empty vodka bottles and antifreeze suggests the patient ingested ethylene glycol, found in antifreeze, which is metabolized into oxalic acid. Calcium oxalate crystals in the urine are characteristic of ethylene glycol poisoning. Oxalic acid combines with calcium to form calcium oxalate, which precipitates as crystals in the urine. This can lead to acute kidney injury, as suggested by the elevated serum creatinine and BUN. Slurred speech and altered mental status are also consistent with the neurotoxic effects of ethylene glycol. Hence, of the given options, calcium oxalate crystals (A) would be expected in this patient's urine.",correct answer calcium oxalate crystals rationale the presence of empty vodka bottles and antifreeze suggests the patient ingested ethylene glycol found in antifreeze which is metabolized into oxalic acid calcium oxalate crystals in the urine are characteristic of ethylene glycol poisoning oxalic acid combines with calcium to form calcium oxalate which precipitates as crystals in the urine this can lead to acute kidney injury as suggested by the elevated serum creatinine and bun slurred speech and altered mental status are also consistent with the neurotoxic effects of ethylene glycol hence of the given options calcium oxalate crystals a would be expected in this patient s urine,,unspecified
MMEDBENCH_REPORT_MMEDBENCH_039109,"Correct answer: Otosclerosis. Rationale: The most likely diagnosis for the patient's symptoms is otosclerosis, indicated by option C. Otosclerosis is a condition characterized by the abnormal bone growth in the middle ear that can cause hearing loss. The key findings suggesting this diagnosis are the presence of bilateral buzzing (tinnitus), episodes of mild dizziness, and the hearing test results showing bone conduction greater than air conduction with no lateralization on the Weber test. These clinical features are consistent with conductive hearing loss which is typical of otosclerosis. Diabetic otopathy generally leads to sensorineural hearing loss, not conductive, making it less likely. Drug-induced ototoxicity is less probable considering her medications do not commonly cause this issue, and presbycusis, age-related hearing loss, is unlikely given her age. Her occupation as a trombonist is a distractor; noise-induced hearing loss typically causes sensorineural hearing loss rather than conductive.",correct answer otosclerosis rationale the most likely diagnosis for the patient s symptoms is otosclerosis indicated by option c otosclerosis is a condition characterized by the abnormal bone growth in the middle ear that can cause hearing loss the key findings suggesting this diagnosis are the presence of bilateral buzzing tinnitus episodes of mild dizziness and the hearing test results showing bone conduction greater than air conduction with no lateralization on the weber test these clinical features are consistent with conductive hearing loss which is typical of otosclerosis diabetic otopathy generally leads to sensorineural hearing loss not conductive making it less likely drug-induced ototoxicity is less probable considering her medications do not commonly cause this issue and presbycusis age-related hearing loss is unlikely given her age her occupation as a trombonist is a distractor noise-induced hearing loss typically causes sensorineural hearing loss rather than conductive,no_acute,bilateral
MMEDBENCH_REPORT_MMEDBENCH_045156,"Correct answer: Seborrheic dermatitis. Rationale: The child's presentation includes signs and symptoms suggestive of a nutritional deficiency, specifically B-group vitamin deficiencies, such as riboflavin (vitamin B2), niacin (vitamin B3), or pyridoxine (vitamin B6), associated with angular cheilitis (cracking of the skin at the corners of the mouth), glossitis (swollen tongue), and pallor secondary to anemia. The normal MCV with low hemoglobin points to a non-megaloblastic anemia, which can occur with deficiencies in these vitamins. If left untreated, deficiencies of certain B vitamins can lead to dermatological manifestations, including seborrheic dermatitis-like eruptions. Option D (Seborrheic dermatitis) is the most likely development if the nutritional deficiencies are not addressed. Hypersegmented neutrophils (Option A) are associated with megaloblastic anemia, typically related to vitamin B12 or folate deficiency. Keratomalacia (Option B) results from severe vitamin A deficiency. Dilated cardiomyopathy (Option C) could be related to a deficiency in thiamine (vitamin B1), but the other symptoms don't fit this as well as they do B-group deficiencies linked to seborrheic dermatitis.",correct answer seborrheic dermatitis rationale the child s presentation includes signs and symptoms suggestive of a nutritional deficiency specifically b-group vitamin deficiencies such as riboflavin vitamin b2 niacin vitamin b3 or pyridoxine vitamin b6 associated with angular cheilitis cracking of the skin at the corners of the mouth glossitis swollen tongue and pallor secondary to anemia the normal mcv with low hemoglobin points to a non-megaloblastic anemia which can occur with deficiencies in these vitamins if left untreated deficiencies of certain b vitamins can lead to dermatological manifestations including seborrheic dermatitis-like eruptions option d seborrheic dermatitis is the most likely development if the nutritional deficiencies are not addressed hypersegmented neutrophils option a are associated with megaloblastic anemia typically related to vitamin b12 or folate deficiency keratomalacia option b results from severe vitamin a deficiency dilated cardiomyopathy option c could be related to a deficiency in thiamine vitamin b1 but the other symptoms don t fit this as well as they do b-group deficiencies linked to seborrheic dermatitis,no_acute,left
MMEDBENCH_REPORT_MMEDBENCH_044040,"Correct answer: Berger’s disease. Rationale: The most likely diagnosis is A. Berger’s disease, also known as IgA nephropathy. The key indicator in this case is the presence of granular IgA immune complex deposits in the mesangium on immunofluorescence. This finding is characteristic of IgA nephropathy. The patient’s history of multiple episodes of hematuria since childhood supports this chronic condition, unlike post-streptococcal glomerulonephritis, which is usually preceded by a streptococcal infection and would more likely present with low C3 levels. Hemolytic uremic syndrome typically includes thrombocytopenia and kidney impairment, which are not indicated here. Finally, celiac disease is not associated with these renal findings.",correct answer berger s disease rationale the most likely diagnosis is a berger s disease also known as iga nephropathy the key indicator in this case is the presence of granular iga immune complex deposits in the mesangium on immunofluorescence this finding is characteristic of iga nephropathy the patient s history of multiple episodes of hematuria since childhood supports this chronic condition unlike post-streptococcal glomerulonephritis which is usually preceded by a streptococcal infection and would more likely present with low c3 levels hemolytic uremic syndrome typically includes thrombocytopenia and kidney impairment which are not indicated here finally celiac disease is not associated with these renal findings,pneumonia,unspecified
MMEDBENCH_REPORT_MMEDBENCH_042438,"Correct answer: Parvovirus arthritis. Rationale: The patient presents with acute pain and swelling in the hands and wrists, a nonpruritic generalized rash, and a recent history of fever and upper respiratory symptoms that suggest a viral etiology. The absence of abnormalities in the erythrocyte sedimentation rate and autoimmune serologies such as anti-nuclear antibody and anti-dsDNA make systemic autoimmune conditions like systemic lupus erythematosus less likely. Disseminated gonococcal disease typically presents with fever and migratory polyarthralgia, tenosynovitis, and dermatitis, but the recent usage of condoms, albeit inconsistent, and lack of genitourinary symptoms reduce this likelihood. Psoriatic arthritis usually has a more insidious onset and is associated with psoriatic skin changes. Therefore, parvovirus arthritis, or Parvovirus B19 infection, which commonly causes a lacy macular rash (erythema infectiosum or ""fifth disease"") and can lead to acute symmetrical polyarthralgia or polyarthritis, is the most probable diagnosis given the clinical picture.",correct answer parvovirus arthritis rationale the patient presents with acute pain and swelling in the hands and wrists a nonpruritic generalized rash and a recent history of fever and upper respiratory symptoms that suggest a viral etiology the absence of abnormalities in the erythrocyte sedimentation rate and autoimmune serologies such as anti-nuclear antibody and anti-dsdna make systemic autoimmune conditions like systemic lupus erythematosus less likely disseminated gonococcal disease typically presents with fever and migratory polyarthralgia tenosynovitis and dermatitis but the recent usage of condoms albeit inconsistent and lack of genitourinary symptoms reduce this likelihood psoriatic arthritis usually has a more insidious onset and is associated with psoriatic skin changes therefore parvovirus arthritis or parvovirus b19 infection which commonly causes a lacy macular rash erythema infectiosum or fifth disease and can lead to acute symmetrical polyarthralgia or polyarthritis is the most probable diagnosis given the clinical picture,pneumonia|no_acute,unspecified
MMEDBENCH_REPORT_MMEDBENCH_036054,"Correct answer: Increased confidence interval range. Rationale: Reducing the sample size of a study typically leads to a decrease in the power of the study and an increase in the width of the confidence interval for the estimated parameters, reflecting greater statistical uncertainty. In this hypothetical scenario, if the number of participants were halved from 14,000 to 7,000, the precision of the hazard ratio estimate would diminish, resulting in a wider confidence interval around the calculated hazard ratio. A smaller sample size would not necessarily alter the hazard ratio itself (Option A), the rate of type I error (Option C), or directly affect the risk of confounding bias (Option D). The increased confidence interval (Option B) is therefore the most expected change with a reduced sample size.",correct answer increased confidence interval range rationale reducing the sample size of a study typically leads to a decrease in the power of the study and an increase in the width of the confidence interval for the estimated parameters reflecting greater statistical uncertainty in this hypothetical scenario if the number of participants were halved from 14 000 to 7 000 the precision of the hazard ratio estimate would diminish resulting in a wider confidence interval around the calculated hazard ratio a smaller sample size would not necessarily alter the hazard ratio itself option a the rate of type i error option c or directly affect the risk of confounding bias option d the increased confidence interval option b is therefore the most expected change with a reduced sample size,,unspecified
MMEDBENCH_REPORT_MMEDBENCH_044720,"Correct answer: Folate synthesis inhibitor. Rationale: The patient's clinical presentation of persistent fevers, night sweats, productive cough, cavitations on chest radiograph, and the detection of partially acid-fast gram-positive branching rods in bronchoalveolar lavage strongly suggests a diagnosis of pulmonary nocardiosis, especially given his immunocompromised state due to poorly managed HIV with low CD4 count. Nocardia species are susceptible to sulfonamides, which inhibit folate synthesis—a crucial pathway required for bacterial replication and survival. Therefore, a folate synthesis inhibitor, such as trimethoprim-sulfamethoxazole, is the appropriate choice for antibiotic therapy (Option D). Other listed mechanisms wouldn't target the suspected pathogen as effectively as a folate synthesis inhibitor.",correct answer folate synthesis inhibitor rationale the patient s clinical presentation of persistent fevers night sweats productive cough cavitations on chest radiograph and the detection of partially acid-fast gram-positive branching rods in bronchoalveolar lavage strongly suggests a diagnosis of pulmonary nocardiosis especially given his immunocompromised state due to poorly managed hiv with low cd4 count nocardia species are susceptible to sulfonamides which inhibit folate synthesis a crucial pathway required for bacterial replication and survival therefore a folate synthesis inhibitor such as trimethoprim-sulfamethoxazole is the appropriate choice for antibiotic therapy option d other listed mechanisms wouldn t target the suspected pathogen as effectively as a folate synthesis inhibitor,,unspecified
MMEDBENCH_REPORT_MMEDBENCH_037909,"Correct answer: 5. Rationale: The correct answer is A. 5. The patient's presentation of abdominal pain and bloody stool coupled with the finding of hundreds of small polyps in the colon strongly suggests familial adenomatous polyposis (FAP), a condition caused by a mutation in the APC (adenomatous polyposis coli) gene. This gene is located on chromosome 5 (5q21-q22). The early age of onset and the number of polyps are characteristic of FAP. Additionally, a family history of colon cancer (cousin diagnosed at 21) also supports this diagnosis. Although both are genetic conditions, the grandfather's Alzheimer disease and the chromosome it's associated with are not relevant to the polyposis observed in this patient.",correct answer 5 rationale the correct answer is a 5 the patient s presentation of abdominal pain and bloody stool coupled with the finding of hundreds of small polyps in the colon strongly suggests familial adenomatous polyposis fap a condition caused by a mutation in the apc adenomatous polyposis coli gene this gene is located on chromosome 5 5q21-q22 the early age of onset and the number of polyps are characteristic of fap additionally a family history of colon cancer cousin diagnosed at 21 also supports this diagnosis although both are genetic conditions the grandfather s alzheimer disease and the chromosome it s associated with are not relevant to the polyposis observed in this patient,,unspecified
MMEDBENCH_REPORT_MMEDBENCH_044638,"Correct answer: Diclofenac. Rationale: Diclofenac, a nonsteroidal anti-inflammatory drug (NSAID), is the medication most likely to have contributed to treatment failure with furosemide in this scenario. NSAIDs can decrease renal blood flow, impairing the diuretic response to furosemide, a loop diuretic. The patient presents with signs of fluid overload consistent with heart failure exacerbation. NSAIDs can exacerbate heart failure by causing sodium and water retention. The other options, including sulfasalazine, prednisone, and infliximab, do not typically have the same significant impact on renal blood flow or diuretic response as NSAIDs do. Prednisone, for example, could even promote diuresis in some cases due to its anti-inflammatory effects.",correct answer diclofenac rationale diclofenac a nonsteroidal anti-inflammatory drug nsaid is the medication most likely to have contributed to treatment failure with furosemide in this scenario nsaids can decrease renal blood flow impairing the diuretic response to furosemide a loop diuretic the patient presents with signs of fluid overload consistent with heart failure exacerbation nsaids can exacerbate heart failure by causing sodium and water retention the other options including sulfasalazine prednisone and infliximab do not typically have the same significant impact on renal blood flow or diuretic response as nsaids do prednisone for example could even promote diuresis in some cases due to its anti-inflammatory effects,pleural_effusion,unspecified
MMEDBENCH_REPORT_MMEDBENCH_041919,"Correct answer: Clindamycin therapy. Rationale: The most appropriate next step in managing this case is C, clindamycin therapy. The child presents with symptoms of a bacterial pharyngitis—sore throat, painful swallowing, enlarged tonsils with exudates, and a warm, tender, nonfluctuant cervical lymph node. These signs suggest a bacterial infection, likely Group A Streptococcus (GAS), which is a common cause of pharyngitis in children. Clindamycin is an effective antibiotic for treating GAS, and it also covers potential anaerobic bacteria that could cause neck abscesses. The lack of fluctuance suggests that abscess formation is not present, thus making incision and drainage (option B) inappropriate at this time. Sulfadiazine and pyrimethamine (option A) are treatments for toxoplasmosis, not bacterial pharyngitis, and there is no indication of immunodeficiency or viral infection to warrant immunoglobulin therapy (option D).",correct answer clindamycin therapy rationale the most appropriate next step in managing this case is c clindamycin therapy the child presents with symptoms of a bacterial pharyngitis sore throat painful swallowing enlarged tonsils with exudates and a warm tender nonfluctuant cervical lymph node these signs suggest a bacterial infection likely group a streptococcus gas which is a common cause of pharyngitis in children clindamycin is an effective antibiotic for treating gas and it also covers potential anaerobic bacteria that could cause neck abscesses the lack of fluctuance suggests that abscess formation is not present thus making incision and drainage option b inappropriate at this time sulfadiazine and pyrimethamine option a are treatments for toxoplasmosis not bacterial pharyngitis and there is no indication of immunodeficiency or viral infection to warrant immunoglobulin therapy option d,pneumonia,unspecified
MMEDBENCH_REPORT_MMEDBENCH_039432,"Correct answer: Knee to chest positioning. Rationale: The presented symptoms suggest a possible congenital heart disorder, such as Tetralogy of Fallot, which can present with cyanotic episodes called ""Tet spells."" These spells are due to decreased pulmonary blood flow and right-to-left shunting through concomitant defects. Option D, knee to chest positioning, increases systemic vascular resistance, which reduces the right-to-left shunting across the ventricular septal defect and increases the blood flow to the lungs, thereby improving oxygenation. Options A, B, and C are not typically used to manage acute cyanotic spells in congenital heart disease and would not directly address the underlying pathophysiology as the knee-to-chest position does.",correct answer knee to chest positioning rationale the presented symptoms suggest a possible congenital heart disorder such as tetralogy of fallot which can present with cyanotic episodes called tet spells these spells are due to decreased pulmonary blood flow and right-to-left shunting through concomitant defects option d knee to chest positioning increases systemic vascular resistance which reduces the right-to-left shunting across the ventricular septal defect and increases the blood flow to the lungs thereby improving oxygenation options a b and c are not typically used to manage acute cyanotic spells in congenital heart disease and would not directly address the underlying pathophysiology as the knee-to-chest position does,,right
MMEDBENCH_REPORT_MMEDBENCH_037018,"Correct answer: Central line-associated blood stream infection. Rationale: The patient's presentation with high, unrelenting fever alongside the identification of coagulase-negative cocci in clusters from blood cultures taken from the central line on the 8th postoperative day points towards a central line-associated blood stream infection (CLABSI). The earlier positivity of cultures from the central line versus the peripheral line supports this diagnosis. The presence of an S3 gallop and crackles at the lung bases might suggest heart failure or a pulmonary process, but these findings do not exclude a CLABSI. Additionally, there is no purulent discharge from the sternal wound, which reduces the likelihood of a surgical site infection, and there are no abdominal signs to suggest bowel ischemia. Finally, while a catheter-associated urinary tract infection is possible, it is less likely to cause systemic symptoms as severe as those seen in this patient without other specific urinary findings.",correct answer central line-associated blood stream infection rationale the patient s presentation with high unrelenting fever alongside the identification of coagulase-negative cocci in clusters from blood cultures taken from the central line on the 8th postoperative day points towards a central line-associated blood stream infection clabsi the earlier positivity of cultures from the central line versus the peripheral line supports this diagnosis the presence of an s3 gallop and crackles at the lung bases might suggest heart failure or a pulmonary process but these findings do not exclude a clabsi additionally there is no purulent discharge from the sternal wound which reduces the likelihood of a surgical site infection and there are no abdominal signs to suggest bowel ischemia finally while a catheter-associated urinary tract infection is possible it is less likely to cause systemic symptoms as severe as those seen in this patient without other specific urinary findings,pneumonia,unspecified
MMEDBENCH_REPORT_MMEDBENCH_046056,"Correct answer: Fine needle aspiration with cytology. Rationale: A fine needle aspiration with cytology (Option B) is the most appropriate next step for a patient presenting with new-onset palpitations, tremors, weight loss, and anxiety alongside a palpable thyroid nodule. These symptoms are suggestive of hyperthyroidism, possibly due to thyroid autonomy or thyroiditis. The history of neuroblastoma does not directly relate to the current presentation but raises concern for secondary malignancies. Thus, evaluating the thyroid nodule for malignancy is imperative. An ultrasound (Option A) is commonly performed as part of the evaluation, but a biopsy via fine needle aspiration is necessary to obtain cytology to rule out thyroid cancer, especially considering the firm and nontender characteristics of the nodule, which increase the suspicion of malignancy. Life-long monitoring (Option C) or thyroid hormone replacement therapy (Option D) may be premature without a diagnosis.",correct answer fine needle aspiration with cytology rationale a fine needle aspiration with cytology option b is the most appropriate next step for a patient presenting with new-onset palpitations tremors weight loss and anxiety alongside a palpable thyroid nodule these symptoms are suggestive of hyperthyroidism possibly due to thyroid autonomy or thyroiditis the history of neuroblastoma does not directly relate to the current presentation but raises concern for secondary malignancies thus evaluating the thyroid nodule for malignancy is imperative an ultrasound option a is commonly performed as part of the evaluation but a biopsy via fine needle aspiration is necessary to obtain cytology to rule out thyroid cancer especially considering the firm and nontender characteristics of the nodule which increase the suspicion of malignancy life-long monitoring option c or thyroid hormone replacement therapy option d may be premature without a diagnosis,,unspecified
MMEDBENCH_REPORT_MMEDBENCH_043847,"Correct answer: Decreases microtubule polymerization. Rationale: The patient's symptoms—sudden onset of severe pain in the great toe touched off by a very light stimulus (such as the bed sheet)—are classic for gout, a form of acute inflammatory arthritis. Colchicine is often used in the treatment of gout attacks due to its anti-inflammatory properties. Option D, ""Decreases microtubule polymerization,"" describes the mechanism of colchicine. It works by binding to tubulin, thereby inhibiting the assembly of microtubule structures. This affects the mobility and activity of neutrophils, leading to a decreased inflammatory response to the deposited monosodium urate crystals that cause gout. Colchicine does not inhibit xanthine oxidase (Option A), which is the mechanism of action for allopurinol, or bind to the glucocorticoid receptor (Option C), which is characteristic of steroids. It also does not affect the reabsorption of uric acid in the proximal convoluted tubule (Option B); that's the mechanism of action of drugs like probenecid. Hence, the most accurate description of colchicine's mechanism is D.",correct answer decreases microtubule polymerization rationale the patient s symptoms sudden onset of severe pain in the great toe touched off by a very light stimulus such as the bed sheet are classic for gout a form of acute inflammatory arthritis colchicine is often used in the treatment of gout attacks due to its anti-inflammatory properties option d decreases microtubule polymerization describes the mechanism of colchicine it works by binding to tubulin thereby inhibiting the assembly of microtubule structures this affects the mobility and activity of neutrophils leading to a decreased inflammatory response to the deposited monosodium urate crystals that cause gout colchicine does not inhibit xanthine oxidase option a which is the mechanism of action for allopurinol or bind to the glucocorticoid receptor option c which is characteristic of steroids it also does not affect the reabsorption of uric acid in the proximal convoluted tubule option b that s the mechanism of action of drugs like probenecid hence the most accurate description of colchicine s mechanism is d,,unspecified
MMEDBENCH_REPORT_MMEDBENCH_044017,"Correct answer: Past history of infective endocarditis. Rationale: The correct answer is C, past history of infective endocarditis. According to guidelines, antibiotic prophylaxis for the prevention of infective endocarditis is recommended in patients with certain cardiac conditions that confer the highest risk of adverse outcomes if endocarditis develops. These conditions include prosthetic heart valves, previous infective endocarditis, congenital heart disease with residual defects at the site or adjacent to the site of a prosthetic patch or device, and cardiac transplantation recipients who develop cardiac valvulopathy. In this scenario, a history of infective endocarditis is the only listed condition associated with a high risk of complication, warranting the use of antibiotic prophylaxis before dental procedures that can introduce bacteria into the bloodstream. Options A, B, and D are not typically indications for prophylaxis in an otherwise healthy patient without an aforementioned high-risk condition.",correct answer past history of infective endocarditis rationale the correct answer is c past history of infective endocarditis according to guidelines antibiotic prophylaxis for the prevention of infective endocarditis is recommended in patients with certain cardiac conditions that confer the highest risk of adverse outcomes if endocarditis develops these conditions include prosthetic heart valves previous infective endocarditis congenital heart disease with residual defects at the site or adjacent to the site of a prosthetic patch or device and cardiac transplantation recipients who develop cardiac valvulopathy in this scenario a history of infective endocarditis is the only listed condition associated with a high risk of complication warranting the use of antibiotic prophylaxis before dental procedures that can introduce bacteria into the bloodstream options a b and d are not typically indications for prophylaxis in an otherwise healthy patient without an aforementioned high-risk condition,pneumonia,unspecified
MMEDBENCH_REPORT_MMEDBENCH_036080,"Correct answer: No further workup required. Rationale: The patient's presentation does not suggest an acute condition requiring immediate intervention. His history of peripheral vascular disease could explain decreased pedal pulses and absent ankle and patellar reflexes. Mild dementia is consistent with his trouble recalling words. No new symptoms indicative of other deficiencies or diseases (e.g., thiamine deficiency or Parkinsonism) are present, and there are no signs of infection or neural compromise to justify a lumbar puncture. His current management with aspirin and lisinopril seems appropriate for his hypertension and vascular history. Therefore, no additional workup is required at this time, and ongoing monitoring of his chronic conditions is indicated.",correct answer no further workup required rationale the patient s presentation does not suggest an acute condition requiring immediate intervention his history of peripheral vascular disease could explain decreased pedal pulses and absent ankle and patellar reflexes mild dementia is consistent with his trouble recalling words no new symptoms indicative of other deficiencies or diseases e g thiamine deficiency or parkinsonism are present and there are no signs of infection or neural compromise to justify a lumbar puncture his current management with aspirin and lisinopril seems appropriate for his hypertension and vascular history therefore no additional workup is required at this time and ongoing monitoring of his chronic conditions is indicated,pneumonia,unspecified
MMEDBENCH_REPORT_MMEDBENCH_003641,"Correct answer: Factitious disorder. Rationale: Factitious disorder seems to be the likely cause of this patient's hypoglycemia based on the given scenario. The normal Hgb A1c indicates this is not a chronic hyperglycemic state as seen with uncontrolled diabetes. The low C-peptide level suggests that the insulin in her system is exogenous, since C-peptide is released in equal amounts to insulin by the pancreas and would be elevated with endogenous hyperinsulinemia, such as with an insulinoma. Furthermore, the stress of a difficult divorce could trigger factitious disorder, where the patient self-administers insulin or other hypoglycemic agents to produce a medical condition. The medical history and stressor suggest a psychological cause rather than an organic one.",correct answer factitious disorder rationale factitious disorder seems to be the likely cause of this patient s hypoglycemia based on the given scenario the normal hgb a1c indicates this is not a chronic hyperglycemic state as seen with uncontrolled diabetes the low c-peptide level suggests that the insulin in her system is exogenous since c-peptide is released in equal amounts to insulin by the pancreas and would be elevated with endogenous hyperinsulinemia such as with an insulinoma furthermore the stress of a difficult divorce could trigger factitious disorder where the patient self-administers insulin or other hypoglycemic agents to produce a medical condition the medical history and stressor suggest a psychological cause rather than an organic one,no_acute,unspecified
MMEDBENCH_REPORT_MMEDBENCH_045871,"Correct answer: Mitral valve prolapse. Rationale: The patient's cardiac examination reveals a high-frequency, mid-to-late systolic murmur that is best heard at the apex, which is a classical presentation of mitral valve prolapse (MVP). MVP murmur is best heard at the mitral listening post, which corresponds to the apex area. Pulmonary valve regurgitation and stenosis typically produce murmur that is best heard at the left upper sternal border, and these murmurs would also commonly change with respiration, which is not mentioned in this case. Tricuspid valve stenosis would produce a murmur heard best at the lower left sternal border and would likely be accompanied by other signs of right-sided heart failure, which are absent in this patient. Therefore, option D, Mitral valve prolapse, is the most likely diagnosis given the description.",correct answer mitral valve prolapse rationale the patient s cardiac examination reveals a high-frequency mid-to-late systolic murmur that is best heard at the apex which is a classical presentation of mitral valve prolapse mvp mvp murmur is best heard at the mitral listening post which corresponds to the apex area pulmonary valve regurgitation and stenosis typically produce murmur that is best heard at the left upper sternal border and these murmurs would also commonly change with respiration which is not mentioned in this case tricuspid valve stenosis would produce a murmur heard best at the lower left sternal border and would likely be accompanied by other signs of right-sided heart failure which are absent in this patient therefore option d mitral valve prolapse is the most likely diagnosis given the description,,right
MMEDBENCH_REPORT_MMEDBENCH_043189,"Correct answer: Accumulation of foam cells in the tunica intima. Rationale: Choosing option A, ""Accumulation of foam cells in the tunica intima,"" might seem reasonable because of the patient's history of long-term smoking, which is a risk factor for atherosclerosis. Foam cells are a hallmark of atherosclerotic plaque formation. However, the patient's symptoms and physical examination findings are more indicative of an abdominal aortic aneurysm (AAA), which is associated with smoking and hypertension. AAAs can cause dull abdominal pain that radiates to the back and are characterized by the presence of a pulsatile mass in the periumbilical region. The most likely finding on evaluation of the blood vessel in AAA would be ""Fragmentation of elastic tissue in the tunica media,"" option D. This reflects the structural weakening of the vessel wall that leads to aneurysmal dilation. The presence of foam cells (choice A) is indicative of atherosclerosis, which may contribute to the development of an AAA, but the fragmentation and loss of elastic tissue within the tunica media is most directly associated with the pathology of an AAA. Therefore, option D would be the best answer for this question.",correct answer accumulation of foam cells in the tunica intima rationale choosing option a accumulation of foam cells in the tunica intima might seem reasonable because of the patient s history of long-term smoking which is a risk factor for atherosclerosis foam cells are a hallmark of atherosclerotic plaque formation however the patient s symptoms and physical examination findings are more indicative of an abdominal aortic aneurysm aaa which is associated with smoking and hypertension aaas can cause dull abdominal pain that radiates to the back and are characterized by the presence of a pulsatile mass in the periumbilical region the most likely finding on evaluation of the blood vessel in aaa would be fragmentation of elastic tissue in the tunica media option d this reflects the structural weakening of the vessel wall that leads to aneurysmal dilation the presence of foam cells choice a is indicative of atherosclerosis which may contribute to the development of an aaa but the fragmentation and loss of elastic tissue within the tunica media is most directly associated with the pathology of an aaa therefore option d would be the best answer for this question,,unspecified
MMEDBENCH_REPORT_MMEDBENCH_042398,"Correct answer: Deferoxamine. Rationale: The presentation of sudden onset nausea, vomiting, irritability, bloody emesis, and particularly the radiopaque objects visible on radiography, suggests an acute ingestion of a toxic substance, likely a heavy metal like iron, which can present as radiopaque. Given the findings, deferoxamine is the appropriate treatment as it is a chelating agent used specifically for iron toxicity. Iron poisoning can cause gastrointestinal hemorrhage, which could explain the bloody emesis, as well as metabolic acidosis reflected by the low HCO3-; hence, deferoxamine binds to the iron to facilitate its excretion and mitigate the toxic effects. The other options are not first-line treatments for iron toxicity: dialysis does not effectively remove iron from the body, fomepizole is used for toxic alcohol ingestions (e.g., methanol, ethylene glycol), and sodium bicarbonate is used for certain drug overdoses or to correct severe metabolic acidosis, but not as a direct treatment for iron poisoning.",correct answer deferoxamine rationale the presentation of sudden onset nausea vomiting irritability bloody emesis and particularly the radiopaque objects visible on radiography suggests an acute ingestion of a toxic substance likely a heavy metal like iron which can present as radiopaque given the findings deferoxamine is the appropriate treatment as it is a chelating agent used specifically for iron toxicity iron poisoning can cause gastrointestinal hemorrhage which could explain the bloody emesis as well as metabolic acidosis reflected by the low hco3- hence deferoxamine binds to the iron to facilitate its excretion and mitigate the toxic effects the other options are not first-line treatments for iron toxicity dialysis does not effectively remove iron from the body fomepizole is used for toxic alcohol ingestions e g methanol ethylene glycol and sodium bicarbonate is used for certain drug overdoses or to correct severe metabolic acidosis but not as a direct treatment for iron poisoning,,unspecified
MMEDBENCH_REPORT_MMEDBENCH_043906,"Correct answer: D-Ala-D-Ala. Rationale: The described symptoms suggest a diagnosis of primary syphilis, which is typically treated with antibiotics targeting the causative bacterium, Treponema pallidum. The first-line treatment for syphilis is penicillin, a beta-lactam antibiotic. The molecular structure mimicked by beta-lactam antibiotics, including penicillin, is D-Ala-D-Ala, a component of the bacterial cell wall peptide cross-linking process. Beta-lactam antibiotics work by binding to penicillin-binding proteins involved in cell wall synthesis, thus inhibiting the transpeptidation enzyme that cross-links the peptidoglycan molecules. This action disrupts bacterial cell wall synthesis, leading to cell lysis and the death of the bacterial cell. Thus, A. D-Ala-D-Ala is the correct answer.",correct answer d-ala-d-ala rationale the described symptoms suggest a diagnosis of primary syphilis which is typically treated with antibiotics targeting the causative bacterium treponema pallidum the first-line treatment for syphilis is penicillin a beta-lactam antibiotic the molecular structure mimicked by beta-lactam antibiotics including penicillin is d-ala-d-ala a component of the bacterial cell wall peptide cross-linking process beta-lactam antibiotics work by binding to penicillin-binding proteins involved in cell wall synthesis thus inhibiting the transpeptidation enzyme that cross-links the peptidoglycan molecules this action disrupts bacterial cell wall synthesis leading to cell lysis and the death of the bacterial cell thus a d-ala-d-ala is the correct answer,,unspecified
MMEDBENCH_REPORT_MMEDBENCH_035996,"Correct answer: Intraosseous cannulation. Rationale: The most appropriate next step in the management of this 3-week-old boy is intraosseous (IO) cannulation (Option C). The child presents with signs of shock, including tachycardia, hypotension, delayed capillary refill, and altered mental status (lethargy). Immediate vascular access is crucial for administering fluids and medications. When peripheral intravenous access is not possible, as in this case, IO cannulation is recommended, especially in emergency situations in pediatric patients. IO access provides a quick and reliable route directly into the bone marrow space, allowing for the immediate administration of fluids and drugs. Options A, B, and D are less appropriate. Intramuscular epinephrine is not indicated for shock without anaphylaxis. Internal jugular vein cannulation is more invasive and time-consuming compared to IO and not the first step during resuscitation. Lastly, ultrasound-guided cannulation may be attempted, but it can be time-consuming and is not warranted over IO in a life-threatening emergency.",correct answer intraosseous cannulation rationale the most appropriate next step in the management of this 3-week-old boy is intraosseous io cannulation option c the child presents with signs of shock including tachycardia hypotension delayed capillary refill and altered mental status lethargy immediate vascular access is crucial for administering fluids and medications when peripheral intravenous access is not possible as in this case io cannulation is recommended especially in emergency situations in pediatric patients io access provides a quick and reliable route directly into the bone marrow space allowing for the immediate administration of fluids and drugs options a b and d are less appropriate intramuscular epinephrine is not indicated for shock without anaphylaxis internal jugular vein cannulation is more invasive and time-consuming compared to io and not the first step during resuscitation lastly ultrasound-guided cannulation may be attempted but it can be time-consuming and is not warranted over io in a life-threatening emergency,pleural_effusion,unspecified
MMEDBENCH_REPORT_MMEDBENCH_040494,"Correct answer: Antiphospholipid antibody syndrome. Rationale: The most likely diagnosis is Antiphospholipid antibody syndrome (APS). This is indicated by the patient's history of deep vein thrombosis, positive VDRL, and a persistent prolongation of APTT after a mixing study, which suggests the presence of an inhibitor such as lupus anticoagulant, one of the criteria for APS. In addition, her history of a previous thrombosis, current signs of potential pregnancy complications, and a family history of thrombotic events (sister's spontaneous abortions) support APS. The patient's abnormal bleeding is consistent with coagulation issues but not necessarily indicative of von Willebrand disease or Disseminated intravascular coagulation (DIC), as the fibrinogen levels are normal, and there is no widespread bleeding. Factor V Leiden is less likely due to the abnormal APTT and positive VDRL, which are not typically associated with this condition.",correct answer antiphospholipid antibody syndrome rationale the most likely diagnosis is antiphospholipid antibody syndrome aps this is indicated by the patient s history of deep vein thrombosis positive vdrl and a persistent prolongation of aptt after a mixing study which suggests the presence of an inhibitor such as lupus anticoagulant one of the criteria for aps in addition her history of a previous thrombosis current signs of potential pregnancy complications and a family history of thrombotic events sister s spontaneous abortions support aps the patient s abnormal bleeding is consistent with coagulation issues but not necessarily indicative of von willebrand disease or disseminated intravascular coagulation dic as the fibrinogen levels are normal and there is no widespread bleeding factor v leiden is less likely due to the abnormal aptt and positive vdrl which are not typically associated with this condition,no_acute,unspecified
MMEDBENCH_REPORT_MMEDBENCH_039384,"Correct answer: Increased left atrial pressure. Rationale: The symptoms described—loss of consciousness without confusion, shortness of breath, palpitations, chest tightness, plus physical exam findings of jugular venous distention, pitting edema, and crackles in the lungs—are suggestive of cardiac disease. The accentuated and split S2, along with an opening snap and diastolic murmur, point toward mitral stenosis, which can be a consequence of rheumatic heart disease—a condition still prevalent in countries like India. The ECG shows atrial fibrillation with right axis deviation, which suggests the involvement of the right heart possibly due to pulmonary hypertension secondary to left-sided heart disease. These symptoms and signs indicate increased left atrial pressure (D). This increased pressure would lead to pulmonary congestion (evidenced by crackles) and right heart strain (ECG changes), as well as reduced cardiac output leading to syncopal episodes. Increased left atrial pressure is the likely underlying mechanism in mitral stenosis, leading to the subsequent clinical findings.",correct answer increased left atrial pressure rationale the symptoms described loss of consciousness without confusion shortness of breath palpitations chest tightness plus physical exam findings of jugular venous distention pitting edema and crackles in the lungs are suggestive of cardiac disease the accentuated and split s2 along with an opening snap and diastolic murmur point toward mitral stenosis which can be a consequence of rheumatic heart disease a condition still prevalent in countries like india the ecg shows atrial fibrillation with right axis deviation which suggests the involvement of the right heart possibly due to pulmonary hypertension secondary to left-sided heart disease these symptoms and signs indicate increased left atrial pressure d this increased pressure would lead to pulmonary congestion evidenced by crackles and right heart strain ecg changes as well as reduced cardiac output leading to syncopal episodes increased left atrial pressure is the likely underlying mechanism in mitral stenosis leading to the subsequent clinical findings,congestion,right
MMEDBENCH_REPORT_MMEDBENCH_003730,"Correct answer: Vaginal septum. Rationale: The patient's history of normal secondary sexual characteristics development (Tanner IV breast and pubic hair development), along with a normal growth spurt and no mention of galactorrhea, makes hyperprolactinemia (A) less likely. Normal hormone levels and the presentation of headaches with photosensitivity suggest a history of migraines rather than a hormonal etiology. An imperforate hymen (B) is less likely given the normal development of secondary sexual characteristics and the absence of cyclic abdominal pain or a pelvic mass on exam. A normal uterine and ovarian ultrasound rules this out as well. Normal development (D) is unlikely because the patient is 16 and has not yet had menarche, falling outside the typical age range of 9 to 15. The most likely diagnosis, considering these factors and the regular hormone levels, is a vaginal septum (C), a congenital malformation that may obstruct menstrual outflow despite normal ovarian and uterine function as evidenced by the normal hormone levels and secondary sexual characteristic development.",correct answer vaginal septum rationale the patient s history of normal secondary sexual characteristics development tanner iv breast and pubic hair development along with a normal growth spurt and no mention of galactorrhea makes hyperprolactinemia a less likely normal hormone levels and the presentation of headaches with photosensitivity suggest a history of migraines rather than a hormonal etiology an imperforate hymen b is less likely given the normal development of secondary sexual characteristics and the absence of cyclic abdominal pain or a pelvic mass on exam a normal uterine and ovarian ultrasound rules this out as well normal development d is unlikely because the patient is 16 and has not yet had menarche falling outside the typical age range of 9 to 15 the most likely diagnosis considering these factors and the regular hormone levels is a vaginal septum c a congenital malformation that may obstruct menstrual outflow despite normal ovarian and uterine function as evidenced by the normal hormone levels and secondary sexual characteristic development,no_acute,unspecified
MMEDBENCH_REPORT_MMEDBENCH_043394,"Correct answer: Instruct parents to remove guns from the house. Rationale: Choosing option D, instructing parents to remove guns from the house, addresses an immediate safety concern given the patient's expressed thoughts of ending his life, even though he has no specific plan. Access to firearms can increase the risk of suicide, especially in individuals experiencing depressive symptoms. The presence of a gun in the home, combined with the patient’s recent loss of interest in activities, changes in sleep and appetite, and difficulty concentrating—which are all potential signs of depression—make it crucial to eliminate access to lethal means as part of a harm reduction strategy. While options A, B, and C could also be part of a comprehensive treatment plan, they do not tackle the immediate risk of suicide with the same urgency as removing access to guns.",correct answer instruct parents to remove guns from the house rationale choosing option d instructing parents to remove guns from the house addresses an immediate safety concern given the patient s expressed thoughts of ending his life even though he has no specific plan access to firearms can increase the risk of suicide especially in individuals experiencing depressive symptoms the presence of a gun in the home combined with the patient s recent loss of interest in activities changes in sleep and appetite and difficulty concentrating which are all potential signs of depression make it crucial to eliminate access to lethal means as part of a harm reduction strategy while options a b and c could also be part of a comprehensive treatment plan they do not tackle the immediate risk of suicide with the same urgency as removing access to guns,,unspecified
