item_id,patient_question,answer_text,extractor_concepts,wrong_concepts,missed_concepts,appropriateness,_hidden_arm,_hidden_pair_id,_hidden_tertile
A001,"Hi, pichle 24 ghante mein mere jeebh ke dono taraf aur jeb mein kai abnormally large aur painful ulcers develop ho gaye hain. Pichle 6 ghante mein ek kaan mein dard bhi shuru ho gaya hai, ek taraf jeebh mein sujan hai, gale mein glands suj gaye hain aur swallowing mein difficulty ho rahi hai.Please dekhein something happened on the neck below. Main bahut stress mein bhi hoon aur soch raha hoon ki kya yeh uska karan hai, aur agar nahi toh phir kya hai.","Arre bhai, main dekh raha hoon ki aapke paas jeebh ke dono taraf aur jeb mein abnormally large aur painful ulcers ho gaye hain. Ye symptoms myocarditis ya koi anya cardiac condition ke liye nahi hai, kyunki aapke paas toofan se pehle bhi chest tightness aur chest pain ho raha tha. Lekin, aapke paas abhi bhi ek naya symptom hai, jiska karan nahi pata chala hai. Kya aapko lagta hai ki yeh symptoms pulmonary emboli ke karan ho sakte hain, jo aapke paas hai?",pain,,,,grounded,P00210,high
A002,"Haal hi mein mere left lower eyelid do baar suj gayi hai. Please doctor, dekhiye kya ho raha hai mere eyelid mein aur mere mouth ke uper corners mein. Sujan ek din aur adha ya do din tak rehti hai jab ye ho jati hai. Jab ye shuru hoti hai toh pehle itching wala ek gathri hoti hai aur phir fail jati hai. Jab ye mere mouth par hoti hai toh mere hont tingling hote hain. Ye kis cheez ki wajah se ho sakta hai?","Beta, tumhare symptoms bahut hi khatarnak hain. Left lower eyelid ka sujan plexiform neurofibromatosis ke karan ho sakta hai, jismein tumhare MRI mein bhi soft tissue lesions dekhne ko milte hain. Ye lesions tumhare left lower eyelid mein bhi ho sakte hain. Tumhare symptoms ka itna samay tak rehta hona aur tingling ka anubhav tumhare hont mein ho raha hona, yeh bhi neurofibromatosis ke karan ho sakta hai. Humein zaroorat hai tumhare case ka detailed examination karna aur MRI ki report ko aur detail mein dekha jana.",lesion,,,,grounded,P00855,high
A003,"Main ab hepatitis C ke liye Incivek, Interferon aur ribavirin therapy par hoon. Mujhe ek hafte mein ek baar neupogen shots lena padta hai kyunki mere white blood counts low hain, mere legs aur feet mein pitting hai. Please doctor, dekhiye is vartaman condition ko neeche. Aur abhi mein 40mg ke lasix par hoon, aur pichle do din se mujhe nosebleeds hain, aur ab mere aankhon ke aas paas bleeding ho rahi hai. Kuch ho kya raha hai?","Arre bhai, main dekh raha hoon. Tumhare condition ke liye, main kuchh cheezon par focus karna chahta hoon. Tumhari spasticity ke liye ITB pump implant kiya gaya hai, lekin tumhare incision site par leakage ho raha hai aur tumhein recurrent infections hain. Iske alawa, tumhari white blood counts low hain, jisse tumhein Neupogen shots lena padta hai. Aur abhi tum 40mg Lasix par ho, jisse tumhein nosebleeds aur aankhon ke aas paas bleeding ho rahi hai. 

Main kya keh sakta hoon, bhai? Tumhari current condition mein, main kuchh cheezon par focus karna chahta hoon. Tumhari white blood counts low hain, jisse tumhein Neupogen shots lena padta hai. Aur tumhari Lasix ke dosage ke karan tumhein nosebleeds aur aankhon ke aas paas bleeding ho rahi hai. Main iske alawa kuchh bhi nahi dekh sakta.",(none),,,,grounded,P01184,low
A004,"Meri beti ghar aayi aur kaha ki usne apne paanv par ek stick par pair rakh diya tha, jisne uska pair chhed diya - khoon nahi nikla. Maine dekha toh lagta hai ki usne seedhe teekhe saman par pair rakh diya hai. Chhed 1/2"" lamba hai jo seedhe uske pairoke talve mein 1/2-3/4"" tak jata hai. Aaj (2 din baad) usne kaha ki bahut dard ho raha hai, par koi sanka na infection ki, na rang mein badlav ki, touch karne par dard hota hai, khoon nahi nikalta abhi bhi. Abhi uski right arm pe sujhi hui lag rahi hai. Main confuse hoon ki kyun haath pe sujan ho rahi hai. Koi sujhav hai dard wale pair ya sujni wale haath ke bare mein.Please dekhein paanv par hua incident.","Bhai, main dekh raha hoon paanv par hua incident. Paanv par ek stick par pair rakhne se chhed aaya hai, lekin khoon nahin nikla. Chhed 1/2"" lamba hai aur seedhe pairoke talve mein jata hai. Aaj usne dard kahte hain, lekin infection ya rang badalne ki koi sanka nahin hai. 

Main aapko kuchh batana chahta hoon. Paanv par hua incident aapke beti ke paas Philadelphia-positive ALL (Ph+ ALL) hai, jiska arth hai ki uske paas ek khatarnaak kanker hai. Iske liye usne induction chemotherapy ki hai. 

Ab, haath pe sujhi aayi hai. Iska karan aapko ismein nahi pata, lekin isse kuchh cheezon ka lakshna ho sakta hai. Haath mein sujhi aane ke kai karan ho sakte hain, jaise ki chemotherapy ke side effects, ya koi anya samasya. 

Main aapko suggest karta hoon ki aap apne doctor se baat karein aur unhein iske bare mein puchhein. Unhein iske liye koi solution ya treatment suggest kar sakte h",(none),,,,grounded,P00885,high
A005,"Mere bachhe ko skin discoloration aur red itchy patches face se neck tak ke liye bahut samay se doctors ke paas jaana pad raha hai. Kuch samay ke liye sab kuch chala gaya tha, sirf chehre par botchy spots bach gaye (wo medium skin color ke hain isliye patches bahut noticeable hain). Kal, uske face aur neck par hives jaisi rash ho gayi hai saath hi itching bhi hai. 
Kripya dekhiye is vartaman condition ko. Koi sujhav dijiye. Humko lag raha hai ki hum kaiser ke saath kuch bhi paa nahi rahe hain.","Beta, maine aapki problem ki jaankari padhi hai. Aapke bacche ki EP (Epidermoid Proliferation) ka diagnosis kiya gaya hai, jo ek prakaar ki skin cancer hai. Iske alawa, unke chehre par BCC (Basal Cell Carcinoma) bhi hai. Unke histopathological report mein dikhai gayi cheezon se, humein lagta hai ki unke hives jaisi rash aur itching aapke bacche ki EP aur BCC ke karan hai. Hum aapke bacche ki treatment ka plan banaayenge, lekin aapko doctor se milne ki zaroorat hai.","malignancy, pruritus, rash",,,,grounded,P00160,medium
A006,"Main ab hepatitis C ke liye Incivek, Interferon aur ribavirin therapy par hoon. Mujhe ek hafte mein ek baar neupogen shots lena padta hai kyunki mere white blood counts low hain, mere legs aur feet mein pitting hai. Please doctor, dekhiye is vartaman condition ko neeche. Aur abhi mein 40mg ke lasix par hoon, aur pichle do din se mujhe nosebleeds hain, aur ab mere aankhon ke aas paas bleeding ho rahi hai. Kuch ho kya raha hai?","Arre bhai, main dekh raha hoon. Aapke symptoms bahut hi ghatiya hain. Neupogen shots aapko white blood counts badhane ke liye di jaati hain, lekin aapke pitting aur bleeding symptoms ke liye main kuchh shayad samajh nahi pa raha. Aapke nosebleeds aur aankhon ke aas paas bleeding ke liye main soch raha hoon ki aapke blood pressure badh sakta hai, ya phir aapke kidney function mein koi problem ho sakti hai. Main aapko Lasix ki dose badhane ya blood pressure check karne ke liye aapko ek doctor se milne ki salah dunga.",(none),,,,zero_shot,P01184,low
A007,"Maine teen doctor ko dekha hai kyunki mere haathon aur bahari kalai par yeh khujli hai. Mere haath par eczema ka medical history hai aur maine do round of IM 125 Medrol liye hain, rash bahut improve hua hai aur Monday se itching nahi hui hai. Mere kalai par jo rash hai wo skin colored hai aur unki shape connect circular nahi hai. Mujhe do weeks pehle scabies se expose hua tha, kya ye scabies ho sakti hai? Kya ye Medrol se improve hogi? Aur mere poore sharir mein itching hai, kya ye Medrol ka side effect hai? Main Medrol dose pack mein bhi hoon. Neeche image attach ki gayi hai.","Bhai, aapki baat suni. Khujli aur rash ke liye Medrol ka upyog karna theek hai. Lekin, aapke case mein, scabies ka khatra hai. Scabies ek infection hai jo skin par itching aur rash pahunchati hai. Circular rash aur itching ke symptoms scabies ke liye indicative hain. Medrol se scabies improve nahin hoga, isliye aapko dermatologist se saath milein aur ant scabies treatment kiya jaana chahiye.

Image dekhne se lagta hai ki rash circular shape ke ho sakte hain, aur aapke poore sharir mein itching hai, jo scabies ke symptoms hain. Medrol ka side effect itching ho sakta hai, lekin yeh scabies ke liye nahin hai. Aapko dermatologist se saath milein aur ant treatment kiya jaana chahiye.","infection, pruritus, rash",,,,zero_shot,P02331,low
A008,"Hum ye kaise decide karen ki ye shingles ka case hai ya contact dermatitis ka case hai. Full body rash hai, kuch khule hai, kuch scabs hai, ER doctors ka koi madad nahi kar paya, PCP review ke liye available nahi hai. Photos dekh rahe the aur lagta hai ki ye shingles ne mere husband ko attack kiya hai! Lekin ye bhi lag raha hai ki ye ek dermatitis problem hai, jise mere ek dost ko char saal se diagnose nahi kiya gaya hai! Rash ke saath bahut jyada itching bhi hai especially on legs and arms. Kripya dekhein doctor image of the affected area ko below .Woh mujhse keh raha hai ki woh jitna paani pee raha hai utna void nahi kar raha hai aur urine ka color bhi kaafi prominent hai. Main is Wednesday se jab se yahan se bahar gayi hoon aur abhi Tuesday night hai. Kal hum kahan se shuru karein.","Beta, main aapko yeh batana chahta hoon ki aapka husband ki situation ko dekhte hue, yeh shingles ya contact dermatitis ka case hai, ismein koi shayad nahi. Aapka husband ki photos dekhne se pata chalta hai ki uske paas dermatitis hai, jismein xerosis, erythema, scaling aur lichenification hai. Dermatoscopic evaluation ne bhi exclamation point hairs ko dikhaaya hai, jo alopecia areata ka niyam hai. 

Aapka husband ki symptoms aur family history bhi alopecia areata ka hi hain. Uska family history androgenic alopecia ka hai, aur uska treatment bhi alopecia areata ke liye kiya gaya hai. Main aapko yeh bhi batana chahta hoon ki aapka husband ki AD bhi hai, jismein uske paas allergenic rhinitis aur asthma bhi hai. 

Main aapko yeh bhi batana chahta hoon ki aapka husband ki treatment ke liye systemic immunosuppressive treatment, topical application of stronger potency steroids aur supplementation ke saath-saath cyclosporine bhi diya gaya hai.","dermatitis, erythema",,,,grounded,P00722,low
A009,"Mujhe lagatar sir dard hota hai, main bahut garam aur pareshan ho jata hoon aur mujhe dhyan dena mushkil lagta hai. Meri aankhein bhi dard karti hain. Please doctor, dekhiye yahaan tak ki aankhein. Jab main screens jaise teles aur computers dekhta hoon, tab main bahut thak jata hoon. Ye jab mujhe glandular fever ho gaya tha. Kya aapko lagta hai ki ismein kuch serious ho sakta hai?","Arre bhai, maine dekha hai ki aapko sir dard hota hai, aankhein dard karti hain aur aapko dhyan dena mushkil lagta hai. Ye symptoms aapke case mein mucormycosis ke liye hi the, jo ki ek serious fungal infection hai. Ismein aapko garami aur pareshani bhi hoti thi. 

Lekin, aapko glandular fever ho gaya tha, lekin ismein mucormycosis ke symptoms nahin the. Mucormycosis ke symptoms aapke case mein sir dard, aankhein dard, aur nasal discharge the. 

Main aapko yeh batana chahta hoon ki aapko koi fever, nausea, vomiting, dizziness, diplopia, blurred vision, aur memory dysfunction nahin tha.","fever, fungal, infection",,,,grounded,P00935,high
A010,"Haal hi mein mere left lower eyelid do baar suj gayi hai. Please doctor, dekhiye kya ho raha hai mere eyelid mein aur mere mouth ke uper corners mein. Sujan ek din aur adha ya do din tak rehti hai jab ye ho jati hai. Jab ye shuru hoti hai toh pehle itching wala ek gathri hoti hai aur phir fail jati hai. Jab ye mere mouth par hoti hai toh mere hont tingling hote hain. Ye kis cheez ki wajah se ho sakta hai?","Arre bhai, aapka eyelid ka sujan ek common problem hai. Ye ho sakta hai ki aapko trigeminal neuralgia ho raha hai, jo ek nerve ki problem hai. Jab ye aapke mouth ke uper corners par hota hai, toh aapko hont mein tingling ka anubhav hota hai. Hum chaliye check-up karke aur test karke aapko sahi treatment diya jaega.",pain,,,,zero_shot,P00855,high
A011,"Mere paas sirf 6 din pehle hi ek baby hua hai. Mai pehle 3 dino tak theek thi hospital me, lekin jab mai ghar aayi toh mujhe sujan hone lagi. Ab meri ankho me hi sujan hai lekin chest me discomfort ho raha hai. Please doctor, dekhiye is affected area ki image neeche. Meri saanso me kuch chubh raha hai aur saans lene me uncomfortable feel ho raha hai. Maine BP check karne ka decide kiya aur vo 137/77 hai aur dil ki dhadkan 45 hai. Normally toh mera BP 90/60 rehta hai, ab mai kya karu?","Beta, tumhare symptoms aur BP 137/77 mmHg ka mazaak nahi hai. Ye pressure bahut high hai, aur dil ki dhadkan 45 hai, jo normal se kam hai. Chest discomfort aur saans lene me uncomfortable feel hoga, yeh symptoms chest pain ya heart attack ke liye ho sakte hain. Humein yeh pata chal gaya hai ki tumhari abdominal wall hernia hai, lekin ismein chest symptoms ke liye koi evidence nahi hai. Humein yeh pata chal gaya hai ki tumhari BP normal se 87/47 mmHg high hai. Hum tumhare chest symptoms aur high BP ke liye ek doctor ko bulayenge.",pain,,,,grounded,P00477,low
A012,"Mujhe il ho rahi hai pichle 2 saalon se. Cea 12.69 hai aur sab check sahi hai. Mera blood work off hai, red blood cells kam hai, mcv off hai. Liver reading badhne lag gayi hai. Meri neck par ek red scaley rash aati hai aur jati hai. Bhot weight lose kia hai, raat ko pasina aata hai, pure body mein khujli hoti hai aur glands neck mein bhot swollen hote rehte hain. Kripya dekhein something happened on neck. Thoda madat chahiye.","Bhai sahab, main aapki baat samajh gaya hoon. Aapke symptoms bahut hi ghatiya hain. Main sochta hoon ki aap thyroid problem ke shikaar ho sakte hain. Neck par red scaley rash aur swollen glands neck mein aane ka matlab hai ki thyroid gland problem ho sakti hai. Aapko thyroid test karwana chahiye aur doctor se milna chahiye.","erythema, rash, swelling",,,,zero_shot,P00912,low
A013,"Hi, maine abhi notice kiya hai ki meri beti ke left hand side me ek ganth hai - Doctor Please look at the image of patient kuch issue hai mere gale me below woh ganth lagti hai aur use ek taraf se double chin lagti hai. Maine use chua hai aur woh dabri jaati hai. Use chune par woh uncomfortable lagti hai par kehti hai ki dard nahi hota. Uski umr 28 mahine hai aur uske kandhe ke niche uske bazu me lymphagoma hai.","Arre bhai, maine dekha hai ki tumhara beta ki umr 28 mahine hai aur uski left hand side me ek ganth hai. Iske baare mein kuchh confirm nahi kar sakta, kyunki clinical evidence mein koi jankari nahin hai jo is samasya se judi ho. Lekin tumhara beta ke gale me lymphagoma hai, jo kuchh normal hai.",(none),,,,grounded,P01364,low
A014,"Hi dr. Samuel mujhe kuch samay se mere skin ke problems ho rahe hain, mujhe chinta ho rahi hai kyunki ye din ba din badh rahi hai. Mere arms and neck par prickly heat type ki problem hoti hai, mere be","Beta, aapke symptoms ko dekhkar, mujhe lagta hai ki aapke paas bullous mastocytosis ho sakta hai, jismein skin par blisters aur itching hoti hai. Aapke arms, neck, belly, thighs, aur legs par jo prickly heat type ki problem aur ezema jaisa rash hai, wo is condition ke symptoms ho sakte hain. Lekin, aapke thigh par jo protruding sore lump hai, uske bare mein mujhe clinical evidence mein koi information nahin mila, isliye main iske bare mein kuch nahin keh sakta.","mass, pruritus, rash",,,,grounded,P01384,medium
A015,"Mere chin par kam se kam teen hafte se ek rash hai. Shuru me ek chota sa sujan tha jo keede ke katne jaisa khujla raha tha lekin jab maine use khujaya toh fail gaya. Kuch hisse par rash lal hai aur skin neeche ki taraf hard hai lekin bahut saare area par flat blisters aur skin spongy hai. Ye jalta hai aur khujlata hai aur bahut dard hota hai. Dard ke karan maine ek poore weekend bed me bitaya hai, jiske wajah se mujhe rona aaya. Main cortisone creams aur ointments, topical aur oral antibiotics aur oral prednisone try kar chuka hoon. Main use par topicle dard kam karne wale cheezein bhi try ki hai lekin jalti aur dard ko sirf baraf se rok sakte hai. Main bahut pareshan hoon. Iss hafte mujhe doctor ke paas jaana hai lekin main toh pagal ho raha hoon.","Bhai, mujhe lagta hai ki aapke symptoms bahut serious hain. Aapke rash ke bare mein, maine suna hai ki woh ek chota sa sujan tha, lekin jab aapne use khujaya toh fail gaya. Iske baad rash lal ho gaya aur skin neeche ki taraf hard ho gayi hai. Yeh symptoms herpes zoster (shingles) jaisa lagta hai, jo ek viral infection hai. Main aapko ek dermatologist ke paas jana chahunga, woh aapki diagnosis karne aur treatment ke liye sahi tareeke se madad kar sakte hain.","infection, rash, viral",,,,zero_shot,P02263,medium
A016,"Namaste, mere lower abdomen area ke upar pelvic area ke just upar black spots hai aur kuch rash spots hain hathon par jo chote chote bumps se bane hue hain aur kuch jagah par skin uthi hui lag rahi hai aur andar se black dikh raha hai. Jab main workout karte waqt slim belt aur sauna suit pehenti hoon. Kya ye kisi tarah related hai aur ye kya ho sakta hai. Main ek female hoon. Iske liye neeche attach ki gayi image hai.","Namaste, main aapki baat samajhne ki koshish karoonga. Aapke symptoms ke liye kuch possible reasons ho sakte hain. Ye black spots aur rash spots hathon par, aur skin uthi hui lag rahi hai, iska karan aapke workout ke liye use kiye gaye sauna suit aur slim belt ho sakte hain. Ye materials aapke skin ko irritation kar sakte hain. 

Aur, aapke lower abdomen aur pelvic area ke black spots ke liye, iska karan aapke hriday aur vyavastha pranaali ke beech sambandh ho sakta hai. Lekin, iske liye tootne ka koi vishesh karan nahin hai. Main aapko ek doctor se milne ki salah deta hoon, woh aapke symptoms ke liye behtar tareeke se diagnosis kar sakte hain.",rash,,,,zero_shot,P02278,medium
A017,"Mujhe kuch samay se gale ka ek prakar ka undiagnosed infection hai jise maine thoda samay ke liye ignore kar diya tha.Shuru mein mere tonsils suj gaye the. Lekin kuch samay ke bina kisi ilaj ke, mere gale ka infection mere muh aur masudon tak pahunch gaya hai. Mere muh ka rang pila ho gaya hai aur patle spider web veins mere gale ke agle hisse ko cover kar rahe hain. Please doctor, neeche diye gaye muh ko dekhein. Aur mere muh ke chhat ko yellow pigment hai. Mujhe haal mein antibiotics likhe gaye the, lekin unse koi madad nahi hui. Mujhe kuch kaano mein dard bhi ho raha hai. Main bahut pareshan hoon. Mere masude bhi piley ho gaye hain aur ab unmein sensitivity hai.","Arre bhai, main samajh gaya. Aapke symptoms bahut hi ghatiya hain. Aapka tonsil infection badh gaya hai aur ab aapke muh mein jaanakarshak symptoms hain, jaise ki yellow pigment aur spider web veins. Yeh symptoms kuchh aur bhi ghatiya ho sakte hain, jaise ki sinusitis ya pharyngitis. Main aapko ek specialist se milne ke liye daavat dunga, jaise ki ENT specialist. Vah aapki symptoms ka theek se tareeka se diagnosis kar payenge aur aapko upchar kar payenge.","infection, tonsillitis",,,,zero_shot,P00252,high
A018," Namaste doctor, ek hafta ya usse zyada se main so nahi pa rahi hoon. Jab main so rahi hoti hoon, tab khud ko jaga leti hoon. Lagta hai jaise koi apnoea event ho raha hai lekin mujhe ye pata nahi hai ki ye related hai yahi koi badi samasya hai. Iss hafte main doctor ke paas ja rahi hoon lekin online opinion lena chahti hoon, especially apne tonsils ke normal ya abnormal hone ke sambandh mein. Mujhe koi tonsil pain nahi ho raha hai lekin woh area normal se thoda jyada swollen ya constricted lag raha hai. Uski image below attached hai.","Namaste beta, maine aapki problem ko suna hai. Aapke symptoms, jaise ki apneepan ki samasya, isse aapke halsi ke andar ki samasya se juda ho sakta hai. Aapke ENT examination mein right maxillary sinus tenderness present hai, jisse aapke halsi ke andar ki samasya ki sambhavana hai. Lekin aapke tonsils ke sambandh mein koi specific information nahi di gayi hai. Main aapko kahaunga ki aapke doctor se baat karne ke liye aapko apne halsi ke andar ki samasya ke liye check-up karwana chahiye.",pain,,,,grounded,P02678,low
A019,"Meri poti ko chicken pox ka vaccine laga chuka hai lekin usko March ke shuruwat mein hi chicken pox ho gaya. Usne doctor ke paas jaake confirm karaya ki chicken pox hai aur usne iske liye anitiboitc liya. Rash kabhi blister nahi ban raha hai aur abhi bhi uske paas rash hai aur itch bhi ho rahi hai. Kripya doctor, dekhiye is vartaman condition ko. Kya ye normal hai? Aur use kaise madad kar sakte hain?","Arre bhai, aapki chinta karna nahin chahiye. Chicken pox ke baad rash ka itch hua rehta hai. Lekin agar rash blister nahin ban raha hai, to yeh thoda unusual hai. Aapko doctor se phir se milna chahiye aur unhe iske baare mein puchna chahiye. Shyad unhe antibiotics ke alawa koi aur treatment diya jayega.","pruritus, rash",,,,zero_shot,P00154,medium
A020,"Hi, pichle 24 ghante mein mere jeebh ke dono taraf aur jeb mein kai abnormally large aur painful ulcers develop ho gaye hain. Pichle 6 ghante mein ek kaan mein dard bhi shuru ho gaya hai, ek taraf jeebh mein sujan hai, gale mein glands suj gaye hain aur swallowing mein difficulty ho rahi hai.Please dekhein something happened on the neck below. Main bahut stress mein bhi hoon aur soch raha hoon ki kya yeh uska karan hai, aur agar nahi toh phir kya hai.","Arre bhai, aapki baat sunke maine kuch socha hai. Aapke symptoms bahut hi ghatiya hain. Yeh ulcers aur dard aapke jeebh aur jeb mein ho rahe hain, isse lagta hai ki aapko viral infection ho sakti hai, jaise ki herpes zoster ya mononucleosis. Aur aapke kaan mein dard aur gale mein glands ki sujan, yeh symptoms viral infection ya meningitis ka bhi sambhavana hai. Main aapko ek doctor ke paas le jana chahunga, woh aapke symptoms ka theek se treatment kar sakte hain.","infection, viral",,,,zero_shot,P00210,high
A021,"AI feel choked up in the neck area, and have a hard time swallowing liquid. Sometimes the sensation goes away for a day, but returns and gets worse as the day goes along. My neck makes a noise similar to a hungry stomach. Along with this, which started about 2 years ago, I came down with chronic hives, so I assumed it was hives causing my throat to swell because I ve had my feet and knees also swell up.Please doctor see the current condition below . Also, I ve found that I can t seem to get enough sleep. I force myself up on workdays, however, on days off I will sleep until noon or 1 pm, and even then, it s difficult to get out of bed. I also have been losing quite a bit of hair, and have itchy welts throughout my scalp...HELP!!!

Maine feel kiya ki mere gale ke area me choked up hai aur liquid nigalne me mushkil ho rahi hai. Kabhi-kabhi ye ahsaas ek din ke liye chala jata hai, lekin wapas aata hai aur din bhar badhta hai. Mere gale se awaz aati hai jo ek bhooke pet ki awaz ke jaisi hoti hai. Iske saath, jiska shuru hone mein lagbhag 2 saal ho gaye, mujhe chronic hives bhi ho gayi, isliye maine ye samjha ki mujhe hives ke karan gale suj gya hai kyunki mere paanv aur ghutne bhi suj gaye hai. Please doctor dekhiye is vartaman condition ko below. Aur maine ye bhi paya hai ki mujhe nei sona nahi ho raha hai. Workdays mein main khudko uthata hoon, lekin chhuttiyo mein main dopehar ya 1 baje tak sota hoon aur uske baad bhi bed se uthna mushkil hai. Mere balon kaafi jyada gir rahe hai aur mere scalp par itching ho rahi hai...HELP!!!","Beta, aapke symptoms bahut hi ghatiya hain. Aapke gale mein choked up hona aur liquid nigalne mein mushkil ho rahi hai, iska koi ek bhi reason nahin hai, lekin yeh symptoms thyroid problem ya acid reflux ke karan ho sakte hain. Aapke hives aur swelling ke symptoms bhi thyroid problem ya allergic reactions ke karan ho sakte hain. Aur aapke sleep aur hair loss ke symptoms depression ya hormonal imbalance ke karan ho sakte hain. Main aapko ek specialist ke paas le jana chahunga, woh aapke symptoms ko aur vishleshan karke aapko sahi treatment de payenge.","allergy, swelling",,,,zero_shot,P01013,low
A022,"Mujhe bahut jyada dikkat ho rahi hai keede ke katne se, bahar. Kabhi koi problem nahi hoti thi, is saal shuru hui hai. Yahan humare paas machar, bichua, kali machar, cheete aur ghode machar hai. Mujhe sahi tarike se nahi pata ke kaun mujhe kat raha hai. Mujhe ek normal bug welt hota hai, phir kuch ghante baad wo laal ho jata hai, hives ban jate hain, suj jate hain aur dard karte hain. Mujhe do din pehle ek katne ki wajah se pinjre mein dard ho raha hai aur abhi bhi wo lal, suj gaya hai. Sujan pair ke upar se upar tak hai.Please doctor dekhiye is vartaman condition ko below. Mere pindli mein bhi ek kat gaya hai aur agar aap dabate hain to bahut dard hota hai, ab wo laal ho raha hai aur dard kar raha hai. Mujhe chakkar bhi aate hain aur jab zyada ho jaye to main benedryl le rahi hoon. Kya koi wajah hai ki itni badi reactions ho rahi hain mujhe itni sudden tarike se.","Bhai, main sun raha hoon. Aapke symptoms ke liye, main kuchh cheezein dekh raha hoon. Aapke paas ek katne ki wajah se pinjre mein dard ho raha hai, aur abhi bhi wo laal, suj gaya hai. Aapke pindli mein bhi ek kat gaya hai, aur dabate par bahut dard hota hai. 

Aapke symptoms bahut hi similar hain, jaise ki ek katne ki wajah se hua hai, phir laal ho jata hai, hives ban jate hain, suj jate hain aur dard karte hain. Ismein ek cheez hai jo mujhe samajh aati hai, lekin main isey confirm nahin kar sakta. Aapke symptoms ke liye ek possible reason hai, jisse aapke reaction bahut hi sudden ho sakte hain.",(none),,,,grounded,P00821,high
A023,"Namaste, mere lower abdomen area ke upar pelvic area ke just upar black spots hai aur kuch rash spots hain hathon par jo chote chote bumps se bane hue hain aur kuch jagah par skin uthi hui lag rahi hai aur andar se black dikh raha hai. Jab main workout karte waqt slim belt aur sauna suit pehenti hoon. Kya ye kisi tarah related hai aur ye kya ho sakta hai. Main ek female hoon. Iske liye neeche attach ki gayi image hai.","Namaste, main aapki baat samajh gaya hoon. Aapke symptoms aur uplabdh clinical evidence ke anusar, main kuchh cheezein bat sakta hoon. Aapke paas itchy lesions hain jo ek saal se hai, aur yeh chest, arm, aur lower back par hain. Histopathological examination ke anusaar, aapke paas elastic fibre loss aur multinucleated giant cells ke saath histiocyte aur lymphocyte hain. Yeh symptoms granuloma annulare, leprosy, annular sarcoid, aur actinic granuloma ke anusaar hai. Lekin, aapke paas topikal steroid ke saath koi improvement nahin hui hai. Main aapko koi specific diagnosis nahin de sakta, lekin aapko ek dermatologist se milne ki zaroorat hai.","lesion, pruritus",,,,grounded,P02278,medium
A024,"Hum ye kaise decide karen ki ye shingles ka case hai ya contact dermatitis ka case hai. Full body rash hai, kuch khule hai, kuch scabs hai, ER doctors ka koi madad nahi kar paya, PCP review ke liye available nahi hai. Photos dekh rahe the aur lagta hai ki ye shingles ne mere husband ko attack kiya hai! Lekin ye bhi lag raha hai ki ye ek dermatitis problem hai, jise mere ek dost ko char saal se diagnose nahi kiya gaya hai! Rash ke saath bahut jyada itching bhi hai especially on legs and arms. Kripya dekhein doctor image of the affected area ko below .Woh mujhse keh raha hai ki woh jitna paani pee raha hai utna void nahi kar raha hai aur urine ka color bhi kaafi prominent hai. Main is Wednesday se jab se yahan se bahar gayi hoon aur abhi Tuesday night hai. Kal hum kahan se shuru karein.","Arre bhai, main samajh raha hoon ki aapko kuch confusion hai. Shingles aur contact dermatitis dono hi rash ka ho sakta hai, lekin symptoms alag-alag hote hain. Jyada itching, scabs, aur rash ke saath urine ka color badalna shingles ka kuchh indicator hai. Aapko dermatologist se milkar dekhein, lekin agar aapko lagta hai ki rash bahut jaldi badh raha hai, to humein emergency mein bhi dekhein.","dermatitis, pruritus, rash",,,,zero_shot,P00722,low
A025,"Mujhe lagbhag ek mahine pehle concrete par gir gaya tha aur apni ghutne ko bahut zor se chot lagi thi. Thodi der tak dard hua tha aur thoda sa suj gaya tha.Please doctor dekhiye is image ko, sujan fir kam ho gayi thi lekin yeh kuch last days se fir se dard kar raha hai aur ab wahin jagah par ek ganth hai jahan maine chot lagayi thi. Iska matlab kya hai aur iska ilaj kaise karna chahiye?.","Bhai, aapke symptoms aur image ke anusaar, mujhe lagta hai ki aapke patellar tendon mein distal avulsion ho sakta hai. Iska matlab hai ki patellar tendon ki distal jagah se tibial tuberosity se chot lag gayi hai. Iska ilaj karne ke liye aapko operation ki zaroorat ho sakti hai, jismein tendon ko refashion kiya jayega aur usse tibial tuberosity se anchor kiya jayega.",(none),,,,grounded,P01560,high
A026,"Mere pati ko ek hafte se upper jaw pain (right side) ho raha hai aur uske chehre (upper lip, cheeks, chin) mein swelling 2 din se ho rahi hai. Please doctor, dekhein is vartaman condition ko. Aaj emergency room mein jaane par allergic reaction ke baare mein puchne par uska blood pressure 162 over 119 nikla. Mujhe chinta hai.","Arre bhai, aapko ek hafte se upper jaw pain aur 2 din se chehre ke swelling ke liye chinta hai. Lekin, aapke clinical evidence ke anusaar, aapke left facial laceration aur naso-orbital ethmoidal fracture ke liye urgent treatment kiya gaya hai. Aapke left eye mein intraocular pressure badhaya hai, aur ocular muscle entrapment ka ilaaj kiya gaya hai. Aapke blood pressure mein koi allergic reaction ka lakshan nahin hai, lekin aapke high blood pressure ka ilaaj kiya jana chahiye.","fracture, pain, swelling",,,,grounded,P00282,low
A027,"Mere naak par Daktarin cream ka upyog karke ek fungi sankraman ho gaya hai. Twacha bahut khujli aur jalan ke saath bilkul itch karne lagi hai. Please doctor, is vartaman sthiti ko dekhiye neeche. Mere GP ne Daktarin fir se prescribe kiya. Daad felne lag gaya hai aur bad me pila crusty scale ban gaya hai. Main wapas GP ke paas gaya aur woh alag se Penicillin prescribe kiya hai. Swab liya gaya. Parinam negative nikala!! Pehla course of penicillin 2 din me complete ho jayega. Dusra 6 dino me. Wahi beech mein GP ne vaada kiya hai ki dermatologist ko mere last visit ke 24 ghante pehle ek letter fax karega.","Bhai, maine dekha hai ki tumhare paas fever, escharotic aur purpuric skin lesions hain. Tumhare blood test mein platelet count bahut kam hai, 19 x 10^9/L, jo ek serious condition hai. Iske alawa, tumhare CT scan mein cerebral infarction, lung infection, pleurisy, aur pericardial effusion dikhayi diya gaya hai. 

Maine kaha hai ki tumhare GP ne aapko Daktarin aur Penicillin diya hai, lekin swab ka parinam negative nikala hai. Main is baat ka nahi janta ki aapke paas fungi sankraman hai ya nahin, lekin aapke symptoms aur lab test ka parinam dekhkar, main kahaunga ki aapko dermatologist se zaroori hai.","effusion, fever, infection, lesion",,,,grounded,P00881,low
A028,"Meri 9 saal ki beti ke arm, legs aur feet ke tops mein use lagta hai jaise koi use poke kar raha ho. Usko lagta hai ki uske kapdo mein kuch hai jo use poke kar raha hai, lekin jab wo apne kapde check karti hai toh waha kuch nahi hota...aur ye use kai jagah par hota hai. Wo kehti hai ki ye aata jata hai aur ye dard se zyada pareshani wala hai. Maine uski skin check ki hai aur waha koi bhi gaanthen ya irritation ki koi nishani nahi hai. Use haal hi mein Celiac Disease ka diagnosis hua hai, aur mujhe kuch idea nahi hai ki iska koi taaluka hai ya nahi, lekin socha ki mention karu. Mujhe nahi pata ki mujhe iske baare mein chinta karni chahiye ya shayad ye bas sukhhi twacha ya kuch aur ho. Please doctor, vartaman sthithi ko dekhe.","Beta, aapki beti ki samasya bahut ghatiya hai. Ye symptoms Celiac Disease ke karan ho sakte hain, lekin ismein koi nishani nahi hai. Main sochta hoon ki ye symptoms ek type ki skin condition, jaise ki Dermatitis Herpetiformis ho sakte hain, jo Celiac Disease ke karan hota hai. Main aapko ek dermatologist ke paas bhejna chahta hoon jisse aapki beti ki skin check ki ja sake aur sahi treatment diya ja sake.",dermatitis,,,,zero_shot,P00184,high
A029,"Hello doctor, meri behen ke skin par kuch ajeeb sa rashes hai. Kripya dekhein is vartaman condition ko neeche. The problem panch saal pehle shuru hui. Lekin ab ye badh rahi hai. Hum samajh nahi pa rah","Behen ji ke skin par rashes dekhne ke liye maine abhi picture nahi dekhi, lekin aapko pata hai ki rashes ke kaafi saare reasons ho sakte hain, jaise ki allergy, infection ya koi bhi skin condition. Panch saal pehle shuru hone wale rashes ko dekhkar lagta hai ki ye koi chronic condition ho sakti hai, jaise ki eczema ya psoriasis. Aap mujhe picture upload karke dikhayein, toh main aapko thoda aur guide kar sakta hoon.","allergy, dermatitis, infection, rash",,,,zero_shot,P03002,low
A030,"Main apni mesh repaired hernia surgery se 3 hafte peeche hu.. aaj mere right side mein bahut tez dard hua hai, joh mere pet ke neeche tak aur mere belly button tak tha. Uske alawa meri hatho mein khujli ho rahi hai, doctor iske liye waale image neeche attached hai, aur mere haath aur paon mein sujan bhi hai. Aaj maine apne sir ke right side par phoola hua ganth wala swollen lymph node bhi paya.. kya ye ek reaction ho sakta hai.","Arre bhai, aapka dard aur khujli hatho mein bahut common symptoms hain mesh repair surgery ke baad. Lekin, aapke swollen lymph node aur sujan haath aur paon ke liye, main chinta lagta hoon. Yeh symptoms kuchh reaction ya infection ke liye ho sakte hain, jaise ki mesh repair surgery ke baad infection ya mesh failure. Main aapko doctor se milne ke liye kahaunga, woh aapka check-up karke sahi tareeke se treatment karwa sakte hain.","infection, lymphadenopathy, swelling",,,,zero_shot,P01528,medium
A031,"HI, Mera naam lisa hai, kuch saalo se mujhe baar-baar wahi rash right breast par ho raha hai, aur ye saal me 3 baar wapas aata hai. Mera doctor kehta hai ki ye fungal skin ki problem hai, lekin ye bahut itching aur redness ho rahi hai. Ye right breast par hai. Mujhe madad chahiye, har saal mujhe ye hota hai. Uska image attached hai neeche.","Arre Lisa, main tumhein sun raha hoon. Tumhare case mein, tumhare scalp par ek hairless, yellowish plaque tha, jismein kuch saalo ke baad ek red nodule aaya. Biopsy ke baad, iska diagnosis eccrine poroma (ek type of skin cancer) neevus sebaceous (ek type of birthmark) ke andar nikala gaya. 

Main tumhare breast ki problem ke baare mein kuch nahin bol sakta, kyunki clinical evidence mein yeh case tumhare breast ke baare mein nahin hai.","erythema, lesion, malignancy",,,,grounded,P02255,medium
A032,"Mere paas sirf 6 din pehle hi ek baby hua hai. Mai pehle 3 dino tak theek thi hospital me, lekin jab mai ghar aayi toh mujhe sujan hone lagi. Ab meri ankho me hi sujan hai lekin chest me discomfort ho raha hai. Please doctor, dekhiye is affected area ki image neeche. Meri saanso me kuch chubh raha hai aur saans lene me uncomfortable feel ho raha hai. Maine BP check karne ka decide kiya aur vo 137/77 hai aur dil ki dhadkan 45 hai. Normally toh mera BP 90/60 rehta hai, ab mai kya karu?","Arre beta, tumhara condition kuchh samajh mein aaya hai. Tumhara chest discomfort aur saans lene me discomfort kaafi ghatiya hai. Aapki BP aur dil ki dhadkan kaam hai, lekin aapko abhi bhi doctor se milne ki zaroorat hai. Main aapko ek chest X-ray aur ECG karane ke liye kahaunga, aur phir doctor saab se milke aapki treatment plan banayenge.",(none),,,,zero_shot,P00477,low
A033,"Namaste, pichle ek hafte se mere right thumb ke neeche ek chota sa ganth hai, jab main apna thumb apne gaal par rakhti hoon to wo dusre thumb se zyada garam lagta hai. Main right handed hoon, isliye jab ye mera right haath par hota hai to kuch pakadna ya knife se kaatna etc. mushkil ho jata hai. Doctor, uski image attach ki gayi hai niche. Mujhe bas ye pata karna tha ki ye kya ho sakta hai, ganth to badi nahi hai lekin bahut dard hota hai, lekin aap use dekhne se kuch nahi dikhta hai, bas touch karna padta hai jo bahut dard karta hai.","Namaste, beta. Aapka thumb ke neeche ka ganth kya ho sakta hai, yeh dekhne mein aapka doctor hi sahi ho sakta hai. Lekin aapka case dekhkar, yeh sambhav hai ki aapka thumb ke neeche ka ganth aapke haath ke neeche ke blood supply ke karan ho sakta hai. Aapke haath ke neeche ke blood supply mein kuch problem ho sakti hai, jisse aapko dard hota hai. Ismein aapka doctor hi sahi diagnosis kar sakta hai.",(none),,,,grounded,P01520,medium
A034,"Hi dr. Samuel mujhe kuch samay se mere skin ke problems ho rahe hain, mujhe chinta ho rahi hai kyunki ye din ba din badh rahi hai. Mere arms and neck par prickly heat type ki problem hoti hai, mere be","Aapki skin ki problems sunke lagta hai ki aapko kuch allergies ya skin conditions ho sakti hain. Prickly heat arms and neck par hota hai, toh shayad aapko heat rash ya miliaria ho sakta hai, aur belly, thighs, aur legs par eczema jaisa rash ho sakta hai, jo ki itching karta hai. Thigh par protruding sore lump ka pata lagaane ke liye hume aur details chahiye, lekin shayad ye koi boil ya abscess ho sakta hai, ya phir koi aur skin condition. Aapko doctor se milna chahiye, jo aapki skin ko check karke sahi diagnosis aur treatment de sakta hai.","dermatitis, infection, mass, pruritus, rash",,,,zero_shot,P01384,medium
A035,"Mai hamare ghar ke ek hisse par kaam kar raha tha aur uss hisse mein heating nahi hai aur temperature 50 degrees tak pahuncha hai, doosre din wahan kaam karne ke baad mai bahut thande ho gaya tha aur ","Aapke skin condition ke baare mein humne padha hai, lekin aapke abhi ke symptoms ke liye hum kuchh specific nahi keh sakte kyunki clinical evidence mein aapke abhi ke situation ke baare mein kuchh nahi hai. Aapke pass pehle se hi erythrodermia congenitalis ichthyosiformis bullosa of Brocq hai, jiske liye aapko specific treatment diya gaya tha, lekin abhi ke burning sensation aur reddish skin ke liye hum kuchh nahi keh sakte. Aapko apne doctor se milna chahiye jo aapke abhi ke symptoms ko dekhkar kuchh specific advice de sakte hain.",(none),,,,grounded,P02425,high
A036,"Main pichle 4 din se bimar hoon aur jab main doctor ke paas gaya toh unhone mere urine me khoon paya. Unho ne CBC blood test kiya aur result accha aaya. Mere peeche aur side bahut dard ho raha hai aur main bahut kamzor hu. Jab main peshaab karta hoon, woh acchi tarah se nahi aata hai. Pichle 4 din se yeh takleef ho rahi hai, lekin isse pehle meri peshaab acchi tarah se nahi hui thi aur maine iss cheez ko apne par blame kiya kyun ki main CNA hoon aur mujhe jaane ka waqt nahi hota aur waise hi November ke last year me mujhe ek rash ho gaya tha. Kripya doctor, dekhiye is vartaman condition ko. Tab wohne mujhe allergies ki dawa lene ko kaha tha aur tab mere peeche aur side dard ho raha tha, lekin wohne kaha tha ki yeh gas hai. Mujhe yeh poochhna hai ki kya yeh sab kidney ya heart failure ke lakshan ho sakte hain. Aur mujhe lagbhag 3 saal se suboxone lena hai. Dhanyavaad.","Bhai, main aapko samajhne ki koshish karta hoon. Aapke peeche aur side mein dard aur peshaab ki samasya bahut chinta dene wali hai. Ye symptoms kidney failure ya heart failure ke lakshan ho sakte hain, lekin isse pehle humein kuch aur cheezon ko consider karna hoga. Aapke peeche aur side mein dard gas ke liye bhi ho sakta hai, lekin aapke peeche aur side mein dard aur peshaab ki samasya ko ignore nahin karna chahiye. Humein aapke CBC blood test ka result aur aapke symptoms ko dekhte hue aapke doctor se baat karne ki zaroorat hai.",(none),,,,zero_shot,P01119,high
A037,"Mere left neck ke karib 2 inch neeche aur ear se dusre inch ke baad mere neck ke piche ek bada ganth hai. Doctor kripya dekhein patient ke image neeche...mere neck mein kuch samasya hai. last year car accident hua tha aur mujhe uske baad hi iska pata chala...jyadatar doctors isse jyada tension nahi lete hain, lekin mujhe pata lagana hai ki ye kya hai....ab mujhe dard hota hai jo kabhi kabhi mere body mein ghumta hai, kabhi mere ankles ya elbows ya feet ya hands ya knees mein...kripya madad kariye ; ;","Bilkul, main dekh raha hoon. Aapka left parotid lodge mein ek 2 cm x 2 cm ki mass thi, jiska MRI examination mein 14.8 mm lesion dikhaaya gaya tha. Iska diagnosis SmCC (Small Cell Carcinoma) kiya gaya tha. SmCC ek neuroendocrine tumor hai, jiska treatment parotidectomy (parotid gland ka operation) aur chemotherapy aur radiation therapy se kiya gaya tha. Aapke 48-month follow-up mein koi recurrence nahin dikhai di gayi. 

Aapke neck mein dard hona aur kuch samasya hona, yeh SmCC se sambandhit nahin hai. Lekin, aapka car accident aur uske baad SmCC ka pata chalna, yeh dono alag-alag cheezein hain. Main aapko yeh nahin keh sakta ki aapka car accident SmCC se related hai.","lesion, malignancy, mass",,,,grounded,P01360,medium
A038,"Namaste doctor, mera 8 mahine ka beta 2 mahine ke lagbhag se eczema se pareshan hai. Shayad ye allergies ki wajah se hai. Humne bahut kuch try kiya hai uski pareshani ka karan khojne ke liye, lekin ise lambe samay tak dur nahi kar paye. Mere pramukh chinta ka karan ye hai ki past few months se uski digestion me samasya hai. Wo bahut aasani se kabz ho jata hai aur use aise cheezein khani padti hai jisse wo uncomfortable na ho. Usne is tak sirf breastfeeding ki hai, lekin haal hi mein usne khud hi chhod diya hai. Wo solids bahut khata hai aur diluted juice peeta hai. Mai use dairy products nahi deti kyunki usko formula se pehle hi kharab reaction hua tha. Jab use yogurt try karwaya to uske honthon me sujan aayi. Kripya doctor, is vartaman sthiti ko dekhein. Wo sirf 13 pounds ka hai 8 mahine me, jo bahut kam hai. Wo achhe se khata hai, lekin phir bhi itna chhota hai. Wo crawling ya scooting nahi karta hai; wo akela baith sakta hai aur sabkuch dekhta hai. Wo aam se jyada sota hai. Wo jyadatar samay mai hi pakda jana chahta hai. Wo aapki baat sunta hai aur aapko dhyan se dekhta hai; wo cheezein pakad sakta hai aur use ek haath se dusre haath me le sakta hai. Wo apne pacifier ko khud hi muh me dal sakta hai aur use cheezein purposefully giraana pasand karta hai. Wo jyada babble nahi karta aur meri ummeed ke mutabik jyada khel bhi nahi sakta.","Beta, maine aapki baat suni hai. Lekin maine aapke beta ke symptoms aur medical evidence ke beech me koi saman nahi dekha. Aapke beta ka case TTP (Thrombotic Thrombocytopenic Purpura) ka hai, jo ek rare blood disorder hai. Ismein platelet count kam hota hai aur blood clots banate hain. Aapke beta ka platelet count 120 x 10^9/L hai, jo normal se kam hai. Iske alawa, unke blood me schistocytes aur spherocytes bhi pade hain. Aapke beta ko plasma exchange therapy aur medication di gayi hai. Main aapke beta ke symptoms aur medical evidence ke beech me koi saman nahi dekha, jisse main koi suchna nahi kar sakta.",(none),,,,grounded,P02592,high
A039,Mere dono anguthe sukh gaye hain aur unki skin bahut patli hai aur agar kuch bhi unpar touch karta hai toh dard hota hai. Meri umar 71 hai aur mera vajan 85 kg hai. Main haal hi mein halki chemotherapy se guzar raha hoon aur rectal cancer ka ilaj karane ke liye lagatar radiation bhi kar raha hoon. Iske liye attached image dekhein.,"Arre bhai, aapke symptoms bahut ghatiya hain. Aapka angootha sukh gaya hai, skin patli hai aur dard hota hai, yeh cancer ke side effects ke liye kuch bhi nahi hai. Aapka chemotherapy aur radiation therapy ke liye aapko hamesha ek doctor ki nazar mein rakhna chahiye, vah aapko koi bhi side effect ke liye tayar karenge. Aapko apne doctor se zaroor milna chahiye aur unse kuchh guidance leni chahiye.",(none),,,,zero_shot,P01778,high
A040,"Mere thighs, lower abdomen aur even mere hands pe kuch itching wale bites hai (mujhe lagta hai ye bites hain). Mera main concern hai mere scrotum pe wale abnormality aur mere shaft pe ek bhi. Jab maine pehle apne doctor ko dikhaya tha, tab unhone hpv aur herpes ko ruled out kar diya tha. Lekin uske baad se aur bhi zyada bites appear ho gaye hain, pehle wale chote ho gaye hain lekin irritation hone par abhi bhi itch karte hain. Lumps itch nahi karte hai jab tak main unhe scratch na karu, aur do unmein se ek cm ka diameter hai aur dusre do ab irregular shape aur shayad unka size bhi half ho gaya hai aur mere shaft pe wala ek chota pimple jaisa lag raha hai. Mere foreskin mein bhi itching ki sensation hai, lekin itna itchy nahi hai ki mujhe scratch karna pade. Attached image uska neeche hai.","Beta, aapke symptoms aur previous diagnosis ke anusaar, aapke paas bullous mastocytosis hai. Aapke thighs, lower abdomen, aur hands pe itching wale bites ho sakte hain, lekin ye mastocytosis ke karan ho sakte hain. Aapke scrotum aur shaft pe abnormality ho sakti hai, lekin ye bhi mastocytosis ke karan ho sakti hai. Aapko apne doctor se baat karni chahiye aur unse cetirizine aur mometasone ka upyog karne ke liye seekhna chahiye.",pruritus,,,,grounded,P01647,low
A041,"Namaste. Mai Philippines se hoon. Ek hafte se mere lymph nodes suj gaye hain. Paanch din pehle, crank sores mere munh ke andar shuru ho gaye. Mere zubaan ke neeche ek hai, aur doosre masudo mein pus lag raha hai. Mere upper aur lower masudo par bhi pus hai. Meri zubaan dard karne lagi hai. Mere dentist ne mujhe amoxicillin 500 3 times a day aur vitamin C lene ko kaha..usne Pyralvex solution bhi recommend kiya. Mai bhi Bactidol se kulla kar raha hoon. Ek hafte se mujhe achha nahi lag raha hai. Mai almost kuch nahi kha raha hoon kyunki nigalna aur katna dard ho raha hai. Kripya madad kijiye. Kripya image dekhein jo doctor ne neeche attach ki hai.","Namaste beta. Main aapki baat sun raha hoon. Aapke symptoms ke liye main kuchh cheezein dekh raha hoon. Aapka goiter bahut bada hai aur aapke lymph nodes bhi suj gaye hain. Aapke munh ke andar crank sores ho gaye hain aur aapke masudo par pus hai. Aapki zubaan dard kar rahi hai. 

Main aapko batana chahta hoon ki aapka CT scan ne pata lagaya hai ki aapke goiter bahut bada hai aur isse aapke airway mein narrowing ho raha hai. Isliye aapko urgent surgery ki zaroorat hai. Aapke doctor ne aapko amoxicillin aur vitamin C lene ki salah di hai, lekin main aapko batana chahta hoon ki aapko urgent surgery ki zaroorat hai.",lymphadenopathy,,,,grounded,P00774,medium
A042,"Bacche ke saath galti se ghul mar di hai ye bhaiya chotu bhi kisi se kam nahi. Pehle picnic ke liye jald se tayar ho rahi hai, lekin iski tabiyat day by day bigad rahi hai. Pichle do teen saal se yahi masla hai light, plants aur pollution se ghabra jata hai bahut quickly. Doctor se milkar hi aaram milega isko. Ped ke saath ek bar zaroor jaiye checkup ke liye.","Beta, tumhare AD ki wajah se tumhari skin bahut problem mein hai. Ye WMT treatment tumhe kuchh fayda kar sakta hai. Tumhare parivaar ke kuchh logon mein bhi skin problems ki wajah se AD ki sambandhit history hai. 

Note: I have kept the response concise and in Hinglish as per your request.",(none),,,,grounded,P01291,medium
A043,"Mere thighs, lower abdomen aur even mere hands pe kuch itching wale bites hai (mujhe lagta hai ye bites hain). Mera main concern hai mere scrotum pe wale abnormality aur mere shaft pe ek bhi. Jab maine pehle apne doctor ko dikhaya tha, tab unhone hpv aur herpes ko ruled out kar diya tha. Lekin uske baad se aur bhi zyada bites appear ho gaye hain, pehle wale chote ho gaye hain lekin irritation hone par abhi bhi itch karte hain. Lumps itch nahi karte hai jab tak main unhe scratch na karu, aur do unmein se ek cm ka diameter hai aur dusre do ab irregular shape aur shayad unka size bhi half ho gaya hai aur mere shaft pe wala ek chota pimple jaisa lag raha hai. Mere foreskin mein bhi itching ki sensation hai, lekin itna itchy nahi hai ki mujhe scratch karna pade. Attached image uska neeche hai.","Arre bhai, main samajh sakta hoon ki tum bahut parmeshan ho. Ye bites aur lumps aapke paas hain, lekin ye koi bhi bimari nahi hai. Aapko lagta hai ki ye kuch infection ho gaye hain, lekin main aapko ye batana chahta hoon ki ye symptoms HPV aur herpes se bhi alag hain. Aapko lagta hai ki ye kuch fungal infection ho sakte hain, jaise ki ringworm ya jock itch. Main aapko koi treatment ya medicine nahi de sakta, lekin main aapko doctor se milne ki salah deta hoon.","fungal, infection, pruritus, viral",,,,zero_shot,P01647,low
A044,"Meri poti ko chicken pox ka vaccine laga chuka hai lekin usko March ke shuruwat mein hi chicken pox ho gaya. Usne doctor ke paas jaake confirm karaya ki chicken pox hai aur usne iske liye anitiboitc liya. Rash kabhi blister nahi ban raha hai aur abhi bhi uske paas rash hai aur itch bhi ho rahi hai. Kripya doctor, dekhiye is vartaman condition ko. Kya ye normal hai? Aur use kaise madad kar sakte hain?","Bilkul, main dekh raha hoon. Patient ke symptoms aur clinical evidence ke anusar, ye nahi dikhta ki ye chicken pox hai. Patient ke rash ne blister nahi banaya aur itch bhi ho rahi hai, jisse ye suspect ho sakta hai ki ye ek bacterial infection hai. Patient ke symptoms aur lab reports ke anusar, ye pre-septal cellulitis aur acute dacryocystitis hai. 

Main aapko kahaunga ki patient ke vartaman condition kaafi ghatiya hai aur use urgent medical attention ki zaroorat hai.","bacterial, infection, inflammation, pruritus",,,,grounded,P00154,medium
A045,"Mere tonsils ke taraf yellow spots hain. Meri gale laal hai aur nigalne mein dard hota hai. Please doctor, neeche image dekhe jisse affected area hai.Advil pain ko mostly kam kar deta hai, but mere paas kabhi strep nahi hua hai, aur ulcers mostly mere uvula par hai.Mujhe koi fever nahi hai. Maine inhaler use kiya hai, but mai apna mouth rinse karti hoon aur mujhe kabhi thrush nahi hua hai. Mai kal PACU mein kaam kar rahi hoon aur kisi ko bhi infect nahi karna chahti. Mujhe kuch hafto se sardi hai aur mene months pehle flu shot bhi liya tha. Mujhe antibiotics nahi chahiye aur main iska wait karne ke liye khush hoon, jaise ki jyadatar nurses ko jaane ka time nahi hota hai unless absolutely necessary.","Arre beta, tumhare symptoms bahut hi interesting hain. Yellow spots aur laal gale ke saath nigalne mein dard, yeh strep throat ka nishan nahi hai kyunki tumne kaha hai ki tumhe strep nahi hua hai. Uvula par ulcers aur sardi ke baad aane wali symptoms, yeh throat infection ka karan ho sakta hai, lekin antibiotics ki zaroorat nahi hai. Main tumhe ek throat specialist ke paas jaane ke liye kahu, woh tumhare symptoms ko dekhkar sahi tareeke se treatment kar sakte hain.",infection,,,,zero_shot,P00787,medium
A046,"Bacche ke saath galti se ghul mar di hai ye bhaiya chotu bhi kisi se kam nahi. Pehle picnic ke liye jald se tayar ho rahi hai, lekin iski tabiyat day by day bigad rahi hai. Pichle do teen saal se yahi masla hai light, plants aur pollution se ghabra jata hai bahut quickly. Doctor se milkar hi aaram milega isko. Ped ke saath ek bar zaroor jaiye checkup ke liye.","Bhaiya, aapke bachche ke symptoms bahut samajh mein aate hain. Ye sambhav hai ki unke paas anxiety ya stress disorder ho, jo ki light, plants aur pollution se uth sakta hai. Hum unke liye ek plan banayenge aur unhe relaxation techniques bhi seekhne ke liye madad karenge. Aapke doctor se milkar hi aaram milega isko.",(none),,,,zero_shot,P01291,medium
A047,"AI feel choked up in the neck area, and have a hard time swallowing liquid. Sometimes the sensation goes away for a day, but returns and gets worse as the day goes along. My neck makes a noise similar to a hungry stomach. Along with this, which started about 2 years ago, I came down with chronic hives, so I assumed it was hives causing my throat to swell because I ve had my feet and knees also swell up.Please doctor see the current condition below . Also, I ve found that I can t seem to get enough sleep. I force myself up on workdays, however, on days off I will sleep until noon or 1 pm, and even then, it s difficult to get out of bed. I also have been losing quite a bit of hair, and have itchy welts throughout my scalp...HELP!!!

Maine feel kiya ki mere gale ke area me choked up hai aur liquid nigalne me mushkil ho rahi hai. Kabhi-kabhi ye ahsaas ek din ke liye chala jata hai, lekin wapas aata hai aur din bhar badhta hai. Mere gale se awaz aati hai jo ek bhooke pet ki awaz ke jaisi hoti hai. Iske saath, jiska shuru hone mein lagbhag 2 saal ho gaye, mujhe chronic hives bhi ho gayi, isliye maine ye samjha ki mujhe hives ke karan gale suj gya hai kyunki mere paanv aur ghutne bhi suj gaye hai. Please doctor dekhiye is vartaman condition ko below. Aur maine ye bhi paya hai ki mujhe nei sona nahi ho raha hai. Workdays mein main khudko uthata hoon, lekin chhuttiyo mein main dopehar ya 1 baje tak sota hoon aur uske baad bhi bed se uthna mushkil hai. Mere balon kaafi jyada gir rahe hai aur mere scalp par itching ho rahi hai...HELP!!!","Bhai, aapke symptoms bahut hi ghatiya hain. Aapke gale ke area mein choked up hona, liquid nigalne mein mushkil, aur gale se awaz aana, yeh sab symptoms food borne botulism ke liye indicative hain, jismein aapne stale food ki wajah se symptoms shuru huye hain. Aapke symptoms ke saath, aapke hives aur balon ka girna bhi is disease ke symptoms hain. 

Lekin, main aapko yeh bhi batana chahta hoon ki aapke symptoms ke saath, aapke sleep disorder aur itching scalp ke symptoms bhi hain, jo ki is disease ke symptoms nahi hain. Aapke symptoms ke liye humein aur test karna hoga, jaise ki stool culture, aur aapke symptoms ke liye humein doctor se baat karni hogi.",pruritus,,,,grounded,P01013,low
A048,"Mere left neck ke karib 2 inch neeche aur ear se dusre inch ke baad mere neck ke piche ek bada ganth hai. Doctor kripya dekhein patient ke image neeche...mere neck mein kuch samasya hai. last year car accident hua tha aur mujhe uske baad hi iska pata chala...jyadatar doctors isse jyada tension nahi lete hain, lekin mujhe pata lagana hai ki ye kya hai....ab mujhe dard hota hai jo kabhi kabhi mere body mein ghumta hai, kabhi mere ankles ya elbows ya feet ya hands ya knees mein...kripya madad kariye ; ;","Arre bhai, main tumhein sun raha hoon. Tumhare neck ke piche ek ganth hai, aur tumhein dard hota hai jo aapke body ke kai jagahon mein ghumta hai. Yeh symptoms car accident ke baad aane ke liye bahut sambhav hai. Main sochta hoon ki tumhare paas spinal cord injury ho sakta hai, jisse tumhein is tarah ka dard hota hai. Hum iske liye doctor se baat karenge aur test karke pata karenge ki kya hai.",(none),,,,zero_shot,P01360,medium
A049,"Mujhe 38 saal ki umar hai. Mere pas hep c genotype3a hai. Liver enzymes elevated hai. Bilirubin, albumin aur INR normal hai. USG mildly coarse liver suggest karta hai. Maine peg ifn n ribavarin ka six months course liya. Viral load 4 weeks ke baad five logs decrease hua hai lekin treatment ka end hone par wo negative nahi hai. Ab treatment khatam hone ke do mahine baad mujhe pedal ho rahi hai. Please doctor, dekhiye is halat ko. Kripya suggest karen.","Beta, aapke symptoms bahut hi ghatiya hain. Pedal ho rahi hai, yeh liver ki jaamne ki wajah se ho sakta hai. Aapne PEG IFN aur ribavarin ka course liya tha, lekin viral load kam nahi hua hai. Aapko liver specialist se milne ki zaroorat hai, woh aapko aur test karke diagnosis kar sakte hain aur treatment suggest kar sakte hain.",(none),,,,zero_shot,P01202,low
A050,"Meri beti ko ek rash hai jo theek nahi ho raha hai. Hydrocortisone cream help nahi karti. Pehle humne socha ki ye soap se contact dermatitis hai, lekin uska koi bhi karan nahi hai. Uski image attached","Aapki beti ki rash ke liye hum koi specific karan nahi bata sakte kyunki humare paas uske bare mein koi information nahi hai. Lekin hum yeh keh sakte hain ki scabies ek aam parasitic infection hai jo intense pruritus aur papulovesicular eruption ka karan ban sakta hai. Aapki beti ki rash ke liye doctor ne pancreatic cancer ke liye blood test karne ki salah di hai, lekin hum yeh confirm nahi kar sakte ki rash aur pancreatic cancer ke beech koi connection hai ya nahi. Aapko apne doctor se baat karni chahiye aur unke salah par chalna chahiye.","infection, malignancy, pruritus, rash",,,,grounded,P01973,medium
A051,"Mujhe kuch samay se gale ka ek prakar ka undiagnosed infection hai jise maine thoda samay ke liye ignore kar diya tha.Shuru mein mere tonsils suj gaye the. Lekin kuch samay ke bina kisi ilaj ke, mere gale ka infection mere muh aur masudon tak pahunch gaya hai. Mere muh ka rang pila ho gaya hai aur patle spider web veins mere gale ke agle hisse ko cover kar rahe hain. Please doctor, neeche diye gaye muh ko dekhein. Aur mere muh ke chhat ko yellow pigment hai. Mujhe haal mein antibiotics likhe gaye the, lekin unse koi madad nahi hui. Mujhe kuch kaano mein dard bhi ho raha hai. Main bahut pareshan hoon. Mere masude bhi piley ho gaye hain aur ab unmein sensitivity hai.","Arre bhai, main dekh raha hoon. Aapke case mein, root canal treatment karne ke liye aapke general dentist ne aapko refer kiya tha, lekin aapke gale ka infection aapne ignore kar diya tha. Ab aapka infection aapke muh aur masude tak pahunch gaya hai. Mere paas clinical evidence hai ki aapke muh ka rang pila ho gaya hai aur patle spider web veins aapke gale ke agle hisse ko cover kar rahe hain. Mere paas koi evidence nahi hai ki aapke infection se koi kaan mein dard ho raha hai.",infection,,,,grounded,P00252,high
A052,"Mera ek hafta se benzoyl peroxide istemal kar raha hoon, meri skin oily se bahut dry ho gayi hai. Mere honthon ke neeche bahut dry aur patchy hai, aur naak ke kinare bhi. Iska reason benzoyl peroxide ya phir kyunki bahar thand ho rahi hai?","Bhai, main aapko kuchh bata sakta hoon. Aapki skin dry ho gayi hai, iska karan benzoyl peroxide istemal karne se nahin hai, kyunki aapke clinical evidence mein koi jikr nahin hai benzoyl peroxide ka. Aapke symptoms dry skin, hair removal diffuse, dry aur patchy skin, iska karan aapke patient history mein mention kiya gaya hai, jismein aapka salla complexion, dry skin, hair removal diffuse, hoarse voice aur hearing loss hai. Yeh symptoms aapke overall health condition se judne ho sakte hain.",(none),,,,grounded,P01837,medium
A053,"Hello doctor, meri behen ke skin par kuch ajeeb sa rashes hai. Kripya dekhein is vartaman condition ko neeche. The problem panch saal pehle shuru hui. Lekin ab ye badh rahi hai. Hum samajh nahi pa rah","Behen ji ka rash dekha hai, toh lagta hai ki ye ek flesh-red plaque hai jo 3.5x2.5 cm size ka hai, aur ye left occipital scalp par hai. Ismein mild pruritus bhi hai, aur ye dhire-dhire badh raha hai. Hum yeh confirm nahi kar sakte ki aapki behen ka rash bhi same hai, lekin clinical evidence ke hisab se, yeh ek EP (eccrine poroma) ya BCC (basal cell carcinoma) ho sakta hai, lekin aapki behen ka rash dekhne ke liye aur details chahiye.","erythema, lesion, malignancy, pruritus, rash",,,,grounded,P03002,low
A054,"Hello doctor, Mere paas kuch samay pehle physical test aur blood works huye the. Maine apne doctor ko bataya tha ki mere right armpit ke niche ek ganth hai. Usne ise check kiya aur fir mujhe ultrascan aur needle biopsy ke liye bheja. Ek hafte baad doctor ne phone kiya aur kaha ki ye follicular lymphoma hai jo non-Hodgkin's lymphoma ka ek prakar hai aur iska ilaaj ho sakta hai. Please doctor, dekhiye is vartaman condition ko. Main do din mein PET aur CT scan karane jaa raha hoon. Oncologist ne mujhe examine kiya aur kaha ki gaal aur spleen me sujan nahi hai. Kripya batayein ki kya ye tarah ka lymphoma ilaaj ho sakta hai kyunki main maut se dar raha hoon.","Beta, tumhara haal dekhkar maine kuch samajh liya hai. Follicular lymphoma ek prakaar ka non-Hodgkin's lymphoma hai, aur iska ilaaj ho sakta hai. Lekin, tumhari PET aur CT scan ke results aane ke baad hi humein puri jaankari milegi. Oncologist ne bhi kaha hai ki tumhari gaal aur spleen mein sujan nahi hai, jo thoda chinta ka vishay hai. Lekin, tumhara ilaaj ho sakta hai, aur humein inhein control mein rakhne ke liye treatment kiya ja sakta hai.",malignancy,,,,zero_shot,P02869,low
A055," Kya candid ya candid b cream behtar hai? Asal mein, mein ek 31 saal ki shaadi shuda mahila hoon. Mere paas ek 3 mahine ka beta hai. Sir, mujhe ek skin infection ki samasya hai. Mere chehre par gol aur laal dairein hai jo khujli karti hai aur ye ek point se shuru hui thi aur ab poore chehre par fail gayi hai aur badhti ja rahi hai. Mein bahut sare skin specialist se mil chuki hoon lekin ye rukti nahi hai. Mujhe candid, candid b cream, lotion, fluconazole aur ranitidin capsules, sath hi skin light cream bhi prescribe ki hai. Kripya aap dekh lijiye is vartaman condition ko. Ab mai kya karun?","Arre, maine aapki clinical history padhi hai. Lekin, yeh case aapki nahi hai. Aapke paas gol aur laal dairein hain, jo khujli karti hain, aur yeh ek point se shuru hui thi aur ab poore chehre par fail gayi hai. Lekin, aapke paas itchy keratotic papules hain, jo torso aur limbs par hain, aur yeh 3 mahine se hain. 

Main aapki clinical history nahi dekh sakta, lekin aapke doctor ne aapko oral Doxycycline, NB-UVB phototherapy, fluconazole aur ranitidine capsules di hain. Lekin, aapke paas ARPC (Atopic Dermatitis-like Papular eruption with Collagen) ki samasya hai, jo Faver's diagnostic criteria ke anusaar diya gaya hai.","dermatitis, pruritus, rash",,,,grounded,P02544,medium
A056,"Namaste doctor, mera 8 mahine ka beta 2 mahine ke lagbhag se eczema se pareshan hai. Shayad ye allergies ki wajah se hai. Humne bahut kuch try kiya hai uski pareshani ka karan khojne ke liye, lekin ise lambe samay tak dur nahi kar paye. Mere pramukh chinta ka karan ye hai ki past few months se uski digestion me samasya hai. Wo bahut aasani se kabz ho jata hai aur use aise cheezein khani padti hai jisse wo uncomfortable na ho. Usne is tak sirf breastfeeding ki hai, lekin haal hi mein usne khud hi chhod diya hai. Wo solids bahut khata hai aur diluted juice peeta hai. Mai use dairy products nahi deti kyunki usko formula se pehle hi kharab reaction hua tha. Jab use yogurt try karwaya to uske honthon me sujan aayi. Kripya doctor, is vartaman sthiti ko dekhein. Wo sirf 13 pounds ka hai 8 mahine me, jo bahut kam hai. Wo achhe se khata hai, lekin phir bhi itna chhota hai. Wo crawling ya scooting nahi karta hai; wo akela baith sakta hai aur sabkuch dekhta hai. Wo aam se jyada sota hai. Wo jyadatar samay mai hi pakda jana chahta hai. Wo aapki baat sunta hai aur aapko dhyan se dekhta hai; wo cheezein pakad sakta hai aur use ek haath se dusre haath me le sakta hai. Wo apne pacifier ko khud hi muh me dal sakta hai aur use cheezein purposefully giraana pasand karta hai. Wo jyada babble nahi karta aur meri ummeed ke mutabik jyada khel bhi nahi sakta.","Beta, maine suna hai ki aapka beta 8 mahine ka hai aur usme eczema aur digestion ke samasya ho rahe hain. Ye sabhi symptoms ek dusre se judh sakte hain. Iske alawa, aapne kaha hai ki uska weight bhi kam hai, jo chinta ka karan hai. Main aapko kuchh cheezein batana chahta hoon. Pehle, aapko dairy products se bachna chahiye, jaise ki yogurt, kyonki usne reaction diya hai. Aapko iske alawa koi bhi dairy product nahi dena chahiye. Doosri cheez, aapko milk aur solid khilane chahiye, jisse uska weight badhega. Aapko uske liye ek pediatrician se baat karni chahiye, jisse ve uske liye ek diet plan bana sakte hain.",dermatitis,,,,zero_shot,P02592,high
A057,"Mujhe do hafte pehle bottom tooth nikalvane ka operation hua tha, kuch dino baad mujhe extraction site par infection ho gaya, mai dentist ke paas gaya, unhone area saaf kiya aur antibiotics extraction tooth me daale, usi raat area fir se dard karne laga, aur kuch dino baad meri jibh par chale ho gaye, bahut dard ho raha tha, khana nahi kha pa raha tha aur neend nahi aa rahi thi, maine doctors ko phone kiya aur agli din ka appointment liya, us bich mai clorcydle mouthwash use kiya. Doctors ne mujhe antibiotics diye aur kaha ki mai clorcydle mouthwash continue karta rahun. Ek hafte baad mere saare chale gayab ho gaye aur mera extraction tooth bahut behtar ho gaya. Maine notice kiya hai ki extraction tooth ke pass mere masudo aur hoth par white spot hai, jab maine use chua toh thoda dard hua. Aur mere bottom back tooth aur upper back tooth ko dabane par dard hota hai. Mujhe janna hai kya ye sab normal hai. Kripya doctor, neeche diye gaye image ko dekhein aur advise dein.","Arre bhai, maine dekha hai ki aapke bottom tooth ka root canal treatment hua tha, aur aapke paas kuch symptoms the, jaise ki infection, dard, aur jibh par chale. Doctor ne aapko antibiotics diye aur clorcydle mouthwash ka use karne ka advice diya. Ek hafte baad aapke symptoms chale gaye, aur aapke extraction tooth ka condition behtar ho gaya. Ab aapke paas white spot hain, aur dabane par dard hota hai. Ye sab normal hai, kyunki root canal treatment ke baad aapke tooth mein kuch time ke liye dard aur infection ho sakte hain. Lekin agar dard aur white spot abhi bhi ho rahe hain, to aapko doctor se phir se milna chahiye.",infection,,,,grounded,P00529,low
A058,"Mere 24 saal ke bete ke eyebrow ke neech ek ganth hai. Kripya dekhein patient ke aankhon ke image ko neeche. Ye 6 mahine se hai aur koi badlav nahi hua hai. Raat ko isne andar se fatne ka prateet hona shuru kiya aur uski chehre ki taraf sujan hai lekin ganth choti ho gayi hai. Kya hume chinta karne ki jarurat hai? Dard, laalima ya bukhar nahi hai. Dhanyavaad.","Beta, aapki baat suni. Aapke eyebrow ke neeche ek ganth hai, jiska aapne 6 mahine se darshana kiya hai. Aapke aankhon ke image mein koi badlav nahi hai, lekin aapne raat ko andar se fatne ka prateet hona aur chehre ki taraf sujan hone ka kaha hai. 

Chinta karne ki zarurat hai ya nahi, ismein kuch bhi nahi hai. Aapke aankhon ke examination mein koi dard, laalima ya bukhar nahi hai. Aapke clinical evidence mein koi suchna nahi hai jisse aapke ganth ke baare mein koi chinta ho.",(none),,,,grounded,P01435,high
A059,"Mere pati ko ek hafte se upper jaw pain (right side) ho raha hai aur uske chehre (upper lip, cheeks, chin) mein swelling 2 din se ho rahi hai. Please doctor, dekhein is vartaman condition ko. Aaj emergency room mein jaane par allergic reaction ke baare mein puchne par uska blood pressure 162 over 119 nikla. Mujhe chinta hai.","Arre, aapko chinta mat karein. Yeh symptoms bahut ghatiya hain. Upper jaw pain aur swelling chehre ke upar (upper lip, cheeks, chin) ke liye humein jaw pain aur cellulitis ya abscess ka dhyan dena hoga. Blood pressure ke high level ka matlab hai ki aapka pati high blood pressure se affected ho sakta hai. Hum is vartaman condition ko dekhne ke liye aapko doctor se milne ki zaroorat hai.","infection, inflammation, pain, swelling",,,,zero_shot,P00282,low
A060,"Mujhe do hafte pehle bottom tooth nikalvane ka operation hua tha, kuch dino baad mujhe extraction site par infection ho gaya, mai dentist ke paas gaya, unhone area saaf kiya aur antibiotics extraction tooth me daale, usi raat area fir se dard karne laga, aur kuch dino baad meri jibh par chale ho gaye, bahut dard ho raha tha, khana nahi kha pa raha tha aur neend nahi aa rahi thi, maine doctors ko phone kiya aur agli din ka appointment liya, us bich mai clorcydle mouthwash use kiya. Doctors ne mujhe antibiotics diye aur kaha ki mai clorcydle mouthwash continue karta rahun. Ek hafte baad mere saare chale gayab ho gaye aur mera extraction tooth bahut behtar ho gaya. Maine notice kiya hai ki extraction tooth ke pass mere masudo aur hoth par white spot hai, jab maine use chua toh thoda dard hua. Aur mere bottom back tooth aur upper back tooth ko dabane par dard hota hai. Mujhe janna hai kya ye sab normal hai. Kripya doctor, neeche diye gaye image ko dekhein aur advise dein.","Bhai, maine dekha hai ki aapke paas ek extraction operation hua tha, lekin infection ho gayi aur antibiotics diye gaye the. Ab aapke paas ek white spot hai extraction tooth ke pass aur hoth par, jo thoda dard karta hai jab aap use chuate hain. Ye white spot ek common side effect ho sakta hai extraction ke baad, lekin agar dard badh raha hai ya infection ho gayi hai, to aapko doctor se phir se milna chahiye.

Aapke bottom back tooth aur upper back tooth ko dabane par dard hone ka matlab hai ki aapke paas gum disease ho sakta hai ya extraction ke baad aapke paas koi dard ho sakta hai. Lekin agar aapko gum disease hai, to aapko doctor se milna chahiye aur gum treatment karwana chahiye.

Main aapko advise karta hoon ki aap apne doctor se phir se milte rahein aur unse puchte rahein ki aapke paas kya problem hai aur kya treatment karna chahiye.",infection,,,,zero_shot,P00529,low
A061,"Mujhe is weekend kuch had tak bhayankar hives huye aur honton, kaan aur aankh ke palkon ka sujana bhi hui, Dr ke paas gaya toh meri blood pressure 155/102 tha, unhone mujhe Metropolol lene ko kaha hai. Mujhe pehle bhi high blood pressure hai par sabse jyada kabhi 144/92 raha hai, lekin jab main sahi tarah se khana khane aur thoda vyayam karne pe dhyan deta hoon, toh yeh 120/81 tak aata hai. Kya ab mujhe abhi Metropolol lena chahiye ya fir wapas se healthy khana khane aur vyayam karne pe dhyan dekar apne aap ko line me laun. Metropolol ke bare me padha hai aur uske side effects mujhe high blood pressure se bhi jyada chintit kar rahe hain. Thanks.","Bhai, main samajh sakta hoon ki aapko Metropolol lena pasand nahi hai. High blood pressure ke liye medicine lena zaroori ho sakta hai, lekin aapko apne doctor se phir se baat karni chahiye. Aap apne aap ko healthy khana khane aur vyayam karne pe dhyan dene se pehle hi blood pressure control kar sakte hain. Iske liye aapko apne diet mein changes karna hoga aur regular exercise karna hoga.",(none),,,,zero_shot,P01926,medium
A062,Mere left diaphragm par ande ke size ka ek gaanth hai. Tech jo xray kiya tha usne kaha ki ye gaanth mere dil aur phuphse ke beech mein hai. Iske aas paas aur neeche dard aur jalan hai. Ab mujhe apne left side ya pet par sona nahi hota. Mujhe apne gardan aur collar bone mein kuch lymph node sujan bhi hai.Doctor please patient ki image neeche dekhiye jisme mere gardan mein kuch issue aata hai jo aata jaata rehta hai.,"Arre bhai, maine dekha hai ki tumhare left mandibular molar area mein dard aur jalan hai. Iske alawa, tumhare pet par bhi dard aur jalan hai, aur tumhare left side par sona nahi hota. Tumhare neck aur collar bone mein bhi lymph node sujan hai. 

Maine dekha hai ki tumhare orthopantomography mein ill-defined, irregular bony destruction diya hai, jo tumhare left mandible mein hai. Aur tumhare CT scan mein bhi bone-destroying lesion diya hai, jo tumhare left alveolar ridge mein hai. Iske alawa, tumhare 3D-CT scan mein destruction of cortical bone diya hai, jo tumhare left mandible mein hai.

Maine tumhare symptoms aur imaging results ke anusaar osteomyelitis of the mandible ka suspicion kiya hai. Iske liye, maine clyndamycin diya hai. Ab tumhare kuchh hematological examination ke results mein reduction diya hai, jo white blood cell count, red blood cell count, hemoglobin aur hematocrit mein hai.","erythema, lesion, lymphadenopathy",,,,grounded,P01559,medium
A063,"Meri lower legs par horrible red raised flaky itchy rash shuru hui, jisse hive like rash on my thighs par progress hua, phir hives ne upper arms, back and forearms tak spread kiya. Sabko bahut khujli ","Aapki symptoms ko dekhkar, mujhe lagta hai ki aapki bimari chikungunya fever ki wajah se ho sakti hai, jaise ki clinical evidence mein bataya gaya hai. Lekin, aapke symptoms mein kuchh alag baat hai, jaise ki aapke face par inflammation aur hives. Hum yeh confirm nahi kar sakte ki aapki bimari chikungunya hai ya nahi, kyunki aapke test results aur symptoms puri tarah se match nahi kar rahe hain. Aapko apne doctor se milna chahiye aur apne symptoms ke baare mein aur discuss karna chahiye.",fever,,,,grounded,P02314,low
A064,"Mera ek hafta se benzoyl peroxide istemal kar raha hoon, meri skin oily se bahut dry ho gayi hai. Mere honthon ke neeche bahut dry aur patchy hai, aur naak ke kinare bhi. Iska reason benzoyl peroxide ya phir kyunki bahar thand ho rahi hai?","Bilkul, benzoyl peroxide ka istemaal karne se skin dry ho sakti hai. Iska reason yeh hai ki yeh ingredient skin ke sebum ko kam karne ke liye kaam karta hai, lekin yeh skin ke natural moisturizing layer ko bhi kam kar sakta hai. Thand hone se bhi skin dry ho sakti hai, lekin benzoyl peroxide ka istemaal karne se aapke case mein yeh dryness aur patchiness ho rahi hai. Main aapko moisturizer ka istemaal karne ki suggestion dega.",(none),,,,zero_shot,P01837,medium
A065,"Mujhe lagatar sir dard hota hai, main bahut garam aur pareshan ho jata hoon aur mujhe dhyan dena mushkil lagta hai. Meri aankhein bhi dard karti hain. Please doctor, dekhiye yahaan tak ki aankhein. Jab main screens jaise teles aur computers dekhta hoon, tab main bahut thak jata hoon. Ye jab mujhe glandular fever ho gaya tha. Kya aapko lagta hai ki ismein kuch serious ho sakta hai?","Bhai, aapke symptoms bahut hi ghatiya hain. Aapke sir dard, garami aur dhyan dena mushkil lagana, yeh sab symptoms migrane ki shikayat kar sakte hain. Aapki aankhein dard karti hain, yeh aankhon ki tension ya binocular vision disorder ka karan ho sakta hai. Aur aapko screens dekhte samay thakna, yeh aapke netra par padhne ki duty ka karan ho sakta hai. Main aapko ek ophthalmologist (aankhon ka doctor) ke paas le jana chahunga, woh aapke symptoms ka theek se treatment kar sakte hain.",(none),,,,zero_shot,P00935,high
A066,"Mujhe 38 saal ki umar hai. Mere pas hep c genotype3a hai. Liver enzymes elevated hai. Bilirubin, albumin aur INR normal hai. USG mildly coarse liver suggest karta hai. Maine peg ifn n ribavarin ka six months course liya. Viral load 4 weeks ke baad five logs decrease hua hai lekin treatment ka end hone par wo negative nahi hai. Ab treatment khatam hone ke do mahine baad mujhe pedal ho rahi hai. Please doctor, dekhiye is halat ko. Kripya suggest karen.","Arre beta, maine aapki symptoms aur clinical evidence dekhi hai. Aapke paas 38 saal ki umar hai aur aapke paas hep C genotype 3a hai. Aapne treatment kiya tha, lekin viral load negative nahi ho gaya hai. Ab aapko pedal ho rahi hai. 

Main aapko yeh batana chahta hoon ki aapke paas ek such situation hai jismein aapke liver enzymes elevated hain aur aapke liver mildly coarse hai. 

Lekin main aapko yeh bhi batana chahta hoon ki aapke paas cardiac symptoms hain, jaise ki exertional dyspnea, aur aapke paas cardiac enzymes negative hain. BNP level 843 hai, jo high hai. D-dimer bhi elevated hai. 

Main aapko yeh batana chahta hoon ki aapke paas myocarditis ka koi clinical evidence hai, jaise ki CMR ki report mein top normal left ventricular size, mildly dilated, LVEF 27%, aur severe regional wall dysfunction hai. 

Main aapko yeh batana chahta hoon ki aapko ek cardiac specialist se milna chahiye, jisse aapke symptoms aur clinical evidence ke anusaar aapke paas kya problem hai, uska diagnosis ki",(none),,,,grounded,P01202,low
A067,"Maine teen doctor ko dekha hai kyunki mere haathon aur bahari kalai par yeh khujli hai. Mere haath par eczema ka medical history hai aur maine do round of IM 125 Medrol liye hain, rash bahut improve hua hai aur Monday se itching nahi hui hai. Mere kalai par jo rash hai wo skin colored hai aur unki shape connect circular nahi hai. Mujhe do weeks pehle scabies se expose hua tha, kya ye scabies ho sakti hai? Kya ye Medrol se improve hogi? Aur mere poore sharir mein itching hai, kya ye Medrol ka side effect hai? Main Medrol dose pack mein bhi hoon. Neeche image attach ki gayi hai.","Beta, maine dekha hai ki aapke haath aur bahari kalai par khujli hai. Aapke lab test mein low positive anti-MDA5 antibodies ki report aayi hai, jo DM ke liye ek indicator hai. Aapke symptoms aur lab test ke anusaar, yeh sambhav hai ki aapko DM ho. Lekin, ismein scabies ka bhi koi chance hai. 

Aapke rash ko dekhte hue, yeh skin-colored circular shape ka hai, jo scabies ke symptoms se match karta hai. Lekin, yeh bhi sambhav hai ki yeh DM ke symptoms ho. 

Medrol se aapka rash improve ho gaya hai, lekin yeh DM ke symptoms ko control karne ke liye upyogi hai. Lekin, Medrol ka side effect itching ho sakta hai. Aapke poore sharir mein itching hai, ismein Medrol ka side effect ho sakta hai.","pruritus, rash",,,,grounded,P02331,low
A068,"HI, Mera naam lisa hai, kuch saalo se mujhe baar-baar wahi rash right breast par ho raha hai, aur ye saal me 3 baar wapas aata hai. Mera doctor kehta hai ki ye fungal skin ki problem hai, lekin ye bahut itching aur redness ho rahi hai. Ye right breast par hai. Mujhe madad chahiye, har saal mujhe ye hota hai. Uska image attached hai neeche.","Arre Lisa ji, main aapki madad karne ke liye yahaan hoon. Aapke rash ki description sunke, main aapko kuchh cheezein puchna chahta hoon. Aapke rash ki itching aur redness bahut ho rahi hai, isme se lagta hai ki yeh fungal infection nahin hai. Kya aapko koi aur symptoms bhi hain, jaise ki fever, pain ya discharge?","erythema, fever, pain, pruritus, rash",,,,zero_shot,P02255,medium
A069,"Mera father ne apne upper 2 molars teeth ko last December nikalwaya tha.Uske baad usko dry mouth, fatigue, normal to high body temperature changes during the day and haath aur pair me sujan hone lagi.Please dekhiye andar hua hai foot par. Uska blood sugar normal hai without diabetes aur kai blood test clear hai.","Beta, aapka pita ka case bahut hi kam jankari ke sath hai. Main aapko kuchh baatein bata sakta hoon. Pita ka dry mouth, fatigue, body temperature changes aur sujan hone ka shuru hua hai, lekin yeh symptoms aapke case ke sath koi connection nahin dikhate. Aapka pita ka blood sugar normal hai aur kai blood test clear hai, toh diabetes ya koi anya metabolic disorder ka khatra nahin hai.",(none),,,,grounded,P00328,low
A070,"Hello doctor,Main ek 25 saal ki mahila hoon. Mere paas neeche diye gaye symptoms hai:Kaafi saalon se sinus congestion hai. Main Fluticasone Propionate le rahi hoon iske liye (do sprays, do baar roz), ek saal se aadha, tonsilolliths hai jo 1-2 mm ke size ke hai, ek saal se constant sore throat hai (dry hai, sujan wala lagta hai aur nigalna mushkil hai) chaar se panch mahine se, kaan dard hai (khaas karke mere left ear mein) chaar se panch mahine se, bad breath hai ek se do saal se. Ye kharab ho raha hai, lekin main regular brush aur floss karti hoon. Kripya dekhein is vartaman condition ko. Main har chheh mahine dentist se consultation karti hoon, aur problem solve karne ke liye mouth wash try kiya hai, lekin samasya mere gale ke peeche se lag rahi hai aur nahi solve ho pa rahi hai. Ek mahine pehle maine apne symptoms ke baare mein doctor se consult kiya tha aur unhone mujhe Omeprazole 40 mg diya tha nausea aur heartburn ke liye. Unhone bataya ki mujhe eustachian tube dysfunction hai, jo mere sinus problem se mil kar kaan dard ka karan ban sakta hai. Unhone Fluticasone Propionate do sprays do baar roz prescribe kiya tha. Mere sore throat aur kaan dard abhi tak gayab nahi hue hai, mujhe pata chala ki doctor ne mera gale ka check up nahi kiya. Kya aap please meri tonsils ki picture review karke mujhe is discomfort ka karan batayenge?","Arre beta, maine suna ki aapke paas sinus congestion, sore throat, tonsiloliths, aur kan dard hai. Lekin aapke symptoms aur mera case bahut alag hai. Aapke paas dysphagia, odynophagia, aur kan dard hai, lekin aapke symptoms bahut different hai. Main aapke tonsiloliths ki picture review kar sakta hoon, lekin ismein koi specific information nahin di gayi hai. Main aapko kuchh predict nahin kar sakta hoon. Aapko phir se ek baar doctor se consult karna chahiye.",(none),,,,grounded,P02632,low
A071,"Mere tonsils ke taraf yellow spots hain. Meri gale laal hai aur nigalne mein dard hota hai. Please doctor, neeche image dekhe jisse affected area hai.Advil pain ko mostly kam kar deta hai, but mere paas kabhi strep nahi hua hai, aur ulcers mostly mere uvula par hai.Mujhe koi fever nahi hai. Maine inhaler use kiya hai, but mai apna mouth rinse karti hoon aur mujhe kabhi thrush nahi hua hai. Mai kal PACU mein kaam kar rahi hoon aur kisi ko bhi infect nahi karna chahti. Mujhe kuch hafto se sardi hai aur mene months pehle flu shot bhi liya tha. Mujhe antibiotics nahi chahiye aur main iska wait karne ke liye khush hoon, jaise ki jyadatar nurses ko jaane ka time nahi hota hai unless absolutely necessary.","Bhai, tumhare symptoms aur description se, maine tumhari condition ke bare mein socha hai. Tumhare gale laal hain aur nigalne mein dard hota hai, lekin tumhare lab test normal hain. Tumhare tonsils ke taraf yellow spots hain, lekin ye strep nahi hain. Tumhare symptoms similar hain jaise woh patient jo Shahid Beheshti Maxillofacial Pathology Department mein aaya tha. Unke case mein bhi inflammatory and reactive hyperplastic lesions the, lekin unke lab test bhi normal the. Unka histopathologic examination karne ke baad, unka diagnosis granulocytic sarcoma diya gaya tha.","inflammation, lesion, malignancy",,,,grounded,P00787,medium
A072,"Maine haal hi mein apne masudon mein ek chhed bhi notice kiya hai. Yah mere neeche ke daanton ke niche hai, seedhe jaw ke upar. Jab main apni gaal ke bahar dabaav dalta hoon, thoda bhi, toh mujhe dard hota hai. Yah constant roop se dard karti hai, lekin agar main aisa kuch karta hoon ya kuch khaata hoon toh dard aur bhi zyada hota hai. Mere jaw aur gaal kuch hafto se dard kar rahe hain, lekin last couple of days mein yeh karib unbearable ho gaya hai. Aur mere gardan bhi sujan si mehsoos ho rahi hai, jaw ke niche. Ismein kuch kadakpan mehsoos hoti hai. Sirf kuch ghante pehle maine apne munh mein andar dekha, jahan maine masudon mein chhed dikhaya. Shayad chhed sahi shabd nahi hai. Tear, ho sakta hai. Ek gehra, elliptical tear. Yah clean dikhti hai, ek tarah se. Yah khoon nahi beh rahi hai, uski edges perfectly smooth dikhti hain. Kripya dekhein affected area ka image doctor sahab neeche.","Bhai, aapki baat suni. Aapke jaw ke niche dard aur sujan kaafi ghatiya hai. Main aapko kuch cheezein batana chahta hoon. Aapke description se lagta hai ki aapke jaw ke niche ek chhed ho sakta hai, jisse dard aur sujan ho rahi hai. Ismein kuch kadakpan aur sujan kaafi ghatiya hai. Main aapko ek doctor se milne ke liye kahaunga, jisse vah aapke masudon ka check-up kar sake aur aapko sahi treatment di ja sake.",(none),,,,zero_shot,P00649,high
A073,"Hello doctor, Mere paas kuch samay pehle physical test aur blood works huye the. Maine apne doctor ko bataya tha ki mere right armpit ke niche ek ganth hai. Usne ise check kiya aur fir mujhe ultrascan aur needle biopsy ke liye bheja. Ek hafte baad doctor ne phone kiya aur kaha ki ye follicular lymphoma hai jo non-Hodgkin's lymphoma ka ek prakar hai aur iska ilaaj ho sakta hai. Please doctor, dekhiye is vartaman condition ko. Main do din mein PET aur CT scan karane jaa raha hoon. Oncologist ne mujhe examine kiya aur kaha ki gaal aur spleen me sujan nahi hai. Kripya batayein ki kya ye tarah ka lymphoma ilaaj ho sakta hai kyunki main maut se dar raha hoon.","Arre bhai, main tumhein yeh batata hoon ki tumhare paas ek pseudoaneurysm hai, jo ek prakaar ka sangam hai jismein blood kee vahaktaa khulee hui hai. Yeh sangam tumhare haathon kee ulnar artery se juda hua hai. Iske liye tumhein ultrasound guided percutaneous thrombin injection kiya gaya hai, jisse sangam pura clotted ho gaya hai. Ab tumhare haaton mein swelling kam ho gaya hai aur finger vahaktaa theek se ho gayi hai.",swelling,,,,grounded,P02869,low
A074,"Hello doctor,Main ek 25 saal ki mahila hoon. Mere paas neeche diye gaye symptoms hai:Kaafi saalon se sinus congestion hai. Main Fluticasone Propionate le rahi hoon iske liye (do sprays, do baar roz), ek saal se aadha, tonsilolliths hai jo 1-2 mm ke size ke hai, ek saal se constant sore throat hai (dry hai, sujan wala lagta hai aur nigalna mushkil hai) chaar se panch mahine se, kaan dard hai (khaas karke mere left ear mein) chaar se panch mahine se, bad breath hai ek se do saal se. Ye kharab ho raha hai, lekin main regular brush aur floss karti hoon. Kripya dekhein is vartaman condition ko. Main har chheh mahine dentist se consultation karti hoon, aur problem solve karne ke liye mouth wash try kiya hai, lekin samasya mere gale ke peeche se lag rahi hai aur nahi solve ho pa rahi hai. Ek mahine pehle maine apne symptoms ke baare mein doctor se consult kiya tha aur unhone mujhe Omeprazole 40 mg diya tha nausea aur heartburn ke liye. Unhone bataya ki mujhe eustachian tube dysfunction hai, jo mere sinus problem se mil kar kaan dard ka karan ban sakta hai. Unhone Fluticasone Propionate do sprays do baar roz prescribe kiya tha. Mere sore throat aur kaan dard abhi tak gayab nahi hue hai, mujhe pata chala ki doctor ne mera gale ka check up nahi kiya. Kya aap please meri tonsils ki picture review karke mujhe is discomfort ka karan batayenge?","Arre, beta, main tumhare symptoms ko dekhta hoon. Tumhare tonsiloliths ka size 1-2 mm hai, jo thoda bada hai. Yeh ho sakta hai ki yeh tumhare sinus congestion aur sore throat ke liye ek karan ho. Lekin, tumhare symptoms ka karan ek hi cheez nahi ho sakta. Main tumhe ek ENT specialist ke paas bhejne ki salah deta hoon, jinhone tumhare gale ka check-up kiya ho. Unhone tumhare eustachian tube dysfunction ka diagnosis kiya tha, jo tumhare kaan dard ke liye ek karan ho sakta hai. Ab, tumhare tonsiloliths ka karan bhi pata karna hoga. Main tumhe ek ENT specialist ke paas bhejne ki salah deta hoon.",(none),,,,zero_shot,P02632,low
A075,"Namaste Doctor, meri 19 mahine ki beti aj subah ek tarah ka honth sujha hua hokar uthi hai, sujan gaal par aur ek taraf ke lower lip par dikhai deti hai. Kripya doctor is vartaman condition ko dekhein. Woh dard me nahi lag rahi hai, lekin woh apne normal hyper self hai. Kya mujhe panic karne ka koi reason hai?","Namaste beta, aapki baat suni. Yeh sujha hua honth aur sujan gaal ka koi bada khauf nahi hai. Yeh cheez kuchh virus ya allergy ka effect ho sakta hai. Aapko thoda paani peene ka koi problem nahi hai, aur aapko koi dard nahi lag raha hai, to ismein koi bada khauf nahi hai. Hum aapki chehre ki jaanch karne ke liye ek doctor ko bulayenge.","allergy, viral",,,,zero_shot,P00272,high
A076," Kya candid ya candid b cream behtar hai? Asal mein, mein ek 31 saal ki shaadi shuda mahila hoon. Mere paas ek 3 mahine ka beta hai. Sir, mujhe ek skin infection ki samasya hai. Mere chehre par gol aur laal dairein hai jo khujli karti hai aur ye ek point se shuru hui thi aur ab poore chehre par fail gayi hai aur badhti ja rahi hai. Mein bahut sare skin specialist se mil chuki hoon lekin ye rukti nahi hai. Mujhe candid, candid b cream, lotion, fluconazole aur ranitidin capsules, sath hi skin light cream bhi prescribe ki hai. Kripya aap dekh lijiye is vartaman condition ko. Ab mai kya karun?","Bilkul, main aapki samasya dekh raha hoon. Ye lagta hai ki aapko ek viral ya bacterial infection hai, jo candida infection ke karan bhi ho sakta hai. Lekin aapke symptoms, jaise ki gol aur laal dairein, khujli, aur ye poore chehre par fail karne ki wajah se, ye sambhav hai ki aapko ek viral infection, jaise ki herpes simplex, ho sakta hai. Main aapko kahaunga ki aapko apne doctor se phir se milna chahiye aur unhe aapke symptoms aur treatment ke baare mein pata karna chahiye.","bacterial, fungal, infection, viral",,,,zero_shot,P02544,medium
A077,"Meri 9 saal ki beti ke arm, legs aur feet ke tops mein use lagta hai jaise koi use poke kar raha ho. Usko lagta hai ki uske kapdo mein kuch hai jo use poke kar raha hai, lekin jab wo apne kapde check karti hai toh waha kuch nahi hota...aur ye use kai jagah par hota hai. Wo kehti hai ki ye aata jata hai aur ye dard se zyada pareshani wala hai. Maine uski skin check ki hai aur waha koi bhi gaanthen ya irritation ki koi nishani nahi hai. Use haal hi mein Celiac Disease ka diagnosis hua hai, aur mujhe kuch idea nahi hai ki iska koi taaluka hai ya nahi, lekin socha ki mention karu. Mujhe nahi pata ki mujhe iske baare mein chinta karni chahiye ya shayad ye bas sukhhi twacha ya kuch aur ho. Please doctor, vartaman sthithi ko dekhe.","Arre bhai, maine suna hai ki aapki beti ke paas kuchh anidraasaniyan hain. Vah kehti hai ki uske arm, legs aur feet ke tops mein use lagta hai jaise koi use poke kar raha ho. Iske liye, maine dekha ki aapke beti ko Celiac Disease ka diagnosis hua hai. Celiac Disease se related symptoms hain, jaise ki paresthesia ya tingling sensation. Iske alawa, uske chest radiograph mein ill-defined bilateral perihilar and lower lobe infiltrates theek nahi hain, jo COVID-19 ke symptoms ke liye related ho sakte hain. Lekin, maine kuchh aur symptoms nahi dekhe jo Celiac Disease se related hain. Main aapko kahaunga ki aapko dermatologist se baat karna chahiye, kyunki iske liye ek visheshagya ka mawajootaav jaroori hai.",(none),,,,grounded,P00184,high
A078,"Main pichle 4 din se bimar hoon aur jab main doctor ke paas gaya toh unhone mere urine me khoon paya. Unho ne CBC blood test kiya aur result accha aaya. Mere peeche aur side bahut dard ho raha hai aur main bahut kamzor hu. Jab main peshaab karta hoon, woh acchi tarah se nahi aata hai. Pichle 4 din se yeh takleef ho rahi hai, lekin isse pehle meri peshaab acchi tarah se nahi hui thi aur maine iss cheez ko apne par blame kiya kyun ki main CNA hoon aur mujhe jaane ka waqt nahi hota aur waise hi November ke last year me mujhe ek rash ho gaya tha. Kripya doctor, dekhiye is vartaman condition ko. Tab wohne mujhe allergies ki dawa lene ko kaha tha aur tab mere peeche aur side dard ho raha tha, lekin wohne kaha tha ki yeh gas hai. Mujhe yeh poochhna hai ki kya yeh sab kidney ya heart failure ke lakshan ho sakte hain. Aur mujhe lagbhag 3 saal se suboxone lena hai. Dhanyavaad.","Beta, main aapki baat samajh gaya hoon. Aapke peeche aur side dard ho raha hai, aur aapko pee karne mein mushkil ho rahi hai. MRI scan ke result ke anusaar, aapke paas DAI (Diffuse Axonal Injury) hai, jiska matlab hai ki aapke brain mein kai jagah par khoon ki maatra badh gayi hai. Iske alawa, CT scan ke result ke anusaar, aapke right gangliocapsular region mein grade 3 ki hemorrhagic contusions hai. 

Aapke peeche aur side dard ho raha hai, iska karan aapke DAI ke karan ho sakta hai. Lekin, aapke pee karne mein mushkil ho rahi hai, iska karan aapke kidney failure ya heart failure ho sakta hai. Lekin, aapke CBC blood test ka result accha aaya hai, jiska matlab hai ki aapke blood mein koi bhi problem nahi hai. Lekin, aapko suboxone lena hai, jiska matlab hai ki aapko addiction hai. 

Main aapko kahaunga ki aapko doctor se milne ki zaroorat hai, woh aapki condition ko dekhkar aapko proper treatment dengi",(none),,,,grounded,P01119,high
A079,"Hi, Haal hi mein maine apne index aur middle fingers par ek daane dekha hai. Mujhe lagta hai ki ye pehli baar tab dikha jab maine apni girlfriend ke saath inteecourse kiya (lekin tab tak un hi baarun mein se pehli baar nahi, jab usne birth control start kiya tha). Ismein better ho gaya tha jab hum summer mein kuch hafton ke liye alag the, lekin jab hum phir mil gaye toh ye aur bhi bura ho gaya. Daane dry aur scale-y skin jaise dikhte hain. Ye khujli nahi karti hai, lekin jab skin crack hoti hai tab dard hota hai. Iska image neeche attach kiya hua hai.","Arre bhai, maine dekha hai ki tumhare fingers par ek problem hai. Yeh daane aur scale-y skin jaise dikhne ki baat hai, jo aapke inteecourse ke baad shuru hua hai. Main sochta hoon ki yeh ek fungal infection ho sakti hai, jaise ki ringworm ya athlete's foot. Iska ilaaj karne ke liye hum antibiotic cream ya ointment ka upyog kar sakte hain.","fungal, infection",,,,zero_shot,P02023,medium
A080,"Hello doctor,Mujhe ear ke piche aur andar kuch daane hain.Kripya doctor dekhein is vartaman condition ko below.Meine sab kuch try kiya hai lekin abhi bhi one and a half mahine se waha hai. Mein ise ignore kar raha tha kyunki jaldi thik hojata hai lekin poora gayab nahi hota, aur abhi toh sabse bura situation hai. Yeh kaafi khujli karta hai aur raat mein aur bhi jyada hoti hai. Kabhi kabhi mujhe apne kaan ke andar bhi khujli mehsus hoti hai.Meine ek Otolaryngologist ke paas gaya tha, aur unhone mujhe Clotrimazole use karne ko bola, lekin yeh kaam nahi kiya aur aur jyada bura ho gaya. Dusra doctor ne kaha ki yeh herpes jaisa lag raha hai kyunki kabhi kabhi jab yeh bura hota hai, toh kaan mein chote chote laal dane dikhte hai. Meine Acyclovir liya tha aur shuru mein thik lag raha tha, lekin abhi tak behtar nahi hua hai. Mein abhi tak kisi skin specialist se nahi mila.","Bhai, maine dekha hai ki aapke paas kuch daane hain aur aapko khujli hoti hai. Lekin clinical evidence mein kuch bhi nahi hai jo yeh batata hai ki aapke daane aur khujli ka karan kya hai. Aapke paas herpes jaisi symptoms hain, lekin viral panel aur CSF cultures mein herpes simplex virus (HSV 1/2) ka test negative hai. Isliye, main kuch bhi confirm nahi kar sakta. Aapko phir se ek skin specialist se milna chahiye.",viral,,,,grounded,P02874,high
A081,Mujhe pityriasis rosea ka diagnosis ho gaya hai. Mujhe 2 hafte se poore jism par ek horrible rash hai. Skin bahut dry hai aur mujhe haal hi mein apni skin se ek distinct odor ka pata chala hai. Kya ye odor common hai aur is odor se kaise chutkara pa sakta hoon. Mujhe pata hai ki mujhe bas rashes ka intezaar karna hai.,"Arre bhai, pityriasis rosea ka diagnosis kuchh aisa hai jo kai logon ko hota hai. Ye rash common hai, lekin distinct odor ka pata chalne se thoda chinta lagti hai. Ye odor ek bacteria ka ho sakta hai, jisse skin dry aur itchy banti hai. Aapko dermatologist se milkar kuchh cream aur lotion ki jarurat ho sakti hai jisse odor kam ho jaye aur skin theek ho jaye.","bacterial, pruritus, rash",,,,zero_shot,P01997,medium
A082,"Sabse pehle, I assuming hai ki is consultation ke liye koi charge nahi hai. Mai 54 saal ki post menopausal female hoon. Mujhe kabhi-kabhi dry mouth hota hai lekin thode hi baar. Day before yesterday, mere lower lip ke andar ek raw purple-ish red jagah ban gayi thi jo raw feel kar rahi thi. Kal woh gayab ho gayi lekin apparently woh mere upper teeth ke back corners mein move ho gayi thi jahan meri gums aur cheeks milte hai on both sides. Meri cheeks wisdom teeth nikalwane ke baad jaisa pain aur swelling feel kar rahi hai. Raat ko, yeh problem mere mouth ke front aur back lower part ki taraf move hone lagi. Phir se, bahut red, painful aur swelling hai. Aaj subah, maine apne mouth ke upper crease mein elongated ulcers dekhe hai jahan cheek gums se milte hai. Please see the image of the affected area doctor below.","Arre bhai, maine dekha hai, tumhare symptoms bahut hi unusual hain. Isse lagta hai ki tumhare mouth mein koi infection ho sakti hai ya koi allergy ka karan ho sakta hai. Main tumhe kuchh antiseptic mouthwash aur antibiotic ointment dikhana chahta hoon. Aapko kuchh dawa leni hogi, lekin maine abhi kuchh nahi diya hai, isliye main aapko ek specialist se refer karna chahta hoon.","allergy, infection",,,,zero_shot,P00564,low
A083,"Mai hamare ghar ke ek hisse par kaam kar raha tha aur uss hisse mein heating nahi hai aur temperature 50 degrees tak pahuncha hai, doosre din wahan kaam karne ke baad mai bahut thande ho gaya tha aur ","Aapko lagta hai ki thande hone ke karan aapko ye problem ho rahi hai, lekin ab ye thik nahi ho raha hai. Mujhe lagta hai ki aapko shayad frostbite ya cold burn ho sakta hai, ya phir aapki skin mein koi irritation ho sakti hai. Aapko apni skin ko garam pani se saaf karna chahiye aur koi moisturizer lagana chahiye, aur agar ye problem badhti hai to doctor se milna chahiye. Aapko apne kapde bhi thode loose pehne chahiye taaki aapki skin ko thoda araam mile.",(none),,,,zero_shot,P02425,high
A084,"Meri lower legs par horrible red raised flaky itchy rash shuru hui, jisse hive like rash on my thighs par progress hua, phir hives ne upper arms, back and forearms tak spread kiya. Sabko bahut khujli ","Aapko 3 mahine se ye rash hai, aur wo hive like rash thighs se lekar upper arms, back, aur forearms tak spread ho gaya hai, aur aapko khujli hoti hai. Aapka ANA test negative aaya hai, isliye lupus ka chance kam hai. Aapki umra 64 saal hai, aur aapko roz 10mg citalopram lena hota hai, lekin ye rash ke saath koi direct connection nahi hai. Aapko dermatologist se milna chahiye, woh aapki skin ko dekhkar proper diagnosis aur treatment suggest kar sakte hain.","autoimmune, rash",,,,zero_shot,P02314,low
A085,"Namaste. Mai Philippines se hoon. Ek hafte se mere lymph nodes suj gaye hain. Paanch din pehle, crank sores mere munh ke andar shuru ho gaye. Mere zubaan ke neeche ek hai, aur doosre masudo mein pus lag raha hai. Mere upper aur lower masudo par bhi pus hai. Meri zubaan dard karne lagi hai. Mere dentist ne mujhe amoxicillin 500 3 times a day aur vitamin C lene ko kaha..usne Pyralvex solution bhi recommend kiya. Mai bhi Bactidol se kulla kar raha hoon. Ek hafte se mujhe achha nahi lag raha hai. Mai almost kuch nahi kha raha hoon kyunki nigalna aur katna dard ho raha hai. Kripya madad kijiye. Kripya image dekhein jo doctor ne neeche attach ki hai.","Namaste ji, main aapki madad karne ke liye yahaan hoon. Aapka description sunke, lagta hai aapko oral cavity mein infection ho sakti hai. Amoxicillin aur Pyralvex solution aapko thoda relief dene ke liye ho sakti hai, lekin aapke symptoms badh rahe hain, jisse chinta lagti hai. Aapko doctor se zaroor milna chahiye, kyonki yeh infection serious ho sakti hai.",infection,,,,zero_shot,P00774,medium
A086,"Meri wife kuch samay se apne lower lip tak apni jeebh bina hosh ke bahar nikal rahi hai aur use aisa lagta hai ki uski jeebh peeche thodi si suj gayi hai. Please doctor, is vartaman condition ko dekhiye. Uske gardan ke dono taraf bhi dard hai. Haal hi mein usne iron supplement lena shuru kiya hai. Koi sujhav hai?","Arre beta, maine aapki wife ki condition dekhi hai. Lekin, maine is evidence se kuchh nahi paya jo iske symptoms se juda hua ho. Main aapko kuchh bhi nahi confirm kar sakta. Lekin, aapko yeh batana chahiye ki iske symptoms jaise ki jeebh bahar nikalna, gardan ke dono taraf dard, yeh kuchh bhi ho sakte hain. Lekin, main aapko koi sujhav nahi de sakta. Aapko apne doctor se milna chahiye.",(none),,,,grounded,P00280,high
A087,Mere dono anguthe sukh gaye hain aur unki skin bahut patli hai aur agar kuch bhi unpar touch karta hai toh dard hota hai. Meri umar 71 hai aur mera vajan 85 kg hai. Main haal hi mein halki chemotherapy se guzar raha hoon aur rectal cancer ka ilaj karane ke liye lagatar radiation bhi kar raha hoon. Iske liye attached image dekhein.,"Bilkul, main samajh gaya. Aapke case mein Merkel cell carcinoma ka diagnosis kiya gaya hai, jo ek prakaar ka cancer hai. Aapke paas iske liye wide local excision aur sentinel lymph node biopsy kiya gaya hai, lekin ab aapke thoracic spine mein metastasis ho gaya hai. Aapke chest radiograph mein bhi right pleural effusion ki reporting ki gayi hai. Aapko radiation therapy di gayi hai palliation of bone pain ke liye.","effusion, lymphadenopathy, malignancy, pain",,,,grounded,P01778,high
A088,"Mere andar ke jaangho ko lagbhag 3 hafto pehle shave kiya tha aur tab se mujhe ye bahut bura rash hai jo dardnaak hai aur mere skin sujan aur sukhi hai wahan par aur meri jhaanghen is fluid ko leak karti rahti hain, maine A&D ointment laga rakhi hai. Mujhe kuch samajh nahi aa raha hai aur main doctor ke paas jaana nahi chahti. Isse kaise theek karun? Mujhe lagta hai ki mere psoriasis bhi hai....Uski image neeche attach ki gayi hai.","Bilkul, main samajh gaya. Aapke rash ke bare mein, yeh dikh raha hai ki aapke paas bullae hain, jo dardnaak aur fluid-filled hain. Aapke blood test mein kuchh abnormality nahi dikh rahi hai. Aapka hemoglobin normal hai, platelet count normal hai, aur leukocyte count bhi normal hai. Aapke rash ke liye A&D ointment laga rahi hain, jisse aapka skin sujan aur sukhi hai. Lekin aapko lagbhag 3 hafto pehle shave kiya tha, aur tab se aapke rash ki shuruat hui hai. Isse lagta hai ki aapke rash ke liye koi jatil karan ho sakta hai.",rash,,,,grounded,P01907,high
A089,"Meri wife kuch samay se apne lower lip tak apni jeebh bina hosh ke bahar nikal rahi hai aur use aisa lagta hai ki uski jeebh peeche thodi si suj gayi hai. Please doctor, is vartaman condition ko dekhiye. Uske gardan ke dono taraf bhi dard hai. Haal hi mein usne iron supplement lena shuru kiya hai. Koi sujhav hai?","Bilkul, main aapki wife ki problem samajhne ki koshish karunga. Aapki wife ki jeebh bahar nikalne ki shaytaanee hai sambhav hai, jiska naam 'trigeminal neuralgia' hai. Iska karan gardan ke nerves mein dard ho sakta hai. Iron supplement lena shuru karne ke baad yeh dard aur bhi badh sakta hai. Main aapko ek specialist se milne aur test karwane ki salah deta hoon.",pain,,,,zero_shot,P00280,high
A090,"Maine haal hi mein apne masudon mein ek chhed bhi notice kiya hai. Yah mere neeche ke daanton ke niche hai, seedhe jaw ke upar. Jab main apni gaal ke bahar dabaav dalta hoon, thoda bhi, toh mujhe dard hota hai. Yah constant roop se dard karti hai, lekin agar main aisa kuch karta hoon ya kuch khaata hoon toh dard aur bhi zyada hota hai. Mere jaw aur gaal kuch hafto se dard kar rahe hain, lekin last couple of days mein yeh karib unbearable ho gaya hai. Aur mere gardan bhi sujan si mehsoos ho rahi hai, jaw ke niche. Ismein kuch kadakpan mehsoos hoti hai. Sirf kuch ghante pehle maine apne munh mein andar dekha, jahan maine masudon mein chhed dikhaya. Shayad chhed sahi shabd nahi hai. Tear, ho sakta hai. Ek gehra, elliptical tear. Yah clean dikhti hai, ek tarah se. Yah khoon nahi beh rahi hai, uski edges perfectly smooth dikhti hain. Kripya dekhein affected area ka image doctor sahab neeche.","Bachche, maine dekha hai ki tumhare jaw ke niche aur gaal ke upar dard ho raha hai. Ismein kuch kadakpan mehsoos hoti hai aur tumhare munh mein andar ek gehra, elliptical tear dikhayi diya hai. Lekin, maine kuch bhi nahin dekha hai jo iska koi connection Laugier-Hunziker syndrome se dikhaye. Ismein kuchh aur symptoms hain jo is syndrome ke symptoms se alag hain. Main ismein koi treatment ya diagnosis nahin kar sakta. Kripya doctor sahab se baat karein.",(none),,,,grounded,P00649,high
A091,"Mere naak par Daktarin cream ka upyog karke ek fungi sankraman ho gaya hai. Twacha bahut khujli aur jalan ke saath bilkul itch karne lagi hai. Please doctor, is vartaman sthiti ko dekhiye neeche. Mere GP ne Daktarin fir se prescribe kiya. Daad felne lag gaya hai aur bad me pila crusty scale ban gaya hai. Main wapas GP ke paas gaya aur woh alag se Penicillin prescribe kiya hai. Swab liya gaya. Parinam negative nikala!! Pehla course of penicillin 2 din me complete ho jayega. Dusra 6 dino me. Wahi beech mein GP ne vaada kiya hai ki dermatologist ko mere last visit ke 24 ghante pehle ek letter fax karega.","Bhai, aapka samasya kuch alag hai. Daktarin cream ka upyog karke fungi sankraman ho gaya hai, lekin penicillin prescribe kiya gaya hai. Penicillin bacteria ke liye hota hai, fungi ke liye nahin. Aapka swab negative nikala hai, lekin daad felne aur crusty scale banne ke karan, fungi ke liye antibiotics nahin kaam karte hain. Main aapko ek dermatologist ke paas bhejne ke liye kuch samay de raha hoon.",bacterial,,,,zero_shot,P00881,low
A092,"Mujhe is mahine ke pehle hi doctor ne bataya tha ki mujhe khoon ki kami hai aur abhi kuch dinon se maine notice kiya hai ki meri skin chote-chote dane ban gaye hain aur mere poore sharir par ho gaye hain. Please doctor, dekhiye is vartaman condition ko. Wo dry aur itchy patches hai jo ki raised skin hai aur vo moisturize karne par bhi gayab nahi hote hain. Kya mera skin problem meri khoon ki kami ki wajah se ho sakta hai?","Bhai, main aapko yeh batana chahta hoon ki aapke skin problem ke bare mein kuchh cheezein hai jo aapke blood ki kami ke sath judi hui hain. Aapke paas periungual erythema hai, jo ki aapke nail ke aas-paas redness hai. Iske alawa, aapke paas gingival irritation aur bleeding bhi hai, jo ki aapke mouth ke andar ho raha hai. Yeh sab cheezein aapke blood ki kami ke sath judi hui hain.",erythema,,,,grounded,P00861,medium
A093,"Meri lagbhag 3 saal ki beti ne kal subah snan liya aur use khujli hone lagi. Maine abhi tak koi daanein nahi dekhi....Kal dopahar mein maine use babysitter ke paas se uthaya aur uski skin ke color ke same small rash dekhein arm par.Kripya doctor, neeche di gayi current condition ko dekhein...Phir hum bahar garmi mein 2 ghante tak the, aur uske pure sharir par dheere dheere ye daane ho gaye jo ab laal ho gaye. Jab woh thandi hui toh woh poore tarah gayab ho gaye...Aaj subah snan ke baad, uski poora bottom laal ho gaya aur bumpy aur khujli kar raha tha. Haath aur pairon ke kuch jagah bhi thi. 30 minutes ke baad completely gayab ho gaye...Aaj dupahar ke neend mein, jahan woh so rahi thi, waha uski chehre par outbreak hua, jiski baad mein woh bhi gayab ho gaye...Hum bahar khel rahe the start hote hi woh phir se ho gaye aur andaar aate hi woh wapas gayab ho gaye. Lag raha hai jaise garmi ki wajah se ho raha hai, lekin ye kyun bar bar aata hai? Kya kabhi ye ana band ho jayega...Mere behen ne abhi call kiya hai aur kaha ki uske twin boys bhi abhi snan karke aaye hain aur ab unhe bhi ye problem hai..","Arre bhai, maine suna hai ki aapki beti ko khujli aur rash ho gaye hain. Ye lagbhag viral rash ka karan ho sakta hai, jaise ki hand-foot-and-mouth disease ya measles. Ye rash garmi se badhta hai aur thandi hokar gayab ho jata hai. Ye rash bahut saari cheezon par ho sakta hai, lekin aapke twin boys ko bhi yeh problem ho rahi hai, to yeh viral rash ka karan ho sakta hai. Main aapko doctor se milne ki salah dunga, woh aapko behtar tareeke se diagnose kar sakte hain.","rash, viral",,,,zero_shot,P00093,high
A094,Mujhe lagbhag ek saal se upper body par ek ajeeb sa rash ho raha hai. Ye rash exercise ya garmi se badh jaata hai aur shower karne ke baad bhi. Lekin kabhi kabhi kam ho jaata hai lekin kabhi bhi bilku,"Main aapki skin rash ke baare mein kuch nahi keh sakta kyunki clinical evidence mein iske baare mein koi jankari nahi hai. Lekin main yeh keh sakta hoon ki patient ke pass ""mechanic's hand"" ki problem thi, jismein skin rough aur cracked hoti hai. Lekin aapki skin rash ki wajah ya ilaaj ke baare mein main kuch nahi keh sakta kyunki clinical evidence mein iske baare mein koi jankari nahi hai. Aapko apne doctor se milna chahiye jo aapki skin rash ki jaanch kar sake aur sahi ilaaj sujhaye.",rash,,,,grounded,P02011,high
A095,"Mera father ne apne upper 2 molars teeth ko last December nikalwaya tha.Uske baad usko dry mouth, fatigue, normal to high body temperature changes during the day and haath aur pair me sujan hone lagi.Please dekhiye andar hua hai foot par. Uska blood sugar normal hai without diabetes aur kai blood test clear hai.","Arre bhai, aapka father ke symptoms bahut hi ghatiya hain. Ye dry mouth, fatigue, body temperature ki changes aur sujan ka combination jawani ki wajah se ho sakta hai, lekin isme kuch aur bhi ho sakta hai. Aapko iske liye ek specialist doctor se milna chahiye, shayad oral surgeon ya ENT specialist.",(none),,,,zero_shot,P00328,low
A096,"Mujhe bahut jyada dikkat ho rahi hai keede ke katne se, bahar. Kabhi koi problem nahi hoti thi, is saal shuru hui hai. Yahan humare paas machar, bichua, kali machar, cheete aur ghode machar hai. Mujhe sahi tarike se nahi pata ke kaun mujhe kat raha hai. Mujhe ek normal bug welt hota hai, phir kuch ghante baad wo laal ho jata hai, hives ban jate hain, suj jate hain aur dard karte hain. Mujhe do din pehle ek katne ki wajah se pinjre mein dard ho raha hai aur abhi bhi wo lal, suj gaya hai. Sujan pair ke upar se upar tak hai.Please doctor dekhiye is vartaman condition ko below. Mere pindli mein bhi ek kat gaya hai aur agar aap dabate hain to bahut dard hota hai, ab wo laal ho raha hai aur dard kar raha hai. Mujhe chakkar bhi aate hain aur jab zyada ho jaye to main benedryl le rahi hoon. Kya koi wajah hai ki itni badi reactions ho rahi hain mujhe itni sudden tarike se.","Bilkul, main samajh gaya ki aapko kuch problem ho rahi hai. Aapke symptoms, jaise ki laal welt, hives, sujan, dard, aur chakkar, inka matlab hai ki aapko ek allergy ho sakti hai. Kya aapko lagta hai ki aapko koi naya insect ya kisi cheez se contact ho raha hai jo aapko pehle se nahi hota tha? Aapke paas bahut saari cheezein hain, jaise machar, bichua, kali machar, cheete, aur ghode machar, isme se koi bhi aapko allergy ho sakta hai.",allergy,,,,zero_shot,P00821,high
A097,"Main apni mesh repaired hernia surgery se 3 hafte peeche hu.. aaj mere right side mein bahut tez dard hua hai, joh mere pet ke neeche tak aur mere belly button tak tha. Uske alawa meri hatho mein khujli ho rahi hai, doctor iske liye waale image neeche attached hai, aur mere haath aur paon mein sujan bhi hai. Aaj maine apne sir ke right side par phoola hua ganth wala swollen lymph node bhi paya.. kya ye ek reaction ho sakta hai.","Arre bhai, maine aapki yeh samasya suni hai. Aapne radiotherapy ke baad 16 mahine tak theek se feel kiya hai, lekin aaj aapko dard aur khujli ho rahi hai. Yeh radiotherapy ke side effect ho sakta hai, kyonki aapko 54 Gy dose di gayi thi. Ismein organ at risk ke liye dosimetric constraints bhi rakhe gaye the. Lekin, aapke hatho mein sujan aur haath aur paon mein sujan ke liye main kuch nahin confirm kar sakta, kyunki yeh clinical evidence mein nahin diya gaya hai.",(none),,,,grounded,P01528,medium
A098,"Mere chin par kam se kam teen hafte se ek rash hai. Shuru me ek chota sa sujan tha jo keede ke katne jaisa khujla raha tha lekin jab maine use khujaya toh fail gaya. Kuch hisse par rash lal hai aur skin neeche ki taraf hard hai lekin bahut saare area par flat blisters aur skin spongy hai. Ye jalta hai aur khujlata hai aur bahut dard hota hai. Dard ke karan maine ek poore weekend bed me bitaya hai, jiske wajah se mujhe rona aaya. Main cortisone creams aur ointments, topical aur oral antibiotics aur oral prednisone try kar chuka hoon. Main use par topicle dard kam karne wale cheezein bhi try ki hai lekin jalti aur dard ko sirf baraf se rok sakte hai. Main bahut pareshan hoon. Iss hafte mujhe doctor ke paas jaana hai lekin main toh pagal ho raha hoon.","Arre bhai, main sun raha hoon. Aapke rash ke bare mein, clinical evidence ke anusaar, aapke rash ke liye necrolytic erythema ka diagnosis kiya gaya hai. Iski wajah se aapke skin par papillated psoriasiform epidermal hyperplasia, compact hyperkeratosis, aur mounds of parakeratosis ke saath saath neutrophils hain. Aapke plasma zinc level normal hai, lekin aapke rash ke liye zinc therapy kiya gaya hai.","erythema, rash",,,,grounded,P02263,medium
A099,"Meri beti ghar aayi aur kaha ki usne apne paanv par ek stick par pair rakh diya tha, jisne uska pair chhed diya - khoon nahi nikla. Maine dekha toh lagta hai ki usne seedhe teekhe saman par pair rakh diya hai. Chhed 1/2"" lamba hai jo seedhe uske pairoke talve mein 1/2-3/4"" tak jata hai. Aaj (2 din baad) usne kaha ki bahut dard ho raha hai, par koi sanka na infection ki, na rang mein badlav ki, touch karne par dard hota hai, khoon nahi nikalta abhi bhi. Abhi uski right arm pe sujhi hui lag rahi hai. Main confuse hoon ki kyun haath pe sujan ho rahi hai. Koi sujhav hai dard wale pair ya sujni wale haath ke bare mein.Please dekhein paanv par hua incident.","Arre bhai, main samajh sakta hoon ki aapko kuch confusion hai. Ek stick par pair rakhne se pairoke talva mein chhed aaya hai, lekin khoon nahi nikla. Aaj dard ho raha hai, par infection ya rang badalne ki koi sanka nahin hai. 

Pairoke talva mein chhed hone se dard ho sakta hai, lekin sujhan ka koi sambandh nahin hai. Haath pe sujhan ho rahi hai, iska matlab hai ki kuch aur cheez hai jo aapko paani mein daal rahi hai. Aapko kuch bhi nahi pata hai jo aapke haath mein daal raha hai, jaise ki ek kheti ki seedhi cheez ya kuch aur.

Main aapko ek doctor se milne ki salah deta hoon, woh aapko puri tarah se dekhenge aur aapko sahi treatment diya jayega.",(none),,,,zero_shot,P00885,high
A100,"Sabse pehle, I assuming hai ki is consultation ke liye koi charge nahi hai. Mai 54 saal ki post menopausal female hoon. Mujhe kabhi-kabhi dry mouth hota hai lekin thode hi baar. Day before yesterday, mere lower lip ke andar ek raw purple-ish red jagah ban gayi thi jo raw feel kar rahi thi. Kal woh gayab ho gayi lekin apparently woh mere upper teeth ke back corners mein move ho gayi thi jahan meri gums aur cheeks milte hai on both sides. Meri cheeks wisdom teeth nikalwane ke baad jaisa pain aur swelling feel kar rahi hai. Raat ko, yeh problem mere mouth ke front aur back lower part ki taraf move hone lagi. Phir se, bahut red, painful aur swelling hai. Aaj subah, maine apne mouth ke upper crease mein elongated ulcers dekhe hai jahan cheek gums se milte hai. Please see the image of the affected area doctor below.","Arre bhai, maine aapki symptoms aur clinical evidence dekhi hai. Aapke case mein, kuchh cheezon ka dhyan rakhna hoga. Aapke lower jaw ke neeche ek swelling hai, jiska OPG aur CT scan mein periapical radiolucency aur buccal cortical expansion dikh raha hai. Lekin histopathological examination ke baad, aapke case mein plasmacytoma/myeloma ka diagnosis kiya gaya hai. Iska matlab hai ki aapke blood mein monoclonal gammopathy hai, jiska protein electrophoresis aur immunofixation electrophoresis mein M-spike dikh raha hai. 

Aapke symptoms, jaise ki dry mouth, purple-ish red jagah, aur elongated ulcers, plasmacytoma/myeloma ke side effects ho sakte hain. Lekin main aapko yeh bataana chahta hoon ki aapke case mein koi systemic symptoms ya other organ involvement nahin hai, jaise ki x-rays mein normal findings dikh raha hai. 

Lekin aapko regular follow-up aur monitoring ke liye jaana hoga, kyunki plasmacytoma/myeloma ek cancer hai jo treatment ke baad bhi relapse ho sakta hai.","erythema, malignancy, swelling",,,,grounded,P00564,low
A101,"Meri lagbhag 3 saal ki beti ne kal subah snan liya aur use khujli hone lagi. Maine abhi tak koi daanein nahi dekhi....Kal dopahar mein maine use babysitter ke paas se uthaya aur uski skin ke color ke same small rash dekhein arm par.Kripya doctor, neeche di gayi current condition ko dekhein...Phir hum bahar garmi mein 2 ghante tak the, aur uske pure sharir par dheere dheere ye daane ho gaye jo ab laal ho gaye. Jab woh thandi hui toh woh poore tarah gayab ho gaye...Aaj subah snan ke baad, uski poora bottom laal ho gaya aur bumpy aur khujli kar raha tha. Haath aur pairon ke kuch jagah bhi thi. 30 minutes ke baad completely gayab ho gaye...Aaj dupahar ke neend mein, jahan woh so rahi thi, waha uski chehre par outbreak hua, jiski baad mein woh bhi gayab ho gaye...Hum bahar khel rahe the start hote hi woh phir se ho gaye aur andaar aate hi woh wapas gayab ho gaye. Lag raha hai jaise garmi ki wajah se ho raha hai, lekin ye kyun bar bar aata hai? Kya kabhi ye ana band ho jayega...Mere behen ne abhi call kiya hai aur kaha ki uske twin boys bhi abhi snan karke aaye hain aur ab unhe bhi ye problem hai..","Beti ki condition dekhiye, uske paas lacrimal sac swelling tha aur usne excessive tearing ki problem thi. Ab uske paas skin rash aur daane ho gaye hain, jo garmi mein aate hain aur thandi hui toh gayab ho jate hain. Ye symptoms garmi ki wajah se ho sakte hain, lekin isse cancer ki wajah se bhi ho sakta hai. 

Maine dekha hai ki uske paas B-cell non-Hodgkin lymphoma hai, jo MALT type ka hai. Iska matlab hai ki uske paas cancer hai, jo uske lacrimal sac mein tha aur ab uske skin par bhi ho raha hai. 

Main kuchh confirm nahin kar sakta, lekin isse lagta hai ki uske paas ek cancer hai, jo garmi ki wajah se aata hai. Iska treatment karna zaroori hai, lekin aapne family ne treatment kiya nahin hai.","malignancy, rash, swelling",,,,grounded,P00093,high
A102,Mujhe pityriasis rosea ka diagnosis ho gaya hai. Mujhe 2 hafte se poore jism par ek horrible rash hai. Skin bahut dry hai aur mujhe haal hi mein apni skin se ek distinct odor ka pata chala hai. Kya ye odor common hai aur is odor se kaise chutkara pa sakta hoon. Mujhe pata hai ki mujhe bas rashes ka intezaar karna hai.,"Aapko kya lagta hai, aapko Pityriasis Rubra Pilaris (PRP) ka diagnosis mila tha, lekin phir se PPK (Palmoplantar Keratoderma) ka diagnosis mila. PPK ka koi jodidar lakshan nahi hai, lekin aapke case mein ek distinct odor ka pata chala hai. 

Is odor ka koi specific jodidar lakshan nahi hai, lekin aapke liver enzyme levels ke elevation ke baad PBC (Primary Biliary Cholangitis) ka diagnosis mila. PBC se related koi odor ka jodidar lakshan nahi hai. 

Aapko phototherapy ke saath saath bexarotene 1% gel ka upyog karna tha, lekin aapne isko chhod diya. Aap ab phototherapy hi kar rahe hain.",(none),,,,grounded,P01997,medium
A103,"Mujhe il ho rahi hai pichle 2 saalon se. Cea 12.69 hai aur sab check sahi hai. Mera blood work off hai, red blood cells kam hai, mcv off hai. Liver reading badhne lag gayi hai. Meri neck par ek red scaley rash aati hai aur jati hai. Bhot weight lose kia hai, raat ko pasina aata hai, pure body mein khujli hoti hai aur glands neck mein bhot swollen hote rehte hain. Kripya dekhein something happened on neck. Thoda madat chahiye.","Arre beta, maine dekha hai ki aapke paas pichle 2 saalon se il ho rahi hai. Aapki chehre ki scaley rash aur neck par swollen glands kaafi bada issue hai. Aapke blood work mein red blood cells kam hai aur liver reading badhne lag gayi hai. Iska matlab hai ki aapko bone marrow failure ho sakta hai. 

Maine dekha hai ki aapke paas Graves' disease hai aur aapko MMI therapy di gayi thi, lekin uske baad aapko severe AA ho gaya hai. Iska matlab hai ki aapko bone marrow ko thoda time chahiye. Aapko transfusions of erythrocytes ki zaroorat hai aur aapko imipenem/cilastatin aur G-CSF diya jata hai. 

Main aapko kuchh madad kar sakta hoon, lekin aapko doctor se baat karne ki zaroorat hai.","erythema, rash, swelling",,,,grounded,P00912,low
A104,"Mujhe is weekend kuch had tak bhayankar hives huye aur honton, kaan aur aankh ke palkon ka sujana bhi hui, Dr ke paas gaya toh meri blood pressure 155/102 tha, unhone mujhe Metropolol lene ko kaha hai. Mujhe pehle bhi high blood pressure hai par sabse jyada kabhi 144/92 raha hai, lekin jab main sahi tarah se khana khane aur thoda vyayam karne pe dhyan deta hoon, toh yeh 120/81 tak aata hai. Kya ab mujhe abhi Metropolol lena chahiye ya fir wapas se healthy khana khane aur vyayam karne pe dhyan dekar apne aap ko line me laun. Metropolol ke bare me padha hai aur uske side effects mujhe high blood pressure se bhi jyada chintit kar rahe hain. Thanks.","Arre bhai, tumhara blood pressure 155/102 tha, lekin yeh kya hai? Tumhara high blood pressure pehle se hi tha, aur tumhara doctor ne tumhe Metropolol lene ko kaha hai. Lekin tumhara case kya hai? Tumhara lab report kya de raha hai? Kuchh nahi pata, tumhara report mein kuchh bhi nahi hai jo is baat ka koi jikr karta hai. Main kuchh nahi bata sakta.",(none),,,,grounded,P01926,medium
A105,"Mere 24 saal ke bete ke eyebrow ke neech ek ganth hai. Kripya dekhein patient ke aankhon ke image ko neeche. Ye 6 mahine se hai aur koi badlav nahi hua hai. Raat ko isne andar se fatne ka prateet hona shuru kiya aur uski chehre ki taraf sujan hai lekin ganth choti ho gayi hai. Kya hume chinta karne ki jarurat hai? Dard, laalima ya bukhar nahi hai. Dhanyavaad.","Arre bhai, aapki chinta sahi hai. Ye ganth ya choti aapke bete ke eyebrow ke neeche aane ke kai karan ho sakte hain. Ek sambhavit karan yeh hai ki yeh ek sebacceous cyst hai, jo ek aam tareeke se hote hain aur aamtaur par koi dard ya laalima nahi karte hain. Hum iske liye ek doctor se milne ka faisla karenge.",(none),,,,zero_shot,P01435,high
A106,"Meri beti ko ek rash hai jo theek nahi ho raha hai. Hydrocortisone cream help nahi karti. Pehle humne socha ki ye soap se contact dermatitis hai, lekin uska koi bhi karan nahi hai. Uski image attached","Aapki beti ki rash ke liye pehle to aapko doctor ki salah leni chahiye, unhone kuchh karan socha hoga ki Pancreatic Cancer ke liye blood test karwaya jaye. Lekin aapko tension lena chahiye ya nahi, ye doctor ke baad hi pata chalega. Rash aur Pancreatic Cancer ke beech mein koi direct connection nahi hai, lekin kuchh cases mein cancer ke symptoms mein skin problems bhi ho sakte hain. Aapko apne doctor se poora discussion karna chahiye aur unke instructions follow karna chahiye.","malignancy, rash",,,,zero_shot,P01973,medium
A107,Mere left diaphragm par ande ke size ka ek gaanth hai. Tech jo xray kiya tha usne kaha ki ye gaanth mere dil aur phuphse ke beech mein hai. Iske aas paas aur neeche dard aur jalan hai. Ab mujhe apne left side ya pet par sona nahi hota. Mujhe apne gardan aur collar bone mein kuch lymph node sujan bhi hai.Doctor please patient ki image neeche dekhiye jisme mere gardan mein kuch issue aata hai jo aata jaata rehta hai.,"Bhai, aapke symptoms bahut hi ghatiya hain. Aapke left diaphragm par ek gaanth hai, aur aas paas dard aur jalan hai. Ye symptoms cancer ke liye kuch indicator ho sakte hain, khaskar yadi aapke lymph nodes mein bhi sujan hai. Main aapko ek specialist, jaise ki thoracic surgeon ya oncologist ke paas bhejne ki salah dunga.","lymphadenopathy, malignancy",,,,zero_shot,P01559,medium
A108,"Mere andar ke jaangho ko lagbhag 3 hafto pehle shave kiya tha aur tab se mujhe ye bahut bura rash hai jo dardnaak hai aur mere skin sujan aur sukhi hai wahan par aur meri jhaanghen is fluid ko leak karti rahti hain, maine A&D ointment laga rakhi hai. Mujhe kuch samajh nahi aa raha hai aur main doctor ke paas jaana nahi chahti. Isse kaise theek karun? Mujhe lagta hai ki mere psoriasis bhi hai....Uski image neeche attach ki gayi hai.","Bilkul samajhne ki koshish karungi. Aapke rash aur jhaanghon ki sujan aur sukhi se lagta hai ki aapko razor burn ho sakta hai. Ismein dard aur fluid leak hua hai, jo aam razor burn ke symptoms hain. Aap A&D ointment lagane ke alawa, aapko ice pack lagane aur jhaanghon ko thoda thoda dhokar saaf karne ki koshish karna chahiye.",rash,,,,zero_shot,P01907,high
A109,Mere skin aur baal bahut dry ho gaye hain. Kisi ne mujhe Evion 400 capsules orally daily leneki salah di hai. Kya aap suggest kar sakte hain ki main ye capsules le sakti hoon. Kya ye dryness se chutkara dilane me madad karenge. Koi side effects hain kya. Uski image neeche attach ki gayi hai.,"Arre beta, Evion 400 capsules Vitamin E ke liye hain. Ye capsules skin aur baal ko healthy rakhne mein madad karte hain. Lekin, dryness se chutkara dilane ke liye, aapko pani aur moisturizer ka bhi upyog karna hoga. Vitamin E ka upyog karke aapko side effects to nahi honge, lekin yeh aapko bleeding ke chances ko badhava de sakta hai.",(none),,,,zero_shot,P02782,low
A110,"Mere bachhe ko skin discoloration aur red itchy patches face se neck tak ke liye bahut samay se doctors ke paas jaana pad raha hai. Kuch samay ke liye sab kuch chala gaya tha, sirf chehre par botchy spots bach gaye (wo medium skin color ke hain isliye patches bahut noticeable hain). Kal, uske face aur neck par hives jaisi rash ho gayi hai saath hi itching bhi hai. 
Kripya dekhiye is vartaman condition ko. Koi sujhav dijiye. Humko lag raha hai ki hum kaiser ke saath kuch bhi paa nahi rahe hain.","Bachche ki condition bahut chinta dene wali hai. Aapko lagta hai ki woh kuch samay se skin problems ke saath jude hue hain. Hives jaisi rash aur itching bahut common symptoms hain, lekin humein yeh bhi dhyan dena hoga ki woh skin discoloration aur botchy spots bhi hain. Main aapko suggest karta hoon ki aapko dermatologist se milna chahiye, woh aapke bachche ki condition ko check karke aapko proper treatment suggest kar sakte hain.","pruritus, rash",,,,zero_shot,P00160,medium
A111,"Namaste, pichle ek hafte se mere right thumb ke neeche ek chota sa ganth hai, jab main apna thumb apne gaal par rakhti hoon to wo dusre thumb se zyada garam lagta hai. Main right handed hoon, isliye jab ye mera right haath par hota hai to kuch pakadna ya knife se kaatna etc. mushkil ho jata hai. Doctor, uski image attach ki gayi hai niche. Mujhe bas ye pata karna tha ki ye kya ho sakta hai, ganth to badi nahi hai lekin bahut dard hota hai, lekin aap use dekhne se kuch nahi dikhta hai, bas touch karna padta hai jo bahut dard karta hai.","Namaste beta, maine dekha hai ki aapke right thumb ke neeche ek chota sa ganth hai. Yeh sambhav hai ki yeh De Quervain tenonitis ho, jo ek common condition hai jismein ganth aur ganth ki dhaari mein dard hota hai. Iska karan aapke right hand ko zyada upyog karna ho sakta hai, jaise ki aapka right hand aapke kaam ka hai. Main aapko doctor se milne ke liye kahaunga, woh aapko adhik vishleshan karne ke liye kuch test kar sakte hain.",(none),,,,zero_shot,P01520,medium
A112,Mujhe lagbhag ek saal se upper body par ek ajeeb sa rash ho raha hai. Ye rash exercise ya garmi se badh jaata hai aur shower karne ke baad bhi. Lekin kabhi kabhi kam ho jaata hai lekin kabhi bhi bilku,"Aapko ek saal se upper body par rash ho raha hai, jo exercise, garmi, aur shower ke baad badh jaata hai. Aapne cortisone cream try ki hai lekin usse koi faayda nahi hua, aur blood work bhi normal aaya hai. Raat ko aapki skin garam, sukhi, aur bechain lagti hai, ye ek dry skin ya eczema ki samasya ho sakti hai. Aapne Gluten khaana band kar diya tha lekin koi faayda nahi hua, ab aap Allergist se milne ka intezaar kar rahe hain, unse milne ke baad hi sahi diagnosis aur treatment pata chalega.","dermatitis, rash",,,,zero_shot,P02011,high
A113,"Hi, Haal hi mein maine apne index aur middle fingers par ek daane dekha hai. Mujhe lagta hai ki ye pehli baar tab dikha jab maine apni girlfriend ke saath inteecourse kiya (lekin tab tak un hi baarun mein se pehli baar nahi, jab usne birth control start kiya tha). Ismein better ho gaya tha jab hum summer mein kuch hafton ke liye alag the, lekin jab hum phir mil gaye toh ye aur bhi bura ho gaya. Daane dry aur scale-y skin jaise dikhte hain. Ye khujli nahi karti hai, lekin jab skin crack hoti hai tab dard hota hai. Iska image neeche attach kiya hua hai.","Bhai, maine dekha hai ki tumhare paas ek skin problem hai, jiska naam nahi pata chala hai. Lekin maine dekha hai ki tumhare paas ek TGM5 gene ka mutation hai, jo skin peeling ka karan hai. Iska matlab hai ki tumhare paas ek genetic disorder hai, jiska naam nahi pata chala hai. Ismein heat aur humidity ka effect hota hai, lekin mechanical trauma ka effect nahi hota hai. Main aapko kahaunga ki aapko heat aur humidity se bachne ke liye shoes mein breathable material ka upyog karna chahiye aur topical emollient ka upyog karna chahiye.",(none),,,,grounded,P02023,medium
A114," Namaste doctor, ek hafta ya usse zyada se main so nahi pa rahi hoon. Jab main so rahi hoti hoon, tab khud ko jaga leti hoon. Lagta hai jaise koi apnoea event ho raha hai lekin mujhe ye pata nahi hai ki ye related hai yahi koi badi samasya hai. Iss hafte main doctor ke paas ja rahi hoon lekin online opinion lena chahti hoon, especially apne tonsils ke normal ya abnormal hone ke sambandh mein. Mujhe koi tonsil pain nahi ho raha hai lekin woh area normal se thoda jyada swollen ya constricted lag raha hai. Uski image below attached hai.","Namaste beti, main aapki chinta ko door karne ke liye yahaan hoon. Aapki baat sunke lagta hai ki aapko sleep apnea ke kuch symptoms dekhne mein aaye ho, jaise ki aapko so raha ho aur khud ko jaga leti ho. Tonsils ke swollen hone ya constricted hone se bhi sleep apnea ka sambandh ho sakta hai. Main aapko ek doctor ke paas jaane ke liye kahaunga, lekin aapko kuch home remedies try karne se shuru kar sakte hain, jaise ki aapko apne head ki position mein so rahiye aur aapko apne weight ko kam karne ki koshish karein.",swelling,,,,zero_shot,P02678,low
A115,"Hi, maine abhi notice kiya hai ki meri beti ke left hand side me ek ganth hai - Doctor Please look at the image of patient kuch issue hai mere gale me below woh ganth lagti hai aur use ek taraf se double chin lagti hai. Maine use chua hai aur woh dabri jaati hai. Use chune par woh uncomfortable lagti hai par kehti hai ki dard nahi hota. Uski umr 28 mahine hai aur uske kandhe ke niche uske bazu me lymphagoma hai.","Bachchi ki umr 28 mahine hai, to iske liye kuch chintit baatein hain. Ganth lagne ke saath double chin aur lymphagoma kandhe ke niche kuch problem ka sign ho sakte hain. Main aapko kuch test karne aur doctor se baat karne ki salah dunga, jaise ki chest X-ray aur doctor se baat karke hum iske liye kuch nirdharan karenge.",(none),,,,zero_shot,P01364,low
A116,"Hello doctor,Mujhe ear ke piche aur andar kuch daane hain.Kripya doctor dekhein is vartaman condition ko below.Meine sab kuch try kiya hai lekin abhi bhi one and a half mahine se waha hai. Mein ise ignore kar raha tha kyunki jaldi thik hojata hai lekin poora gayab nahi hota, aur abhi toh sabse bura situation hai. Yeh kaafi khujli karta hai aur raat mein aur bhi jyada hoti hai. Kabhi kabhi mujhe apne kaan ke andar bhi khujli mehsus hoti hai.Meine ek Otolaryngologist ke paas gaya tha, aur unhone mujhe Clotrimazole use karne ko bola, lekin yeh kaam nahi kiya aur aur jyada bura ho gaya. Dusra doctor ne kaha ki yeh herpes jaisa lag raha hai kyunki kabhi kabhi jab yeh bura hota hai, toh kaan mein chote chote laal dane dikhte hai. Meine Acyclovir liya tha aur shuru mein thik lag raha tha, lekin abhi tak behtar nahi hua hai. Mein abhi tak kisi skin specialist se nahi mila.","Bhai, main sun raha hoon. Aapke symptoms bahut hi ghatiya hain. Ear ke piche aur andar daane hone ke sath, aapko khujli ka bhi anubhav ho raha hai. Yeh herpes jaisa lag raha hai, lekin Clotrimazole aur Acyclovir ka upyog karne ke baad bhi thik nahi hua hai. Main aapko ek dermatologist ya skin specialist ke paas jana chahunga, jinhone herpes aur ear ke problems ke liye special training liya hoga.",viral,,,,zero_shot,P02874,high
A117,Mere skin aur baal bahut dry ho gaye hain. Kisi ne mujhe Evion 400 capsules orally daily leneki salah di hai. Kya aap suggest kar sakte hain ki main ye capsules le sakti hoon. Kya ye dryness se chutkara dilane me madad karenge. Koi side effects hain kya. Uski image neeche attach ki gayi hai.,"Didi, aapki problem ke liye Evion 400 capsules ka use karna shuru karna chahta hoon? Evion 400 capsules mein Vitamin E ka upyog hota hai, jo skin aur baal ke swasthya ke liye faydemand hai. Lekin, aapki problem dryness hai, toh Evion 400 capsules ke fayde ismein nahin pade hain. Evion 400 capsules ke koi specific evidence dryness ke liye uplabdh nahin hai. Main aapko Evion 400 capsules ka use karne ke liye koi suggestion nahin kar sakta.",(none),,,,grounded,P02782,low
A118,"Mujhe is mahine ke pehle hi doctor ne bataya tha ki mujhe khoon ki kami hai aur abhi kuch dinon se maine notice kiya hai ki meri skin chote-chote dane ban gaye hain aur mere poore sharir par ho gaye hain. Please doctor, dekhiye is vartaman condition ko. Wo dry aur itchy patches hai jo ki raised skin hai aur vo moisturize karne par bhi gayab nahi hote hain. Kya mera skin problem meri khoon ki kami ki wajah se ho sakta hai?","Bhai, aapke symptoms bahut hain. Ye dry aur itchy patches skin ke kai problems ke liye ho sakte hain, jaise ki eczema ya dermatitis. Lekin khoon ki kami ke karan bhi skin problems ho sakte hain, jaise ki anemia ke karan skin dry aur itchy ho sakta hai. Hum aapko ek dermatologist se milne ki zaroorat hogi, jo aapke symptoms ko aur vishleshan kar sakta hai.","dermatitis, pruritus",,,,zero_shot,P00861,medium
A119,"Namaste Doctor, meri 19 mahine ki beti aj subah ek tarah ka honth sujha hua hokar uthi hai, sujan gaal par aur ek taraf ke lower lip par dikhai deti hai. Kripya doctor is vartaman condition ko dekhein. Woh dard me nahi lag rahi hai, lekin woh apne normal hyper self hai. Kya mujhe panic karne ka koi reason hai?","Bilkul, beta. Dekhne mein aapki beti ki condition mucocele jaisi lag rahi hai. Ye ek painless swelling hai jo aam taur par trauma ke karan hota hai. Is case mein bhi aapki beti ne apne hathon se trauma ka hissa diya hai. Ye aisa lagta hai ki iska koi serious reason nahin hai. Aapki beti ki hematological examination normal hai, isliye aapko panic nahin karna chahiye.",swelling,,,,grounded,P00272,high
A120,"Mujhe lagbhag ek mahine pehle concrete par gir gaya tha aur apni ghutne ko bahut zor se chot lagi thi. Thodi der tak dard hua tha aur thoda sa suj gaya tha.Please doctor dekhiye is image ko, sujan fir kam ho gayi thi lekin yeh kuch last days se fir se dard kar raha hai aur ab wahin jagah par ek ganth hai jahan maine chot lagayi thi. Iska matlab kya hai aur iska ilaj kaise karna chahiye?.","Arre bhai, tumhare symptoms bahut interesting hain. Ek mahine pehle concrete par girne se tumhare ghutne mein chot aayi ho sakti hai, aur yeh chot aaj bhi dard kar rahi ho. Iska matlab yeh ho sakta hai ki tumhare ghutne mein ek fracture ho sakti hai, jisse dard ho raha ho. Hum iske liye X-ray karvaenge aur doctor ko dekhne ke baad hi sahi ilaj kiya ja sakta hai.",fracture,,,,zero_shot,P01560,high
