report_id,report_text,clean_report_text,report_concepts,report_side
PUBMEDQA_REPORT_26348845,"Rapid prescreening (RPS) is one of the quality assurance (QA) methods used in gynecologic cytology. The efficacy of RPS has been previously studied but mostly with respect to squamous lesions; in fact, there has been no study so far specifically looking at the sensitivity of RPS for detecting glandular cell abnormalities. A total of 80,565 Papanicolaou (Pap) smears underwent RPS during a 25-month period. A sample was designated as ""review for abnormality"" (R) if any abnormal cells (at the threshold of atypical squamous cells of undetermined significance/atypical glandular cells [AGC]) were thought to be present or was designated as negative (N) if none were detected. Each sample then underwent full screening (FS) and was designated as either R or N and also given a cytologic interpretation. The final cytologic interpretation was a glandular cell abnormality (≥AGC) in 107 samples (0.13%); 39 of these (36.4%) were flagged as R on RPS. Twenty-four patients (33.8%) out of 71 who had histologic follow-up were found to harbor a high-grade squamous intraepithelial lesion or carcinoma; 13 of those 24 Pap smears (54.2%) had been flagged as R on RPS. Notably, 11 AGC cases were picked up by RPS only and not by FS and represented false-negative cases; 2 of these showed endometrial adenocarcinoma on histologic follow-up. Conclusion: Pap smears with glandular cell abnormalities are often flagged as abnormal by RPS, and this results in a sensitivity of 36.4% (at the AGC threshold). Most importantly, some cases of AGC are detected on Pap smears by RPS only, and this demonstrates that RPS is a valuable QA method.",rapid prescreening rps is one of the quality assurance qa methods used in gynecologic cytology the efficacy of rps has been previously studied but mostly with respect to squamous lesions in fact there has been no study so far specifically looking at the sensitivity of rps for detecting glandular cell abnormalities a total of 80 565 papanicolaou pap smears underwent rps during a 25-month period a sample was designated as review for abnormality r if any abnormal cells at the threshold of atypical squamous cells of undetermined significance atypical glandular cells agc were thought to be present or was designated as negative n if none were detected each sample then underwent full screening fs and was designated as either r or n and also given a cytologic interpretation the final cytologic interpretation was a glandular cell abnormality agc in 107 samples 0 13 39 of these 36 4 were flagged as r on rps twenty-four patients 33 8 out of 71 who had histologic follow-up were found to harbor a high-grade squamous intraepithelial lesion or carcinoma 13 of those 24 pap smears 54 2 had been flagged as r on rps notably 11 agc cases were picked up by rps only and not by fs and represented false-negative cases 2 of these showed endometrial adenocarcinoma on histologic follow-up conclusion pap smears with glandular cell abnormalities are often flagged as abnormal by rps and this results in a sensitivity of 36 4 at the agc threshold most importantly some cases of agc are detected on pap smears by rps only and this demonstrates that rps is a valuable qa method,no_acute,unspecified
PUBMEDQA_REPORT_10973547,"It is generally assumed, that patients with Werlhof's disease (WD) are at increased risk for bleeding complications when undergoing cardiac surgery with extracorporeal circulation. Therefore we performed this case control study to estimate the real risk for bleeding complications of these patients. Between 05/95 and 07/98, ten patients with WD (eight males, two females) underwent cardiac surgery employing extracorporeal circulation (WD-group). Five of these patients with platelet counts below 80/nl were treated by immunoglobulins preoperatively. Each patient with WD was matched to five patients without WD (no-WD-group) using diagnosis, age, gender, ejection fraction, number of distal anastomosis and body-mass-index as matching criteria. Mean number of platelet counts were significant lower in the WD-group than in the no-WD-group despite a significant increase of platelet counts after immunoglobulin treatment (54/nl-->112/nl, P=0.018). On the day before, directly after and on the first day after surgery they were 141/nl vs. 215/nl (P=0.012), 75/nl vs. 147/nl (P=0.001) and 93/nl vs. 136/nl (P=0.009). Accordingly, patients of the WD-group received significantly more platelet concentrates than patients of the no-WD-group (mean number of platelet concentrates: 2.3 versus 0.7, P=0.007). Total drainage loss via the mediastinal chest tubes was almost identical (1197 ml in the no-WD-group and 1140 ml in the WD-group). One patient of each group suffered from a bleeding complication requiring reexploration. Three patients of the no-WD-group (6%) and one patient of the WD-group (10%) expired postoperatively unrelated to WD. Conclusion: Patients with WD may possibly undergo cardiac surgery without a markedly enhanced risk for bleeding complications despite a more than usual transfusion requirement and significantly lower platelet counts perioperatively.",it is generally assumed that patients with werlhof s disease wd are at increased risk for bleeding complications when undergoing cardiac surgery with extracorporeal circulation therefore we performed this case control study to estimate the real risk for bleeding complications of these patients between 05 95 and 07 98 ten patients with wd eight males two females underwent cardiac surgery employing extracorporeal circulation wd-group five of these patients with platelet counts below 80 nl were treated by immunoglobulins preoperatively each patient with wd was matched to five patients without wd no-wd-group using diagnosis age gender ejection fraction number of distal anastomosis and body-mass-index as matching criteria mean number of platelet counts were significant lower in the wd-group than in the no-wd-group despite a significant increase of platelet counts after immunoglobulin treatment 54 nl-- 112 nl p 0 018 on the day before directly after and on the first day after surgery they were 141 nl vs 215 nl p 0 012 75 nl vs 147 nl p 0 001 and 93 nl vs 136 nl p 0 009 accordingly patients of the wd-group received significantly more platelet concentrates than patients of the no-wd-group mean number of platelet concentrates 2 3 versus 0 7 p 0 007 total drainage loss via the mediastinal chest tubes was almost identical 1197 ml in the no-wd-group and 1140 ml in the wd-group one patient of each group suffered from a bleeding complication requiring reexploration three patients of the no-wd-group 6 and one patient of the wd-group 10 expired postoperatively unrelated to wd conclusion patients with wd may possibly undergo cardiac surgery without a markedly enhanced risk for bleeding complications despite a more than usual transfusion requirement and significantly lower platelet counts perioperatively,,unspecified
PUBMEDQA_REPORT_26163474,"Sublingual varices have earlier been related to ageing, smoking and cardiovascular disease. The aim of this study was to investigate whether sublingual varices are related to presence of hypertension. In an observational clinical study among 431 dental patients tongue status and blood pressure were documented. Digital photographs of the lateral borders of the tongue for grading of sublingual varices were taken, and blood pressure was measured. Those patients without previous diagnosis of hypertension and with a noted blood pressure ≥ 140 mmHg and/or ≥ 90 mmHg at the dental clinic performed complementary home blood pressure during one week. Those with an average home blood pressure ≥ 135 mmHg and/or ≥ 85 mmHg were referred to the primary health care centre, where three office blood pressure measurements were taken with one week intervals. Two independent blinded observers studied the photographs of the tongues. Each photograph was graded as none/few (grade 0) or medium/severe (grade 1) presence of sublingual varices. Pearson's Chi-square test, Student's t-test, and multiple regression analysis were applied. Power calculation stipulated a study population of 323 patients. An association between sublingual varices and hypertension was found (OR = 2.25, p<0.002). Mean systolic blood pressure was 123 and 132 mmHg in patients with grade 0 and grade 1 sublingual varices, respectively (p<0.0001, CI 95 %). Mean diastolic blood pressure was 80 and 83 mmHg in patients with grade 0 and grade 1 sublingual varices, respectively (p<0.005, CI 95 %). Sublingual varices indicate hypertension with a positive predictive value of 0.5 and a negative predictive value of 0.80. Conclusion: An association was found between sublingual varices and hypertension. Examining the lateral borders of the tongue is easily done, causes no harm and could be a valuable method for the dental profession to take active part in preventive healthcare.",sublingual varices have earlier been related to ageing smoking and cardiovascular disease the aim of this study was to investigate whether sublingual varices are related to presence of hypertension in an observational clinical study among 431 dental patients tongue status and blood pressure were documented digital photographs of the lateral borders of the tongue for grading of sublingual varices were taken and blood pressure was measured those patients without previous diagnosis of hypertension and with a noted blood pressure 140 mmhg and or 90 mmhg at the dental clinic performed complementary home blood pressure during one week those with an average home blood pressure 135 mmhg and or 85 mmhg were referred to the primary health care centre where three office blood pressure measurements were taken with one week intervals two independent blinded observers studied the photographs of the tongues each photograph was graded as none few grade 0 or medium severe grade 1 presence of sublingual varices pearson s chi-square test student s t-test and multiple regression analysis were applied power calculation stipulated a study population of 323 patients an association between sublingual varices and hypertension was found or 2 25 p 0 002 mean systolic blood pressure was 123 and 132 mmhg in patients with grade 0 and grade 1 sublingual varices respectively p 0 0001 ci 95 mean diastolic blood pressure was 80 and 83 mmhg in patients with grade 0 and grade 1 sublingual varices respectively p 0 005 ci 95 sublingual varices indicate hypertension with a positive predictive value of 0 5 and a negative predictive value of 0 80 conclusion an association was found between sublingual varices and hypertension examining the lateral borders of the tongue is easily done causes no harm and could be a valuable method for the dental profession to take active part in preventive healthcare,,unspecified
PUBMEDQA_REPORT_24374414,"Broad-based electronic health information exchange (HIE), in which patients' clinical data follow them between care delivery settings, is expected to produce large quality gains and cost savings. Although these benefits are assumed to result from reducing redundant care, there is limited supporting empirical evidence. To evaluate whether HIE adoption is associated with decreases in repeat imaging in emergency departments (EDs).DATA SOURCE/ ED discharge data from the State Emergency Department Databases for California and Florida for 2007-2010 were merged with Health Information Management Systems Society data that report hospital HIE participation. Using regression with ED fixed effects and trends, we performed a retrospective analysis of the impact of HIE participation on repeat imaging, comparing 37 EDs that initiated HIE participation during the study period to 410 EDs that did not participate in HIE during the same period. Within 3 common types of imaging tests [computed tomography (CT), ultrasound, and chest x-ray), we defined a repeat image for a given patient as the same study in the same body region performed within 30 days at unaffiliated EDs. In our sample there were 20,139 repeat CTs (representing 14.7% of those cases with CT in the index visit), 13,060 repeat ultrasounds (20.7% of ultrasound cases), and 29,703 repeat chest x-rays (19.5% of x-ray cases). HIE was associated with reduced probability of repeat ED imaging in all 3 modalities: -8.7 percentage points for CT [95% confidence interval (CI): -14.7, -2.7], -9.1 percentage points for ultrasound (95% CI: -17.2, -1.1), and -13.0 percentage points for chest x-ray (95% CI: -18.3, -7.7), reflecting reductions of 44%-67% relative to sample means. Conclusion: HIE was associated with reduced repeat imaging in EDs. This study is among the first to find empirical support for this anticipated benefit of HIE.",broad-based electronic health information exchange hie in which patients clinical data follow them between care delivery settings is expected to produce large quality gains and cost savings although these benefits are assumed to result from reducing redundant care there is limited supporting empirical evidence to evaluate whether hie adoption is associated with decreases in repeat imaging in emergency departments eds data source ed discharge data from the state emergency department databases for california and florida for 2007-2010 were merged with health information management systems society data that report hospital hie participation using regression with ed fixed effects and trends we performed a retrospective analysis of the impact of hie participation on repeat imaging comparing 37 eds that initiated hie participation during the study period to 410 eds that did not participate in hie during the same period within 3 common types of imaging tests computed tomography ct ultrasound and chest x-ray we defined a repeat image for a given patient as the same study in the same body region performed within 30 days at unaffiliated eds in our sample there were 20 139 repeat cts representing 14 7 of those cases with ct in the index visit 13 060 repeat ultrasounds 20 7 of ultrasound cases and 29 703 repeat chest x-rays 19 5 of x-ray cases hie was associated with reduced probability of repeat ed imaging in all 3 modalities -8 7 percentage points for ct 95 confidence interval ci -14 7 -2 7 -9 1 percentage points for ultrasound 95 ci -17 2 -1 1 and -13 0 percentage points for chest x-ray 95 ci -18 3 -7 7 reflecting reductions of 44 -67 relative to sample means conclusion hie was associated with reduced repeat imaging in eds this study is among the first to find empirical support for this anticipated benefit of hie,,unspecified
PUBMEDQA_REPORT_18507507,"Specialty pharmaceuticals have evolved beyond their status as niche drugs designed to treat rare conditions and are now poised to become the standard of care in a wide variety of common chronic illnesses. Due in part to the cost of these therapies, payers are increasingly demanding evidence of their value. Determining the value of these medications is hampered by a lack of robust pharmacoeconomic data. To outline emerging strategies and case study examples for the medical and pharmacy benefits management of specialty pharmaceuticals. The promise of specialty pharmaceuticals: increased life expectancy, improved quality of life, enhanced workplace productivity, decreased burden of disease, and reduced health care spending comes at a significant cost. These agents require special handling, administration, patient education, clinical support, and risk mitigation. Additionally, specialty drugs require distribution systems that ensure appropriate patient selection and data collection. With the specialty pharmaceutical pipeline overflowing with new medicines and an aging population increasingly relying on these novel treatments to treat common diseases, the challenge of managing the costs associated with these agents can be daunting. Aided by sophisticated pharmacoeconomic models to assess value, the cost impacts of these specialty drugs can be appropriately controlled. Conclusion: Current evidence suggests that when used in targeted patient populations, specialty pharmaceuticals may represent a good health care value.",specialty pharmaceuticals have evolved beyond their status as niche drugs designed to treat rare conditions and are now poised to become the standard of care in a wide variety of common chronic illnesses due in part to the cost of these therapies payers are increasingly demanding evidence of their value determining the value of these medications is hampered by a lack of robust pharmacoeconomic data to outline emerging strategies and case study examples for the medical and pharmacy benefits management of specialty pharmaceuticals the promise of specialty pharmaceuticals increased life expectancy improved quality of life enhanced workplace productivity decreased burden of disease and reduced health care spending comes at a significant cost these agents require special handling administration patient education clinical support and risk mitigation additionally specialty drugs require distribution systems that ensure appropriate patient selection and data collection with the specialty pharmaceutical pipeline overflowing with new medicines and an aging population increasingly relying on these novel treatments to treat common diseases the challenge of managing the costs associated with these agents can be daunting aided by sophisticated pharmacoeconomic models to assess value the cost impacts of these specialty drugs can be appropriately controlled conclusion current evidence suggests that when used in targeted patient populations specialty pharmaceuticals may represent a good health care value,,unspecified
PUBMEDQA_REPORT_23495128,"The aim of the present study was to explore patients' views on the acceptability and feasibility of using colour to describe osteoarthritis (OA) pain, and whether colour could be used to communicate pain to healthcare professionals. Six group interviews were conducted with 17 patients with knee OA. Discussion topics included first impressions about using colour to describe pain, whether participants could associate their pain with colour, how colours related to changes to intensity and different pain qualities, and whether they could envisage using colour to describe pain to healthcare professionals. The group interviews indicated that, although the idea of using colour was generally acceptable, it did not suit all participants as a way of describing their pain. The majority of participants chose red to describe high-intensity pain; the reasons given were because red symbolized inflammation, fire, anger and the stop signal in a traffic light system. Colours used to describe the absence of pain were chosen because of their association with positive emotional feelings, such as purity, calmness and happiness. A range of colours was chosen to represent changes in pain intensity. Aching pain was consistently identified as being associated with colours such as grey or black, whereas sharp pain was described using a wider selection of colours. The majority of participants thought that they would be able to use colour to describe their pain to healthcare professionals, although issues around the interpretability and standardization of colour were raised. Conclusion: For some patients, using colour to describe their pain experience may be a useful tool to improve doctor-patient communication.",the aim of the present study was to explore patients views on the acceptability and feasibility of using colour to describe osteoarthritis oa pain and whether colour could be used to communicate pain to healthcare professionals six group interviews were conducted with 17 patients with knee oa discussion topics included first impressions about using colour to describe pain whether participants could associate their pain with colour how colours related to changes to intensity and different pain qualities and whether they could envisage using colour to describe pain to healthcare professionals the group interviews indicated that although the idea of using colour was generally acceptable it did not suit all participants as a way of describing their pain the majority of participants chose red to describe high-intensity pain the reasons given were because red symbolized inflammation fire anger and the stop signal in a traffic light system colours used to describe the absence of pain were chosen because of their association with positive emotional feelings such as purity calmness and happiness a range of colours was chosen to represent changes in pain intensity aching pain was consistently identified as being associated with colours such as grey or black whereas sharp pain was described using a wider selection of colours the majority of participants thought that they would be able to use colour to describe their pain to healthcare professionals although issues around the interpretability and standardization of colour were raised conclusion for some patients using colour to describe their pain experience may be a useful tool to improve doctor-patient communication,,unspecified
PUBMEDQA_REPORT_17192736,"The aim of this study was to assess the efficacy of ureteroscopy for lower ureteric stones without the use of fluoroscopy. Between June 2001 and January 2005, a total of 110 patients with a mean age of 33.5 years (range 12-65) suffering from of lower ureteral calculi (below the upper margin of the sacroiliac joint) prospectively underwent ureteroscopic removal. Retrograde pyelography was avoided, and no safety guidewire was placed. Whenever required, the ureteric meatus was dilated with a ureteric balloon under direct vision. Double-J stent placement was done with the aid of ureteroscopy. A fluoroscope was kept standby. The patients had a postoperative X-ray of the kidney-ureter-bladder region to document the stone clearance. The mean stone size was 8.7 mm (range 6-15). Complete clearance without the use of fluoroscopy was achieved in 99 patients (94.2%). Fluoroscopy was required in 6 patients (4%) for calcified stricture (n = 1), duplex system (n = 1), narrow and tortuous meatus causing difficulty in passing the 5-Fr balloon dilator (n = 3), and confirmation of spontaneous passage of the stone (n = 1). Of the 13 patients who required balloon dilatation it was successfully achieved without fluoroscopy. Double-J stenting was done due to mucosal ulceration (n = 3), polypoid reaction (n = 2), and perforation (n = 1). All these patients had correct placement of the stent, as confirmed by X-ray of the kidney-ureter-bladder region postoperatively. Conclusion: To uphold the notion for radiation exposure to be as low as reasonably achievable, ureteroscopic stone retrieval can safely be done without the use of fluoroscopy in a significant number of patients.",the aim of this study was to assess the efficacy of ureteroscopy for lower ureteric stones without the use of fluoroscopy between june 2001 and january 2005 a total of 110 patients with a mean age of 33 5 years range 12-65 suffering from of lower ureteral calculi below the upper margin of the sacroiliac joint prospectively underwent ureteroscopic removal retrograde pyelography was avoided and no safety guidewire was placed whenever required the ureteric meatus was dilated with a ureteric balloon under direct vision double-j stent placement was done with the aid of ureteroscopy a fluoroscope was kept standby the patients had a postoperative x-ray of the kidney-ureter-bladder region to document the stone clearance the mean stone size was 8 7 mm range 6-15 complete clearance without the use of fluoroscopy was achieved in 99 patients 94 2 fluoroscopy was required in 6 patients 4 for calcified stricture n 1 duplex system n 1 narrow and tortuous meatus causing difficulty in passing the 5-fr balloon dilator n 3 and confirmation of spontaneous passage of the stone n 1 of the 13 patients who required balloon dilatation it was successfully achieved without fluoroscopy double-j stenting was done due to mucosal ulceration n 3 polypoid reaction n 2 and perforation n 1 all these patients had correct placement of the stent as confirmed by x-ray of the kidney-ureter-bladder region postoperatively conclusion to uphold the notion for radiation exposure to be as low as reasonably achievable ureteroscopic stone retrieval can safely be done without the use of fluoroscopy in a significant number of patients,,unspecified
PUBMEDQA_REPORT_12163782,"Neutrophil infiltration of the lung is characteristic of early posttraumatic acute respiratory distress syndrome (ARDS). This study examines the ability of neutrophils isolated (over the first 24 hrs) from the peripheral blood of patients admitted after major trauma to migrate in response to interleukin-8. Interleukin-8 is elevated in the lung within 2 hrs of major trauma in patients who later develop ARDS, and thus it plays a central role in the recruitment of neutrophils to the lung and their subsequent activation. We hypothesized that enhanced interleukin-8-mediated neutrophil migratory activity in the early postinjury phase, before the development of ARDS, may be a crucial factor in the etiology of ARDS. Prospective observational study. University Hospital Wales, the Royal Gwent Hospital, and East Glamorgan General Hospital. Laboratory work was conducted at the Institute of Nephrology. Adult blunt trauma victims with Injury Severity Score>or = 18. Neutrophils were isolated from citrated blood from 17 adult blunt major trauma patients at admission (0 hrs) and 8 and 24 hrs later. Identical samples were obtained from normal laboratory volunteers (n = 9). The neutrophil count in each specimen was measured, and the number of neutrophils migrating across porous tissue culture inserts in response to defined concentrations of interleukin-8 (0, 10, 30, and 100 ng/mL) was quantitated by peroxidase assay. Neutrophil counts in the whole blood specimens obtained from those later developing ARDS were elevated significantly at admission and declined rapidly throughout the next 24 hrs. Significantly greater numbers of trauma patients' neutrophils migrated to concentrations of interleukin-8 (30 and 100 ng/mL) at each time point when compared with normal volunteers (Mann-Whitney U test, p<.05). Neutrophils isolated from major trauma patients exhibited an enhanced migratory response to high concentrations of interleukin-8 throughout the first 24 hrs of admission, in contrast to the normal physiologic attenuation of migration seen in neutrophils isolated from normal laboratory volunteers. Conclusion: These data indicate that major blunt trauma enhances the migratory capacity of circulating neutrophils. This is manifest within 2 hrs of admission and may be attributable to alteration in interleukin-8 receptor expression, affinity, or downstream signaling. In patients who later develop ARDS, initially elevated circulating neutrophil counts decrease rapidly, over the same time course. Early enhanced neutrophil migratory activity coupled with elevated pulmonary concentrations of interleukin-8 may be central to the establishment of the neutrophil infiltration that is characteristic of ARDS.",neutrophil infiltration of the lung is characteristic of early posttraumatic acute respiratory distress syndrome ards this study examines the ability of neutrophils isolated over the first 24 hrs from the peripheral blood of patients admitted after major trauma to migrate in response to interleukin-8 interleukin-8 is elevated in the lung within 2 hrs of major trauma in patients who later develop ards and thus it plays a central role in the recruitment of neutrophils to the lung and their subsequent activation we hypothesized that enhanced interleukin-8-mediated neutrophil migratory activity in the early postinjury phase before the development of ards may be a crucial factor in the etiology of ards prospective observational study university hospital wales the royal gwent hospital and east glamorgan general hospital laboratory work was conducted at the institute of nephrology adult blunt trauma victims with injury severity score or 18 neutrophils were isolated from citrated blood from 17 adult blunt major trauma patients at admission 0 hrs and 8 and 24 hrs later identical samples were obtained from normal laboratory volunteers n 9 the neutrophil count in each specimen was measured and the number of neutrophils migrating across porous tissue culture inserts in response to defined concentrations of interleukin-8 0 10 30 and 100 ng ml was quantitated by peroxidase assay neutrophil counts in the whole blood specimens obtained from those later developing ards were elevated significantly at admission and declined rapidly throughout the next 24 hrs significantly greater numbers of trauma patients neutrophils migrated to concentrations of interleukin-8 30 and 100 ng ml at each time point when compared with normal volunteers mann-whitney u test p 05 neutrophils isolated from major trauma patients exhibited an enhanced migratory response to high concentrations of interleukin-8 throughout the first 24 hrs of admission in contrast to the normal physiologic attenuation of migration seen in neutrophils isolated from normal laboratory volunteers conclusion these data indicate that major blunt trauma enhances the migratory capacity of circulating neutrophils this is manifest within 2 hrs of admission and may be attributable to alteration in interleukin-8 receptor expression affinity or downstream signaling in patients who later develop ards initially elevated circulating neutrophil counts decrease rapidly over the same time course early enhanced neutrophil migratory activity coupled with elevated pulmonary concentrations of interleukin-8 may be central to the establishment of the neutrophil infiltration that is characteristic of ards,no_acute,unspecified
PUBMEDQA_REPORT_9582182,"To investigate the relevance of the Symptom Checklist 90-R Obsessive-Compulsive subscale to cognition in individuals with brain tumor. A prospective study of patients assessed with a neuropsychological test battery. A university medical center. Nineteen adults with biopsy-confirmed diagnoses of malignant brain tumors were assessed prior to aggressive chemotherapy. Included in the assessment were the Mattis Dementia Rating Scale, California Verbal Learning Test, Trail Making Test B, Symptom Checklist 90-R, Mood Assessment Scale, Beck Anxiety Inventory, and Chronic Illness Problem Inventory. The SCL 90-R Obsessive-Compulsive subscale was not related to objective measures of attention, verbal memory, or age. It was related significantly to symptoms of depression (r = .81, P<.005), anxiety (r = .66, P<.005), and subjective complaints of memory problems (r = .75, P<.005). Multivariate analyses indicated that reported symptoms of depression contributed 66% of the variance in predicting SCL 90-R Obsessive-Compulsive Scores, whereas symptoms of anxiety contributed an additional 6% (P<.0001). Conclusion: Our data suggest that the SCL 90-R is best viewed as an indicator of unidimensional emotional distress and somatic effects of structural brain injury.",to investigate the relevance of the symptom checklist 90-r obsessive-compulsive subscale to cognition in individuals with brain tumor a prospective study of patients assessed with a neuropsychological test battery a university medical center nineteen adults with biopsy-confirmed diagnoses of malignant brain tumors were assessed prior to aggressive chemotherapy included in the assessment were the mattis dementia rating scale california verbal learning test trail making test b symptom checklist 90-r mood assessment scale beck anxiety inventory and chronic illness problem inventory the scl 90-r obsessive-compulsive subscale was not related to objective measures of attention verbal memory or age it was related significantly to symptoms of depression r 81 p 005 anxiety r 66 p 005 and subjective complaints of memory problems r 75 p 005 multivariate analyses indicated that reported symptoms of depression contributed 66 of the variance in predicting scl 90-r obsessive-compulsive scores whereas symptoms of anxiety contributed an additional 6 p 0001 conclusion our data suggest that the scl 90-r is best viewed as an indicator of unidimensional emotional distress and somatic effects of structural brain injury,,unspecified
PUBMEDQA_REPORT_25588461,"Disorders of consciousness (DOC) diagnosis relies on the presence or absence of purposeful motor responsiveness, which characterizes the minimally conscious state (MCS) and the unresponsive wakefulness syndrome (UWS), respectively. Functional neuroimaging studies have raised the question of possible residual conscious awareness also in clinically-defined UWS patients. The aim of our study was to identify electrophysiological parameters, by means of a transcranial magnetic stimulation approach, which might potentially express the presence of residual networks sustaining fragmentary behavioral patterns, even when no conscious behavior can be observed. We enrolled 25 severe DOC patients, following post-anoxic or traumatic brain injury and 20 healthy individuals (HC) as control group. Baseline electrophysiological evaluation evidenced, in comparison to HC, a partial preservation of cortical effective connectivity and excitability in clinically defined MCS, whereas these components were absent in clinically defined UWS. Then, we applied an anodal transcranial direct current stimulation (a-tDCS) protocol over the orbitofrontal cortex. a-tDCS was able to boost cortical connectivity and excitability in all HC, MCS, and to unmask such excitability/connectivity in some UWS patients. Conclusion: a-tDCS could be useful in identifying residual connectivity markers in clinically-defined UWS, who may lack of purposeful behavior as a result of a motor-output failure.",disorders of consciousness doc diagnosis relies on the presence or absence of purposeful motor responsiveness which characterizes the minimally conscious state mcs and the unresponsive wakefulness syndrome uws respectively functional neuroimaging studies have raised the question of possible residual conscious awareness also in clinically-defined uws patients the aim of our study was to identify electrophysiological parameters by means of a transcranial magnetic stimulation approach which might potentially express the presence of residual networks sustaining fragmentary behavioral patterns even when no conscious behavior can be observed we enrolled 25 severe doc patients following post-anoxic or traumatic brain injury and 20 healthy individuals hc as control group baseline electrophysiological evaluation evidenced in comparison to hc a partial preservation of cortical effective connectivity and excitability in clinically defined mcs whereas these components were absent in clinically defined uws then we applied an anodal transcranial direct current stimulation a-tdcs protocol over the orbitofrontal cortex a-tdcs was able to boost cortical connectivity and excitability in all hc mcs and to unmask such excitability connectivity in some uws patients conclusion a-tdcs could be useful in identifying residual connectivity markers in clinically-defined uws who may lack of purposeful behavior as a result of a motor-output failure,,unspecified
PUBMEDQA_REPORT_23453079,"To determine whether prostate morphology or technique used has any effect on postoperative outcomes after holmium laser enucleation of the prostate. A retrospective review of prospectively collected data was completed for all patients undergoing a holmium laser enucleation of the prostate at our institution. Prostate morphology was classified as either ""bilobar"" or ""trilobar"" according to the cystoscopic appearance. The baseline characteristics, complications, and postoperative outcomes were collected. A total of 304 patients with either ""bilobar"" (n = 142) or ""trilobar"" (n = 162) prostate morphology were included. The trilobar group was more likely to have longer operative times (112 vs 100 minutes, P = .04), although this difference was not significant on multivariate analysis. The postoperative outcomes were similar between the 2 groups for American Urological Association symptom score, change in American Urological Association symptom score, bother score, maximal flow rate, change in maximal flow rate, postvoid residual urine volume, and complication rate. However, the trilobar group had a significantly greater decrease in their PVR urine volume (296 vs 176 mL, P = .01), a difference that persisted on multivariate analysis. A subset analysis of the trilobar prostates revealed that performing a 2-lobe technique achieved shorter operative and enucleation times, although the difference was not significant. Conclusion: Those patients with trilobar prostate morphology are more likely to achieve a greater decrease in the PVR urine volume after holmium laser enucleation of the prostate. All other outcomes appeared to be similar between the 2 groups. In addition, a 2-lobe technique can be safely used for trilobar prostates when deemed feasible by the surgeon.",to determine whether prostate morphology or technique used has any effect on postoperative outcomes after holmium laser enucleation of the prostate a retrospective review of prospectively collected data was completed for all patients undergoing a holmium laser enucleation of the prostate at our institution prostate morphology was classified as either bilobar or trilobar according to the cystoscopic appearance the baseline characteristics complications and postoperative outcomes were collected a total of 304 patients with either bilobar n 142 or trilobar n 162 prostate morphology were included the trilobar group was more likely to have longer operative times 112 vs 100 minutes p 04 although this difference was not significant on multivariate analysis the postoperative outcomes were similar between the 2 groups for american urological association symptom score change in american urological association symptom score bother score maximal flow rate change in maximal flow rate postvoid residual urine volume and complication rate however the trilobar group had a significantly greater decrease in their pvr urine volume 296 vs 176 ml p 01 a difference that persisted on multivariate analysis a subset analysis of the trilobar prostates revealed that performing a 2-lobe technique achieved shorter operative and enucleation times although the difference was not significant conclusion those patients with trilobar prostate morphology are more likely to achieve a greater decrease in the pvr urine volume after holmium laser enucleation of the prostate all other outcomes appeared to be similar between the 2 groups in addition a 2-lobe technique can be safely used for trilobar prostates when deemed feasible by the surgeon,,unspecified
PUBMEDQA_REPORT_14518645,"Deaths from injury and poisoning (suicide, accidents, undetermined deaths, and homicide) are the major cause of death among young men aged 15-39 years in England and Wales and have been increasing in recent years.AIM: To describe common characteristics among young men who die from injury and poisoning. We employed a retrospective survey methodology to investigate factors associated with deaths by injury and poisoning among young men aged 15-39 years (n = 268) in Merseyside and Cheshire during 1995. Data were collected from Coroner's inquest notes and General Practitioner records. The most common cause of death was poisoning by alcohol and drugs (29.1%, n = 78). A high proportion of cases were unemployed (39.4%, n = 106). Cases were also more likely to be single compared to the general population (74.2% vs 55.5%). Self-destructive behaviour was evident in 77% of deaths (n = 206). Conclusion: Alcohol and drug use are important contributory factors to injury and poisoning deaths. More research is needed into the effects of unemployment and being single on the health of young men, and to investigate the motivations behind risk taking and self-destructive behaviour.",deaths from injury and poisoning suicide accidents undetermined deaths and homicide are the major cause of death among young men aged 15-39 years in england and wales and have been increasing in recent years aim to describe common characteristics among young men who die from injury and poisoning we employed a retrospective survey methodology to investigate factors associated with deaths by injury and poisoning among young men aged 15-39 years n 268 in merseyside and cheshire during 1995 data were collected from coroner s inquest notes and general practitioner records the most common cause of death was poisoning by alcohol and drugs 29 1 n 78 a high proportion of cases were unemployed 39 4 n 106 cases were also more likely to be single compared to the general population 74 2 vs 55 5 self-destructive behaviour was evident in 77 of deaths n 206 conclusion alcohol and drug use are important contributory factors to injury and poisoning deaths more research is needed into the effects of unemployment and being single on the health of young men and to investigate the motivations behind risk taking and self-destructive behaviour,,unspecified
PUBMEDQA_REPORT_21084567,"Home blood pressure (BP) monitoring is gaining increasing popularity among patients and may be useful in hypertension management. Little is known about the reliability of stroke patients' records of home BP monitoring. To assess the reliability of home BP recording in hypertensive patients who had suffered a recent stroke or transient ischaemic attack. Thirty-nine stroke patients (mean age 73 years) randomized to the intervention arm of a trial of home BP monitoring were included. Following instruction by a research nurse, patients recorded their BPs at home and documented them in a booklet over the next year. The booklet readings over a month were compared with the actual readings downloaded from the BP monitor and were checked for errors or selective bias in recording. A total of 1027 monitor and 716 booklet readings were recorded. Ninety per cent of booklet recordings were exactly the same as the BP monitor readings. Average booklet readings were 0.6 mmHg systolic [95% confidence interval (95% CI) -0.6 to 1.8] and 0.3 mmHg diastolic (95% CI -0.3 to 0.8) lower than those on the monitor. Conclusion: This group of elderly stroke patients were able to record their BPs reliably at home. Any bias was small and would be unlikely to affect management. Since BP readings in a GP surgery are often a poor indication of true BP, GPs might consider using hypertensive patients' records of home BP monitoring to help guide treatment decisions.",home blood pressure bp monitoring is gaining increasing popularity among patients and may be useful in hypertension management little is known about the reliability of stroke patients records of home bp monitoring to assess the reliability of home bp recording in hypertensive patients who had suffered a recent stroke or transient ischaemic attack thirty-nine stroke patients mean age 73 years randomized to the intervention arm of a trial of home bp monitoring were included following instruction by a research nurse patients recorded their bps at home and documented them in a booklet over the next year the booklet readings over a month were compared with the actual readings downloaded from the bp monitor and were checked for errors or selective bias in recording a total of 1027 monitor and 716 booklet readings were recorded ninety per cent of booklet recordings were exactly the same as the bp monitor readings average booklet readings were 0 6 mmhg systolic 95 confidence interval 95 ci -0 6 to 1 8 and 0 3 mmhg diastolic 95 ci -0 3 to 0 8 lower than those on the monitor conclusion this group of elderly stroke patients were able to record their bps reliably at home any bias was small and would be unlikely to affect management since bp readings in a gp surgery are often a poor indication of true bp gps might consider using hypertensive patients records of home bp monitoring to help guide treatment decisions,,unspecified
PUBMEDQA_REPORT_11601252,"We have reported previously that cerulein-induced edematous pancreatitis would transform into hemorrhagic pancreatitis by administration of endothelin-1 in rats. In the present study, we tried to protect rat model from developing into hemorrhagic pancreatitis with BQ123 (an ETA receptor antagonist). The rat model was made by 5-hour restraint water-immersion stress and two intraperitoneal injections of cerulein (40 micrograms/kg) at hourly interval. BQ123 (3 or 6 mg/kg) was administered intravenously 30 minutes before and 2 hours after the first cerulein injection. Acute hemorrhagic pancreatitis was induced in all rats treated with cerulin + stress. The score for pancreatic hemorrhage was 2.4 +/- 0.2 in this group. In the rats pretreated with BQ123, the score was reduced to 1.0 +/- 0.0, pancreas wet weight and serum amylase activity were significantly reduced, and histologic alterations in the pancreas lightened, also the local pancreatic blood flow improved without affecting the systemic blood pressure. Conclusion: These results suggest that endothelin-1 should play a role in aggravating the development of acute hemorrhagic pancreatitis, through its action on the pancreatic microcirculation.",we have reported previously that cerulein-induced edematous pancreatitis would transform into hemorrhagic pancreatitis by administration of endothelin-1 in rats in the present study we tried to protect rat model from developing into hemorrhagic pancreatitis with bq123 an eta receptor antagonist the rat model was made by 5-hour restraint water-immersion stress and two intraperitoneal injections of cerulein 40 micrograms kg at hourly interval bq123 3 or 6 mg kg was administered intravenously 30 minutes before and 2 hours after the first cerulein injection acute hemorrhagic pancreatitis was induced in all rats treated with cerulin stress the score for pancreatic hemorrhage was 2 4 - 0 2 in this group in the rats pretreated with bq123 the score was reduced to 1 0 - 0 0 pancreas wet weight and serum amylase activity were significantly reduced and histologic alterations in the pancreas lightened also the local pancreatic blood flow improved without affecting the systemic blood pressure conclusion these results suggest that endothelin-1 should play a role in aggravating the development of acute hemorrhagic pancreatitis through its action on the pancreatic microcirculation,congestion,unspecified
PUBMEDQA_REPORT_20577124,"Hyperleptinemia and oxidative stress play a major role in the development of cardiovascular diseases in obesity. This study aimed to investigate whether there is a relationship between plasma levels of leptin and phagocytic nicotinamide adenine dinucleotide phosphate (NADPH) oxidase activity, and its potential relevance in the vascular remodeling in obese patients. The study was performed in 164 obese and 94 normal-weight individuals (controls). NADPH oxidase activity was evaluated by luminescence in phagocytic cells. Levels of leptin were quantified by ELISA in plasma samples. Carotid intima-media thickness (cIMT) was measured by ultrasonography. In addition, we performed in-vitro experiments in human peripheral blood mononuclear cells and murine macrophages. Phagocytic NADPH oxidase activity and leptin levels were enhanced (P<0.05) in obese patients compared with controls. NADPH oxidase activity positively correlated with leptin in obese patients. This association remained significant in a multivariate analysis. cIMT was higher (P<0.05) in obese patients compared with controls. In addition, cIMT also correlated positively with leptin and NADPH oxidase activity in obese patients. In-vitro studies showed that leptin induced NADPH oxidase activation. Inhibition of the leptin-induced NADPH oxidase activity by wortmannin and bisindolyl maleimide suggested a direct involvement of the phosphatidylinositol 3-kinase and protein kinase C pathways, respectively. Finally, leptin-induced NADPH oxidase activation promoted macrophage proliferation. Conclusion: These findings show that phagocytic NADPH oxidase activity is increased in obesity and is related to preclinical atherosclerosis in this condition. We also suggest that hyperleptinemia may contribute to phagocytic NADPH oxidase overactivity in obesity.",hyperleptinemia and oxidative stress play a major role in the development of cardiovascular diseases in obesity this study aimed to investigate whether there is a relationship between plasma levels of leptin and phagocytic nicotinamide adenine dinucleotide phosphate nadph oxidase activity and its potential relevance in the vascular remodeling in obese patients the study was performed in 164 obese and 94 normal-weight individuals controls nadph oxidase activity was evaluated by luminescence in phagocytic cells levels of leptin were quantified by elisa in plasma samples carotid intima-media thickness cimt was measured by ultrasonography in addition we performed in-vitro experiments in human peripheral blood mononuclear cells and murine macrophages phagocytic nadph oxidase activity and leptin levels were enhanced p 0 05 in obese patients compared with controls nadph oxidase activity positively correlated with leptin in obese patients this association remained significant in a multivariate analysis cimt was higher p 0 05 in obese patients compared with controls in addition cimt also correlated positively with leptin and nadph oxidase activity in obese patients in-vitro studies showed that leptin induced nadph oxidase activation inhibition of the leptin-induced nadph oxidase activity by wortmannin and bisindolyl maleimide suggested a direct involvement of the phosphatidylinositol 3-kinase and protein kinase c pathways respectively finally leptin-induced nadph oxidase activation promoted macrophage proliferation conclusion these findings show that phagocytic nadph oxidase activity is increased in obesity and is related to preclinical atherosclerosis in this condition we also suggest that hyperleptinemia may contribute to phagocytic nadph oxidase overactivity in obesity,no_acute,unspecified
PUBMEDQA_REPORT_16647887,"The purpose of this study was to investigate the outcomes that are associated with pregnancy and treated hypothyroidism. This was a retrospective cohort study of all women who received prenatal care and were delivered at the University of California, San Francisco, between 1989 and 2001. All patients with hypothyroidism diagnosed before pregnancy or early in pregnancy were identified. Maternal, fetal, and obstetric outcomes were then collected and analyzed for women with hypothyroidism and compared with women without hypothyroidism. Among 20,499 deliveries, there were 419 women (2.1%) who were treated for hypothyroidism during the study period. Hypothyroidism was more common among women>or =35 years old, white women, and women without Medicaid insurance. Treated hypothyroidism was not associated with any increase in maternal, fetal, or neonatal complications. In addition, hypothyroidism did not affect mode of delivery. Conclusion: Compared with patients without hypothyroidism, patients with treated hypothyroidism are not at any increased risk for perinatal morbidity.",the purpose of this study was to investigate the outcomes that are associated with pregnancy and treated hypothyroidism this was a retrospective cohort study of all women who received prenatal care and were delivered at the university of california san francisco between 1989 and 2001 all patients with hypothyroidism diagnosed before pregnancy or early in pregnancy were identified maternal fetal and obstetric outcomes were then collected and analyzed for women with hypothyroidism and compared with women without hypothyroidism among 20 499 deliveries there were 419 women 2 1 who were treated for hypothyroidism during the study period hypothyroidism was more common among women or 35 years old white women and women without medicaid insurance treated hypothyroidism was not associated with any increase in maternal fetal or neonatal complications in addition hypothyroidism did not affect mode of delivery conclusion compared with patients without hypothyroidism patients with treated hypothyroidism are not at any increased risk for perinatal morbidity,,unspecified
PUBMEDQA_REPORT_24019262,"Epidemiological studies have suggested inverse relationships between blood pressure and prevalence of conditions such as migraine and headache. It is not yet clear whether similar relationships can be established for back pain in particular in prospective studies. Associations between blood pressure and chronic low back pain were explored in the cross-sectional HUNT 2 survey of a Norwegian county in 1995-1997, including 39,872 individuals who never used antihypertensive medication. A prospective study, comprising 17,209 initially back pain-free individuals and 5740 individuals reporting low back pain, was established by re-examinations in the HUNT 3 survey in 2006-2008. Associations were assessed by logistic regression with respect to systolic, diastolic and pulse pressure, with adjustment for education, work status, physical activity, smoking, body mass and lipid levels. In the cross-sectional study, all three blood pressure measures showed inverse relationships with prevalence of low back pain in both sexes. In the prospective study of disease-free women, baseline pulse pressure and systolic pressure were inversely associated with risk of low back pain [odds ratio (OR) 0.93 per 10 mm Hg increase in pulse pressure, 95% confidence interval (CI) 0.89-0.98, p = 0.007; OR 0.95 per 10 mm Hg increase in systolic pressure, 95% CI 0.92-0.99, p = 0.005]. Results among men were equivocal. No associations were indicated with the occurrence of pain in individuals with low back pain at baseline. Conclusion: Results for low back pain are consistent with the theory of hypertension-associated hypalgesia, predicting diminished pain sensitivity with increasing blood pressure, possibly with modified reactions in people suffering from long-lasting pain.",epidemiological studies have suggested inverse relationships between blood pressure and prevalence of conditions such as migraine and headache it is not yet clear whether similar relationships can be established for back pain in particular in prospective studies associations between blood pressure and chronic low back pain were explored in the cross-sectional hunt 2 survey of a norwegian county in 1995-1997 including 39 872 individuals who never used antihypertensive medication a prospective study comprising 17 209 initially back pain-free individuals and 5740 individuals reporting low back pain was established by re-examinations in the hunt 3 survey in 2006-2008 associations were assessed by logistic regression with respect to systolic diastolic and pulse pressure with adjustment for education work status physical activity smoking body mass and lipid levels in the cross-sectional study all three blood pressure measures showed inverse relationships with prevalence of low back pain in both sexes in the prospective study of disease-free women baseline pulse pressure and systolic pressure were inversely associated with risk of low back pain odds ratio or 0 93 per 10 mm hg increase in pulse pressure 95 confidence interval ci 0 89-0 98 p 0 007 or 0 95 per 10 mm hg increase in systolic pressure 95 ci 0 92-0 99 p 0 005 results among men were equivocal no associations were indicated with the occurrence of pain in individuals with low back pain at baseline conclusion results for low back pain are consistent with the theory of hypertension-associated hypalgesia predicting diminished pain sensitivity with increasing blood pressure possibly with modified reactions in people suffering from long-lasting pain,,unspecified
PUBMEDQA_REPORT_18670651,"Acute pancreatitis is the major complication of endoscopic retrograde cholangiopancreatography (ERCP) procedure and there are some reports showing cytokine changes in ERCP-induced pancreatits.GOALS: To investigate the association between early changes (within 24 hours) in the serum interleukin (IL)-2, IL-4, tumor necrosis factor (TNF)alpha, and IL-6 levels and the development of post-ERCP pancreatitis.STUDY: Forty five consecutive patients who underwent therapeutic ERCP and 10 patients with acute pancreatitis without ERCP were enrolled to the study. Serum concentrations of IL-2, IL-4, TNFalpha, and IL-6 were determined immediately before, 12 hours and 24 hours after ERCP. Seven of the 45 patients (15.5%) developed post-ERCP pancreatitis. The levels of IL-4 at 24 hours after ERCP were significantly lower in the patients with post-ERCP pancreatitis than in those without pancreatitis, while TNFalpha levels at 12 hours after ERCP were higher in the complicated group than those of the uncomplicated group. The ratios of TNFalpha/IL-4 at 12 and 24 hours after ERCP were found significantly higher in the patients with post-ERCP pancreatitis than in those without pancreatitis. IL-6 in the complicated patients was found significantly increased at 24 hours after ERCP. Conclusion: The enhancement of serum TNFalpha and IL-6 levels in the patients with ERCP-induced pancreatitis reflects the inflammatory activity. Additionally, these cytokines together with IL-4 can be used in clinical laboratory monitoring of ERCP.",acute pancreatitis is the major complication of endoscopic retrograde cholangiopancreatography ercp procedure and there are some reports showing cytokine changes in ercp-induced pancreatits goals to investigate the association between early changes within 24 hours in the serum interleukin il -2 il-4 tumor necrosis factor tnf alpha and il-6 levels and the development of post-ercp pancreatitis study forty five consecutive patients who underwent therapeutic ercp and 10 patients with acute pancreatitis without ercp were enrolled to the study serum concentrations of il-2 il-4 tnfalpha and il-6 were determined immediately before 12 hours and 24 hours after ercp seven of the 45 patients 15 5 developed post-ercp pancreatitis the levels of il-4 at 24 hours after ercp were significantly lower in the patients with post-ercp pancreatitis than in those without pancreatitis while tnfalpha levels at 12 hours after ercp were higher in the complicated group than those of the uncomplicated group the ratios of tnfalpha il-4 at 12 and 24 hours after ercp were found significantly higher in the patients with post-ercp pancreatitis than in those without pancreatitis il-6 in the complicated patients was found significantly increased at 24 hours after ercp conclusion the enhancement of serum tnfalpha and il-6 levels in the patients with ercp-induced pancreatitis reflects the inflammatory activity additionally these cytokines together with il-4 can be used in clinical laboratory monitoring of ercp,,unspecified
PUBMEDQA_REPORT_15137012,"Most pediatric surgeons perform oophorectomy in girls presenting with ovarian torsion in which the ovary appears necrotic. However, the adult gynecology literature suggests that many ovaries can be treated by detorsion alone. All children with ovarian torsion on the gynecology and general surgery services between 1988 and 2002 were reviewed. There were 36 torsions in 34 children. Seventeen underwent detorsion with or without ovarian cystectomy, and 19 had oophorectomy (mean age 10 years in both groups). Torsion was suspected preoperatively in 94% of the detorsion cases and in 47% of the oophorectomy patients. Median time from presentation to surgery was significantly lower in the detorsion than the oophorectomy group (median 14 v 27 hours; P =.04). Postoperative complications and length of stay were similar between the 2 groups. Despite the ovary being judged intraoperatively as moderately to severely ischemic in 53% of the detorsion cases, follow-up sonogram or ovarian biopsy available in 14 of the 17 cases showed normal ovary with follicular development in each case. Conclusion: Simple detorsion was not accompanied by an increase in morbidity, and all patients studied had functioning ovarian tissue on follow-up despite the surgeon's assessment of the degree of ovarian ischemia. Detorsion is the procedure of choice for most cases of ovarian torsion in children.",most pediatric surgeons perform oophorectomy in girls presenting with ovarian torsion in which the ovary appears necrotic however the adult gynecology literature suggests that many ovaries can be treated by detorsion alone all children with ovarian torsion on the gynecology and general surgery services between 1988 and 2002 were reviewed there were 36 torsions in 34 children seventeen underwent detorsion with or without ovarian cystectomy and 19 had oophorectomy mean age 10 years in both groups torsion was suspected preoperatively in 94 of the detorsion cases and in 47 of the oophorectomy patients median time from presentation to surgery was significantly lower in the detorsion than the oophorectomy group median 14 v 27 hours p 04 postoperative complications and length of stay were similar between the 2 groups despite the ovary being judged intraoperatively as moderately to severely ischemic in 53 of the detorsion cases follow-up sonogram or ovarian biopsy available in 14 of the 17 cases showed normal ovary with follicular development in each case conclusion simple detorsion was not accompanied by an increase in morbidity and all patients studied had functioning ovarian tissue on follow-up despite the surgeon s assessment of the degree of ovarian ischemia detorsion is the procedure of choice for most cases of ovarian torsion in children,no_acute,unspecified
PUBMEDQA_REPORT_11380492,"To assess the results of transsphenoidal pituitary surgery in patients with Cushing's disease over a period of 18 years, and to determine if there are factors which will predict the outcome. Sixty-nine sequential patients treated surgically by a single surgeon in Newcastle upon Tyne between 1980 and 1997 were identified and data from 61 of these have been analysed. Retrospective analysis of outcome measures. Patients were divided into three groups (remission, failure and relapse) depending on the late outcome of their treatment as determined at the time of analysis, i.e. 88 months (median) years after surgery. Remission is defined as biochemical reversal of hypercortisolism with re-emergence of diurnal circadian rhythm, resolution of clinical features and adequate suppression on low-dose dexamethasone testing. Failure is defined as the absence of any of these features. Relapse is defined as the re-emergence of Cushing's disease more than one year after operation. Clinical features such as weight, sex, hypertension, associated endocrine disorders and smoking, biochemical studies including preoperative and postoperative serum cortisol, urine free cortisol, serum ACTH, radiological, histological and surgical findings were assessed in relation to these three groups to determine whether any factors could reliably predict failure or relapse after treatment. Of the 61 patients included in this study, 48 (78.7%) achieved initial remission and 13 (21.3%) failed treatment. Seven patients suffered subsequent relapse (range 22-158 months) in their condition after apparent remission, leaving a final group of 41 patients (67.2%) in the remission group. Tumour was identified at surgery in 52 patients, of whom 38 achieved remission. In comparison, only 3 of 9 patients in whom no tumour was identified achieved remission. This difference was significant (P = 0.048). When both radiological and histological findings were positive, the likelihood of achieving remission was significantly higher than if both modalities were negative (P = 0.038). There were significant differences between remission and failure groups when 2- and 6-week postoperative serum cortisol levels (P = 0.002 and 0.001, respectively) and 6-week postoperative urine free cortisol levels (P = 0.026) were compared. This allowed identification of patients who failed surgical treatment in the early postoperative period. Complications of surgery included transitory DI in 13, transitory CSF leak in 8 and transitory nasal discharge and cacosmia in 3. Twelve of 41 patients required some form of hormonal replacement therapy despite achieving long-term remission. Thirteen patients underwent a second operation, of whom 5 achieved remission. Conclusion: Transsphenoidal pituitary surgery is a safe method of treatment in patients with Cushing's disease. Operative findings, radiological and histological findings, together with early postoperative serum cortisol and urine free cortisol estimates may identify failures in treatment. Alternative treatment might then be required for these patients. Because of the risk of late relapse, patients require life-long follow-up.",to assess the results of transsphenoidal pituitary surgery in patients with cushing s disease over a period of 18 years and to determine if there are factors which will predict the outcome sixty-nine sequential patients treated surgically by a single surgeon in newcastle upon tyne between 1980 and 1997 were identified and data from 61 of these have been analysed retrospective analysis of outcome measures patients were divided into three groups remission failure and relapse depending on the late outcome of their treatment as determined at the time of analysis i e 88 months median years after surgery remission is defined as biochemical reversal of hypercortisolism with re-emergence of diurnal circadian rhythm resolution of clinical features and adequate suppression on low-dose dexamethasone testing failure is defined as the absence of any of these features relapse is defined as the re-emergence of cushing s disease more than one year after operation clinical features such as weight sex hypertension associated endocrine disorders and smoking biochemical studies including preoperative and postoperative serum cortisol urine free cortisol serum acth radiological histological and surgical findings were assessed in relation to these three groups to determine whether any factors could reliably predict failure or relapse after treatment of the 61 patients included in this study 48 78 7 achieved initial remission and 13 21 3 failed treatment seven patients suffered subsequent relapse range 22-158 months in their condition after apparent remission leaving a final group of 41 patients 67 2 in the remission group tumour was identified at surgery in 52 patients of whom 38 achieved remission in comparison only 3 of 9 patients in whom no tumour was identified achieved remission this difference was significant p 0 048 when both radiological and histological findings were positive the likelihood of achieving remission was significantly higher than if both modalities were negative p 0 038 there were significant differences between remission and failure groups when 2- and 6-week postoperative serum cortisol levels p 0 002 and 0 001 respectively and 6-week postoperative urine free cortisol levels p 0 026 were compared this allowed identification of patients who failed surgical treatment in the early postoperative period complications of surgery included transitory di in 13 transitory csf leak in 8 and transitory nasal discharge and cacosmia in 3 twelve of 41 patients required some form of hormonal replacement therapy despite achieving long-term remission thirteen patients underwent a second operation of whom 5 achieved remission conclusion transsphenoidal pituitary surgery is a safe method of treatment in patients with cushing s disease operative findings radiological and histological findings together with early postoperative serum cortisol and urine free cortisol estimates may identify failures in treatment alternative treatment might then be required for these patients because of the risk of late relapse patients require life-long follow-up,,unspecified
PUBMEDQA_REPORT_17274051,"The aim of the study was to evaluate the outcomes and patterns of failure in patients with metastatic carcinoma to cervical lymph nodes from an unknown head and neck primary origin, who were treated curatively with radiotherapy, with or without neck dissection. The study included 61 patients referred to the McGill University Hospital Centers from 1987 to 2002. The median age was 57 years, with male to female ratio of 4:1. Distribution of patients by N status was as follows: N1, 16 patients (26%); N2a, 18 (30%); N2b, 13 (22%); N2c, 7 (11%); and N3, 7 (11%). Twenty patients underwent neck dissection (11 radical, 9 functional) and 41 patients had biopsy (9 fine-needle aspiration and 32 excisional biopsy). All patients received radiotherapy. The median dose to the involved node(s) was 64 Gy, and 60 Gy to the rest of the neck. Treatment of the neck was bilateral in 50 patients (82%) and ipsilateral in 11 (18%). The minimum duration of the follow-up was 12 months, with the median of 32 months. The 5- and 8-year overall survival for the whole population was 79% and 67%, respectively. There was no statistically significant difference in the 8-year actuarial overall survival (64.8% and 67.6%, respectively, p = .64) and local relapse-free survival (75% vs 74.5%, respectively, p = .57), among patients who had biopsy versus those who had neck dissection. Conclusion: In our experience, definitive radiotherapy to the neck and the potential mucosal sites, whether preceded by neck dissection or not, is effective to achieve a good local control rate in the unknown primary cancer of the head and neck. The indication for neck dissection, in particular for early nodal stage, is controversial.",the aim of the study was to evaluate the outcomes and patterns of failure in patients with metastatic carcinoma to cervical lymph nodes from an unknown head and neck primary origin who were treated curatively with radiotherapy with or without neck dissection the study included 61 patients referred to the mcgill university hospital centers from 1987 to 2002 the median age was 57 years with male to female ratio of 4 1 distribution of patients by n status was as follows n1 16 patients 26 n2a 18 30 n2b 13 22 n2c 7 11 and n3 7 11 twenty patients underwent neck dissection 11 radical 9 functional and 41 patients had biopsy 9 fine-needle aspiration and 32 excisional biopsy all patients received radiotherapy the median dose to the involved node s was 64 gy and 60 gy to the rest of the neck treatment of the neck was bilateral in 50 patients 82 and ipsilateral in 11 18 the minimum duration of the follow-up was 12 months with the median of 32 months the 5- and 8-year overall survival for the whole population was 79 and 67 respectively there was no statistically significant difference in the 8-year actuarial overall survival 64 8 and 67 6 respectively p 64 and local relapse-free survival 75 vs 74 5 respectively p 57 among patients who had biopsy versus those who had neck dissection conclusion in our experience definitive radiotherapy to the neck and the potential mucosal sites whether preceded by neck dissection or not is effective to achieve a good local control rate in the unknown primary cancer of the head and neck the indication for neck dissection in particular for early nodal stage is controversial,,bilateral
PUBMEDQA_REPORT_12846929,"As part of a prospective study on quality of life in newly diagnosed lung cancer patients an investigation was carried out to examine whether there were differences among patients' quality of life scores and their socioeconomic status. Quality of life was measured at two points in time (baseline and three months after initial treatment) using three standard instruments; the Nottingham Health Profile (NHP), the European Organization for Research and Cancer Treatment Quality of Life Questionnaire (EORTC QLQ-C30) and its lung cancer supplement (QLQ-LC13). Socioeconomic status for each individual patient was derived using Carstairs and Morris Deprivation Category ranging from 1 (least deprived) to 7 (most deprived) on the basis of the postcode sector of their address. In all, 129 lung cancer patients entered into the study. Of these data for 82 patients were complete (at baseline and follow-up). 57% of patients were of lower socioeconomic status and they had more health problems, less functioning, and more symptoms as compared to affluent patients. Of these, physical mobility (P = 0.05), energy (P = 0.01), role functioning (P = 0.04), physical functioning (P = 0.03), and breathlessness (P = 0.02) were significant at baseline. However, at follow-up assessment there was no significant difference between patient groups nor did any consistent pattern emerge. Conclusion: At baseline assessment patients of lower socioeconomic status showed lower health related quality of life. Since there was no clear trend at follow-up assessment this suggests that patients from different socioeconomic status responded to treatment similarly. In general, the findings suggest that quality of life is not only the outcome of the disease and its treatment, but is also highly dependent on each patients' socioeconomic characteristics.",as part of a prospective study on quality of life in newly diagnosed lung cancer patients an investigation was carried out to examine whether there were differences among patients quality of life scores and their socioeconomic status quality of life was measured at two points in time baseline and three months after initial treatment using three standard instruments the nottingham health profile nhp the european organization for research and cancer treatment quality of life questionnaire eortc qlq-c30 and its lung cancer supplement qlq-lc13 socioeconomic status for each individual patient was derived using carstairs and morris deprivation category ranging from 1 least deprived to 7 most deprived on the basis of the postcode sector of their address in all 129 lung cancer patients entered into the study of these data for 82 patients were complete at baseline and follow-up 57 of patients were of lower socioeconomic status and they had more health problems less functioning and more symptoms as compared to affluent patients of these physical mobility p 0 05 energy p 0 01 role functioning p 0 04 physical functioning p 0 03 and breathlessness p 0 02 were significant at baseline however at follow-up assessment there was no significant difference between patient groups nor did any consistent pattern emerge conclusion at baseline assessment patients of lower socioeconomic status showed lower health related quality of life since there was no clear trend at follow-up assessment this suggests that patients from different socioeconomic status responded to treatment similarly in general the findings suggest that quality of life is not only the outcome of the disease and its treatment but is also highly dependent on each patients socioeconomic characteristics,,unspecified
PUBMEDQA_REPORT_18948835,"Neuromedin U (NmU) is a neuropeptide with anorexigenic activity. Two receptor subtypes (NmUR1 and NmUR2) confer the effects of NmU on target cells. We have recently demonstrated that NmU reduces insulin secretion from isolated pancreatic islets. Aim of our current study is to investigate the role of somatostatin at mediating the effects of NmU on insulin secretion. Expression of NmU in the pancreas was detected by immunohistochemistry. Insulin and somatostatin secretion from in situ perfused rat pancreas and isolated pancreatic islets was measured by radioimmunoassay. The paracrine effects of somatostatin within pancreatic islets were blocked by cyclosomatostatin, a somatostatin receptor antagonist. Receptor subtype NmUR1, but not NmUR2, was expressed in the endocrine pancreas, predominantly in the periphery. Neuromedin U reduced insulin secretion from in situ perfused rat pancreas and stimulated somatostatin secretion from isolated pancreatic islets. Neuromedin U stimulated somatostatin secretion at both physiological and supraphysiological glucose concentrations. Cyclosomatostatin increased insulin secretion and reduced NmU-induced inhibition of insulin secretion. Conclusion: Neuromedin U reduces insulin and increases somatostatin secretion. Blockade of somatostatin action abolishes the inhibition of insulin secretion by NmU. The results of the study suggest that somatostatin mediates the inhibitory action of NmU on insulin secretion.",neuromedin u nmu is a neuropeptide with anorexigenic activity two receptor subtypes nmur1 and nmur2 confer the effects of nmu on target cells we have recently demonstrated that nmu reduces insulin secretion from isolated pancreatic islets aim of our current study is to investigate the role of somatostatin at mediating the effects of nmu on insulin secretion expression of nmu in the pancreas was detected by immunohistochemistry insulin and somatostatin secretion from in situ perfused rat pancreas and isolated pancreatic islets was measured by radioimmunoassay the paracrine effects of somatostatin within pancreatic islets were blocked by cyclosomatostatin a somatostatin receptor antagonist receptor subtype nmur1 but not nmur2 was expressed in the endocrine pancreas predominantly in the periphery neuromedin u reduced insulin secretion from in situ perfused rat pancreas and stimulated somatostatin secretion from isolated pancreatic islets neuromedin u stimulated somatostatin secretion at both physiological and supraphysiological glucose concentrations cyclosomatostatin increased insulin secretion and reduced nmu-induced inhibition of insulin secretion conclusion neuromedin u reduces insulin and increases somatostatin secretion blockade of somatostatin action abolishes the inhibition of insulin secretion by nmu the results of the study suggest that somatostatin mediates the inhibitory action of nmu on insulin secretion,,unspecified
PUBMEDQA_REPORT_23052500,"Staging laparoscopy (SL) is not regularly performed for patients with hepatocellular carcinoma (HCC). It may change treatment strategy, preventing unnecessary open exploration. An additional advantage of SL is possible biopsy of the nontumorous liver to assess fibrosis/cirrhosis. This study aimed to determine whether SL for patients with HCC still is useful. Patients with HCC who underwent SL between January 1999 and December 2011 were analyzed. Their demographics, preoperative imaging studies, surgical findings, and histology were assessed. The 56 patients (34 men and 22 women; mean age, 60 ± 14 years) in this study underwent SL for assessment of extensive disease or metastases. For two patients, SL was unsuccessful because of intraabdominal adhesions. For four patients (7.1 %), SL showed unresectability because of metastases (n = 1), tumor progression (n = 1), or severe cirrhosis in the contralateral lobe (n = 2). An additional five patients did not undergo laparotomy due to disease progression detected on imaging after SL. Exploratory laparotomy for the remaining 47 patients showed 6 (13 %) additional unresectable tumors due to advanced tumor (n = 5) or nodal metastases (n = 1). Consequently, the yield of SL was 7 % (95 % confidence interval (CI), 3-17 %), and the accuracy was 27 % (95 % CI, 11-52 %). A biopsy of the contralateral liver was performed for 45 patients who underwent SL, leading to changes in management for 4 patients (17 %) with cirrhosis. Conclusion: The overall yield of SL for HCC was 7 %, and the accuracy was 27 %. When accurate imaging methods are available and additional percutaneous liver biopsy is implemented as a standard procedure in the preoperative workup of patients with HCC, the benefit of SL will become even less.",staging laparoscopy sl is not regularly performed for patients with hepatocellular carcinoma hcc it may change treatment strategy preventing unnecessary open exploration an additional advantage of sl is possible biopsy of the nontumorous liver to assess fibrosis cirrhosis this study aimed to determine whether sl for patients with hcc still is useful patients with hcc who underwent sl between january 1999 and december 2011 were analyzed their demographics preoperative imaging studies surgical findings and histology were assessed the 56 patients 34 men and 22 women mean age 60 14 years in this study underwent sl for assessment of extensive disease or metastases for two patients sl was unsuccessful because of intraabdominal adhesions for four patients 7 1 sl showed unresectability because of metastases n 1 tumor progression n 1 or severe cirrhosis in the contralateral lobe n 2 an additional five patients did not undergo laparotomy due to disease progression detected on imaging after sl exploratory laparotomy for the remaining 47 patients showed 6 13 additional unresectable tumors due to advanced tumor n 5 or nodal metastases n 1 consequently the yield of sl was 7 95 confidence interval ci 3-17 and the accuracy was 27 95 ci 11-52 a biopsy of the contralateral liver was performed for 45 patients who underwent sl leading to changes in management for 4 patients 17 with cirrhosis conclusion the overall yield of sl for hcc was 7 and the accuracy was 27 when accurate imaging methods are available and additional percutaneous liver biopsy is implemented as a standard procedure in the preoperative workup of patients with hcc the benefit of sl will become even less,,unspecified
PUBMEDQA_REPORT_25488308,"The proper angle of miniscrew insertion is important for cortical anchorage, patient safety, and biomechanical control. The purposes of this study are to report the alveolar process thickness and inter-radicular space in the posterior region of the mandible, to assess the impact of different miniscrew insertion angle protocols, and to identify differences between the genders or types of malocclusion. In this retrospective study, 100 individuals were selected for orthodontic treatment at a radiology clinic. Cone-beam computed tomography data were imported into 3-dimensional software. The predictor variable was the location in the mandible and insertion angle. The demographic variables collected included age, gender, and malocclusion (Angle Classes I and II). The primary outcome variables were bone thickness and inter-radicular space. The inter-radicular spaces were evaluated 5 mm from the cement-enamel junction. The bone thicknesses were taken at 45°, 60°, and 90° in relation to the alveolar ridge, simulating a miniscrew insertion. These factors were evaluated for sexual dimorphism and malocclusion (Angle Classes I and II). Sexual dimorphism and malocclusion were evaluated with t tests. To compare the inter-radicular space and the thickness of bone between areas, an analysis of variance for repeated measures was used. The sample was composed of 100 patients with a mean age of 17.4 ± 6.74 years. There were 61 female and 39 male patients and 60 Class I and 40 Class II molar relationships. The inter-radicular space ranged from 2.46 to 3.31 mm, and alveolar bone thickness ranged from 8.01 to 13.77 mm. The thickness tended to decrease with the increase in insertion angle from 45° to 90°. No significant differences between the genders or types of malocclusion were found. Conclusion: The results of this study suggest that the safest areas for the placement of miniscrews are between the first and second premolars and between the first and second molars, regardless of the angle of insertion.",the proper angle of miniscrew insertion is important for cortical anchorage patient safety and biomechanical control the purposes of this study are to report the alveolar process thickness and inter-radicular space in the posterior region of the mandible to assess the impact of different miniscrew insertion angle protocols and to identify differences between the genders or types of malocclusion in this retrospective study 100 individuals were selected for orthodontic treatment at a radiology clinic cone-beam computed tomography data were imported into 3-dimensional software the predictor variable was the location in the mandible and insertion angle the demographic variables collected included age gender and malocclusion angle classes i and ii the primary outcome variables were bone thickness and inter-radicular space the inter-radicular spaces were evaluated 5 mm from the cement-enamel junction the bone thicknesses were taken at 45 60 and 90 in relation to the alveolar ridge simulating a miniscrew insertion these factors were evaluated for sexual dimorphism and malocclusion angle classes i and ii sexual dimorphism and malocclusion were evaluated with t tests to compare the inter-radicular space and the thickness of bone between areas an analysis of variance for repeated measures was used the sample was composed of 100 patients with a mean age of 17 4 6 74 years there were 61 female and 39 male patients and 60 class i and 40 class ii molar relationships the inter-radicular space ranged from 2 46 to 3 31 mm and alveolar bone thickness ranged from 8 01 to 13 77 mm the thickness tended to decrease with the increase in insertion angle from 45 to 90 no significant differences between the genders or types of malocclusion were found conclusion the results of this study suggest that the safest areas for the placement of miniscrews are between the first and second premolars and between the first and second molars regardless of the angle of insertion,,unspecified
PUBMEDQA_REPORT_24946973,"To evaluate accelerated partial breast irradiation (APBI) in patients after oncoplastic surgery for early breast cancer. A retrospective analysis of 136 breasts of 134 patients, who received breast-conserving oncoplastic surgery for low-risk breast cancer between 2002 and 2010 in the Universities of Vienna and Luebeck followed by adjuvant APBI applying total doses of pulse dose rate of 50.4 Gy or high-dose rate (HDR) of 32 Gy over 4 days. Target volume definition was performed by the use of surgical-free margin data, related to intraoperatively fixed clip positions, pre- and postoperative imaging, and palpation. At the time of data acquisition, 131 of 134 patients were alive. The median follow-up time was 39 months (range, 4-106 months). After high-dose rate treatment, 3 of 89 patients showed systemic progress after a mean follow-up of 47 months (range, 19-75 months) and 2 patients had a different quadrant in-breast tumor after 27 and 35 months. One patient died 7 months after treatment of unknown causes. After pulse dose rate treatment, 1 of 45 patients had a local recurrence after 42 months and 1 patient died because of another cause after 13 months. We observed mild fibrosis in 27 breasts, telangiectasia in 6, hyperpigmentation in 14 cases, and keloid formation in 1. Conclusion: These preliminary results suggest the feasibility of multicatheter APBI after oncoplastic breast-conserving surgery in selected low-risk breast cancer patients; however, special attention to target volume definition is needed. Further prospective investigations with long follow-up are needed to define the real value of the procedure.",to evaluate accelerated partial breast irradiation apbi in patients after oncoplastic surgery for early breast cancer a retrospective analysis of 136 breasts of 134 patients who received breast-conserving oncoplastic surgery for low-risk breast cancer between 2002 and 2010 in the universities of vienna and luebeck followed by adjuvant apbi applying total doses of pulse dose rate of 50 4 gy or high-dose rate hdr of 32 gy over 4 days target volume definition was performed by the use of surgical-free margin data related to intraoperatively fixed clip positions pre- and postoperative imaging and palpation at the time of data acquisition 131 of 134 patients were alive the median follow-up time was 39 months range 4-106 months after high-dose rate treatment 3 of 89 patients showed systemic progress after a mean follow-up of 47 months range 19-75 months and 2 patients had a different quadrant in-breast tumor after 27 and 35 months one patient died 7 months after treatment of unknown causes after pulse dose rate treatment 1 of 45 patients had a local recurrence after 42 months and 1 patient died because of another cause after 13 months we observed mild fibrosis in 27 breasts telangiectasia in 6 hyperpigmentation in 14 cases and keloid formation in 1 conclusion these preliminary results suggest the feasibility of multicatheter apbi after oncoplastic breast-conserving surgery in selected low-risk breast cancer patients however special attention to target volume definition is needed further prospective investigations with long follow-up are needed to define the real value of the procedure,,unspecified
PUBMEDQA_REPORT_27456836,"To explore whether electrochemiluminescence (ECL) assays can help improve prediction of time to type 1 diabetes in the TrialNet autoantibody-positive population. TrialNet subjects who were positive for one or more autoantibodies (microinsulin autoantibody, GAD65 autoantibody [GADA], IA-2A, and ZnT8A) with available ECL-insulin autoantibody (IAA) and ECL-GADA data at their initial visit were analyzed; after a median follow-up of 24 months, 177 of these 1,287 subjects developed diabetes. Univariate analyses showed that autoantibodies by radioimmunoassays (RIAs), ECL-IAA, ECL-GADA, age, sex, number of positive autoantibodies, presence of HLA DR3/4-DQ8 genotype, HbA1c, and oral glucose tolerance test (OGTT) measurements were all significantly associated with progression to diabetes. Subjects who were ECL positive had a risk of progression to diabetes within 6 years of 58% compared with 5% for the ECL-negative subjects (P<0.0001). Multivariate Cox proportional hazards models were compared, with the base model including age, sex, OGTT measurements, and number of positive autoantibodies by RIAs. The model with positivity for ECL-GADA and/or ECL-IAA was the best, and factors that remained significantly associated with time to diabetes were area under the curve (AUC) C-peptide, fasting C-peptide, AUC glucose, number of positive autoantibodies by RIAs, and ECL positivity. Adding ECL to the Diabetes Prevention Trial risk score (DPTRS) improved the receiver operating characteristic curves with AUC of 0.83 (P<0.0001). Conclusion: ECL assays improved the ability to predict time to diabetes in these autoantibody-positive relatives at risk for developing diabetes. These findings might be helpful in the design and eligibility criteria for prevention trials in the future.",to explore whether electrochemiluminescence ecl assays can help improve prediction of time to type 1 diabetes in the trialnet autoantibody-positive population trialnet subjects who were positive for one or more autoantibodies microinsulin autoantibody gad65 autoantibody gada ia-2a and znt8a with available ecl-insulin autoantibody iaa and ecl-gada data at their initial visit were analyzed after a median follow-up of 24 months 177 of these 1 287 subjects developed diabetes univariate analyses showed that autoantibodies by radioimmunoassays rias ecl-iaa ecl-gada age sex number of positive autoantibodies presence of hla dr3 4-dq8 genotype hba1c and oral glucose tolerance test ogtt measurements were all significantly associated with progression to diabetes subjects who were ecl positive had a risk of progression to diabetes within 6 years of 58 compared with 5 for the ecl-negative subjects p 0 0001 multivariate cox proportional hazards models were compared with the base model including age sex ogtt measurements and number of positive autoantibodies by rias the model with positivity for ecl-gada and or ecl-iaa was the best and factors that remained significantly associated with time to diabetes were area under the curve auc c-peptide fasting c-peptide auc glucose number of positive autoantibodies by rias and ecl positivity adding ecl to the diabetes prevention trial risk score dptrs improved the receiver operating characteristic curves with auc of 0 83 p 0 0001 conclusion ecl assays improved the ability to predict time to diabetes in these autoantibody-positive relatives at risk for developing diabetes these findings might be helpful in the design and eligibility criteria for prevention trials in the future,,unspecified
PUBMEDQA_REPORT_17244100,"Minority patients with cancer experience worse control of their pain than do their white counterparts. This disparity may, in part, reflect more miscommunication between minority patients and their physicians. Therefore, we examined whether patient coaching could reduce disparities in pain control in a secondary analysis of a randomized controlled trial. Sixty-seven English-speaking adult cancer outpatients, including 15 minorities, with moderate pain over the prior 2 weeks were randomly assigned to the experimental (N = 34) or control group (N = 33). Experimental patients received a 20-minute individualized education and coaching session to increase knowledge of pain self-management, to redress personal misconceptions about pain treatment, and to rehearse an individually scripted patient-physician dialog about pain control. The control group received standardized information on controlling pain. Data on average pain (0-10 scale) were collected at enrollment and 2-week follow-up. At enrollment, minority patients had significantly more pain than their white counterparts (6.0 vs 5.0, P = 0.05). At follow-up, minorities in the control group continued to have more pain (6.4 vs 4.7, P = 0.01), whereas in the experimental group, disparities were eliminated (4.0 vs 4.3, P = 0.71). The effect of the intervention on reducing disparities was significant (P = 0.04). Conclusion: Patient coaching offers promise as a means of reducing racial/ethnic disparities in pain control. Larger studies are needed to validate these findings and to explore possible mechanisms.",minority patients with cancer experience worse control of their pain than do their white counterparts this disparity may in part reflect more miscommunication between minority patients and their physicians therefore we examined whether patient coaching could reduce disparities in pain control in a secondary analysis of a randomized controlled trial sixty-seven english-speaking adult cancer outpatients including 15 minorities with moderate pain over the prior 2 weeks were randomly assigned to the experimental n 34 or control group n 33 experimental patients received a 20-minute individualized education and coaching session to increase knowledge of pain self-management to redress personal misconceptions about pain treatment and to rehearse an individually scripted patient-physician dialog about pain control the control group received standardized information on controlling pain data on average pain 0-10 scale were collected at enrollment and 2-week follow-up at enrollment minority patients had significantly more pain than their white counterparts 6 0 vs 5 0 p 0 05 at follow-up minorities in the control group continued to have more pain 6 4 vs 4 7 p 0 01 whereas in the experimental group disparities were eliminated 4 0 vs 4 3 p 0 71 the effect of the intervention on reducing disparities was significant p 0 04 conclusion patient coaching offers promise as a means of reducing racial ethnic disparities in pain control larger studies are needed to validate these findings and to explore possible mechanisms,,unspecified
PUBMEDQA_REPORT_23347337,"To provide equality of cancer care to rural patients, Townsville Cancer Centre administers intensive chemotherapy regimens to rural patients with node-positive breast and metastatic colorectal cancers at the same doses as urban patients. Side-effects were usually managed by rural general practitioners locally.AIM: The aim is to determine the safety of this practice by comparing the profile of serious adverse events and dose intensities between urban and rural patients at the Townsville Cancer Centre. A retrospective audit was conducted in patients with metastatic colorectal and node-positive breast cancers during a 24-month period. Fisher's exact test was used for analysis. Rurality was determined as per rural, remote and metropolitan classification. Of the 121 patients included, 70 and 51 patients had breast and colon cancers respectively. The urban versus rural patient split among all patients, breast and colorectal cancer subgroups was 68 versus 53, 43 versus 27 and 25 versus 26 respectively. A total of 421 cycles was given with dose intensity of>95% for breast cancer in both groups (P>0.05). Rate of febrile neutropenia was 9.3% versus 7.4% (P = 0.56). For XELOX, rate of diarrhoea was 20% versus 19% (P = 0.66) and rate of vomiting was 20% versus 11% (P = 0.11). Only two patients were transferred to Townsville for admission. No toxic death occurred in either group. Conclusion: It appears safe to administer intensive chemotherapy regimens at standard doses to rural patients without increased morbidity or mortality. Support for general practitioners through phone or videoconferencing may reduce the safety concerns.",to provide equality of cancer care to rural patients townsville cancer centre administers intensive chemotherapy regimens to rural patients with node-positive breast and metastatic colorectal cancers at the same doses as urban patients side-effects were usually managed by rural general practitioners locally aim the aim is to determine the safety of this practice by comparing the profile of serious adverse events and dose intensities between urban and rural patients at the townsville cancer centre a retrospective audit was conducted in patients with metastatic colorectal and node-positive breast cancers during a 24-month period fisher s exact test was used for analysis rurality was determined as per rural remote and metropolitan classification of the 121 patients included 70 and 51 patients had breast and colon cancers respectively the urban versus rural patient split among all patients breast and colorectal cancer subgroups was 68 versus 53 43 versus 27 and 25 versus 26 respectively a total of 421 cycles was given with dose intensity of 95 for breast cancer in both groups p 0 05 rate of febrile neutropenia was 9 3 versus 7 4 p 0 56 for xelox rate of diarrhoea was 20 versus 19 p 0 66 and rate of vomiting was 20 versus 11 p 0 11 only two patients were transferred to townsville for admission no toxic death occurred in either group conclusion it appears safe to administer intensive chemotherapy regimens at standard doses to rural patients without increased morbidity or mortality support for general practitioners through phone or videoconferencing may reduce the safety concerns,,unspecified
PUBMEDQA_REPORT_24098953,"All VLBW infants from January 2008 to December 2012 with positive blood culture beyond 72 hours of life were enrolled in a retrospective cohort study. Newborns born after June 2010 were treated with IgM-eIVIG, 250 mg/kg/day iv for three days in addition to standard antibiotic regimen and compared to an historical cohort born before June 2010, receiving antimicrobial regimen alone. Short-term mortality (i.e. death within 7 and 21 days from treatment) was the primary outcome. Secondary outcomes were: total mortality, intraventricular hemorrhage, necrotizing enterocolitis, periventricular leukomalacia, bronchopulmonary dysplasia at discharge. 79 neonates (40 cases) were enrolled. No difference in birth weight, gestational age or SNAP II score (disease severity score) were found. Significantly reduced short-term mortality was found in treated infants (22% vs 46%; p = 0.005) considering all microbial aetiologies and the subgroup affected by Candida spp. Secondary outcomes were not different between groups. Conclusion: This hypothesis-generator study shows that IgM-eIVIG is an effective adjuvant therapy in VLBW infants with proven sepsis. Randomized controlled trials are warranted to confirm this pilot observation.",all vlbw infants from january 2008 to december 2012 with positive blood culture beyond 72 hours of life were enrolled in a retrospective cohort study newborns born after june 2010 were treated with igm-eivig 250 mg kg day iv for three days in addition to standard antibiotic regimen and compared to an historical cohort born before june 2010 receiving antimicrobial regimen alone short-term mortality i e death within 7 and 21 days from treatment was the primary outcome secondary outcomes were total mortality intraventricular hemorrhage necrotizing enterocolitis periventricular leukomalacia bronchopulmonary dysplasia at discharge 79 neonates 40 cases were enrolled no difference in birth weight gestational age or snap ii score disease severity score were found significantly reduced short-term mortality was found in treated infants 22 vs 46 p 0 005 considering all microbial aetiologies and the subgroup affected by candida spp secondary outcomes were not different between groups conclusion this hypothesis-generator study shows that igm-eivig is an effective adjuvant therapy in vlbw infants with proven sepsis randomized controlled trials are warranted to confirm this pilot observation,,unspecified
PUBMEDQA_REPORT_25274085,"Several single nucleotide polymorphisms (SNPs) at different loci have been associated with breast cancer susceptibility, accounting for around 10% of the familial component. Recent studies have found direct associations between specific SNPs and breast cancer in BRCA1/2 mutation carriers. Our aim was to determine whether validated susceptibility SNP scores improve the predictive ability of risk models in comparison/conjunction to other clinical/demographic information. Female BRCA1/2 carriers were identified from the Manchester genetic database, and included in the study regardless of breast cancer status or age. DNA was extracted from blood samples provided by these women and used for gene and SNP profiling. Estimates of survival were examined with Kaplan-Meier curves. Multivariable Cox proportional hazards models were fit in the separate BRCA datasets and in menopausal stages screening different combinations of clinical/demographic/genetic variables. Nonlinear random survival forests were also fit to identify relevant interactions. Models were compared using Harrell's concordance index (1 - c-index). 548 female BRCA1 mutation carriers and 523 BRCA2 carriers were identified from the database. Median Kaplan-Meier estimate of survival was 46.0 years (44.9-48.1) for BRCA1 carriers and 48.9 (47.3-50.4) for BRCA2. By fitting Cox models and random survival forests, including both a genetic SNP score and clinical/demographic variables, average 1 - c-index values were 0.221 (st.dev. 0.019) for BRCA1 carriers and 0.215 (st.dev. 0.018) for BRCA2 carriers. Conclusion: Random survival forests did not yield higher performance compared to Cox proportional hazards. We found improvement in prediction performance when coupling the genetic SNP score with clinical/demographic markers, which warrants further investigation.",several single nucleotide polymorphisms snps at different loci have been associated with breast cancer susceptibility accounting for around 10 of the familial component recent studies have found direct associations between specific snps and breast cancer in brca1 2 mutation carriers our aim was to determine whether validated susceptibility snp scores improve the predictive ability of risk models in comparison conjunction to other clinical demographic information female brca1 2 carriers were identified from the manchester genetic database and included in the study regardless of breast cancer status or age dna was extracted from blood samples provided by these women and used for gene and snp profiling estimates of survival were examined with kaplan-meier curves multivariable cox proportional hazards models were fit in the separate brca datasets and in menopausal stages screening different combinations of clinical demographic genetic variables nonlinear random survival forests were also fit to identify relevant interactions models were compared using harrell s concordance index 1 - c-index 548 female brca1 mutation carriers and 523 brca2 carriers were identified from the database median kaplan-meier estimate of survival was 46 0 years 44 9-48 1 for brca1 carriers and 48 9 47 3-50 4 for brca2 by fitting cox models and random survival forests including both a genetic snp score and clinical demographic variables average 1 - c-index values were 0 221 st dev 0 019 for brca1 carriers and 0 215 st dev 0 018 for brca2 carriers conclusion random survival forests did not yield higher performance compared to cox proportional hazards we found improvement in prediction performance when coupling the genetic snp score with clinical demographic markers which warrants further investigation,,unspecified
PUBMEDQA_REPORT_12913878,"Nd:YAG laser-induced thermo therapy (LITT) of rat brains is associated with blood-brain barrier (BBB) permeability changes. We address the question of whether LITT-induced locoregional disruption of the BBB could possibly allow a locoregional passage of chemotherapeutic agents into brain tissue to treat malignant glioma.STUDY DESIGN/ CD Fischer rats were subject to LITT of the left forebrain. Disruption of the BBB was analyzed using Evans blue and immunohistochemistry (IH). Animals were perfused with paclitaxel, and high-pressure liquid chromatography (HPLC) was employed to analyze the content of paclitaxel in brain and plasma samples. LITT induces an opening of the BBB as demonstrated by locoregional extravasation of Evans blue, C3C, fibrinogen, and IgM. HPLC proved the passage of paclitaxel across the disrupted BBB. Conclusion: LITT induces a locoregional passage of chemotherapeutic agents into the brain tissue. This is of potential interest for the treatment of brain tumors.",nd yag laser-induced thermo therapy litt of rat brains is associated with blood-brain barrier bbb permeability changes we address the question of whether litt-induced locoregional disruption of the bbb could possibly allow a locoregional passage of chemotherapeutic agents into brain tissue to treat malignant glioma study design cd fischer rats were subject to litt of the left forebrain disruption of the bbb was analyzed using evans blue and immunohistochemistry ih animals were perfused with paclitaxel and high-pressure liquid chromatography hplc was employed to analyze the content of paclitaxel in brain and plasma samples litt induces an opening of the bbb as demonstrated by locoregional extravasation of evans blue c3c fibrinogen and igm hplc proved the passage of paclitaxel across the disrupted bbb conclusion litt induces a locoregional passage of chemotherapeutic agents into the brain tissue this is of potential interest for the treatment of brain tumors,,left
PUBMEDQA_REPORT_16097998,"The benefits of serologic screening for coeliac disease in asymptomatic individuals are debatable.AIM: To investigate dietary compliance, quality of life and bone mineral density after long-term treatment in coeliac disease patients found by screening in risk groups. The study comprised 53 consecutive screen-detected coeliac patients diagnosed 14 years (median) ago. Dietary compliance was assessed by interview, 4-day food record and serology. Quality of life was evaluated by the Psychological General Well-Being and SF-36 questionnaires, gastrointestinal symptoms by the Gastrointestinal Symptom Rating Scale and bone mineral density by dual-energy x-ray absorptiometry. Comparisons were made to 44 symptom-detected-treated coeliac patients, 110 non-coeliac subjects and the general population. A total of 96% of screen-detected and 93% of symptom-detected coeliac patients adhered to a strict or fairly strict gluten-free diet. In screen-detected patients, quality of life and gastrointestinal symptoms were similar to those in symptom-detected patients or non-coeliac controls and bone mineral density was similar to that in the general population. Conclusion: Long-term dietary compliance in screen-detected patients was good. Quality of life and bone mineral density were comparable with those in non-coeliac subjects and the general population. Active screening in coeliac disease risk groups seems to be reasonable rather than harmful.",the benefits of serologic screening for coeliac disease in asymptomatic individuals are debatable aim to investigate dietary compliance quality of life and bone mineral density after long-term treatment in coeliac disease patients found by screening in risk groups the study comprised 53 consecutive screen-detected coeliac patients diagnosed 14 years median ago dietary compliance was assessed by interview 4-day food record and serology quality of life was evaluated by the psychological general well-being and sf-36 questionnaires gastrointestinal symptoms by the gastrointestinal symptom rating scale and bone mineral density by dual-energy x-ray absorptiometry comparisons were made to 44 symptom-detected-treated coeliac patients 110 non-coeliac subjects and the general population a total of 96 of screen-detected and 93 of symptom-detected coeliac patients adhered to a strict or fairly strict gluten-free diet in screen-detected patients quality of life and gastrointestinal symptoms were similar to those in symptom-detected patients or non-coeliac controls and bone mineral density was similar to that in the general population conclusion long-term dietary compliance in screen-detected patients was good quality of life and bone mineral density were comparable with those in non-coeliac subjects and the general population active screening in coeliac disease risk groups seems to be reasonable rather than harmful,,unspecified
PUBMEDQA_REPORT_10593212,"To investigate the importance of loss of consciousness (LOC) in predicting neuropsychological test performance in a large sample of patients with head injury. Retrospective comparison of neuropsychological test results for patients who suffered traumatic LOC, no LOC, or uncertain LOC. Allegheny General Hospital, Pittsburgh, Pennsylvania. The total number of patients included in this study was 383. Neuropsychological test measures, including the visual reproduction, digit span, and logical memory subtests of the Wechsler memory scale (revised), the Trail Making test, Wisconsin Card Sorting test, Hopkins Verbal Learning test, Controlled Oral Word Association, and the Galveston Orientation and Amnesia test (GOAT). No significant differences were found between the LOC, no LOC, or uncertain LOC groups for any of the neuropsychological measures used. Patients who had experienced traumatic LOC did not perform more poorly on neuropsychological testing than those with no LOC or uncertain LOC. All three groups demonstrated mildly decreased performance on formal tests of speed of information processing, attentional process, and memory. Conclusion: The results of this study cast doubt on the importance of LOC as a predictor of neuropsychological test performance during the acute phase of recovery from mild traumatic brain injury. Neuropsychological testing procedures have been shown to be sensitive in measuring cognitive sequelae of mild traumatic brain injury (concussion) in athletes. The failure of this study to find any relationship between LOC and neuropsychological functioning in a large sample of patients with mild head trauma calls into question the assignment of primary importance to LOC in grading severity of concussion. This study also does not provide support for the use of guidelines that rely heavily on LOC in making return-to-play decisions. Continued research is necessary to determine the relative importance of markers of concussion in athletes.",to investigate the importance of loss of consciousness loc in predicting neuropsychological test performance in a large sample of patients with head injury retrospective comparison of neuropsychological test results for patients who suffered traumatic loc no loc or uncertain loc allegheny general hospital pittsburgh pennsylvania the total number of patients included in this study was 383 neuropsychological test measures including the visual reproduction digit span and logical memory subtests of the wechsler memory scale revised the trail making test wisconsin card sorting test hopkins verbal learning test controlled oral word association and the galveston orientation and amnesia test goat no significant differences were found between the loc no loc or uncertain loc groups for any of the neuropsychological measures used patients who had experienced traumatic loc did not perform more poorly on neuropsychological testing than those with no loc or uncertain loc all three groups demonstrated mildly decreased performance on formal tests of speed of information processing attentional process and memory conclusion the results of this study cast doubt on the importance of loc as a predictor of neuropsychological test performance during the acute phase of recovery from mild traumatic brain injury neuropsychological testing procedures have been shown to be sensitive in measuring cognitive sequelae of mild traumatic brain injury concussion in athletes the failure of this study to find any relationship between loc and neuropsychological functioning in a large sample of patients with mild head trauma calls into question the assignment of primary importance to loc in grading severity of concussion this study also does not provide support for the use of guidelines that rely heavily on loc in making return-to-play decisions continued research is necessary to determine the relative importance of markers of concussion in athletes,,unspecified
PUBMEDQA_REPORT_22012962,"Men appear to benefit more from being married than women with respect to mortality in middle age. However, there is some uncertainty about gender differences in mortality risks in older individuals, widowed, divorced and single individuals and about the impact of living arrangements. Longitudinal data with 1990 census records being linked to mortality data up to 2005 were used (Swiss National Cohort). The sample comprised all residents over age 44 years in Switzerland (n=2,440,242). All-cause mortality HRs for marital status and living arrangements were estimated by Cox regression for men and women and different age groups with adjustment for education and socio-professional category. The benefit of being married was stronger for men than for women; however, mortality patterns were similar, with higher mortality in divorced and single individuals compared with widowed individuals (<80 years). After adjustment for living arrangements, the gender difference by marital status disappeared. Stratification by living arrangement revealed that mortality risks were highest for 45-64-year-old divorced (HR 1.72 (95% CI 1.67 to 1.76)) and single men (HR 1.67 (95% CI 1.63 to 1.71)) who lived alone. In women of the same age, the highest mortality risk was observed for those who were single and living with a partner (HR 1.70 (95% CI 1.58 to 1.82)). In older age groups, the impact of marital status decreased. Conclusion: Evaluation of living arrangements is crucial for identifying and explaining gender differences in mortality risks by marital status. The impact of living alone and living with a partner seems to be different in men and women.",men appear to benefit more from being married than women with respect to mortality in middle age however there is some uncertainty about gender differences in mortality risks in older individuals widowed divorced and single individuals and about the impact of living arrangements longitudinal data with 1990 census records being linked to mortality data up to 2005 were used swiss national cohort the sample comprised all residents over age 44 years in switzerland n 2 440 242 all-cause mortality hrs for marital status and living arrangements were estimated by cox regression for men and women and different age groups with adjustment for education and socio-professional category the benefit of being married was stronger for men than for women however mortality patterns were similar with higher mortality in divorced and single individuals compared with widowed individuals 80 years after adjustment for living arrangements the gender difference by marital status disappeared stratification by living arrangement revealed that mortality risks were highest for 45-64-year-old divorced hr 1 72 95 ci 1 67 to 1 76 and single men hr 1 67 95 ci 1 63 to 1 71 who lived alone in women of the same age the highest mortality risk was observed for those who were single and living with a partner hr 1 70 95 ci 1 58 to 1 82 in older age groups the impact of marital status decreased conclusion evaluation of living arrangements is crucial for identifying and explaining gender differences in mortality risks by marital status the impact of living alone and living with a partner seems to be different in men and women,,unspecified
PUBMEDQA_REPORT_8910148,"The brain-dead donor supply has become one of the criteria limiting the performance of heart transplantation. Conventional screening criteria are too limiting and exclude suitable heart donors. Echocardiography is now widely available and is a reliable tool to assess left ventricular dysfunction in brain-dead donors. Yet few data are available on the degree of left ventricular dysfunction where a transplantation is possible. Fifty-five potential brain-dead heart donors (age 38 +/- 11 years) were prospectively evaluated by transesophageal echocardiography (TEE) before harvesting. Fractional area change (FAC) was used to assess left ventricular function in potential brain-dead donors. Transplanted hearts were evaluated on the fifth postoperative day. The transplantation was considered a success if the recipient was alive, not retransplanted, without an assistance device or an epinephrine infusion of more than 1 mg/h and showed an ejection fraction above 40%. Of the 55 potential heart donors, 20 exhibited an FAC of less than 50%. Forty hearts were harvested, 36 of which were successfully transplanted. Nine patients had an FAC below 50% (group H2) and 27 had an FAC over 50% (group H1). Four patients died: 2 from hemorrhage (FAC>50% in donors); 1 from right and one from left ventricular dysfunction (FAC<50% in donors). The FAC increased significantly from 51 +/- 15% to 57 +/- 11% in 18 hearts that underwent TEE in donors and afterwards in recipients. Overall actuarial survival was 86.2% versus 64.6% at 1 and 2 years in group H1 and group H2, respectively (p = NS). Conclusion: TEE is useful to assess left ventricular function in potential brain-dead donors. An FAC less than 50% is present in 36% of potential heart donors. Because left ventricular dysfunction is often reversible shortly after transplantation, an FAC below 50% may not necessarily preclude the use of hearts for transplantation.",the brain-dead donor supply has become one of the criteria limiting the performance of heart transplantation conventional screening criteria are too limiting and exclude suitable heart donors echocardiography is now widely available and is a reliable tool to assess left ventricular dysfunction in brain-dead donors yet few data are available on the degree of left ventricular dysfunction where a transplantation is possible fifty-five potential brain-dead heart donors age 38 - 11 years were prospectively evaluated by transesophageal echocardiography tee before harvesting fractional area change fac was used to assess left ventricular function in potential brain-dead donors transplanted hearts were evaluated on the fifth postoperative day the transplantation was considered a success if the recipient was alive not retransplanted without an assistance device or an epinephrine infusion of more than 1 mg h and showed an ejection fraction above 40 of the 55 potential heart donors 20 exhibited an fac of less than 50 forty hearts were harvested 36 of which were successfully transplanted nine patients had an fac below 50 group h2 and 27 had an fac over 50 group h1 four patients died 2 from hemorrhage fac 50 in donors 1 from right and one from left ventricular dysfunction fac 50 in donors the fac increased significantly from 51 - 15 to 57 - 11 in 18 hearts that underwent tee in donors and afterwards in recipients overall actuarial survival was 86 2 versus 64 6 at 1 and 2 years in group h1 and group h2 respectively p ns conclusion tee is useful to assess left ventricular function in potential brain-dead donors an fac less than 50 is present in 36 of potential heart donors because left ventricular dysfunction is often reversible shortly after transplantation an fac below 50 may not necessarily preclude the use of hearts for transplantation,,right
PUBMEDQA_REPORT_20337874,"Infants referred to our institution with a final diagnosis of ARM were retrospectively reviewed between 2001 and 2009. The first cohort consisted of patients that were referred between November 2001 and November 2006 with the diagnosis of an ARM that had been delayed for more than 48 h. The second cohort was those referred between December 2006 and May 2009 with whom the diagnosis of ARM had not been made within 24 h of birth. Nineteen infants were referred with delayed diagnosis of an ARM over the 7.5 years of the study. Of 44 patients referred to our institution between December 2006 and May 2009, diagnosis of an ARM was delayed more than 24 h in 14 (32%). There was no difference in gender, birth weight, prematurity, type of malformation or presence of associated anomalies between those with timely and delayed diagnosis of their ARM. A significantly greater proportion of those with a delayed diagnosis presented with obstructive symptoms (86% vs. 27%, P<0.001), including abdominal distension (57%) and delayed passage of meconium or stool (29%). Despite undergoing neonatal examination, the diagnosis of ARM was missed in 12 patients overall. Conclusion: Delayed diagnosis of an ARM appears to be common, occurring in approximately 32% of patients referred to our institution over the last 2.5 years. Current guidelines appear insufficient to ensure prompt diagnosis of ARM.",infants referred to our institution with a final diagnosis of arm were retrospectively reviewed between 2001 and 2009 the first cohort consisted of patients that were referred between november 2001 and november 2006 with the diagnosis of an arm that had been delayed for more than 48 h the second cohort was those referred between december 2006 and may 2009 with whom the diagnosis of arm had not been made within 24 h of birth nineteen infants were referred with delayed diagnosis of an arm over the 7 5 years of the study of 44 patients referred to our institution between december 2006 and may 2009 diagnosis of an arm was delayed more than 24 h in 14 32 there was no difference in gender birth weight prematurity type of malformation or presence of associated anomalies between those with timely and delayed diagnosis of their arm a significantly greater proportion of those with a delayed diagnosis presented with obstructive symptoms 86 vs 27 p 0 001 including abdominal distension 57 and delayed passage of meconium or stool 29 despite undergoing neonatal examination the diagnosis of arm was missed in 12 patients overall conclusion delayed diagnosis of an arm appears to be common occurring in approximately 32 of patients referred to our institution over the last 2 5 years current guidelines appear insufficient to ensure prompt diagnosis of arm,,unspecified
PUBMEDQA_REPORT_15052394,"The gender difference in prevalence and incidence rates of depression is one of the most consistent findings in psychiatric epidemiology. We sought to examine whether any gender differences in symptom profile might account for this difference in rates. This study was a population-based 13-year follow-up survey of community-dwelling adults living in East Baltimore in 1981. Subjects were the continuing participants of the Baltimore Epidemiologic Catchment Area Program. Participants interviewed between 1993 and 1996 with complete data on depressive symptoms and covariates were included (n = 1727). We applied structural equations with a measurement model for dichotomous data (the MIMIC-multiple indicators, multiple causes-model) to compare symptoms between women and men, in relation to the nine symptom groups comprising the diagnostic criteria for major depression, adjusting for several potentially influential characteristics (namely, age, self-reported ethnicity, educational attainment, marital status, and employment). There were no significant gender differences in the self-report of depression symptoms even taking into account the higher level of depressive symptoms of women and the influence of other covariates. For example, women were no more likely to endorse sadness than were men, as evidenced by a direct effect coefficient that was not significantly different from the null [adjusted estimated direct effect of gender on report of sadness = 0.105, 95% confidence interval (-0.113, 0.323)]. Conclusion: Men and women in this community sample reported similar patterns of depressive symptoms. No evidence that the presentation of depressive symptoms differs by gender was found.",the gender difference in prevalence and incidence rates of depression is one of the most consistent findings in psychiatric epidemiology we sought to examine whether any gender differences in symptom profile might account for this difference in rates this study was a population-based 13-year follow-up survey of community-dwelling adults living in east baltimore in 1981 subjects were the continuing participants of the baltimore epidemiologic catchment area program participants interviewed between 1993 and 1996 with complete data on depressive symptoms and covariates were included n 1727 we applied structural equations with a measurement model for dichotomous data the mimic-multiple indicators multiple causes-model to compare symptoms between women and men in relation to the nine symptom groups comprising the diagnostic criteria for major depression adjusting for several potentially influential characteristics namely age self-reported ethnicity educational attainment marital status and employment there were no significant gender differences in the self-report of depression symptoms even taking into account the higher level of depressive symptoms of women and the influence of other covariates for example women were no more likely to endorse sadness than were men as evidenced by a direct effect coefficient that was not significantly different from the null adjusted estimated direct effect of gender on report of sadness 0 105 95 confidence interval -0 113 0 323 conclusion men and women in this community sample reported similar patterns of depressive symptoms no evidence that the presentation of depressive symptoms differs by gender was found,,unspecified
PUBMEDQA_REPORT_18439500,"To assess whether it is possible for an experienced laparoscopic surgeon to perform efficient laparoscopic myomectomy regardless of the size, number, and location of the myomas. Prospective observational study (Canadian Task Force classification II-1). Tertiary endoscopy center. A total of 505 healthy nonpregnant women with symptomatic myomas underwent laparoscopic myomectomy at our center. No exclusion criteria were based on the size, number, or location of myomas. Laparoscopic myomectomy and modifications of the technique: enucleation of the myoma by morcellation while it is still attached to the uterus with and without earlier devascularization. In all, 912 myomas were removed in these 505 patients laparoscopically. The mean number of myomas removed was 1.85 +/- 5.706 (95% CI 1.72-1.98). In all, 184 (36.4%) patients had multiple myomectomy. The mean size of the myomas removed was 5.86 +/- 3.300 cm in largest diameter (95% CI 5.56-6.16 cm). The mean weight of the myomas removed was 227.74 +/- 325.801 g (95% CI 198.03-257.45 g) and median was 100 g. The median operating time was 60 minutes (range 30-270 minutes). The median blood loss was 90 mL (range 40-2000 mL). Three comparisons were performed on the basis of size of the myomas (<10 cm and>or=10 cm in largest diameter), number of myomas removed (<or=4 and>or=5 myomas), and the technique (enucleation of the myomas by morcellation while the myoma is still attached to the uterus and the conventional technique). In all these comparisons, although the mean blood loss, duration of surgery, and hospital stay were greater in the groups in which larger myomas or more myomas were removed or the modified technique was performed as compared with their corresponding study group, the weight and size of removed myomas were also proportionately larger in these groups. Two patients were given the diagnosis of leiomyosarcoma in their histopathology and 1 patient developed a diaphragmatic parasitic myoma followed by a leiomyoma of the sigmoid colon. Six patients underwent laparoscopic hysterectomy 4 to 6 years after the surgery for recurrent myomas. One conversion to laparotomy occurred and 1 patient underwent open subtotal hysterectomy for dilutional coagulopathy. Conclusion: Laparoscopic myomectomy can be performed by experienced surgeons regardless of the size, number, or location of the myomas.",to assess whether it is possible for an experienced laparoscopic surgeon to perform efficient laparoscopic myomectomy regardless of the size number and location of the myomas prospective observational study canadian task force classification ii-1 tertiary endoscopy center a total of 505 healthy nonpregnant women with symptomatic myomas underwent laparoscopic myomectomy at our center no exclusion criteria were based on the size number or location of myomas laparoscopic myomectomy and modifications of the technique enucleation of the myoma by morcellation while it is still attached to the uterus with and without earlier devascularization in all 912 myomas were removed in these 505 patients laparoscopically the mean number of myomas removed was 1 85 - 5 706 95 ci 1 72-1 98 in all 184 36 4 patients had multiple myomectomy the mean size of the myomas removed was 5 86 - 3 300 cm in largest diameter 95 ci 5 56-6 16 cm the mean weight of the myomas removed was 227 74 - 325 801 g 95 ci 198 03-257 45 g and median was 100 g the median operating time was 60 minutes range 30-270 minutes the median blood loss was 90 ml range 40-2000 ml three comparisons were performed on the basis of size of the myomas 10 cm and or 10 cm in largest diameter number of myomas removed or 4 and or 5 myomas and the technique enucleation of the myomas by morcellation while the myoma is still attached to the uterus and the conventional technique in all these comparisons although the mean blood loss duration of surgery and hospital stay were greater in the groups in which larger myomas or more myomas were removed or the modified technique was performed as compared with their corresponding study group the weight and size of removed myomas were also proportionately larger in these groups two patients were given the diagnosis of leiomyosarcoma in their histopathology and 1 patient developed a diaphragmatic parasitic myoma followed by a leiomyoma of the sigmoid colon six patients underwent laparoscopic hysterectomy 4 to 6 years after the surgery for recurrent myomas one conversion to laparotomy occurred and 1 patient underwent open subtotal hysterectomy for dilutional coagulopathy conclusion laparoscopic myomectomy can be performed by experienced surgeons regardless of the size number or location of the myomas,,unspecified
PUBMEDQA_REPORT_27491658,The use of a balloon expandable stent valve includes balloon predilatation of the aortic stenosis before valve deployment. The aim of the study was to see whether or not balloon predilatation is necessary in transcatheter aortic valve replacement (TAVI). Sixty consecutive TAVI patients were randomized to the standard procedure or to a protocol where balloon predilatation was omitted. There were no significant differences between the groups regarding early hemodynamic results or complication rates. Conclusion: TAVI can be performed safely without balloon predilatation and with the same early results as achieved with the standard procedure including balloon predilatation. The reduction in the number of pacing periods required may be beneficial for the patient.,the use of a balloon expandable stent valve includes balloon predilatation of the aortic stenosis before valve deployment the aim of the study was to see whether or not balloon predilatation is necessary in transcatheter aortic valve replacement tavi sixty consecutive tavi patients were randomized to the standard procedure or to a protocol where balloon predilatation was omitted there were no significant differences between the groups regarding early hemodynamic results or complication rates conclusion tavi can be performed safely without balloon predilatation and with the same early results as achieved with the standard procedure including balloon predilatation the reduction in the number of pacing periods required may be beneficial for the patient,,unspecified
PUBMEDQA_REPORT_16962519,"To estimate changes in uterine myoma volume during pregnancy. Review of departmental electronic perinatal database and medical records. Canadian Task Force Classification II-3. Obstetrical ultrasound unit in an academic tertiary care center. One hundred-seven patients diagnosed with uterine myomas during pregnancy and who had two or more obstetrical ultrasounds in different periods of pregnancy. We analyzed the change in volume of uterine myomas between the first half of pregnancy (up until 19 weeks), third quarter (20-30 weeks), and last quarter (31 weeks to term). The volume of largest uterine myoma was calculated using the formula Volume (mm3)=Pi/6x(length mm)x(width mm)x(height mm). The mean age of the population was 31+/-6 years. Between the first and the second study periods, the percentage of uterine myomas that decreased in size was 55.1% (95% CI: 43-66), with a mean decrease in volume of 35%+/-4%; while the percentage of uterine myomas that enlarged was 44.9% (95% CI: 34-56), with a mean increase in volume of 69%+/-11%. Between the second and the third study periods, 75% (95% CI: 56-87) became smaller, with a mean decrease in volume of 30%+/-3%; while 25% (95% CI: 13-43) enlarged, with a mean increase in volume of 102%+/-62%. Conclusion: Contrary to common belief, we found that uterine myomas commonly decrease in volume over the course of pregnancy.",to estimate changes in uterine myoma volume during pregnancy review of departmental electronic perinatal database and medical records canadian task force classification ii-3 obstetrical ultrasound unit in an academic tertiary care center one hundred-seven patients diagnosed with uterine myomas during pregnancy and who had two or more obstetrical ultrasounds in different periods of pregnancy we analyzed the change in volume of uterine myomas between the first half of pregnancy up until 19 weeks third quarter 20-30 weeks and last quarter 31 weeks to term the volume of largest uterine myoma was calculated using the formula volume mm3 pi 6x length mm x width mm x height mm the mean age of the population was 31 -6 years between the first and the second study periods the percentage of uterine myomas that decreased in size was 55 1 95 ci 43-66 with a mean decrease in volume of 35 -4 while the percentage of uterine myomas that enlarged was 44 9 95 ci 34-56 with a mean increase in volume of 69 -11 between the second and the third study periods 75 95 ci 56-87 became smaller with a mean decrease in volume of 30 -3 while 25 95 ci 13-43 enlarged with a mean increase in volume of 102 -62 conclusion contrary to common belief we found that uterine myomas commonly decrease in volume over the course of pregnancy,,unspecified
PUBMEDQA_REPORT_9199905,"We observed an endoscopic abnormally in a group of children with histological esophagitis. We termed this finding ""vertical lines in esophageal mucosa"" (VLEM). We examined the relationship between the presence of VLEM and significant histologic changes in esophageal mucosal biopsies. Between January 1, 1992, and August 31, 1994, the senior author (JFF) performed 255 esophageal biopsies. The procedure reports, available endoscopic photographs, and histology reports were reviewed to establish the endoscopic and histologic appearance of the esophageal mucosa. Intraepithelial cells were counted in a blind review of 42 randomly selected biopsies. The esophageal mucosa had a normal appearance on 160 endoscopic studies (Group 1) and VLEM were the only mucosal abnormalities in 41 endoscopies (Group 2). Histology was normal in 92 of 160 biopsies (57.5%) from Group 1, and 1 of 41 biopsies (2.4%) from Group 2. Most patients in Group 2 had eosinophilic esophagitis (34 of 41, 83%, specificity 0.85, sensitivity 0.5, p>0.001) which was of moderate to severe intensity (31 of 34, 91.2%, specificity 0.88, sensitivity 0.73, p<0.001). Conclusion: Histology usually demonstrated moderate to severe inflammation when VLEM were present. VLEM may be a highly specific endoscopic feature of esophagitis in children.",we observed an endoscopic abnormally in a group of children with histological esophagitis we termed this finding vertical lines in esophageal mucosa vlem we examined the relationship between the presence of vlem and significant histologic changes in esophageal mucosal biopsies between january 1 1992 and august 31 1994 the senior author jff performed 255 esophageal biopsies the procedure reports available endoscopic photographs and histology reports were reviewed to establish the endoscopic and histologic appearance of the esophageal mucosa intraepithelial cells were counted in a blind review of 42 randomly selected biopsies the esophageal mucosa had a normal appearance on 160 endoscopic studies group 1 and vlem were the only mucosal abnormalities in 41 endoscopies group 2 histology was normal in 92 of 160 biopsies 57 5 from group 1 and 1 of 41 biopsies 2 4 from group 2 most patients in group 2 had eosinophilic esophagitis 34 of 41 83 specificity 0 85 sensitivity 0 5 p 0 001 which was of moderate to severe intensity 31 of 34 91 2 specificity 0 88 sensitivity 0 73 p 0 001 conclusion histology usually demonstrated moderate to severe inflammation when vlem were present vlem may be a highly specific endoscopic feature of esophagitis in children,no_acute,unspecified
PUBMEDQA_REPORT_14745753,"To evaluate the usefulness of half-dose contrast-enhanced magnetic resonance (MR) angiography for depicting the abdominal aorta and its major branches. A total of 72 consecutive patients were randomly assigned to one of four groups that underwent MR angiography after receiving different concentrations (original or diluted to 50%) and total amounts (single or half-dose) of gadolinium chelate injected at different rates (1 or 0.5 mL/second). The signal-to-noise ratio (SNR) and contrast-to-noise ratio (CNR) of the abdominal aorta and of the common and external iliac arteries were calculated, and two blinded readers rated the respective image qualities. The SNR and CNR of the abdominal aorta and the common iliac artery in the 0.5 mL/second groups were statistically significantly lower than those in the 1 mL/second groups. The differences in overall image quality across the four groups were not statistically significant. Conclusion: Half-dose MR angiography using diluted contrast medium injected at a rate of 1 mL/second depicted the abdominal aorta and its branches as clearly as using a full single dose.",to evaluate the usefulness of half-dose contrast-enhanced magnetic resonance mr angiography for depicting the abdominal aorta and its major branches a total of 72 consecutive patients were randomly assigned to one of four groups that underwent mr angiography after receiving different concentrations original or diluted to 50 and total amounts single or half-dose of gadolinium chelate injected at different rates 1 or 0 5 ml second the signal-to-noise ratio snr and contrast-to-noise ratio cnr of the abdominal aorta and of the common and external iliac arteries were calculated and two blinded readers rated the respective image qualities the snr and cnr of the abdominal aorta and the common iliac artery in the 0 5 ml second groups were statistically significantly lower than those in the 1 ml second groups the differences in overall image quality across the four groups were not statistically significant conclusion half-dose mr angiography using diluted contrast medium injected at a rate of 1 ml second depicted the abdominal aorta and its branches as clearly as using a full single dose,,unspecified
PUBMEDQA_REPORT_23506394,"Arterial calcification is a significant cardiovascular risk factor in hemodialysis patients. A series of factors are involved in the process of arterial calcification; however, the relationship between malnutrition and arterial calcification is still unclear. 68 hemodialysis patients were enrolled in this study. Nutrition status was evaluated using modified quantitative subjective global assessment (MQSGA). Related serum biochemical parameters were measured. And the radial artery samples were collected during the arteriovenous fistula surgeries. Hematoxylin/eosin stain was used to observe the arterial structures while Alizarin red stain to observe calcified depositions and classify calcified degree. The expressions of bone morphogenetic protein 2 (BMP2) and matrix Gla protein (MGP) were detected by immunohistochemistry and western blot methods. 66.18% hemodialysis patients were malnutrition. In hemodialysis patients, the calcified depositions were mainly located in the medial layer of the radial arteries and the expressions of BMP2 and MGP were both increased in the calcified areas. The levels of serum albumin were negatively associated with calcification score and the expressions of BMP2 and MGP. While MQSGA score, serum phosphorus and calcium × phosphorus product showed positive relationships with calcification score and the expressions of BMP2 and MGP. Conclusion: Malnutrition is prevalent in hemodialysis patients and is associated with arterial calcification and the expressions of BMP2 and MGP in calcified radial arteries. Malnutrition may be a new inducer candidate for arterial calcification in hemodialysis patients.",arterial calcification is a significant cardiovascular risk factor in hemodialysis patients a series of factors are involved in the process of arterial calcification however the relationship between malnutrition and arterial calcification is still unclear 68 hemodialysis patients were enrolled in this study nutrition status was evaluated using modified quantitative subjective global assessment mqsga related serum biochemical parameters were measured and the radial artery samples were collected during the arteriovenous fistula surgeries hematoxylin eosin stain was used to observe the arterial structures while alizarin red stain to observe calcified depositions and classify calcified degree the expressions of bone morphogenetic protein 2 bmp2 and matrix gla protein mgp were detected by immunohistochemistry and western blot methods 66 18 hemodialysis patients were malnutrition in hemodialysis patients the calcified depositions were mainly located in the medial layer of the radial arteries and the expressions of bmp2 and mgp were both increased in the calcified areas the levels of serum albumin were negatively associated with calcification score and the expressions of bmp2 and mgp while mqsga score serum phosphorus and calcium phosphorus product showed positive relationships with calcification score and the expressions of bmp2 and mgp conclusion malnutrition is prevalent in hemodialysis patients and is associated with arterial calcification and the expressions of bmp2 and mgp in calcified radial arteries malnutrition may be a new inducer candidate for arterial calcification in hemodialysis patients,,unspecified
PUBMEDQA_REPORT_20064872,"To identify the features of PMR that may predict the duration of steroid therapy, the occurrence of relapses and the late development of GCA. Prospective cohort study of 176 patients with PMR, followed up for 5 years. Baseline factors associated with the duration of steroids therapy were identified using Cox regression. Predictors of relapse and the late development of GCA were identified using binary logistic regression. A total of 176 patients with PMR were included, of whom 124 stopped steroids within 5 years. The probability of stopping steroids within 5 years was independently reduced by an elevated plasma viscosity (PV) [hazard ratio (HR) = 0.49; 95% CI 0.29, 0.82 for a PV>or = 2.00 mPa s compared with a PV<or = 1.80 mPa s; overall P = 0.024] and by starting treatment at>15 mg prednisolone (HR = 0.63; 95% CI 0.41, 0.97; P = 0.036). Either of these independently reduced the chances of stopping steroids within a given time interval between 27 and 51%. No significant predictors of relapse were identified. Predictors of late GCA on univariable analysis were female sex [odds ratio (OR) = 8.16; 95% CI 1.06, 63.13; P = 0.044], HLA-DRB1*0101 or -*0401 alleles (OR = 4.95; 95% CI 1.05, 23.34; P = 0.043), PV>or = 2.00 mPa s compared with PV<or = 1.80 mPa s (OR = 10.64; 95% CI 1.28, 88.38; P = 0.029) and initial prednisolone dose>15 mg (OR = 4.53; 95% CI 1.61, 12.79; P = 0.004). Conclusion: A higher PV in PMR increases the risk of prolonged steroid therapy and late GCA. Female sex and particular HLA alleles may increase the risk of late GCA. Starting patients on>15 mg prednisolone is associated with a prolonged steroid duration.",to identify the features of pmr that may predict the duration of steroid therapy the occurrence of relapses and the late development of gca prospective cohort study of 176 patients with pmr followed up for 5 years baseline factors associated with the duration of steroids therapy were identified using cox regression predictors of relapse and the late development of gca were identified using binary logistic regression a total of 176 patients with pmr were included of whom 124 stopped steroids within 5 years the probability of stopping steroids within 5 years was independently reduced by an elevated plasma viscosity pv hazard ratio hr 0 49 95 ci 0 29 0 82 for a pv or 2 00 mpa s compared with a pv or 1 80 mpa s overall p 0 024 and by starting treatment at 15 mg prednisolone hr 0 63 95 ci 0 41 0 97 p 0 036 either of these independently reduced the chances of stopping steroids within a given time interval between 27 and 51 no significant predictors of relapse were identified predictors of late gca on univariable analysis were female sex odds ratio or 8 16 95 ci 1 06 63 13 p 0 044 hla-drb1 0101 or - 0401 alleles or 4 95 95 ci 1 05 23 34 p 0 043 pv or 2 00 mpa s compared with pv or 1 80 mpa s or 10 64 95 ci 1 28 88 38 p 0 029 and initial prednisolone dose 15 mg or 4 53 95 ci 1 61 12 79 p 0 004 conclusion a higher pv in pmr increases the risk of prolonged steroid therapy and late gca female sex and particular hla alleles may increase the risk of late gca starting patients on 15 mg prednisolone is associated with a prolonged steroid duration,,unspecified
PUBMEDQA_REPORT_22683044,"Some studies suggest that open access articles are more often cited than non-open access articles. However, the relationship between open access and citations count in a discipline such as intensive care medicine has not been studied to date. The present article analyzes the effect of open access publishing of scientific articles in intensive care medicine journals in terms of citations count. We evaluated a total of 161 articles (76% being non-open access articles) published in Intensive Care Medicine in the year 2008. Citation data were compared between the two groups up until April 30, 2011. Potentially confounding variables for citation counts were adjusted for in a linear multiple regression model. The median number (interquartile range) of citations of non-open access articles was 8 (4-12) versus 9 (6-18) in the case of open access articles (p=0.084). In the highest citation range (>8), the citation count was 13 (10-16) and 18 (13-21) (p=0.008), respectively. The mean follow-up was 37.5 ± 3 months in both groups. In the 30-35 months after publication, the average number (mean ± standard deviation) of citations per article per month of non-open access articles was 0.28 ± 0.6 versus 0.38 ± 0.7 in the case of open access articles (p=0.043). Independent factors for citation advantage were the Hirsch index of the first signing author (β=0.207; p=0.015) and open access status (β=3.618; p=0.006). Conclusion: Open access publishing and the Hirsch index of the first signing author increase the impact of scientific articles. The open access advantage is greater for the more highly cited articles, and appears in the 30-35 months after publication.",some studies suggest that open access articles are more often cited than non-open access articles however the relationship between open access and citations count in a discipline such as intensive care medicine has not been studied to date the present article analyzes the effect of open access publishing of scientific articles in intensive care medicine journals in terms of citations count we evaluated a total of 161 articles 76 being non-open access articles published in intensive care medicine in the year 2008 citation data were compared between the two groups up until april 30 2011 potentially confounding variables for citation counts were adjusted for in a linear multiple regression model the median number interquartile range of citations of non-open access articles was 8 4-12 versus 9 6-18 in the case of open access articles p 0 084 in the highest citation range 8 the citation count was 13 10-16 and 18 13-21 p 0 008 respectively the mean follow-up was 37 5 3 months in both groups in the 30-35 months after publication the average number mean standard deviation of citations per article per month of non-open access articles was 0 28 0 6 versus 0 38 0 7 in the case of open access articles p 0 043 independent factors for citation advantage were the hirsch index of the first signing author 0 207 p 0 015 and open access status 3 618 p 0 006 conclusion open access publishing and the hirsch index of the first signing author increase the impact of scientific articles the open access advantage is greater for the more highly cited articles and appears in the 30-35 months after publication,,unspecified
PUBMEDQA_REPORT_23870157,"Precursor events are undesirable events that can lead to a subsequent adverse event and have been associated with postoperative mortality. The purpose of the present study was to determine whether precursor events are associated with a composite endpoint of major adverse cardiac events (MACE) (death, acute renal failure, stroke, infection) in a low- to medium-risk coronary artery bypass grafting, valve, and valve plus coronary artery bypass grafting population. These events might be targets for strategies aimed at quality improvement. The present study was a retrospective cohort design performed at the Queen Elizabeth Health Science Centre. Low- to medium-risk patients who had experienced postoperative MACE were matched 1:1 with patients who had not experienced postoperative MACE. The operative notes, for both groups, were scored by 5 surgeons to determine the frequency of 4 precursor events: bleeding, difficulty weaning from cardiopulmonary bypass, repair or regrafting, and incomplete revascularization or repair. A univariate comparison of ≥1 precursor events in the matched groups was performed. A total of 311 MACE patients (98.4%) were matched. The primary outcome occurred more frequently in the MACE group than in the non-MACE group (33% vs 24%; P = .015). The incidence of the individual events of bleeding and difficulty weaning from cardiopulmonary bypass was significantly higher in the MACE group. Those patients with a precursor event in the absence of MACE also appeared to have a greater prevalence of other important postoperative outcomes. Conclusion: Patients undergoing cardiac surgery who are exposed to intraoperative precursor events were more likely to experience a postoperative MACE. Quality improvement techniques aimed at mitigating the consequences of precursor events might improve the surgical outcomes for cardiac surgical patients.",precursor events are undesirable events that can lead to a subsequent adverse event and have been associated with postoperative mortality the purpose of the present study was to determine whether precursor events are associated with a composite endpoint of major adverse cardiac events mace death acute renal failure stroke infection in a low- to medium-risk coronary artery bypass grafting valve and valve plus coronary artery bypass grafting population these events might be targets for strategies aimed at quality improvement the present study was a retrospective cohort design performed at the queen elizabeth health science centre low- to medium-risk patients who had experienced postoperative mace were matched 1 1 with patients who had not experienced postoperative mace the operative notes for both groups were scored by 5 surgeons to determine the frequency of 4 precursor events bleeding difficulty weaning from cardiopulmonary bypass repair or regrafting and incomplete revascularization or repair a univariate comparison of 1 precursor events in the matched groups was performed a total of 311 mace patients 98 4 were matched the primary outcome occurred more frequently in the mace group than in the non-mace group 33 vs 24 p 015 the incidence of the individual events of bleeding and difficulty weaning from cardiopulmonary bypass was significantly higher in the mace group those patients with a precursor event in the absence of mace also appeared to have a greater prevalence of other important postoperative outcomes conclusion patients undergoing cardiac surgery who are exposed to intraoperative precursor events were more likely to experience a postoperative mace quality improvement techniques aimed at mitigating the consequences of precursor events might improve the surgical outcomes for cardiac surgical patients,pneumonia,unspecified
PUBMEDQA_REPORT_20401819,"Ultrasound is currently not established for the diagnosis of fractures. The aim of this study was to compare ultrasound and X-ray beyond their use solely for the identification of fractures, i. e., for the detection of fracture type and dislocation for pediatric fracture diagnosis. Limb bones of dead young pigs served as a model for pediatric bones. The fractured bones were examined with ultrasound, X-ray, and CT, which served as the gold standard. 162 of 248 bones were fractured. 130 fractures were identified using ultrasound, and 148 using X-ray. There were some advantages of X-ray over ultrasound in the detection of fracture type (80 correct results using X-ray, 66 correct results using ultrasound). Ultrasound, however, was superior to X-ray for dislocation identification (41 correct results using X-ray, 51 correct results using ultrasound). Both findings were not statistically significant after adjustment for multiple testing. Conclusion: Ultrasound not only has comparable sensitivity to that of X-ray for the identification of limb fractures but is also equally effective for the diagnosis of fracture type and dislocation. Thus, ultrasound can be used as an adequate alternative method to X-ray for pediatric fracture diagnosis.",ultrasound is currently not established for the diagnosis of fractures the aim of this study was to compare ultrasound and x-ray beyond their use solely for the identification of fractures i e for the detection of fracture type and dislocation for pediatric fracture diagnosis limb bones of dead young pigs served as a model for pediatric bones the fractured bones were examined with ultrasound x-ray and ct which served as the gold standard 162 of 248 bones were fractured 130 fractures were identified using ultrasound and 148 using x-ray there were some advantages of x-ray over ultrasound in the detection of fracture type 80 correct results using x-ray 66 correct results using ultrasound ultrasound however was superior to x-ray for dislocation identification 41 correct results using x-ray 51 correct results using ultrasound both findings were not statistically significant after adjustment for multiple testing conclusion ultrasound not only has comparable sensitivity to that of x-ray for the identification of limb fractures but is also equally effective for the diagnosis of fracture type and dislocation thus ultrasound can be used as an adequate alternative method to x-ray for pediatric fracture diagnosis,,unspecified
PUBMEDQA_REPORT_22117569,"An effective advance care planning programme involves an organizational wide commitment and preparedness for health service reform to embed advance care planning into routine practice. Internationally, such programmes have been implemented predominantly in aged and acute care with more recent work in primary care. A multi-site action research was conducted over a 16-month period in 2007-2009 with three Victorian community palliative care services. Using mixed method data collection strategies to assess feasibility, we conducted a baseline audit of staff and clients; analysed relevant documents (client records, policies, procedures and quality improvement strategies) pre-implementation and post-implementation and conducted key informant interviews (n = 9). Three community palliative care services: one regional and two metropolitan services in Victoria, Australia. The services demonstrated that it was feasible to embed the Model into their organizational structures. Advance care planning conversations and involvement of family was an important outcome measure rather than completion rate of advance care planning documents in community settings. Services adapted and applied their own concept of community, which widened the impact of the model. Changes to quality audit processes were essential to consolidate the model into routine palliative care practice. Conclusion: An advance care planning model is feasible for community palliative care services. Quality audit processes are an essential component of the Model with documentation of advance care planning discussion established as an important outcome measure.",an effective advance care planning programme involves an organizational wide commitment and preparedness for health service reform to embed advance care planning into routine practice internationally such programmes have been implemented predominantly in aged and acute care with more recent work in primary care a multi-site action research was conducted over a 16-month period in 2007-2009 with three victorian community palliative care services using mixed method data collection strategies to assess feasibility we conducted a baseline audit of staff and clients analysed relevant documents client records policies procedures and quality improvement strategies pre-implementation and post-implementation and conducted key informant interviews n 9 three community palliative care services one regional and two metropolitan services in victoria australia the services demonstrated that it was feasible to embed the model into their organizational structures advance care planning conversations and involvement of family was an important outcome measure rather than completion rate of advance care planning documents in community settings services adapted and applied their own concept of community which widened the impact of the model changes to quality audit processes were essential to consolidate the model into routine palliative care practice conclusion an advance care planning model is feasible for community palliative care services quality audit processes are an essential component of the model with documentation of advance care planning discussion established as an important outcome measure,,unspecified
PUBMEDQA_REPORT_10811329,"The goal of this retrospective study was to assess whether 99mTc-white blood cell (WBC) scintigraphy and upper gastrointestinal small bowel follow-through (UGI-SBFT) could exclude inflammation in children suspected of having inflammatory bowel disease (IBD). Of a population of 313 children who had a 99mTc-WBC scan, 130 children were studied exclusively to rule out IBD. Sixty-nine colonoscopies with biopsies were done within a short time interval of the 99mTc-WBC scans. There were also 51 controls studied with 99mTc-WBC scintigraphy. Of the 130 children studied to exclude IBD, the final diagnosis was Crohn's disease in 27, ulcerative colitis in nine, miscellaneous colitis in 13, probably normal in 42, and normal in 39. The 99mTc-WBC scans were positive in all but three newly diagnosed Crohn's disease, ulcerative colitis, or miscellaneous colitis children. The false-negative 99mTc-WBC studies were seen in children with mild inflammation on biopsies and normal UGI-SBFT studies. In the 46 children with a true-positive 99mTc-WBC scan, 81% (17/21) of UGI-SBFT studies were normal. In five children with equivocal UGI-SBFT studies, the 99mTc-WBC scan correctly predicted if inflammation was present in the terminal ileum. Conclusion: Our results suggest that 99mTc-WBC is useful as an initial screening modality to exclude IBD, and is more sensitive than UGI-SBFT studies.",the goal of this retrospective study was to assess whether 99mtc-white blood cell wbc scintigraphy and upper gastrointestinal small bowel follow-through ugi-sbft could exclude inflammation in children suspected of having inflammatory bowel disease ibd of a population of 313 children who had a 99mtc-wbc scan 130 children were studied exclusively to rule out ibd sixty-nine colonoscopies with biopsies were done within a short time interval of the 99mtc-wbc scans there were also 51 controls studied with 99mtc-wbc scintigraphy of the 130 children studied to exclude ibd the final diagnosis was crohn s disease in 27 ulcerative colitis in nine miscellaneous colitis in 13 probably normal in 42 and normal in 39 the 99mtc-wbc scans were positive in all but three newly diagnosed crohn s disease ulcerative colitis or miscellaneous colitis children the false-negative 99mtc-wbc studies were seen in children with mild inflammation on biopsies and normal ugi-sbft studies in the 46 children with a true-positive 99mtc-wbc scan 81 17 21 of ugi-sbft studies were normal in five children with equivocal ugi-sbft studies the 99mtc-wbc scan correctly predicted if inflammation was present in the terminal ileum conclusion our results suggest that 99mtc-wbc is useful as an initial screening modality to exclude ibd and is more sensitive than ugi-sbft studies,no_acute,unspecified
PUBMEDQA_REPORT_23224030,"Individuals with type 1 diabetes have a high risk of developing cardiovascular diseases, and it has been reported that they consume a high atherogenic diet. We examined how nutrient intake and adherence to current European nutritional recommendations evolved in a large cohort of European individuals with type 1 diabetes over a period of 7 years.SUBJECTS/ We analysed data from the EURODIAB Prospective Complications Study, a European multicentre prospective cohort study. Standardized 3-day dietary records were employed in individuals with type 1 diabetes. One thousand one hundred and two patients (553 men, 549 women, baseline age 33 ± 10 years, duration 15 ± 9 years) had complete nutritional data available at baseline and after 7 years. We calculated mean differences in reported nutrients over time and adjusted these for age, gender, HbA1c and BMI with ANOVA models. Compared to baseline, there were minor changes in nutrients. Reported protein (-0.35% energy (en), fat (-1.07% en), saturated fat (-0.25% en) and cholesterol (-7.42 mg/1000 kcal) intakes were lower, whereas carbohydrate (+1.23% en) and fibre (+0.46 g/1000 kcal) intakes were higher at the 7-year follow-up. European recommendations for adequate nutrient intakes were followed in individuals with type 1 diabetes for protein (76% at baseline and 78% at follow-up), moderately for fat (34, 40%), carbohydrate (34, 41%) and cholesterol (39, 47%), but poorly for fibre (1.4, 2.4%) and saturated fat (11, 13%). Conclusion: European individuals with type 1 diabetes consume a high atherogenic diet as few patients met recommendations for dietary fibre and saturated fat. This study showed minor changes in dietary nutrients and energy intakes over a period of 7 years. Nutrition education needs particular focus on strategies to increase dietary fibre and reduce saturated fat to exploit their potential benefit.",individuals with type 1 diabetes have a high risk of developing cardiovascular diseases and it has been reported that they consume a high atherogenic diet we examined how nutrient intake and adherence to current european nutritional recommendations evolved in a large cohort of european individuals with type 1 diabetes over a period of 7 years subjects we analysed data from the eurodiab prospective complications study a european multicentre prospective cohort study standardized 3-day dietary records were employed in individuals with type 1 diabetes one thousand one hundred and two patients 553 men 549 women baseline age 33 10 years duration 15 9 years had complete nutritional data available at baseline and after 7 years we calculated mean differences in reported nutrients over time and adjusted these for age gender hba1c and bmi with anova models compared to baseline there were minor changes in nutrients reported protein -0 35 energy en fat -1 07 en saturated fat -0 25 en and cholesterol -7 42 mg 1000 kcal intakes were lower whereas carbohydrate 1 23 en and fibre 0 46 g 1000 kcal intakes were higher at the 7-year follow-up european recommendations for adequate nutrient intakes were followed in individuals with type 1 diabetes for protein 76 at baseline and 78 at follow-up moderately for fat 34 40 carbohydrate 34 41 and cholesterol 39 47 but poorly for fibre 1 4 2 4 and saturated fat 11 13 conclusion european individuals with type 1 diabetes consume a high atherogenic diet as few patients met recommendations for dietary fibre and saturated fat this study showed minor changes in dietary nutrients and energy intakes over a period of 7 years nutrition education needs particular focus on strategies to increase dietary fibre and reduce saturated fat to exploit their potential benefit,,unspecified
PUBMEDQA_REPORT_24318956,"Digoxin is a commonly used medication for heart failure and cardiac arrhythmias that has recently been suggested as a novel chemotherapeutic agent. Preclinical studies of prostate cancer (PCa) have shown anti-tumor activity with digoxin. We explore the relationship between use of digoxin and PCa risk. Data from a population-based case-control study of incident cases aged 35-74 years at PCa diagnosis in 2002-2005 in King County, Washington were available. Controls were identified by random digit dialing and frequency matched by age. Use of digoxin was determined from in-person questionnaires regarding medical and prescription history. The relationship of digoxin use with PCa risk was evaluated with logistic regression. One thousand one cases of PCa and 942 controls were analyzed. The prevalence of digoxin use in controls was 2.7%, and use was positively correlated with age. In multivariate analysis adjusting for age, race, PSA screening, and family history of PCa, digoxin use was associated with a reduction in the odds ratio of PCa (OR 0.58, 95% CI: 0.30-1.10). Among those with ≥3 PSA tests over the preceding 5 years (546 cases, 380 controls), digoxin use was associated with a stronger reduction of PCa risk (OR 0.44, 95% CI: 0.20-0.98). Conclusion: These data indicate digoxin use may be associated with a reduction in risk of PCa. Given the potential mechanisms by which digoxin may exert an anti-neoplastic effect and other recent studies showing a negative association between digoxin use and PCa, further research is warranted.",digoxin is a commonly used medication for heart failure and cardiac arrhythmias that has recently been suggested as a novel chemotherapeutic agent preclinical studies of prostate cancer pca have shown anti-tumor activity with digoxin we explore the relationship between use of digoxin and pca risk data from a population-based case-control study of incident cases aged 35-74 years at pca diagnosis in 2002-2005 in king county washington were available controls were identified by random digit dialing and frequency matched by age use of digoxin was determined from in-person questionnaires regarding medical and prescription history the relationship of digoxin use with pca risk was evaluated with logistic regression one thousand one cases of pca and 942 controls were analyzed the prevalence of digoxin use in controls was 2 7 and use was positively correlated with age in multivariate analysis adjusting for age race psa screening and family history of pca digoxin use was associated with a reduction in the odds ratio of pca or 0 58 95 ci 0 30-1 10 among those with 3 psa tests over the preceding 5 years 546 cases 380 controls digoxin use was associated with a stronger reduction of pca risk or 0 44 95 ci 0 20-0 98 conclusion these data indicate digoxin use may be associated with a reduction in risk of pca given the potential mechanisms by which digoxin may exert an anti-neoplastic effect and other recent studies showing a negative association between digoxin use and pca further research is warranted,,unspecified
PUBMEDQA_REPORT_24014276,"Studies examining predictors of survival among the oldest-old have primarily focused on objective measures, such as physical function and health status. Only a few studies have examined the effect of personality traits on survival, such as optimism. The aim of this study was to examine whether an optimistic outlook predicts survival among the oldest-old. The Danish 1905 Cohort Survey is a nationwide, longitudinal survey comprising all individuals born in Denmark in 1905. At baseline in 1998, a total of 2,262 persons aged 92 or 93 agreed to participate in the intake survey. The baseline in-person interview consisted of a comprehensive questionnaire including physical functioning and health, and a question about whether the respondent had an optimistic, neutral or pessimistic outlook on his or her own future. During the follow-up period of 12 years (1998-2010) there were 2,239 deaths (99 %) in the 1905 Cohort Survey. Univariable analyses revealed that optimistic women and men were at lower risk of death compared to their neutral counterparts [HR 0.82, 95 % CI (0.73-0.93) and 0.81, 95 % CI (0.66-0.99), respectively]. When confounding factors such as baseline physical and cognitive functioning and disease were taken into account the association between optimism and survival weakened in both sexes, but the general pattern persisted. Optimistic women were still at lower risk of death compared to neutral women [HR 0.85, 95 % CI (0.74-0.97)]. The risk of death was also decreased for optimistic men compared to their neutral counterparts, but the effect was non-significant [HR 0.91, 95 % CI (0.73-1.13)]. Conclusion: An optimistic outlook appears to be a significant predictor of survival among the oldest-old women. It may also be a significant predictor for men but the sample size is small.",studies examining predictors of survival among the oldest-old have primarily focused on objective measures such as physical function and health status only a few studies have examined the effect of personality traits on survival such as optimism the aim of this study was to examine whether an optimistic outlook predicts survival among the oldest-old the danish 1905 cohort survey is a nationwide longitudinal survey comprising all individuals born in denmark in 1905 at baseline in 1998 a total of 2 262 persons aged 92 or 93 agreed to participate in the intake survey the baseline in-person interview consisted of a comprehensive questionnaire including physical functioning and health and a question about whether the respondent had an optimistic neutral or pessimistic outlook on his or her own future during the follow-up period of 12 years 1998-2010 there were 2 239 deaths 99 in the 1905 cohort survey univariable analyses revealed that optimistic women and men were at lower risk of death compared to their neutral counterparts hr 0 82 95 ci 0 73-0 93 and 0 81 95 ci 0 66-0 99 respectively when confounding factors such as baseline physical and cognitive functioning and disease were taken into account the association between optimism and survival weakened in both sexes but the general pattern persisted optimistic women were still at lower risk of death compared to neutral women hr 0 85 95 ci 0 74-0 97 the risk of death was also decreased for optimistic men compared to their neutral counterparts but the effect was non-significant hr 0 91 95 ci 0 73-1 13 conclusion an optimistic outlook appears to be a significant predictor of survival among the oldest-old women it may also be a significant predictor for men but the sample size is small,,unspecified
PUBMEDQA_REPORT_26561905,"To compare the dose intensity and toxicity profiles for patients undergoing chemotherapy at the Townsville Cancer Centre (TCC), a tertiary cancer centre in northern Queensland, with those for patients treated in Mount Isa, supervised by the same medical oncologists via teleoncology. A quasi-experimental design comparing two patient groups. TCC and Mount Isa Hospital, which both operate under the auspices of the Townsville Teleoncology Network (TTN). Eligible patients who received chemotherapy at TCC or Mt Isa Hospital between 1 May 2007 and 30 April 2012. Teleoncology model for managing cancer patients in rural towns. Dose intensity (doses, number of cycles and lines of treatment) and toxicity rates (rate of serious side effects, hospital admissions and mortality). Over 5 years, 89 patients received a total of 626 cycles of various chemotherapy regimens in Mount Isa. During the same period, 117 patients who received a total of 799 cycles of chemotherapy at TCC were eligible for inclusion in the comparison group. There were no significant differences between the Mount Isa and TCC patients in most demographic characteristics, mean numbers of treatment cycles, dose intensities, proportions of side effects, and hospital admissions. There were no toxicity-related deaths in either group. Conclusion: It appears safe to administer chemotherapy in rural towns under the supervision of medical oncologists from larger centres via teleoncology, provided that rural health care resources and governance arrangements are adequate.",to compare the dose intensity and toxicity profiles for patients undergoing chemotherapy at the townsville cancer centre tcc a tertiary cancer centre in northern queensland with those for patients treated in mount isa supervised by the same medical oncologists via teleoncology a quasi-experimental design comparing two patient groups tcc and mount isa hospital which both operate under the auspices of the townsville teleoncology network ttn eligible patients who received chemotherapy at tcc or mt isa hospital between 1 may 2007 and 30 april 2012 teleoncology model for managing cancer patients in rural towns dose intensity doses number of cycles and lines of treatment and toxicity rates rate of serious side effects hospital admissions and mortality over 5 years 89 patients received a total of 626 cycles of various chemotherapy regimens in mount isa during the same period 117 patients who received a total of 799 cycles of chemotherapy at tcc were eligible for inclusion in the comparison group there were no significant differences between the mount isa and tcc patients in most demographic characteristics mean numbers of treatment cycles dose intensities proportions of side effects and hospital admissions there were no toxicity-related deaths in either group conclusion it appears safe to administer chemotherapy in rural towns under the supervision of medical oncologists from larger centres via teleoncology provided that rural health care resources and governance arrangements are adequate,,unspecified
PUBMEDQA_REPORT_23806388,"To examine the ability of various postoperative nomograms to predict prostate cancer-specific mortality (PCSM) and to validate that they could predict aggressive biochemical recurrence (BCR). Prostate-specific antigen (PSA), grade, and stage are the classic triad used to predict BCR after radical prostatectomy (RP). Multiple nomograms use these to predict risk of BCR. A previous study showed that several nomograms could predict aggressive BCR (prostate-specific antigen doubling time [PSADT] <9 months) more accurately than BCR. However, it remains unknown if they can predict more definitive endpoints, such as PCSM. We performed Cox analyses to examine the ability of 4 postoperative nomograms, the Duke Prostate Center (DPC) nomogram, the Kattan postoperative nomogram, the Johns Hopkins Hospital (JHH) nomogram, and the joint Center for Prostate Disease Research(CPDR)/Cancer of the Prostate Strategic Urologic Research Endeavor (CaPSURE) nomogram to predict BCR and PCSM among 1778 men in the Shared Equal Access Regional Cancer Hospital (SEARCH) database who underwent RP between 1990 and 2009. We also compared their ability to predict BCR and aggressive BCR in a subset of men. We calculated the c-index for each nomogram to determine its predictive accuracy for estimating actual outcomes. We found that each nomogram could predict aggressive BCR and PCSM in a statistically significant manner and that they all predicted PCSM more accurately than they predicted BCR (ie, with higher c-index values). Conclusion: Currently available nomograms used to predict BCR accurately predict PCSM and other more clinically relevant endpoints. Moreover, not only do they significantly predict PCSM, but do so with generally greater accuracy than BCR.",to examine the ability of various postoperative nomograms to predict prostate cancer-specific mortality pcsm and to validate that they could predict aggressive biochemical recurrence bcr prostate-specific antigen psa grade and stage are the classic triad used to predict bcr after radical prostatectomy rp multiple nomograms use these to predict risk of bcr a previous study showed that several nomograms could predict aggressive bcr prostate-specific antigen doubling time psadt 9 months more accurately than bcr however it remains unknown if they can predict more definitive endpoints such as pcsm we performed cox analyses to examine the ability of 4 postoperative nomograms the duke prostate center dpc nomogram the kattan postoperative nomogram the johns hopkins hospital jhh nomogram and the joint center for prostate disease research cpdr cancer of the prostate strategic urologic research endeavor capsure nomogram to predict bcr and pcsm among 1778 men in the shared equal access regional cancer hospital search database who underwent rp between 1990 and 2009 we also compared their ability to predict bcr and aggressive bcr in a subset of men we calculated the c-index for each nomogram to determine its predictive accuracy for estimating actual outcomes we found that each nomogram could predict aggressive bcr and pcsm in a statistically significant manner and that they all predicted pcsm more accurately than they predicted bcr ie with higher c-index values conclusion currently available nomograms used to predict bcr accurately predict pcsm and other more clinically relevant endpoints moreover not only do they significantly predict pcsm but do so with generally greater accuracy than bcr,,unspecified
PUBMEDQA_REPORT_7482275,"The accepted treatment protocol for necrotizing fasciitis (NF) consists of extensive surgery and wide spectrum antibiotics. Hyperbaric oxygenation (HBO) has been recommended as adjuvant therapy for NF, improving patient mortality and outcome. However, the beneficial effect of HBO for NF remains controversial. A retrospective evaluation of treatment outcome in 37 patients treated for NF between 1984 and 1993 was carried out. The mortality rate, morbidity criteria, and risk factors for grave prognosis were compared between a group of 25 patients who received HBO as part of their treatment protocol and a group of the remaining 12 patients treated by surgical excision and antibiotics alone. The two groups were found to be similar with regard to age, gender, the incidence of individual risk factors for ominous prognosis, and the Acute Physiology and Chronic Health Evaluation (APACHE) II score for disease's severity on presentation. The mortality rate among the HBO-treated patients was 36%, as opposed to 25% in the non-HBO group. The mean number of surgical débridements required per patient was significantly higher in the HBO group: 3.3 compared with 1.5 in the non-HBO-treated patients. Although the average length of hospitalization for survivors was shorter for the HBO group, the difference between the groups did not reach statistical significance. Conclusion: The results of this study cast doubt on the suggested advantage of HBO in reducing patient mortality and morbidity when used as adjuvant therapy for NF.",the accepted treatment protocol for necrotizing fasciitis nf consists of extensive surgery and wide spectrum antibiotics hyperbaric oxygenation hbo has been recommended as adjuvant therapy for nf improving patient mortality and outcome however the beneficial effect of hbo for nf remains controversial a retrospective evaluation of treatment outcome in 37 patients treated for nf between 1984 and 1993 was carried out the mortality rate morbidity criteria and risk factors for grave prognosis were compared between a group of 25 patients who received hbo as part of their treatment protocol and a group of the remaining 12 patients treated by surgical excision and antibiotics alone the two groups were found to be similar with regard to age gender the incidence of individual risk factors for ominous prognosis and the acute physiology and chronic health evaluation apache ii score for disease s severity on presentation the mortality rate among the hbo-treated patients was 36 as opposed to 25 in the non-hbo group the mean number of surgical d bridements required per patient was significantly higher in the hbo group 3 3 compared with 1 5 in the non-hbo-treated patients although the average length of hospitalization for survivors was shorter for the hbo group the difference between the groups did not reach statistical significance conclusion the results of this study cast doubt on the suggested advantage of hbo in reducing patient mortality and morbidity when used as adjuvant therapy for nf,,unspecified
PUBMEDQA_REPORT_23072266,"This study examined changes in the use of complementary and alternative medicine (CAM) therapies by U.S. adults aged 18 years or older with chronic disease-related functional limitations between 2002 and 2007. The study was a cross-sectional survey.SETTING/ The study was conducted in the United States. The study comprised adults aged 18 years or older with chronic disease-related functional limitations. Data were obtained from the 2002 and 2007 U.S. National Health Interview Survey to compare the use of 22 CAM therapies (n=9313 and n=7014, respectively). Estimates were age adjusted to the year 2000 U.S. standard population. The unadjusted and age-standardized prevalence of overall CAM use (22 therapies comparable between both survey years) was higher in 2007 than in 2002 (30.6% versus 26.9%, p<0.001 and 34.4% versus 30.6%, p<0.001, respectively). Adults with functional limitations that included changing and maintaining body position experienced a significant increase in CAM use between 2002 and 2007 (31.1%-35.0%, p<0.01). The use of deep breathing exercises was the most prevalent CAM therapy in both 2002 and 2007 and increased significantly during this period (from 17.9% to 19.9%, p<0.05). The use of meditation, massage, and yoga also increased significantly from 2002 and 2007 (11.0%-13.5%, p<0.01; 7.0%-10.9%, p<0.0001; and 5.1% to 6.6%, p<0.05, respectively), while the use of the Atkins diet decreased (2.2%- 1.4%, p<0.01). Conclusion: Among U.S. adults with chronic disease-related functional limitations, the overall increase in CAM use from 2002 to 2007 was significant, particularly among those with changing and maintaining body position limitations.",this study examined changes in the use of complementary and alternative medicine cam therapies by u s adults aged 18 years or older with chronic disease-related functional limitations between 2002 and 2007 the study was a cross-sectional survey setting the study was conducted in the united states the study comprised adults aged 18 years or older with chronic disease-related functional limitations data were obtained from the 2002 and 2007 u s national health interview survey to compare the use of 22 cam therapies n 9313 and n 7014 respectively estimates were age adjusted to the year 2000 u s standard population the unadjusted and age-standardized prevalence of overall cam use 22 therapies comparable between both survey years was higher in 2007 than in 2002 30 6 versus 26 9 p 0 001 and 34 4 versus 30 6 p 0 001 respectively adults with functional limitations that included changing and maintaining body position experienced a significant increase in cam use between 2002 and 2007 31 1 -35 0 p 0 01 the use of deep breathing exercises was the most prevalent cam therapy in both 2002 and 2007 and increased significantly during this period from 17 9 to 19 9 p 0 05 the use of meditation massage and yoga also increased significantly from 2002 and 2007 11 0 -13 5 p 0 01 7 0 -10 9 p 0 0001 and 5 1 to 6 6 p 0 05 respectively while the use of the atkins diet decreased 2 2 - 1 4 p 0 01 conclusion among u s adults with chronic disease-related functional limitations the overall increase in cam use from 2002 to 2007 was significant particularly among those with changing and maintaining body position limitations,,unspecified
PUBMEDQA_REPORT_25432938,"The objective of the current study is to determine to what extent the reduction of Chile's traffic fatalities and injuries during 2000-2012 was related to the police traffic enforcement increment registered after the introduction of its 2005 traffic law reform. A unique dataset with assembled information from public institutions and analyses based on ordinary least square and robust random effects models was carried out. Dependent variables were traffic fatality and severe injury rates per population and vehicle fleet. Independent variables were: (1) presence of new national traffic law; (2) police officers per population; (3) number of traffic tickets per police officer; and (4) interaction effect of number of traffic tickets per police officer with traffic law reform. Oil prices, alcohol consumption, proportion of male population 15-24 years old, unemployment, road infrastructure investment, years' effects and regions' effects represented control variables. Empirical estimates from instrumental variables suggest that the enactment of the traffic law reform in interaction with number of traffic tickets per police officer is significantly associated with a decrease of 8% in traffic fatalities and 7% in severe injuries. Piecewise regression model results for the 2007-2012 period suggest that police traffic enforcement reduced traffic fatalities by 59% and severe injuries by 37%. Conclusion: Findings suggest that traffic law reforms in order to have an effect on both traffic fatality and injury rates reduction require changes in police enforcement practices. Last, this case also illustrates how the diffusion of successful road safety practices globally promoted by WHO and World Bank can be an important influence for enhancing national road safety practices.",the objective of the current study is to determine to what extent the reduction of chile s traffic fatalities and injuries during 2000-2012 was related to the police traffic enforcement increment registered after the introduction of its 2005 traffic law reform a unique dataset with assembled information from public institutions and analyses based on ordinary least square and robust random effects models was carried out dependent variables were traffic fatality and severe injury rates per population and vehicle fleet independent variables were 1 presence of new national traffic law 2 police officers per population 3 number of traffic tickets per police officer and 4 interaction effect of number of traffic tickets per police officer with traffic law reform oil prices alcohol consumption proportion of male population 15-24 years old unemployment road infrastructure investment years effects and regions effects represented control variables empirical estimates from instrumental variables suggest that the enactment of the traffic law reform in interaction with number of traffic tickets per police officer is significantly associated with a decrease of 8 in traffic fatalities and 7 in severe injuries piecewise regression model results for the 2007-2012 period suggest that police traffic enforcement reduced traffic fatalities by 59 and severe injuries by 37 conclusion findings suggest that traffic law reforms in order to have an effect on both traffic fatality and injury rates reduction require changes in police enforcement practices last this case also illustrates how the diffusion of successful road safety practices globally promoted by who and world bank can be an important influence for enhancing national road safety practices,,unspecified
PUBMEDQA_REPORT_26485091,"Several atypical antipsychotics (AAPs) are used as second-line agents for treatment resistant depression. AAPs can be expensive compared to other treatment options and can cause several side effects. To estimate healthcare costs and utilization of AAPs compared to other second-line agents. Observational study using Medicaid claims data (2006-2011). Subjects were depression-diagnosed adult members with at least two prescriptions of antidepressant medications followed by a second-line agent. Gamma generalized linear models (GLM) produced estimates of the difference in mean expenditures among treatment groups after adjusting for individual baseline characteristics using propensity scores. Negative binomial models produced estimates of the difference in number of hospitalizations and emergency department (ED) visits. A total of 3910 members received second-line treatment. Treatment groups were AAPs (n = 2211), augmentation agents other than AAPs (n = 1008), and antidepressant switching (n = 691). AAPs resulted in higher mean adjusted pharmacy costs and higher mean adjusted total mental health-related costs. Mean adjusted total healthcare costs and number of inpatient and ED visits were not different among treatments. Conclusion: The results show no evidence that AAPs used as second-line treatment for depression results in overall cost savings or lower inpatient and ED visits compared to other treatment strategies.",several atypical antipsychotics aaps are used as second-line agents for treatment resistant depression aaps can be expensive compared to other treatment options and can cause several side effects to estimate healthcare costs and utilization of aaps compared to other second-line agents observational study using medicaid claims data 2006-2011 subjects were depression-diagnosed adult members with at least two prescriptions of antidepressant medications followed by a second-line agent gamma generalized linear models glm produced estimates of the difference in mean expenditures among treatment groups after adjusting for individual baseline characteristics using propensity scores negative binomial models produced estimates of the difference in number of hospitalizations and emergency department ed visits a total of 3910 members received second-line treatment treatment groups were aaps n 2211 augmentation agents other than aaps n 1008 and antidepressant switching n 691 aaps resulted in higher mean adjusted pharmacy costs and higher mean adjusted total mental health-related costs mean adjusted total healthcare costs and number of inpatient and ed visits were not different among treatments conclusion the results show no evidence that aaps used as second-line treatment for depression results in overall cost savings or lower inpatient and ed visits compared to other treatment strategies,,unspecified
PUBMEDQA_REPORT_15208005,"Low intakes or blood levels of eicosapentaenoic and docosahexaenoic acids (EPA + DHA) are independently associated with increased risk of death from coronary heart disease (CHD). In randomized secondary prevention trials, fish or fish oil have been demonstrated to reduce total and CHD mortality at intakes of about 1 g/day. Red blood cell (RBC) fatty acid (FA) composition reflects long-term intake of EPA + DHA. We propose that the RBC EPA + DHA (hereafter called the Omega-3 Index) be considered a new risk factor for death from CHD. We conducted clinical and laboratory experiments to generate data necessary for the validation of the Omega-3 Index as a CHD risk predictor. The relationship between this putative marker and risk for CHD death, especially sudden cardiac death (SCD), was then evaluated in several published primary and secondary prevention studies. The Omega-3 Index was inversely associated with risk for CHD mortality. An Omega-3 Index of>or = 8% was associated with the greatest cardioprotection, whereas an index of<or = 4% was associated with the least. Conclusion: The Omega-3 Index may represent a novel, physiologically relevant, easily modified, independent, and graded risk factor for death from CHD that could have significant clinical utility.",low intakes or blood levels of eicosapentaenoic and docosahexaenoic acids epa dha are independently associated with increased risk of death from coronary heart disease chd in randomized secondary prevention trials fish or fish oil have been demonstrated to reduce total and chd mortality at intakes of about 1 g day red blood cell rbc fatty acid fa composition reflects long-term intake of epa dha we propose that the rbc epa dha hereafter called the omega-3 index be considered a new risk factor for death from chd we conducted clinical and laboratory experiments to generate data necessary for the validation of the omega-3 index as a chd risk predictor the relationship between this putative marker and risk for chd death especially sudden cardiac death scd was then evaluated in several published primary and secondary prevention studies the omega-3 index was inversely associated with risk for chd mortality an omega-3 index of or 8 was associated with the greatest cardioprotection whereas an index of or 4 was associated with the least conclusion the omega-3 index may represent a novel physiologically relevant easily modified independent and graded risk factor for death from chd that could have significant clinical utility,,unspecified
PUBMEDQA_REPORT_10759659,"To compare the accuracy achieved by a trained urology nurse practitioner (UNP) and consultant urologist in detecting bladder tumours during flexible cystoscopy. Eighty-three patients underwent flexible cystoscopy by both the UNP and consultant urologist, each unaware of the other's findings. Before comparing the findings, each declared whether there was tumour or any suspicious lesion requiring biopsy. Of 83 patients examined by flexible cystoscopy, 26 were found to have a tumour or a suspicious lesion. One tumour was missed by the UNP and one by the urologist; each tumour was minute. Analysis using the chance-corrected proportional agreement (Kappa) was 0.94, indicating very close agreement. Conclusion: A UNP can be trained to perform cystoscopy and detect suspicious lesions as accurately as can a consultant urologist. Legal and training issues in implementation are important.",to compare the accuracy achieved by a trained urology nurse practitioner unp and consultant urologist in detecting bladder tumours during flexible cystoscopy eighty-three patients underwent flexible cystoscopy by both the unp and consultant urologist each unaware of the other s findings before comparing the findings each declared whether there was tumour or any suspicious lesion requiring biopsy of 83 patients examined by flexible cystoscopy 26 were found to have a tumour or a suspicious lesion one tumour was missed by the unp and one by the urologist each tumour was minute analysis using the chance-corrected proportional agreement kappa was 0 94 indicating very close agreement conclusion a unp can be trained to perform cystoscopy and detect suspicious lesions as accurately as can a consultant urologist legal and training issues in implementation are important,,unspecified
PUBMEDQA_REPORT_25277731,"Sternal fractures in childhood are rare. The aim of the study was to investigate the accident mechanism, the detection of radiological and sonographical criteria and consideration of associated injuries. In the period from January 2010 to December 2012 all inpatients and outpatients with sternal fractures were recorded according to the documentation. A total of 4 children aged 5-14 years with a sternal fracture were treated in 2 years, 2 children were hospitalized for pain management and 2 remained in outpatient care. Conclusion: Isolated sternal fractures in childhood are often due to typical age-related traumatic incidents. Ultrasonography is a useful diagnostic tool for fracture detection and radiography is the method of choice for visualization of the extent of the dislocation.",sternal fractures in childhood are rare the aim of the study was to investigate the accident mechanism the detection of radiological and sonographical criteria and consideration of associated injuries in the period from january 2010 to december 2012 all inpatients and outpatients with sternal fractures were recorded according to the documentation a total of 4 children aged 5-14 years with a sternal fracture were treated in 2 years 2 children were hospitalized for pain management and 2 remained in outpatient care conclusion isolated sternal fractures in childhood are often due to typical age-related traumatic incidents ultrasonography is a useful diagnostic tool for fracture detection and radiography is the method of choice for visualization of the extent of the dislocation,,unspecified
PUBMEDQA_REPORT_26818046,"To examine the clinical effect (efficacy and tolerability) of high doses of zonisamide (ZNS) (>500 mg/d) in adult patients with pharmacoresistant epilepsy. Between 2006 and 2013, all epileptic outpatients treated with high doses of ZNS were selected. Safety and efficacy were assessed based on patient and caregiver reports. Serum levels of ZNS and other concomitant antiepileptic drugs were evaluated if available. Nine patients (5 female): 8 focal/1 generalized pharmacoresistant epilepsy. Mean age: 34 years. Most frequent seizure type: complex partial seizures; other seizure types: generalized tonic-clonic, tonic, myoclonia. Zonisamide in polytherapy in all (100%), administered in tritherapy in 3 (33%) of 9 patients; mean dose: 633 (600-700) mg/d; efficacy (>50% seizure reduction) was observed in 5 (55%) of 9 patients. Five of 9 patients are still taking high doses of ZNS (more than 1 year). Adverse events were observed in 3 (37%) of 8 patients. Good tolerance to high doses of other antiepileptic drugs had been observed in 6 (66%) of 9 patients. Plasma levels of ZNS were only available in 2 patients; both were in the therapeutic range (34.95, 30.91) (10-40 mg/L). Conclusion: High doses of ZNS are effective and safe in pharmacoresistant epileptic patients. Therapeutic drug monitoring of ZNS may be considered at therapeutic failure.",to examine the clinical effect efficacy and tolerability of high doses of zonisamide zns 500 mg d in adult patients with pharmacoresistant epilepsy between 2006 and 2013 all epileptic outpatients treated with high doses of zns were selected safety and efficacy were assessed based on patient and caregiver reports serum levels of zns and other concomitant antiepileptic drugs were evaluated if available nine patients 5 female 8 focal 1 generalized pharmacoresistant epilepsy mean age 34 years most frequent seizure type complex partial seizures other seizure types generalized tonic-clonic tonic myoclonia zonisamide in polytherapy in all 100 administered in tritherapy in 3 33 of 9 patients mean dose 633 600-700 mg d efficacy 50 seizure reduction was observed in 5 55 of 9 patients five of 9 patients are still taking high doses of zns more than 1 year adverse events were observed in 3 37 of 8 patients good tolerance to high doses of other antiepileptic drugs had been observed in 6 66 of 9 patients plasma levels of zns were only available in 2 patients both were in the therapeutic range 34 95 30 91 10-40 mg l conclusion high doses of zns are effective and safe in pharmacoresistant epileptic patients therapeutic drug monitoring of zns may be considered at therapeutic failure,,unspecified
PUBMEDQA_REPORT_15065192,"The use of three-dimensional (3D) ultrasound may help to determine the exact position of the needle during breast biopsy, thereby reducing the number of core samples that are needed to achieve a reliable histological diagnosis. The aim of this study was to demonstrate the efficacy of 3D ultrasound-validated large-core needle biopsy (LCNB) of the breast. A total of 360 core needle biopsies was obtained from 169 breast lesions in 146 patients. Additional open breast biopsy was performed in 111 women (127/169 breast lesions); the remaining 42 lesions were followed up for at least 24 months. 3D ultrasound visualization of the needle in the postfiring position was used to classify the biopsy as central, marginal or outside the lesion. Based on this classification it was decided whether another sample had to be obtained. A median of two core samples per lesion provided for all the lesions a sensitivity for malignancy of 96.9%, specificity of 100%, false-positive rate of 0% and false-negative rate of 3.1%, and for the excised lesions a sensitivity of 96.5%, specificity of 100%, false-positive rate of 0%, false-negative rate of 3.5% and an underestimation rate of 3.4%. Conclusion: 3D ultrasound validation of the postfiring needle position is an efficient adjunct to ultrasound-guided LCNB. The advantages of 3D ultrasound validation are likely to include a reduction in the number of core samples needed to achieve a reliable histological diagnosis (and a possible reduction in the risk of tumor cell displacement), reduced procedure time and lower costs.",the use of three-dimensional 3d ultrasound may help to determine the exact position of the needle during breast biopsy thereby reducing the number of core samples that are needed to achieve a reliable histological diagnosis the aim of this study was to demonstrate the efficacy of 3d ultrasound-validated large-core needle biopsy lcnb of the breast a total of 360 core needle biopsies was obtained from 169 breast lesions in 146 patients additional open breast biopsy was performed in 111 women 127 169 breast lesions the remaining 42 lesions were followed up for at least 24 months 3d ultrasound visualization of the needle in the postfiring position was used to classify the biopsy as central marginal or outside the lesion based on this classification it was decided whether another sample had to be obtained a median of two core samples per lesion provided for all the lesions a sensitivity for malignancy of 96 9 specificity of 100 false-positive rate of 0 and false-negative rate of 3 1 and for the excised lesions a sensitivity of 96 5 specificity of 100 false-positive rate of 0 false-negative rate of 3 5 and an underestimation rate of 3 4 conclusion 3d ultrasound validation of the postfiring needle position is an efficient adjunct to ultrasound-guided lcnb the advantages of 3d ultrasound validation are likely to include a reduction in the number of core samples needed to achieve a reliable histological diagnosis and a possible reduction in the risk of tumor cell displacement reduced procedure time and lower costs,,unspecified
PUBMEDQA_REPORT_24352924,"The purpose of this study was to investigate the efficacy of ultrasonography to confirm Schanz pin placement in a cadaveric model, and the interobserver repeatability of the ultrasound methodology. This investigation is a repeated measures cadaveric study with multiple examiners. Cadaveric preparation and observations were done by an orthopaedic traumatologist and resident, and two general surgery traumatologists. A total of 16 Schanz pins were equally placed in bilateral femora and tibiae. Four examiners took measurements of pin protrusion beyond the distal cortices using first ultrasonography and then by direct measurement after gross dissection.MAIN OUTCOME MEASURE(S): Distal Schanz pin protrusion length measurements from both ultrasonography and direct measurement post dissection. Schanz pin protrusion measurements are underestimated by ultrasonography (p<0.01) by an average of 10 percent over the range of 5 to 18 mm, and they display a proportional bias that increases the under reporting as the magnitude of pin protrusion increases. Ultrasound data demonstrate good linear correlation and closely represent actual protrusion values in the 5 to 12 mm range. Interobserver repeatability analysis demonstrated that all examiners were not statistically different in their measurements despite minimal familiarity with the ultrasound methodology (p>0.8). Conclusion: Despite the statistical imparity of pin protrusion measurement via ultrasound compared to that of gross dissection, a consideration of the clinical relevance of ultrasound measurement bias during an austere operating theatre leads to the conclusion that ultrasonography is an adequate methodology for Schanz pin protrusion measurement.",the purpose of this study was to investigate the efficacy of ultrasonography to confirm schanz pin placement in a cadaveric model and the interobserver repeatability of the ultrasound methodology this investigation is a repeated measures cadaveric study with multiple examiners cadaveric preparation and observations were done by an orthopaedic traumatologist and resident and two general surgery traumatologists a total of 16 schanz pins were equally placed in bilateral femora and tibiae four examiners took measurements of pin protrusion beyond the distal cortices using first ultrasonography and then by direct measurement after gross dissection main outcome measure s distal schanz pin protrusion length measurements from both ultrasonography and direct measurement post dissection schanz pin protrusion measurements are underestimated by ultrasonography p 0 01 by an average of 10 percent over the range of 5 to 18 mm and they display a proportional bias that increases the under reporting as the magnitude of pin protrusion increases ultrasound data demonstrate good linear correlation and closely represent actual protrusion values in the 5 to 12 mm range interobserver repeatability analysis demonstrated that all examiners were not statistically different in their measurements despite minimal familiarity with the ultrasound methodology p 0 8 conclusion despite the statistical imparity of pin protrusion measurement via ultrasound compared to that of gross dissection a consideration of the clinical relevance of ultrasound measurement bias during an austere operating theatre leads to the conclusion that ultrasonography is an adequate methodology for schanz pin protrusion measurement,,bilateral
PUBMEDQA_REPORT_17462393,"Beating-heart valve surgery appears to be a promising technique for protection of hypertrophied hearts. Normothermic normokalemic simultaneous antegrade/retrograde perfusion (NNSP) may improve myocardial perfusion. However, its effects on myocardial oxygenation and energy metabolism remain unclear. The present study was to determine whether NNSP improved myocardial oxygenation and energy metabolism of hypertrophied hearts relative to normothermic normokalemic antegrade perfusion (NNAP). Twelve hypertrophied pig hearts underwent a protocol consisting of three 20-minute perfusion episodes (10 minutes NNAP and 10 minutes NNSP in a random order) with each conducted at a different blood flow in the left anterior descending coronary artery (LAD [100%, 50%, and 20% of its initial control]). Myocardial oxygenation was assessed using near-infrared spectroscopic imaging. Myocardial energy metabolism was monitored using localized phosphorus-31 magnetic resonance spectroscopy. With 100% LAD flow, both NNAP and NNSP maintained myocardial oxygenation, adenosine triphosphate, phosphocreatine, and inorganic phosphate at normal levels. When LAD flow was reduced to 50% of its control level, NNSP resulted in a small but significant decrease in myocardial oxygenation and phosphocreatine, whereas those measurements did not change significantly during NNAP. With LAD flow further reduced to 20% of its control level, both NNAP and NNSP caused a substantial decrease in myocardial oxygenation, adenosine triphosphate, and phosphocreatine with an increase in inorganic phosphate. However, the changes were significantly greater during NNSP than during NNAP. Conclusion: Normothermic normokalemic simultaneous antegrade/retrograde perfusion did not improve, but slightly impaired myocardial oxygenation and energy metabolism of beating hypertrophied hearts relative to NNAP. Therefore, NNSP for protection of beating hypertrophied hearts during valve surgery should be used with extra caution.",beating-heart valve surgery appears to be a promising technique for protection of hypertrophied hearts normothermic normokalemic simultaneous antegrade retrograde perfusion nnsp may improve myocardial perfusion however its effects on myocardial oxygenation and energy metabolism remain unclear the present study was to determine whether nnsp improved myocardial oxygenation and energy metabolism of hypertrophied hearts relative to normothermic normokalemic antegrade perfusion nnap twelve hypertrophied pig hearts underwent a protocol consisting of three 20-minute perfusion episodes 10 minutes nnap and 10 minutes nnsp in a random order with each conducted at a different blood flow in the left anterior descending coronary artery lad 100 50 and 20 of its initial control myocardial oxygenation was assessed using near-infrared spectroscopic imaging myocardial energy metabolism was monitored using localized phosphorus-31 magnetic resonance spectroscopy with 100 lad flow both nnap and nnsp maintained myocardial oxygenation adenosine triphosphate phosphocreatine and inorganic phosphate at normal levels when lad flow was reduced to 50 of its control level nnsp resulted in a small but significant decrease in myocardial oxygenation and phosphocreatine whereas those measurements did not change significantly during nnap with lad flow further reduced to 20 of its control level both nnap and nnsp caused a substantial decrease in myocardial oxygenation adenosine triphosphate and phosphocreatine with an increase in inorganic phosphate however the changes were significantly greater during nnsp than during nnap conclusion normothermic normokalemic simultaneous antegrade retrograde perfusion did not improve but slightly impaired myocardial oxygenation and energy metabolism of beating hypertrophied hearts relative to nnap therefore nnsp for protection of beating hypertrophied hearts during valve surgery should be used with extra caution,no_acute,left
PUBMEDQA_REPORT_22504515,"The study was performed to evaluate the clinical and technical efficacy of endovenous laser ablation (EVLA) of small saphenous varicosities, particularly in relation to the site of endovenous access. Totally 59 patients with unilateral saphenopopliteal junction incompetence and small saphenous vein reflux underwent EVLA (810 nm, 14 W diode laser) with ambulatory phlebectomies. Small saphenous vein access was gained at the lowest site of truncal reflux. Patients were divided into 2 groups: access gained above mid-calf (AMC, n = 33) and below mid-calf (BMC, n = 26) levels. Outcomes included Venous Clinical Severity Scores (VCSS), Aberdeen Varicose Vein Questionnaire (AVVQ), patient satisfaction, complications, and recurrence rates. Both groups demonstrated significant improvement in VCSS, AVVQ, generic quality of life Short Form 36, and EuroQol scores (P<.05) up to 1 year. No differences were seen between AMC and BMC groups for complications (phlebitis: 2 [6%] and 1 [3.8%], P>.05; paresthesia: 2 [6%] and 5 [19%], P = .223) and recurrence (3 [9%] and 1 [3.8%], P = .623), respectively. Conclusion: The site of access in our study does not appear to influence complications specifically neural injury or recurrence rates.",the study was performed to evaluate the clinical and technical efficacy of endovenous laser ablation evla of small saphenous varicosities particularly in relation to the site of endovenous access totally 59 patients with unilateral saphenopopliteal junction incompetence and small saphenous vein reflux underwent evla 810 nm 14 w diode laser with ambulatory phlebectomies small saphenous vein access was gained at the lowest site of truncal reflux patients were divided into 2 groups access gained above mid-calf amc n 33 and below mid-calf bmc n 26 levels outcomes included venous clinical severity scores vcss aberdeen varicose vein questionnaire avvq patient satisfaction complications and recurrence rates both groups demonstrated significant improvement in vcss avvq generic quality of life short form 36 and euroqol scores p 05 up to 1 year no differences were seen between amc and bmc groups for complications phlebitis 2 6 and 1 3 8 p 05 paresthesia 2 6 and 5 19 p 223 and recurrence 3 9 and 1 3 8 p 623 respectively conclusion the site of access in our study does not appear to influence complications specifically neural injury or recurrence rates,,unspecified
PUBMEDQA_REPORT_25675614,"Diabetes mellitus (DM) is undiagnosed in approximately half of the patients actually suffering from the disease. In addition, the prevalence of DM is more than twice as high as in patients with periodontitis when compared to periodontally healthy subjects. Thus, a high number of patients with periodontitis may have undiagnosed DM. The purpose of the present study was to evaluate whether blood oozing from a gingival crevice during routine periodontal examination can be used for determining glucose levels. Observational cross-sectional studies were carried out in 75 patients (43 males and 32 females) with chronic periodontitis who were divided into two groups: Group I and Group II, respectively. Blood oozing from the gingival crevices of anterior teeth following periodontal probing was collected with the stick of glucose self-monitoring device, and the blood glucose levels were measured. At the same time, finger-prick blood was taken for glucometric analysis and subsequent readings were recorded. The patient's blood glucose values ranged from 74 to 256 mg/dl. The comparison between gingival crevicular blood and finger-prick blood showed a very strong correlation, with a t value of 3.97 (at P value = 0.001). Conclusion: The data from this study has shown that GCB collected during diagnostic periodontal examination can be an excellent source of blood for glucometric analysis.",diabetes mellitus dm is undiagnosed in approximately half of the patients actually suffering from the disease in addition the prevalence of dm is more than twice as high as in patients with periodontitis when compared to periodontally healthy subjects thus a high number of patients with periodontitis may have undiagnosed dm the purpose of the present study was to evaluate whether blood oozing from a gingival crevice during routine periodontal examination can be used for determining glucose levels observational cross-sectional studies were carried out in 75 patients 43 males and 32 females with chronic periodontitis who were divided into two groups group i and group ii respectively blood oozing from the gingival crevices of anterior teeth following periodontal probing was collected with the stick of glucose self-monitoring device and the blood glucose levels were measured at the same time finger-prick blood was taken for glucometric analysis and subsequent readings were recorded the patient s blood glucose values ranged from 74 to 256 mg dl the comparison between gingival crevicular blood and finger-prick blood showed a very strong correlation with a t value of 3 97 at p value 0 001 conclusion the data from this study has shown that gcb collected during diagnostic periodontal examination can be an excellent source of blood for glucometric analysis,,unspecified
PUBMEDQA_REPORT_18235194,"In a prospective study 218 preschool children were enrolled (stratified in 2 training programs, one specialized for phonologic awareness in order to prevent dyslexia, the other consisting in training of general perception) during the last year of kindergarten. After finishing the first grade 131 children were compared in their reading and writing abilities. In the whole group only a slight difference was found between both training modalities concerning their writing abilities. However, children with a history of hearing loss, actual hearing loss or pathologic middle ear findings profited most from the specialized training program compared to the control in their reading abilities. Conclusion: A specialized training program to improve phonologic awareness as a basis for reading and writing in every kindergarten and preschool child seems to be unnecessary. However, children with temporary hearing deficits benefit from such a program. For all other children general perception training may be sufficient.",in a prospective study 218 preschool children were enrolled stratified in 2 training programs one specialized for phonologic awareness in order to prevent dyslexia the other consisting in training of general perception during the last year of kindergarten after finishing the first grade 131 children were compared in their reading and writing abilities in the whole group only a slight difference was found between both training modalities concerning their writing abilities however children with a history of hearing loss actual hearing loss or pathologic middle ear findings profited most from the specialized training program compared to the control in their reading abilities conclusion a specialized training program to improve phonologic awareness as a basis for reading and writing in every kindergarten and preschool child seems to be unnecessary however children with temporary hearing deficits benefit from such a program for all other children general perception training may be sufficient,,unspecified
PUBMEDQA_REPORT_18005142,"To explore whether early treatment would shorten the duration of headache from headache onset to its peak and reduce headache severity at peak. Prior clinical studies almost exclusively focused on headache relief after dosing. No data are available on whether early intervention affects the duration from headache onset to peak and headache severity at peak. Adult migraineurs were enrolled in this observational study from multi-site headache clinics. Patients recorded their migraine experiences via an electronic diary over 1 month. Patients reported the time and pain severity at onset, dosing, and peak. We used a linear mixed model to evaluate the impact of the timing of treatment and to adjust for covariates and correlation of observations within subjects. A total of 182 patients reported 970 migraine episodes, 620 of which were treated before headaches progressed to peak. Mean time from headache onset to peak varied from 1.9 hours to 8.9 hours for patients treated within 15 minutes of onset and those who waited for 4 or more hours, respectively. However, early intervention was not associated with reduced headache severity at peak. In multivariate analysis, early treatment, use of triptans, and mild migraine headache in the past 3 months were significantly associated with shorter time from onset to headache peak. A separate model indicated that the timing of medication was not associated with the duration between dosing and headache peak, but use of triptans shortened the time from dosing to headache peak. Conclusion: Early treatment and use of triptans may lead to shorter duration from migraine headache onset to its peak but did not alleviate headache severity at peak. This could result in decreased migraine burden by reducing total migraine headache duration.",to explore whether early treatment would shorten the duration of headache from headache onset to its peak and reduce headache severity at peak prior clinical studies almost exclusively focused on headache relief after dosing no data are available on whether early intervention affects the duration from headache onset to peak and headache severity at peak adult migraineurs were enrolled in this observational study from multi-site headache clinics patients recorded their migraine experiences via an electronic diary over 1 month patients reported the time and pain severity at onset dosing and peak we used a linear mixed model to evaluate the impact of the timing of treatment and to adjust for covariates and correlation of observations within subjects a total of 182 patients reported 970 migraine episodes 620 of which were treated before headaches progressed to peak mean time from headache onset to peak varied from 1 9 hours to 8 9 hours for patients treated within 15 minutes of onset and those who waited for 4 or more hours respectively however early intervention was not associated with reduced headache severity at peak in multivariate analysis early treatment use of triptans and mild migraine headache in the past 3 months were significantly associated with shorter time from onset to headache peak a separate model indicated that the timing of medication was not associated with the duration between dosing and headache peak but use of triptans shortened the time from dosing to headache peak conclusion early treatment and use of triptans may lead to shorter duration from migraine headache onset to its peak but did not alleviate headache severity at peak this could result in decreased migraine burden by reducing total migraine headache duration,,unspecified
PUBMEDQA_REPORT_21823940,"Research on stroke survivors' driving safety has typically used either self-reports or government records, but the extent to which the 2 may differ is not known. We compared government records and self-reports of motor vehicle collisions and driving convictions in a sample of stroke survivors. The 56 participants were originally recruited for a prospective study on driving and community re-integration post-stroke; the study population consisted of moderately impaired stroke survivors without severe communication disorders who had been referred for a driving assessment. The driving records of the 56 participants for the 5 years before study entry and the 1-year study period were acquired with written consent from the Ministry of Transportation of Ontario (MTO), Canada. Self-reports of collisions and convictions were acquired via a semistructured interview and then compared with the MTO records. Forty-three participants completed the study. For 7 (13.5%) the MTO records did not match the self-reports regarding collision involvement, and for 9 (17.3%) the MTO records did not match self-reports regarding driving convictions. The kappa coefficient for the correlation between MTO records and self-reports was 0.52 for collisions and 0.47 for convictions (both in the moderate range of agreement). When both sources of data were consulted, up to 56 percent more accidents and up to 46 percent more convictions were identified in the study population in the 5 years before study entry compared to when either source was used alone. Conclusion: In our population of stroke survivors, self-reports of motor vehicle collisions and driving convictions differed from government records. In future studies, the use of both government and self-reported data would ensure a more accurate picture of driving safety post-stroke.",research on stroke survivors driving safety has typically used either self-reports or government records but the extent to which the 2 may differ is not known we compared government records and self-reports of motor vehicle collisions and driving convictions in a sample of stroke survivors the 56 participants were originally recruited for a prospective study on driving and community re-integration post-stroke the study population consisted of moderately impaired stroke survivors without severe communication disorders who had been referred for a driving assessment the driving records of the 56 participants for the 5 years before study entry and the 1-year study period were acquired with written consent from the ministry of transportation of ontario mto canada self-reports of collisions and convictions were acquired via a semistructured interview and then compared with the mto records forty-three participants completed the study for 7 13 5 the mto records did not match the self-reports regarding collision involvement and for 9 17 3 the mto records did not match self-reports regarding driving convictions the kappa coefficient for the correlation between mto records and self-reports was 0 52 for collisions and 0 47 for convictions both in the moderate range of agreement when both sources of data were consulted up to 56 percent more accidents and up to 46 percent more convictions were identified in the study population in the 5 years before study entry compared to when either source was used alone conclusion in our population of stroke survivors self-reports of motor vehicle collisions and driving convictions differed from government records in future studies the use of both government and self-reported data would ensure a more accurate picture of driving safety post-stroke,,unspecified
PUBMEDQA_REPORT_10331115,"All currently available atypical antipsychotics have, at clinically relevant doses: i) high serotonin (5-HT)2 occupancy; ii) greater 5-HT2 than dopamine (D)2 occupancy; and iii) a higher incidence of extrapyramidal side effects when their D2 occupancy exceeds 80%. A review of pharmacologic and behavioral data suggested that amoxapine should also conform to this profile; therefore, we undertook a positron-emission tomography (PET) study of its 5-HT2 and D2 occupancy. Seven healthy volunteers received 50-250 mg/day of amoxapine for 5 days and then had [11C]-raclopride and [18F]-setoperone PET scans. 5-HT2 receptors showed near saturation at doses of 100 mg/day and above. The D2 receptor occupancies showed a dose-dependent increase, never exceeding 80%; at all doses 5-HT2 occupancy exceeded D2 occupancy. Conclusion: PET data show that amoxapine's profile is very similar to that of the established atypical antipsychotics. These data, together with amoxapine's in vitro pharmacologic profile, effectiveness in animal models, and efficacy in psychotic depression raise the possibility of amoxapine as an ""atypical"" antipsychotic agent in the treatment of schizophrenia.",all currently available atypical antipsychotics have at clinically relevant doses i high serotonin 5-ht 2 occupancy ii greater 5-ht2 than dopamine d 2 occupancy and iii a higher incidence of extrapyramidal side effects when their d2 occupancy exceeds 80 a review of pharmacologic and behavioral data suggested that amoxapine should also conform to this profile therefore we undertook a positron-emission tomography pet study of its 5-ht2 and d2 occupancy seven healthy volunteers received 50-250 mg day of amoxapine for 5 days and then had 11c -raclopride and 18f -setoperone pet scans 5-ht2 receptors showed near saturation at doses of 100 mg day and above the d2 receptor occupancies showed a dose-dependent increase never exceeding 80 at all doses 5-ht2 occupancy exceeded d2 occupancy conclusion pet data show that amoxapine s profile is very similar to that of the established atypical antipsychotics these data together with amoxapine s in vitro pharmacologic profile effectiveness in animal models and efficacy in psychotic depression raise the possibility of amoxapine as an atypical antipsychotic agent in the treatment of schizophrenia,,unspecified
PUBMEDQA_REPORT_24684514,"Optimization of the preoperative hemoglobin (Hb) level is an effective way to reduce allogeneic transfusion in total knee arthroplasty (TKA) though the procedure is expensive, requires close monitoring and is often inconvenient for patients with reduced mobility. Our aim was to investigate the value of preoperative Hb levels to predict transfusion and thereby tailoring Hb optimization to patient characteristics. All consecutive patients who undergone primary TKA in our center over 2 years, and received tranexamic acid intraoperatively, were reviewed. The adjusted association between preoperative Hb levels and transfusion was assessed by multivariate logistic regression, and the estimated probability of transfusion for individual patients was derived from the logistic model. Out of the 784 patients who meet the inclusion criteria, risk of transfusion was associated with poorer performance status, as measured by the America Association of Anestesiology (ASA) score III/IV (OR: 3·3, P < 0·001) and lower preoperative Hb level (OR 3·8 for each g/dl below 13 g/dl; P < 0·001). According to the Hb level, the estimated probability of transfusion was 0·03 (range: 0·03-0·64) for ASA I/II patients and 0·10 (range: 0·10-0·84) for ASA III/IV. Conclusion: Not all the patients undergoing TKA who receive tranexamic acid need the same preoperative Hb optimization target. Two easily available factors, such as the ASA score and the Hb level, can help individualize the Hb optimization target.",optimization of the preoperative hemoglobin hb level is an effective way to reduce allogeneic transfusion in total knee arthroplasty tka though the procedure is expensive requires close monitoring and is often inconvenient for patients with reduced mobility our aim was to investigate the value of preoperative hb levels to predict transfusion and thereby tailoring hb optimization to patient characteristics all consecutive patients who undergone primary tka in our center over 2 years and received tranexamic acid intraoperatively were reviewed the adjusted association between preoperative hb levels and transfusion was assessed by multivariate logistic regression and the estimated probability of transfusion for individual patients was derived from the logistic model out of the 784 patients who meet the inclusion criteria risk of transfusion was associated with poorer performance status as measured by the america association of anestesiology asa score iii iv or 3 3 p 0 001 and lower preoperative hb level or 3 8 for each g dl below 13 g dl p 0 001 according to the hb level the estimated probability of transfusion was 0 03 range 0 03-0 64 for asa i ii patients and 0 10 range 0 10-0 84 for asa iii iv conclusion not all the patients undergoing tka who receive tranexamic acid need the same preoperative hb optimization target two easily available factors such as the asa score and the hb level can help individualize the hb optimization target,,unspecified
PUBMEDQA_REPORT_14968373,"Treatment of obstructive hydrocephalus in children with tuberculous meningitis (TBM) depends on the level of the cerebrospinal fluid (CSF) block. Air-encephalography is regarded as the gold standard for differentiating communicating and non-communicating hydrocephalus. Since air-encephalography involves a lumbar puncture, it carries the risk of cerebral herniation. AIM. The aim of this study was to determine whether communicating and non-communicating hydrocephalus in TBM can be differentiated by means of cranial computerised tomography (CT). A number of CT indices were measured in 50 children with communicating and 34 children with non-communicating hydrocephalus according to air-encephalographic findings. The only CT finding that correlated with the type of hydrocephalus was the shape of the third ventricle. Significantly more children with non-communicating hydrocephalus had a rounded third ventricle than those with communicating hydrocephalus. Conclusion: CT is therefore not useful in determining the level of CSF block in TBM. Air-encephalography remains the most reliable way of determining the level of CSF obstruction.",treatment of obstructive hydrocephalus in children with tuberculous meningitis tbm depends on the level of the cerebrospinal fluid csf block air-encephalography is regarded as the gold standard for differentiating communicating and non-communicating hydrocephalus since air-encephalography involves a lumbar puncture it carries the risk of cerebral herniation aim the aim of this study was to determine whether communicating and non-communicating hydrocephalus in tbm can be differentiated by means of cranial computerised tomography ct a number of ct indices were measured in 50 children with communicating and 34 children with non-communicating hydrocephalus according to air-encephalographic findings the only ct finding that correlated with the type of hydrocephalus was the shape of the third ventricle significantly more children with non-communicating hydrocephalus had a rounded third ventricle than those with communicating hydrocephalus conclusion ct is therefore not useful in determining the level of csf block in tbm air-encephalography remains the most reliable way of determining the level of csf obstruction,pleural_effusion,unspecified
PUBMEDQA_REPORT_20187289,"Stock et al. (Eur Respir J 25:47-53, 2005) recently estimated asthma prevalence in Germany using claims data on prescriptions and hospital diagnoses and found high prevalence peaks in infants. Our objective was to critically assess and discuss various aspects of identifying children with asthma using prescription data. We replicated the selection procedure of Stock et al. using data on 290,919 children aged 0-17 years insured in the Gmünder ErsatzKasse (GEK) in 2005. Asthma prevalence was also estimated in a sample of 17,641 children aged 0-17 years participating in the German Health Interview and Examination Survey for Children and Adolescents (KiGGS) from 2003 to 2006. In children aged 0-4 years insured in the GEK, prevalences were found to range from 11.7 to 17.7% for boys and from 7.2 to 11.1% for girls when the criteria of Stock et al. were applied. A steady decline in prevalences was observed in older age groups. Asthma prevalence estimated in the KiGGS data showed a quite different distribution. In the age group 0-4 years, prevalences were found to range from 0 to 2.6% in boys and from 0 to 1.0% in girls; in children>4 years, prevalences were found to increase with increasing age. Conclusion: When additional validation studies were taken into account, asthma medications were found to be prescribed not only for asthma but also for other respiratory diseases. In addition, not all children with current asthma had prescriptions. We therefore conclude that asthma medications are therefore not a good proxy for the disease.",stock et al eur respir j 25 47-53 2005 recently estimated asthma prevalence in germany using claims data on prescriptions and hospital diagnoses and found high prevalence peaks in infants our objective was to critically assess and discuss various aspects of identifying children with asthma using prescription data we replicated the selection procedure of stock et al using data on 290 919 children aged 0-17 years insured in the gm nder ersatzkasse gek in 2005 asthma prevalence was also estimated in a sample of 17 641 children aged 0-17 years participating in the german health interview and examination survey for children and adolescents kiggs from 2003 to 2006 in children aged 0-4 years insured in the gek prevalences were found to range from 11 7 to 17 7 for boys and from 7 2 to 11 1 for girls when the criteria of stock et al were applied a steady decline in prevalences was observed in older age groups asthma prevalence estimated in the kiggs data showed a quite different distribution in the age group 0-4 years prevalences were found to range from 0 to 2 6 in boys and from 0 to 1 0 in girls in children 4 years prevalences were found to increase with increasing age conclusion when additional validation studies were taken into account asthma medications were found to be prescribed not only for asthma but also for other respiratory diseases in addition not all children with current asthma had prescriptions we therefore conclude that asthma medications are therefore not a good proxy for the disease,,unspecified
PUBMEDQA_REPORT_22972546,"The seafaring industry remains a hazardous occupation that requires sophisticated systems of risk and fitness assessment. This study aims to investigate the extent of agreement between Approved Doctors (ADs) and Medical Referees (MRs) when they assess a seafarer's fitness. Between 2003 and 2009 a total of 232,878 seafarer medical examinations were carried out by ADs, of which 465 were considered by the MRs because the seafarer appealed against the AD's decision. The extent of agreement between ADs and MRs was studied. Two hundred and sixty-eight (58%) cases seen by the ADs were classed as category 4 ""permanently unfit""; the referees only placed 85 (18%) of them in this category. On the other hand, 252 (54%) cases seen by the MRs were classed as category 2 ""fit with restrictions"", while the ADs had only placed 111 (24%) in this category. The overall agreement between the assessors (AD vs. MR) was poor (Kappa K = 0.18). For cardiovascular diseases and for mental ill-health, access to additional information by the MR was the commonest reason for changing the fitness category, but for all other conditions factors such as the experience and knowledge of the MRs or their different interpretation of the standards were the most frequent reasons for a change to fitness category or to restrictions. Conclusion: This study found that there was poor agreement between the AD's decision and the subsequent MR's decision regarding the fitness of those seafarers who decided to appeal against the AD's initial assessment. The reasons for this are considered.",the seafaring industry remains a hazardous occupation that requires sophisticated systems of risk and fitness assessment this study aims to investigate the extent of agreement between approved doctors ads and medical referees mrs when they assess a seafarer s fitness between 2003 and 2009 a total of 232 878 seafarer medical examinations were carried out by ads of which 465 were considered by the mrs because the seafarer appealed against the ad s decision the extent of agreement between ads and mrs was studied two hundred and sixty-eight 58 cases seen by the ads were classed as category 4 permanently unfit the referees only placed 85 18 of them in this category on the other hand 252 54 cases seen by the mrs were classed as category 2 fit with restrictions while the ads had only placed 111 24 in this category the overall agreement between the assessors ad vs mr was poor kappa k 0 18 for cardiovascular diseases and for mental ill-health access to additional information by the mr was the commonest reason for changing the fitness category but for all other conditions factors such as the experience and knowledge of the mrs or their different interpretation of the standards were the most frequent reasons for a change to fitness category or to restrictions conclusion this study found that there was poor agreement between the ad s decision and the subsequent mr s decision regarding the fitness of those seafarers who decided to appeal against the ad s initial assessment the reasons for this are considered,,unspecified
PUBMEDQA_REPORT_12095973,"The main treatment for rectal carcinoma is surgery. Preoperative chemoradiation (CRT) is advocated to reduce local recurrence and improve resection of mid and low tethered rectal tumors. Fifty-two patients with mid or low rectal tumors underwent CRT (external beam radiation plus 5-fluorouracil plus folinic acid). Patients who had low rectal tumors with complete response (CR) were not submitted to surgical treatment. All other patients were submitted to surgery, independently of the response. Mean follow-up was 32.1 months. Five-year overall survival was 60.5%. Clinical evaluation after CRT showed CR in 10 cases (19.2%), all low tumors; incomplete response (>50%) in 21 (40.4%); and no response (<50%) in 19 (36.6%). Among the 10 cases with CR, 8 presented with local recurrence within 3.7 to 8.8 months. Two patients were not submitted to surgery and are still alive without cancer after 37 and 58 months. Thirty-nine patients had radical surgery. Seven had local recurrences after CRT plus surgery (17.9%). Overall survival was negatively affected by lymph node metastases (P =.017) and perineural invasion (P =.026). Conclusion: Exclusive CRT approach is not safe to treat patients with low infiltrative rectal carcinoma.",the main treatment for rectal carcinoma is surgery preoperative chemoradiation crt is advocated to reduce local recurrence and improve resection of mid and low tethered rectal tumors fifty-two patients with mid or low rectal tumors underwent crt external beam radiation plus 5-fluorouracil plus folinic acid patients who had low rectal tumors with complete response cr were not submitted to surgical treatment all other patients were submitted to surgery independently of the response mean follow-up was 32 1 months five-year overall survival was 60 5 clinical evaluation after crt showed cr in 10 cases 19 2 all low tumors incomplete response 50 in 21 40 4 and no response 50 in 19 36 6 among the 10 cases with cr 8 presented with local recurrence within 3 7 to 8 8 months two patients were not submitted to surgery and are still alive without cancer after 37 and 58 months thirty-nine patients had radical surgery seven had local recurrences after crt plus surgery 17 9 overall survival was negatively affected by lymph node metastases p 017 and perineural invasion p 026 conclusion exclusive crt approach is not safe to treat patients with low infiltrative rectal carcinoma,,unspecified
PUBMEDQA_REPORT_15703931,"Compared with computed tomography (CT) and magnetic resonance imaging (MRI), positron emission tomography (PET) may have additional value in the assessment of primary and recurrent cervical cancer. However, the degree of tumour uptake of (18)F-2-fluoro-2-deoxy-D: -glucose (FDG) uptake is sometimes influenced by diabetes mellitus (DM). Therefore, we conducted this prospective study to compare the diagnostic ability of FDG-PET in patients with cervical cancer complicated by DM and those without DM. Patients with untreated locally advanced primary or clinically curable recurrent cervical carcinoma were enrolled. Both FDG-PET and MRI/CT scans were performed within 2 weeks. Patients were categorised into the following groups: hyperglycaemic DM (fasting blood sugar>126 mg/dl), euglycaemic DM and non-DM. The lesions were confirmed histologically or by clinical follow-up. The receiver operating characteristic curve method, with calculation of the area under the curve (AUC), was used to evaluate the discriminative power. From February 2001 to January 2003, 219 patients (75 with primary and 144 with recurrent cervical cancer) were eligible for analysis. Sixteen had hyperglycaemic DM, 12 had euglycaemic DM and 191 were in the non-DM group. The diagnostic power of PET in the hyperglycaemic DM, euglycaemic DM and non-DM groups did not differ significantly with regard to the identification of either metastatic lesions (AUC, 0.967/0.947/0.925, P>0.05) or primary tumours/local recurrence (AUC, 0.950/0.938/0.979, P>0.05). Considering all DM patients, PET showed a significantly higher detection power than MRI/CT scans in respect of metastatic lesions (AUC=0.956 vs 0.824, P=0.012). Conclusion: In comparison with its accuracy in non-DM patients, the accuracy of PET in cervical cancer patients with mild to moderate DM was not significantly reduced.",compared with computed tomography ct and magnetic resonance imaging mri positron emission tomography pet may have additional value in the assessment of primary and recurrent cervical cancer however the degree of tumour uptake of 18 f-2-fluoro-2-deoxy-d -glucose fdg uptake is sometimes influenced by diabetes mellitus dm therefore we conducted this prospective study to compare the diagnostic ability of fdg-pet in patients with cervical cancer complicated by dm and those without dm patients with untreated locally advanced primary or clinically curable recurrent cervical carcinoma were enrolled both fdg-pet and mri ct scans were performed within 2 weeks patients were categorised into the following groups hyperglycaemic dm fasting blood sugar 126 mg dl euglycaemic dm and non-dm the lesions were confirmed histologically or by clinical follow-up the receiver operating characteristic curve method with calculation of the area under the curve auc was used to evaluate the discriminative power from february 2001 to january 2003 219 patients 75 with primary and 144 with recurrent cervical cancer were eligible for analysis sixteen had hyperglycaemic dm 12 had euglycaemic dm and 191 were in the non-dm group the diagnostic power of pet in the hyperglycaemic dm euglycaemic dm and non-dm groups did not differ significantly with regard to the identification of either metastatic lesions auc 0 967 0 947 0 925 p 0 05 or primary tumours local recurrence auc 0 950 0 938 0 979 p 0 05 considering all dm patients pet showed a significantly higher detection power than mri ct scans in respect of metastatic lesions auc 0 956 vs 0 824 p 0 012 conclusion in comparison with its accuracy in non-dm patients the accuracy of pet in cervical cancer patients with mild to moderate dm was not significantly reduced,,unspecified
PUBMEDQA_REPORT_12913347,"Being unmarried is a well-known risk factor for poor pregnancy outcome such as preterm delivery and intrauterine growth restriction. The aim of this prospective study was to assess the prevalence and risk of bacterial vaginosis (BV) and selected bacteria isolated from the lower genital tract and to determine the socioeconomic and microbiological characteristics that might be responsible for poor pregnancy outcome observed among unmarried pregnant women. The study population comprised 196 pregnant women attending 10 randomly selected outpatient maternity units in the Lodz region, central Poland. Cervicovaginal samples were obtained between 8 and 16 weeks of gestation. Based on Spiegel's criteria, gram-stained vaginal smears were examined for BV and the BV-associated flora was sought by culture. To evaluate the risk factors, relative risk ratios were calculated using EPI INFO software. Among 196 pregnant women, 40 (20.4%) were unmarried. BV was diagnosed among 55 (28.1%) women studied. In the univariate analysis, unmarried pregnant women were characterized by younger age, primary educational level, poor economic situation and excessive smoking during pregnancy, as compared to married women. The unmarried status was a borderline risk factor for BV (OR = 1.83, 95% CI 0.94-4.9) after adjustment for age, smoking and education. An analysis of the microbiological culture from the lower genital tract revealed that unmarried pregnant women had a higher risk for several types of pathological microflora, as compared to married women. However, this finding was significant only for Mycoplasma hominis. The independent risk factors of M. hominis were the young age of the subject and a low concentration of Lactobacillus spp. Conclusion: The observed socioeconomic, demographic and microbiological differences between unmarried and married women could be responsible for the poor pregnancy outcome among unmarried pregnant women in Poland. Unmarried pregnant women should be covered by comprehensive medical care even before pregnancy. Further studies taking into account the role of psychological stress, patterns of sexual behavior and substance abuse during pregnancy could help identify the factors responsible for adverse pregnancy outcome among unmarried pregnant women.",being unmarried is a well-known risk factor for poor pregnancy outcome such as preterm delivery and intrauterine growth restriction the aim of this prospective study was to assess the prevalence and risk of bacterial vaginosis bv and selected bacteria isolated from the lower genital tract and to determine the socioeconomic and microbiological characteristics that might be responsible for poor pregnancy outcome observed among unmarried pregnant women the study population comprised 196 pregnant women attending 10 randomly selected outpatient maternity units in the lodz region central poland cervicovaginal samples were obtained between 8 and 16 weeks of gestation based on spiegel s criteria gram-stained vaginal smears were examined for bv and the bv-associated flora was sought by culture to evaluate the risk factors relative risk ratios were calculated using epi info software among 196 pregnant women 40 20 4 were unmarried bv was diagnosed among 55 28 1 women studied in the univariate analysis unmarried pregnant women were characterized by younger age primary educational level poor economic situation and excessive smoking during pregnancy as compared to married women the unmarried status was a borderline risk factor for bv or 1 83 95 ci 0 94-4 9 after adjustment for age smoking and education an analysis of the microbiological culture from the lower genital tract revealed that unmarried pregnant women had a higher risk for several types of pathological microflora as compared to married women however this finding was significant only for mycoplasma hominis the independent risk factors of m hominis were the young age of the subject and a low concentration of lactobacillus spp conclusion the observed socioeconomic demographic and microbiological differences between unmarried and married women could be responsible for the poor pregnancy outcome among unmarried pregnant women in poland unmarried pregnant women should be covered by comprehensive medical care even before pregnancy further studies taking into account the role of psychological stress patterns of sexual behavior and substance abuse during pregnancy could help identify the factors responsible for adverse pregnancy outcome among unmarried pregnant women,,unspecified
PUBMEDQA_REPORT_9550200,"To study the relationship between lunar position and the day of delivery; to investigate the synodic distribution of spontaneous deliveries, especially in relation to the presence of a full moon. Retrospective analysis of 1248 spontaneous full-term deliveries in three-year period (36 lunar months), setted at Department of Obstetrics and Gynaecology, Civil Hospital, Fano (Marche, Italy), using circular statistics techniques. A connection between the distribution of spontaneous full-term deliveries and the lunar month was found. The effect of the phases of the moon seems to be particularly relevant in multiparae and plurigravidae; in these cases, the mean day of delivery corresponds to the first or second day after the full moon. Conclusion: In this paper the effect of lunar phases on the time of delivery is shown. This influence seems to be especially relevant in the case of multiparae and plurigravidae. Nevertheless, it is too weak to allow for prediction regarding the days with the highest frequency of deliveries.",to study the relationship between lunar position and the day of delivery to investigate the synodic distribution of spontaneous deliveries especially in relation to the presence of a full moon retrospective analysis of 1248 spontaneous full-term deliveries in three-year period 36 lunar months setted at department of obstetrics and gynaecology civil hospital fano marche italy using circular statistics techniques a connection between the distribution of spontaneous full-term deliveries and the lunar month was found the effect of the phases of the moon seems to be particularly relevant in multiparae and plurigravidae in these cases the mean day of delivery corresponds to the first or second day after the full moon conclusion in this paper the effect of lunar phases on the time of delivery is shown this influence seems to be especially relevant in the case of multiparae and plurigravidae nevertheless it is too weak to allow for prediction regarding the days with the highest frequency of deliveries,,unspecified
PUBMEDQA_REPORT_26701174,"To ascertain whether hospital type is associated with differences in total cost and outcomes for inpatient tonsillectomy. Cross-sectional analysis of the 2006, 2009, and 2012 Kids' Inpatient Database (KID). Children ≤18 years of age undergoing tonsillectomy with/without adenoidectomy were included. Risk-adjusted generalized linear models assessed for differences in hospital cost and length of stay (LOS) among children managed by (1) non-children's teaching hospitals (NCTHs), (2) children's teaching hospitals (CTHs), and (3) nonteaching hospitals (NTHs). Risk-adjusted logistic regression compared the odds of major perioperative complications (hemorrhage, respiratory failure, death). Models accounted for clustering of patients within hospitals, were weighted to provide national estimates, and controlled for comorbidities. The 25,685 tonsillectomies recorded in the KID yielded a national estimate of 40,591 inpatient tonsillectomies performed in 2006, 2009, and 2012. The CTHs had significantly higher risk-adjusted total cost and LOS per tonsillectomy compared with NCTHs and NTHs ($9423.34/2.8 days, $6250.78/2.11 days, and $5905.10/2.08 days, respectively; P<.001). The CTHs had higher odds of complications compared with NCTHs (odds ratio [OR], 1.48; 95% CI, 1.15-1.91; P = .002) but not when compared with NTHs (OR, 1.19; 95% CI, 0.89-1.59; P = .23). The CTHs were significantly more likely to care for patients with comorbidities (P<.001). Conclusion: Significant differences in costs, outcomes, and patient factors exist for inpatient tonsillectomy based on hospital type. Although reasons for these differences are not discernable using isolated claims data, findings provide a foundation to further evaluate patient, institutional, and system-level factors that may reduce cost of care and improve value for inpatient tonsillectomy.",to ascertain whether hospital type is associated with differences in total cost and outcomes for inpatient tonsillectomy cross-sectional analysis of the 2006 2009 and 2012 kids inpatient database kid children 18 years of age undergoing tonsillectomy with without adenoidectomy were included risk-adjusted generalized linear models assessed for differences in hospital cost and length of stay los among children managed by 1 non-children s teaching hospitals ncths 2 children s teaching hospitals cths and 3 nonteaching hospitals nths risk-adjusted logistic regression compared the odds of major perioperative complications hemorrhage respiratory failure death models accounted for clustering of patients within hospitals were weighted to provide national estimates and controlled for comorbidities the 25 685 tonsillectomies recorded in the kid yielded a national estimate of 40 591 inpatient tonsillectomies performed in 2006 2009 and 2012 the cths had significantly higher risk-adjusted total cost and los per tonsillectomy compared with ncths and nths 9423 34 2 8 days 6250 78 2 11 days and 5905 10 2 08 days respectively p 001 the cths had higher odds of complications compared with ncths odds ratio or 1 48 95 ci 1 15-1 91 p 002 but not when compared with nths or 1 19 95 ci 0 89-1 59 p 23 the cths were significantly more likely to care for patients with comorbidities p 001 conclusion significant differences in costs outcomes and patient factors exist for inpatient tonsillectomy based on hospital type although reasons for these differences are not discernable using isolated claims data findings provide a foundation to further evaluate patient institutional and system-level factors that may reduce cost of care and improve value for inpatient tonsillectomy,,unspecified
PUBMEDQA_REPORT_22186742,"Medical records of 220 patients hospitalized for acute diverticulitis between June 1, 2002 and September 1, 2009 were reviewed. Acute diverticulitis was diagnosed by clinical criteria and characteristic CT findings. Fifteen patients were excluded either because of questionable CT or hematochezia. Mean age was 61.8±14.3 years (61% females). Clinical parameters, laboratory results, imaging, endoscopic and histopathological reports, and long-term patients' outcome were analyzed. One hundred patients (aged 61.8±13.3 y, 54.1% females), underwent an early (4 to 6 wk) colonoscopy after hospital discharge. There were no significant differences in patients' characteristics or survival between those with or without colonoscopy (4±1.9 vs. 4.2±2.1 y, P=0.62). No colonic malignancy was detected. However, in 32 patients (32%) at least 1 polyp was found. Only 1 was determined as an advanced adenoma. No new or different diagnosis was made after colonoscopy. Conclusion: Our results suggest that colonoscopy does not affect the management of patients with acute diverticulitis nor alter the outcome. The current practice of a routine colonoscopy after acute diverticulitis, diagnosed by typical clinical symptoms and CT needs to be reevaluated.",medical records of 220 patients hospitalized for acute diverticulitis between june 1 2002 and september 1 2009 were reviewed acute diverticulitis was diagnosed by clinical criteria and characteristic ct findings fifteen patients were excluded either because of questionable ct or hematochezia mean age was 61 8 14 3 years 61 females clinical parameters laboratory results imaging endoscopic and histopathological reports and long-term patients outcome were analyzed one hundred patients aged 61 8 13 3 y 54 1 females underwent an early 4 to 6 wk colonoscopy after hospital discharge there were no significant differences in patients characteristics or survival between those with or without colonoscopy 4 1 9 vs 4 2 2 1 y p 0 62 no colonic malignancy was detected however in 32 patients 32 at least 1 polyp was found only 1 was determined as an advanced adenoma no new or different diagnosis was made after colonoscopy conclusion our results suggest that colonoscopy does not affect the management of patients with acute diverticulitis nor alter the outcome the current practice of a routine colonoscopy after acute diverticulitis diagnosed by typical clinical symptoms and ct needs to be reevaluated,,unspecified
PUBMEDQA_REPORT_22532370,"To provide insight into the factors by which obesity in itself may directly lead to early arterial damage, we aimed to determine early sonographic markers of obesity-related vascular dysfunction in young obese males. Thirty-five young obese males and 23 age-matched healthy male volunteers were recruited into the study. Common carotid artery pulsatility index and resistance index were calculated from blood flow velocities curves obtained by pulsed Doppler ultrasonography. The mean pulsatility index, resistance index, body mass index, waist circumference, systolic and diastolic blood pressure, homeostasis model assessment for insulin resistance, plasma fasting glucose, insulin, C-peptide, triglycerides, low-density lipoprotein cholesterol, and high-sensitivity C-reactive protein were statistically higher in obese subjects than in healthy controls. Conclusion: Our results suggest that depressed vessel compliance and increased vascular resistance are features of young, obese, normotensive subjects independently of and in addition to cardiovascular risk factors. As changes in arterial wall properties may be incipient in young obese subjects, future studies will be required to demonstrate whether early intervention such as diet and exercise in this population can improve vascular functions.",to provide insight into the factors by which obesity in itself may directly lead to early arterial damage we aimed to determine early sonographic markers of obesity-related vascular dysfunction in young obese males thirty-five young obese males and 23 age-matched healthy male volunteers were recruited into the study common carotid artery pulsatility index and resistance index were calculated from blood flow velocities curves obtained by pulsed doppler ultrasonography the mean pulsatility index resistance index body mass index waist circumference systolic and diastolic blood pressure homeostasis model assessment for insulin resistance plasma fasting glucose insulin c-peptide triglycerides low-density lipoprotein cholesterol and high-sensitivity c-reactive protein were statistically higher in obese subjects than in healthy controls conclusion our results suggest that depressed vessel compliance and increased vascular resistance are features of young obese normotensive subjects independently of and in addition to cardiovascular risk factors as changes in arterial wall properties may be incipient in young obese subjects future studies will be required to demonstrate whether early intervention such as diet and exercise in this population can improve vascular functions,,unspecified
PUBMEDQA_REPORT_22188074,"To investigate whether problems in instrumental activities of daily living (IADL) can add to conventionally used clinical measurements in helping to predict a diagnosis of dementia at 1- and 2-year follow-up. Multicenter prospective cohort study. Memory clinics in Europe. Individuals aged 55 and older without dementia. IADLs were measured using pooled activities from five informant-based questionnaires. Structural equation modeling (SEM) was used to investigate the relation between IADLs and dementia. Age, sex, education, depression, and cognitive measures (Mini-Mental State Examination and verbal memory) were included in the model. Five hundred thirty-one participants had baseline and 1-year follow-up assessments; 69 (13.0%) of these had developed dementia at 1-year follow-up. At 2-year follow-up, 481 participants were seen, of whom 100 (20.8%) had developed dementia. Participants with IADL disabilities at baseline had a higher conversion rate (24.4%) than participants without IADL disabilities (16.7%) (chi-square = 4.28, degrees of freedom = 1, P = .04). SEM showed that IADL disability could help predict dementia in addition to the measured variables at 1-year follow-up (odds ratio (OR) = 2.20, 95% confidence interval (CI) = 1.51-3.13) and 2-year follow-up (OR = 2.11, 95% CI = 1.33-3.33). Conclusion: IADL disability is a useful addition to the diagnostic process in a memory clinic setting, indicating who is at higher risk of developing dementia at 1- and 2-year follow-up.",to investigate whether problems in instrumental activities of daily living iadl can add to conventionally used clinical measurements in helping to predict a diagnosis of dementia at 1- and 2-year follow-up multicenter prospective cohort study memory clinics in europe individuals aged 55 and older without dementia iadls were measured using pooled activities from five informant-based questionnaires structural equation modeling sem was used to investigate the relation between iadls and dementia age sex education depression and cognitive measures mini-mental state examination and verbal memory were included in the model five hundred thirty-one participants had baseline and 1-year follow-up assessments 69 13 0 of these had developed dementia at 1-year follow-up at 2-year follow-up 481 participants were seen of whom 100 20 8 had developed dementia participants with iadl disabilities at baseline had a higher conversion rate 24 4 than participants without iadl disabilities 16 7 chi-square 4 28 degrees of freedom 1 p 04 sem showed that iadl disability could help predict dementia in addition to the measured variables at 1-year follow-up odds ratio or 2 20 95 confidence interval ci 1 51-3 13 and 2-year follow-up or 2 11 95 ci 1 33-3 33 conclusion iadl disability is a useful addition to the diagnostic process in a memory clinic setting indicating who is at higher risk of developing dementia at 1- and 2-year follow-up,,unspecified
PUBMEDQA_REPORT_19653482,The present study investigated factors that explain when and why different groups of teammates are more likely to request and accept backup from one another when needed in an environment characterized by extreme time pressure and severe consequences of error: commercial air traffic control (ATC). Transactive memory theory states that teammates develop consensus regarding the distribution of their relative expertise as well as confidence in that expertise over time and that this facilitates coordination processes. The present study investigated whether this theory could help to explain between-team differences in requesting and accepting backup when needed. The present study used cross-sectional data collected from 51 commercial ATC teams. Hypotheses were tested using multiple regression analysis. Teammates with greater experience working together requested and accepted backup from one another more than those with lesser experience working together. Teammate knowledge consensus and perceived team efficacy appear to have mediated this relationship. Conclusion: Transactive memory theory extends to high-stress environments in which members' expertise is highly overlapping. Teammates' shared mental models about one another increase the likelihood that they will request and accept backup.,the present study investigated factors that explain when and why different groups of teammates are more likely to request and accept backup from one another when needed in an environment characterized by extreme time pressure and severe consequences of error commercial air traffic control atc transactive memory theory states that teammates develop consensus regarding the distribution of their relative expertise as well as confidence in that expertise over time and that this facilitates coordination processes the present study investigated whether this theory could help to explain between-team differences in requesting and accepting backup when needed the present study used cross-sectional data collected from 51 commercial atc teams hypotheses were tested using multiple regression analysis teammates with greater experience working together requested and accepted backup from one another more than those with lesser experience working together teammate knowledge consensus and perceived team efficacy appear to have mediated this relationship conclusion transactive memory theory extends to high-stress environments in which members expertise is highly overlapping teammates shared mental models about one another increase the likelihood that they will request and accept backup,,unspecified
PUBMEDQA_REPORT_18041059,"Despite the advantages from using aromatase inhibitors (AIs) compared with tamoxifen for early breast cancer, an unexpectedly greater number of grade 3 and 4 cardiovascular events (CVAE) (as defined by National Cancer Institute of Canada-Common Toxicity Criteria [version 2.0] was demonstrated. Phase 3 randomized clinical trials (RCTs) comparing AI with tamoxifen in early breast cancer were considered eligible for this review. The event-based risk ratios (RRs) with 95% confidence intervals (95% CIs) were derived, and a test of heterogeneity was applied. Finally, absolute differences (ADs) in event rates and the number of patients needed to harm 1 patient (NNH) were determined. Seven eligible RCTs (19,818 patients) reported CVAE results. When considering all RCTs, the AD of the primary endpoint (CVAE) between the 2 arms (0.52%), tamoxifen versus AI, was statistically significant (RR, 1.31; 95% CI, 1.07-1.60; P= .007). This translated into an NNH value of 189 patients; when only third-generation AIs were considered, the difference (0.57%) remained significant (RR, 1.34; 95% CI, 1.09-1.63; P= .0038). Thromboembolic events were significantly more frequent in the tamoxifen arm, regardless of the strategy adopted (RR, 0.53; 95% CI, 0.42-0.65; P<.0001), without significant heterogeneity (P= .21). An AD of 1.17% and an NNH value of 85 patients were observed. Conclusion: According to the results from this meta-analysis, the risk of grade 3 and 4 CVAEs in patients who were receiving AIs was higher compared with the risk in patients who were receiving tamoxifen, and the difference reached statistical significance. However, the AD was relatively low, and from 160 to 180 patients had to be treated to produce 1 event.",despite the advantages from using aromatase inhibitors ais compared with tamoxifen for early breast cancer an unexpectedly greater number of grade 3 and 4 cardiovascular events cvae as defined by national cancer institute of canada-common toxicity criteria version 2 0 was demonstrated phase 3 randomized clinical trials rcts comparing ai with tamoxifen in early breast cancer were considered eligible for this review the event-based risk ratios rrs with 95 confidence intervals 95 cis were derived and a test of heterogeneity was applied finally absolute differences ads in event rates and the number of patients needed to harm 1 patient nnh were determined seven eligible rcts 19 818 patients reported cvae results when considering all rcts the ad of the primary endpoint cvae between the 2 arms 0 52 tamoxifen versus ai was statistically significant rr 1 31 95 ci 1 07-1 60 p 007 this translated into an nnh value of 189 patients when only third-generation ais were considered the difference 0 57 remained significant rr 1 34 95 ci 1 09-1 63 p 0038 thromboembolic events were significantly more frequent in the tamoxifen arm regardless of the strategy adopted rr 0 53 95 ci 0 42-0 65 p 0001 without significant heterogeneity p 21 an ad of 1 17 and an nnh value of 85 patients were observed conclusion according to the results from this meta-analysis the risk of grade 3 and 4 cvaes in patients who were receiving ais was higher compared with the risk in patients who were receiving tamoxifen and the difference reached statistical significance however the ad was relatively low and from 160 to 180 patients had to be treated to produce 1 event,,unspecified
PUBMEDQA_REPORT_21550158,"This investigation assesses the effect of platelet-rich plasma (PRP) gel on postoperative pain, swelling, and trismus as well as healing and bone regeneration potential on mandibular third molar extraction sockets. A prospective randomized comparative clinical study was undertaken over a 2-year period. Patients requiring surgical extraction of a single impacted third molar and who fell within the inclusion criteria and indicated willingness to return for recall visits were recruited. The predictor variable was application of PRP gel to the socket of the third molar in the test group, whereas the control group had no PRP. The outcome variables were pain, swelling, and maximum mouth opening, which were measured using a 10-point visual analog scale, tape, and millimeter caliper, respectively. Socket healing was assessed radiographically by allocating scores for lamina dura, overall density, and trabecular pattern. Quantitative data were presented as mean. Mann-Whitney test was used to compare means between groups for continuous variables, whereas Fischer exact test was used for categorical variables. Statistical significance was inferred at P<.05. Sixty patients aged 19 to 35 years (mean: 24.7 ± 3.6 years) were divided into both test and control groups of 30 patients each. The mean postoperative pain score (visual analog scale) was lower for the PRP group at all time points and this was statistically significant (P<.05). Although the figures for swelling and interincisal mouth opening were lower in the test group, this difference was not statistically significant. Similarly, the scores for lamina dura, trabecular pattern, and bone density were better among patients in the PRP group. This difference was also not statistically significant. Conclusion: The PRP group recorded reduced pain, swelling, and trismus as well as enhanced and faster bone healing compared with those in the control. Hence the study showed that topical application of PRP gel has a beneficial effect in enhancing socket healing after third molar surgery.",this investigation assesses the effect of platelet-rich plasma prp gel on postoperative pain swelling and trismus as well as healing and bone regeneration potential on mandibular third molar extraction sockets a prospective randomized comparative clinical study was undertaken over a 2-year period patients requiring surgical extraction of a single impacted third molar and who fell within the inclusion criteria and indicated willingness to return for recall visits were recruited the predictor variable was application of prp gel to the socket of the third molar in the test group whereas the control group had no prp the outcome variables were pain swelling and maximum mouth opening which were measured using a 10-point visual analog scale tape and millimeter caliper respectively socket healing was assessed radiographically by allocating scores for lamina dura overall density and trabecular pattern quantitative data were presented as mean mann-whitney test was used to compare means between groups for continuous variables whereas fischer exact test was used for categorical variables statistical significance was inferred at p 05 sixty patients aged 19 to 35 years mean 24 7 3 6 years were divided into both test and control groups of 30 patients each the mean postoperative pain score visual analog scale was lower for the prp group at all time points and this was statistically significant p 05 although the figures for swelling and interincisal mouth opening were lower in the test group this difference was not statistically significant similarly the scores for lamina dura trabecular pattern and bone density were better among patients in the prp group this difference was also not statistically significant conclusion the prp group recorded reduced pain swelling and trismus as well as enhanced and faster bone healing compared with those in the control hence the study showed that topical application of prp gel has a beneficial effect in enhancing socket healing after third molar surgery,,unspecified
PUBMEDQA_REPORT_21849531,"Adults with GH deficiency (GHD) have a decreased life expectancy. The effect of GH treatment on mortality remains to be established. This nationwide cohort study investigates the effect of GH treatment on all-cause and cause-specific mortality and analyzes patient characteristics influencing mortality in GHD adults. Patients in the Dutch National Registry of Growth Hormone Treatment in Adults were retrospectively monitored (1985-2009) and subdivided into treatment (n = 2229), primary (untreated, n = 109), and secondary control (partly treated, n = 356) groups. Standardized mortality ratios (SMR) were calculated for all-cause, malignancy, and cardiovascular disease (CVD) mortality. Expected mortality was obtained from cause, sex, calendar year, and age-specific death rates from national death and population counts. In the treatment group, 95 patients died compared to 74.6 expected [SMR 1.27 (95% confidence interval, 1.04-1.56)]. Mortality was higher in women than in men. After exclusion of high-risk patients, the SMR for CVD mortality remained increased in women. Mortality due to malignancies was not elevated. In the control groups mortality was not different from the background population. Univariate analyses demonstrated sex, GHD onset, age, and underlying diagnosis as influencing factors. Conclusion: GHD men receiving GH treatment have a mortality rate not different from the background population. In women, after exclusion of high-risk patients, mortality was not different from the background population except for CVD. Mortality due to malignancies was not elevated in adults receiving GH treatment. Next to gender, the heterogeneous etiology is of influence on mortality in GHD adults with GH treatment.",adults with gh deficiency ghd have a decreased life expectancy the effect of gh treatment on mortality remains to be established this nationwide cohort study investigates the effect of gh treatment on all-cause and cause-specific mortality and analyzes patient characteristics influencing mortality in ghd adults patients in the dutch national registry of growth hormone treatment in adults were retrospectively monitored 1985-2009 and subdivided into treatment n 2229 primary untreated n 109 and secondary control partly treated n 356 groups standardized mortality ratios smr were calculated for all-cause malignancy and cardiovascular disease cvd mortality expected mortality was obtained from cause sex calendar year and age-specific death rates from national death and population counts in the treatment group 95 patients died compared to 74 6 expected smr 1 27 95 confidence interval 1 04-1 56 mortality was higher in women than in men after exclusion of high-risk patients the smr for cvd mortality remained increased in women mortality due to malignancies was not elevated in the control groups mortality was not different from the background population univariate analyses demonstrated sex ghd onset age and underlying diagnosis as influencing factors conclusion ghd men receiving gh treatment have a mortality rate not different from the background population in women after exclusion of high-risk patients mortality was not different from the background population except for cvd mortality due to malignancies was not elevated in adults receiving gh treatment next to gender the heterogeneous etiology is of influence on mortality in ghd adults with gh treatment,,unspecified
PUBMEDQA_REPORT_10430303,"To investigate the influence of laparoscopic procedures on perisinusoidal cell function. In 31 patients who underwent laparoscopic cholecystectomy for symptomatic cholelithiasis, the serum levels of beta-N-acetyl hexosaminidase (beta-NAH) and hyaluronic acid (HA) were measured. Six female patients, who underwent other laparoscopic procedures, not involving the hepatobiliary system, served as controls. HA serum levels increased significantly in both study and control groups, while beta-NAH serum levels remained within normal values. Post-operative AST and ALT serum levels increased significantly only in the study group. No elevation of serum ALP was noted in any of our patients, and post-operative bilirubin levels did not increase in patients with normal pre-operative levels. Conclusion: Laparoscopic procedures caused detectable damage to Kupffer and endothelial cells as reflected by elevation of post-operative HA serum levels. The damage to the liver hepatocytes and perisinusoidal cells has no clinical significance and the laparoscopic procedure itself is the probable cause of the Kupffer and endothelial cells damage, while other mechanisms caused damage to the hepatocytes.",to investigate the influence of laparoscopic procedures on perisinusoidal cell function in 31 patients who underwent laparoscopic cholecystectomy for symptomatic cholelithiasis the serum levels of beta-n-acetyl hexosaminidase beta-nah and hyaluronic acid ha were measured six female patients who underwent other laparoscopic procedures not involving the hepatobiliary system served as controls ha serum levels increased significantly in both study and control groups while beta-nah serum levels remained within normal values post-operative ast and alt serum levels increased significantly only in the study group no elevation of serum alp was noted in any of our patients and post-operative bilirubin levels did not increase in patients with normal pre-operative levels conclusion laparoscopic procedures caused detectable damage to kupffer and endothelial cells as reflected by elevation of post-operative ha serum levels the damage to the liver hepatocytes and perisinusoidal cells has no clinical significance and the laparoscopic procedure itself is the probable cause of the kupffer and endothelial cells damage while other mechanisms caused damage to the hepatocytes,no_acute,unspecified
PUBMEDQA_REPORT_24336869,"The 'law of spatiotemporal concentrations of events' introduced major preventative shifts in policing communities. 'Hotspots' are at the forefront of these developments yet somewhat understudied in emergency medicine. Furthermore, little is known about interagency 'data-crossover', despite some developments through the Cardiff Model. Can police-ED interagency data-sharing be used to reduce community-violence using a hotspots methodology? 12-month (2012) descriptive study and analysis of spatiotemporal clusters of police and emergency calls for service using hotspots methodology and assessing the degree of incident overlap. 3775 violent crime incidents and 775 assault incidents analysed using spatiotemporal clustering with k-means++ algorithm and Spearman's rho. Spatiotemporal location of calls for services to the police and the ambulance service are equally highly concentrated in a small number of geographical areas, primarily within intra-agency hotspots (33% and 53%, respectively) but across agencies' hotspots as well (25% and 15%, respectively). Datasets are statistically correlated with one another at the 0.57 and 0.34 levels, with 50% overlap when adjusted for the number of hotspots. At least one in every two police hotspots does not have an ambulance hotspot overlapping with it, suggesting half of assault spatiotemporal concentrations are unknown to the police. Data further suggest that more severely injured patients, as estimated by transfer to hospital, tend to be injured in the places with the highest number of police-recorded crimes. Conclusion: A hotspots approach to sharing data circumvents the problem of disclosing person-identifiable data between different agencies. Practically, at least half of ambulance hotspots are unknown to the police; if causal, it suggests that data sharing leads to both reduced community violence by way of prevention (such as through anticipatory patrols or problem-oriented policing), particularly of more severe assaults, and improved efficiency of resource deployment.",the law of spatiotemporal concentrations of events introduced major preventative shifts in policing communities hotspots are at the forefront of these developments yet somewhat understudied in emergency medicine furthermore little is known about interagency data-crossover despite some developments through the cardiff model can police-ed interagency data-sharing be used to reduce community-violence using a hotspots methodology 12-month 2012 descriptive study and analysis of spatiotemporal clusters of police and emergency calls for service using hotspots methodology and assessing the degree of incident overlap 3775 violent crime incidents and 775 assault incidents analysed using spatiotemporal clustering with k-means algorithm and spearman s rho spatiotemporal location of calls for services to the police and the ambulance service are equally highly concentrated in a small number of geographical areas primarily within intra-agency hotspots 33 and 53 respectively but across agencies hotspots as well 25 and 15 respectively datasets are statistically correlated with one another at the 0 57 and 0 34 levels with 50 overlap when adjusted for the number of hotspots at least one in every two police hotspots does not have an ambulance hotspot overlapping with it suggesting half of assault spatiotemporal concentrations are unknown to the police data further suggest that more severely injured patients as estimated by transfer to hospital tend to be injured in the places with the highest number of police-recorded crimes conclusion a hotspots approach to sharing data circumvents the problem of disclosing person-identifiable data between different agencies practically at least half of ambulance hotspots are unknown to the police if causal it suggests that data sharing leads to both reduced community violence by way of prevention such as through anticipatory patrols or problem-oriented policing particularly of more severe assaults and improved efficiency of resource deployment,,unspecified
PUBMEDQA_REPORT_24652474,"Adhesive capsulitis is often difficult to diagnose in its early stage and to differentiate from other common shoulder disorders. The aim of this study was to validate any or all of the 8 clinical identifiers of early-stage primary/idiopathic adhesive capsulitis established in an earlier Delphi study. This was a cross-sectional study. Sixty-four patients diagnosed with early-stage adhesive capsulitis by a physical therapist or medical practitioner were included in the study. Eight active and 8 passive shoulder movements and visual analog scale pain scores for each movement were recorded prior to and immediately following an intra-articular injection of corticosteroid and local anesthetic. Using the local anesthetic as the reference standard, pain relief of ≥70% for passive external rotation was deemed a positive anesthetic response (PAR). Sixteen participants (25%) demonstrated a PAR. Univariate logistic regression identified that of the proposed identifiers, global loss of passive range of movement (odds ratio [OR]=0.26, P=.03), pain at the end of range of all measured active movements (OR=0.06, P=.02), and global loss of passive glenohumeral movements (OR=0.23, P=.02) were associated with a PAR. Following stepwise removal of the variables, pain at the end of range of all measured active movements remained the only identifier but was associated with reduced odds of a PAR. The lack of a recognized reference standard for diagnosing early-stage adhesive capsulitis remains problematic in all related research. Conclusion: None of the clinical identifiers for early-stage adhesive capsulitis previously proposed by expert consensus have been validated in this study. Clinicians should be aware that commonly used clinical identifiers may not be applicable to this stage.",adhesive capsulitis is often difficult to diagnose in its early stage and to differentiate from other common shoulder disorders the aim of this study was to validate any or all of the 8 clinical identifiers of early-stage primary idiopathic adhesive capsulitis established in an earlier delphi study this was a cross-sectional study sixty-four patients diagnosed with early-stage adhesive capsulitis by a physical therapist or medical practitioner were included in the study eight active and 8 passive shoulder movements and visual analog scale pain scores for each movement were recorded prior to and immediately following an intra-articular injection of corticosteroid and local anesthetic using the local anesthetic as the reference standard pain relief of 70 for passive external rotation was deemed a positive anesthetic response par sixteen participants 25 demonstrated a par univariate logistic regression identified that of the proposed identifiers global loss of passive range of movement odds ratio or 0 26 p 03 pain at the end of range of all measured active movements or 0 06 p 02 and global loss of passive glenohumeral movements or 0 23 p 02 were associated with a par following stepwise removal of the variables pain at the end of range of all measured active movements remained the only identifier but was associated with reduced odds of a par the lack of a recognized reference standard for diagnosing early-stage adhesive capsulitis remains problematic in all related research conclusion none of the clinical identifiers for early-stage adhesive capsulitis previously proposed by expert consensus have been validated in this study clinicians should be aware that commonly used clinical identifiers may not be applicable to this stage,,unspecified
PUBMEDQA_REPORT_10411439,"Lower limb compartment syndrome has been reported to occur after colorectal, urological, and gynecological procedures during which the patient's lower limbs are elevated for prolonged periods of time. We investigated lower limb perfusion in a group of patients undergoing prolonged pelvic surgery both during and immediately after surgery, using intra-arterial blood pressure monitoring, laser doppler flowmetry, and pulse oximetry. Use of the modified lithotomy position was not associated with any demonstrable decrease in lower limb perfusion. The addition of 15 degrees head-down tilt, however, during pelvic dissection, led to an immediate and significant drop in lower limb perfusion (P<0.05; Mann-Whitney U test). The subgroup of patients analyzed postoperatively showed a ten-fold increase (P<0.01) in perfusion that was confined to the muscle compartment with no demonstrable increase in skin perfusion or intra-arterial pedal blood pressure. Conclusion: The use of the modified lithotomy position during pelvic surgery is not associated with lower limb ischemia. Addition of Trendelenburg position, however, causes profound ischemia of the lower limbs, and this is followed during the recovery period by hyperperfusion that is confined to the muscle compartments, which may put patients at risk of developing lower limb compartment syndrome.",lower limb compartment syndrome has been reported to occur after colorectal urological and gynecological procedures during which the patient s lower limbs are elevated for prolonged periods of time we investigated lower limb perfusion in a group of patients undergoing prolonged pelvic surgery both during and immediately after surgery using intra-arterial blood pressure monitoring laser doppler flowmetry and pulse oximetry use of the modified lithotomy position was not associated with any demonstrable decrease in lower limb perfusion the addition of 15 degrees head-down tilt however during pelvic dissection led to an immediate and significant drop in lower limb perfusion p 0 05 mann-whitney u test the subgroup of patients analyzed postoperatively showed a ten-fold increase p 0 01 in perfusion that was confined to the muscle compartment with no demonstrable increase in skin perfusion or intra-arterial pedal blood pressure conclusion the use of the modified lithotomy position during pelvic surgery is not associated with lower limb ischemia addition of trendelenburg position however causes profound ischemia of the lower limbs and this is followed during the recovery period by hyperperfusion that is confined to the muscle compartments which may put patients at risk of developing lower limb compartment syndrome,,unspecified
PUBMEDQA_REPORT_12221908,"The principal causes of morbidity and mortality during pregnancy in Mexico, are preeclampsia/eclampsia, obstetric hemorrhage and puerperium complications; this is, 62% of maternal deaths in last years. HELLP syndrome was observed between 5 to 25% of the mortality in pregnancies of 36 weeks or less. To analyze patients with HELLP syndrome in ICU's (Intensive Care Unit) of a Gynecology and Obstetric Hospital, related to the abnormal hematological, hepatic and renal results with the obstetric case history and the clinical complications. A transversal study in patients with HELLP syndrome during 1998 and 1999 were carry out. Peripheral blood with Microangiopathic hemolysis, elevated liver enzymes: AST, ALT over 40 UI/L, even when were LDH lower than 600 UI/L. It was evaluated the hepatic and renal function, platelets count, microangiopathic hemolysis, arterial pressure, seizures, icteric skin color, blindness, visual disturbances, nausea, vomiting and upper quadrant right abdominal pain. In newborn we analyzed gestational age, sex, weight and APGAR. We studied for an association between maternal and biochemical variables with Correlation Pearson Test, and dependence between variables with lineal regression model. 2878 patients with hypertensives disorders in pregnancy (11.64%). The 1.15% (n = 33) had HELLP syndrome with specific maternal mortality of 0.4 per 10,000 live birth, perinatal mortality of 1.62 per 10,000 live birth; and renal damage in 84.5%. Coefficient beta was higher between number of pregnancies to platelets count (-0.33) and creatinine clearance (-0.401). Conclusion: We found an important renal damage, low platelets, elevated liver enzymes in women with two or more pregnancies. Then we propose there are similarities between HELLP syndrome and Systemic Inflammatory Response Syndrome (SIRS) because they could have the same pathophysiology.",the principal causes of morbidity and mortality during pregnancy in mexico are preeclampsia eclampsia obstetric hemorrhage and puerperium complications this is 62 of maternal deaths in last years hellp syndrome was observed between 5 to 25 of the mortality in pregnancies of 36 weeks or less to analyze patients with hellp syndrome in icu s intensive care unit of a gynecology and obstetric hospital related to the abnormal hematological hepatic and renal results with the obstetric case history and the clinical complications a transversal study in patients with hellp syndrome during 1998 and 1999 were carry out peripheral blood with microangiopathic hemolysis elevated liver enzymes ast alt over 40 ui l even when were ldh lower than 600 ui l it was evaluated the hepatic and renal function platelets count microangiopathic hemolysis arterial pressure seizures icteric skin color blindness visual disturbances nausea vomiting and upper quadrant right abdominal pain in newborn we analyzed gestational age sex weight and apgar we studied for an association between maternal and biochemical variables with correlation pearson test and dependence between variables with lineal regression model 2878 patients with hypertensives disorders in pregnancy 11 64 the 1 15 n 33 had hellp syndrome with specific maternal mortality of 0 4 per 10 000 live birth perinatal mortality of 1 62 per 10 000 live birth and renal damage in 84 5 coefficient beta was higher between number of pregnancies to platelets count -0 33 and creatinine clearance -0 401 conclusion we found an important renal damage low platelets elevated liver enzymes in women with two or more pregnancies then we propose there are similarities between hellp syndrome and systemic inflammatory response syndrome sirs because they could have the same pathophysiology,no_acute,right
PUBMEDQA_REPORT_18179827,"To determine whether post-operative administration of topical ropivacaine hydrochloride decreases morbidity following adenotonsillectomy. Prospective, randomized, double-blind clinical trial. University referral center; ENT Department. Fourty one children, aged 4-16 years, undergoing tonsillectomy. Patients received 1.0% ropivacaine hydrochloride soaked swabs packed in their tonsillar fossae while the control group received saline-soaked swabs. Mc Grath's face scale was used to compare the two groups in respect of pain control. Chi-square and two-tailed unpaired Student's t-tests or Mann-Whitney-U-tests were used to compare the two independent groups. As 10 we made 11 comparison between groups, for Bonferroni correction, p<0.005 was accepted as statistically significant. Only first hour there was no significant pain-relieving effect seen in the ropivacaine group (p>0.05). The other hours and days there were statistically significance between the two groups (p<0.001). Also, the other post-operative parameters such as nausea, fever, vomiting, odor, bleeding, otalgia and trismus were not statistically different between the two groups. There were no complications associated with ropivacaine hydrochloride. No patients in this study suffered systemic side effects related to the use of this medication. Conclusion: Locally 1.0% ropivacaine administration significantly relieves the pain of pediatric tonsillectomy and, it is a safe and effective method. High concentrations of ropivaciane may produce clinically significant pain relief. It is more effective to reduce of post-operative analgesic requirement after first hour.",to determine whether post-operative administration of topical ropivacaine hydrochloride decreases morbidity following adenotonsillectomy prospective randomized double-blind clinical trial university referral center ent department fourty one children aged 4-16 years undergoing tonsillectomy patients received 1 0 ropivacaine hydrochloride soaked swabs packed in their tonsillar fossae while the control group received saline-soaked swabs mc grath s face scale was used to compare the two groups in respect of pain control chi-square and two-tailed unpaired student s t-tests or mann-whitney-u-tests were used to compare the two independent groups as 10 we made 11 comparison between groups for bonferroni correction p 0 005 was accepted as statistically significant only first hour there was no significant pain-relieving effect seen in the ropivacaine group p 0 05 the other hours and days there were statistically significance between the two groups p 0 001 also the other post-operative parameters such as nausea fever vomiting odor bleeding otalgia and trismus were not statistically different between the two groups there were no complications associated with ropivacaine hydrochloride no patients in this study suffered systemic side effects related to the use of this medication conclusion locally 1 0 ropivacaine administration significantly relieves the pain of pediatric tonsillectomy and it is a safe and effective method high concentrations of ropivaciane may produce clinically significant pain relief it is more effective to reduce of post-operative analgesic requirement after first hour,,unspecified
PUBMEDQA_REPORT_26079501,"Base Deficit (BD) is a marker of tissue hypoxia in polytrauma patients. It guides resuscitative measures, and predicts outcomes, complications and mortality. The aim of this study was to examine the presence of BD in patients with isolated severe traumatic brain injury (TBI), and to assess if it correlates with the outcomes in these patients. This was a retrospective observational study. All patients over the age of 16 years presenting to Aga Khan University Hospital from 2009 to 2013 with isolated TBI, were included. Data was extracted from 2009 to 2013. Glasgow Outcome Scale (GOS) of 4 and 5 at last follow up was categorized as favorable outcome. Data was analyzed using SPSS version 19 and receiver operative curve (ROC) was generated for BD as a predictor of mortality and unfavorable outcome. One hundred and eight patients were analyzed. Ninety-eight (90.7%) were males. Mean age was 36.69 ± 17.65. Eighty-eight (81.5%) patients had BD, while 20 (18.5%) patients had base excess. 62 (58.5%) of the patients had unfavorable outcomes. BD on admission had a statistically significant negative correlation with Glasgow Coma Scale (GCS) on presentation (r = -0.239, p = 0.025) and Revised Trauma Score (RTS) (r = -0.214, p = 0.046). However, there was no statistically significant difference in means of BD between survivors and non survivors. Area under receiver operator curve (ROC) for BD as a predictor of mortality statistically non-significant. Conclusion: Although BD is correlated with GCS at presentation and RTS, it is not a reliable prognostic marker for outcome and mortality in patients with isolated TBI.",base deficit bd is a marker of tissue hypoxia in polytrauma patients it guides resuscitative measures and predicts outcomes complications and mortality the aim of this study was to examine the presence of bd in patients with isolated severe traumatic brain injury tbi and to assess if it correlates with the outcomes in these patients this was a retrospective observational study all patients over the age of 16 years presenting to aga khan university hospital from 2009 to 2013 with isolated tbi were included data was extracted from 2009 to 2013 glasgow outcome scale gos of 4 and 5 at last follow up was categorized as favorable outcome data was analyzed using spss version 19 and receiver operative curve roc was generated for bd as a predictor of mortality and unfavorable outcome one hundred and eight patients were analyzed ninety-eight 90 7 were males mean age was 36 69 17 65 eighty-eight 81 5 patients had bd while 20 18 5 patients had base excess 62 58 5 of the patients had unfavorable outcomes bd on admission had a statistically significant negative correlation with glasgow coma scale gcs on presentation r -0 239 p 0 025 and revised trauma score rts r -0 214 p 0 046 however there was no statistically significant difference in means of bd between survivors and non survivors area under receiver operator curve roc for bd as a predictor of mortality statistically non-significant conclusion although bd is correlated with gcs at presentation and rts it is not a reliable prognostic marker for outcome and mortality in patients with isolated tbi,,unspecified
PUBMEDQA_REPORT_18388848,"This study examines whether having a regular clinician for preventive care is associated with quality of care for young children, as measured by interpersonal quality ratings and content of anticipatory guidance. The National Survey of Early Childhood Health (NSECH), a nationally representative parent survey of health care quality for 2068 young US children fielded by the National Center for Health Statistics (NCHS). Bivariate and multivariate analyses evaluate associations between having a regular clinician for well child care and interpersonal quality, the content of anticipatory guidance, and timely access to care. In bivariate analysis, parents of children with a regular clinician for preventive care reported slightly higher interpersonal quality (69 vs. 65 on a 0-100 scale, P = 0.01). Content of anticipatory guidance received was slightly greater for children with a regular clinician (82 vs. 80 on a 0-100 scale, P = 0.03). In bivariate analysis, a regular clinician was associated with interpersonal quality only among African American and Hispanic children. In multivariate analyses, controlling for factors that could independently influence self-reports of experiences with care, interpersonal quality but not anticipatory guidance content was higher for children with a regular clinician. Conclusion: Having a regular primary care clinician is embraced in pediatrics, although team care among physicians is also widely practiced. For young children, having a regular clinician is associated with modest gains in interpersonal quality and no differences in content of anticipatory guidance. The benefit of having a regular clinician may primarily occur in interpersonal quality for subgroups of young children.",this study examines whether having a regular clinician for preventive care is associated with quality of care for young children as measured by interpersonal quality ratings and content of anticipatory guidance the national survey of early childhood health nsech a nationally representative parent survey of health care quality for 2068 young us children fielded by the national center for health statistics nchs bivariate and multivariate analyses evaluate associations between having a regular clinician for well child care and interpersonal quality the content of anticipatory guidance and timely access to care in bivariate analysis parents of children with a regular clinician for preventive care reported slightly higher interpersonal quality 69 vs 65 on a 0-100 scale p 0 01 content of anticipatory guidance received was slightly greater for children with a regular clinician 82 vs 80 on a 0-100 scale p 0 03 in bivariate analysis a regular clinician was associated with interpersonal quality only among african american and hispanic children in multivariate analyses controlling for factors that could independently influence self-reports of experiences with care interpersonal quality but not anticipatory guidance content was higher for children with a regular clinician conclusion having a regular primary care clinician is embraced in pediatrics although team care among physicians is also widely practiced for young children having a regular clinician is associated with modest gains in interpersonal quality and no differences in content of anticipatory guidance the benefit of having a regular clinician may primarily occur in interpersonal quality for subgroups of young children,,unspecified
PUBMEDQA_REPORT_24625433,"Noise exposure in the neonatal intensive care unit is believed to be a risk factor for hearing loss in preterm neonates. Continuous positive airway pressure (CPAP) devices exceed recommended noise levels. High flow nasal cannulae (HFNC) are an increasingly popular alternative to CPAP for treating preterm infants, but there are no in vivo studies assessing noise production by HFNC. To study whether HFNC are noisier than bubble CPAP (BCPAP) for preterm infants. An observational study of preterm infants receiving HFNC or BCPAP. Noise levels within the external auditory meatus (EAM) were measured using a microphone probe tube connected to a calibrated digital dosimeter. Noise was measured across a range of frequencies and reported as decibels A-weighted (dBA). A total of 21 HFNC and 13 BCPAP noise measurements were performed in 21 infants. HFNC gas flows were 2-5 L/min, and BCPAP gas flows were 6-10 L/min with set pressures of 5-7 cm of water. There was no evidence of a difference in average noise levels measured at the EAM: mean difference (95% CI) of -1.6 (-4.0 to 0.9) dBA for HFNC compared to BCPAP. At low frequency (500 Hz), HFNC was mean (95% CI) 3.0 (0.3 to 5.7) dBA quieter than BCPAP. Noise increased with increasing BCPAP gas flow (p=0.007), but not with increasing set pressure. There was a trend to noise increasing with increasing HFNC gas flows. Conclusion: At the gas flows studied, HFNC are not noisier than BCPAP for preterm infants.",noise exposure in the neonatal intensive care unit is believed to be a risk factor for hearing loss in preterm neonates continuous positive airway pressure cpap devices exceed recommended noise levels high flow nasal cannulae hfnc are an increasingly popular alternative to cpap for treating preterm infants but there are no in vivo studies assessing noise production by hfnc to study whether hfnc are noisier than bubble cpap bcpap for preterm infants an observational study of preterm infants receiving hfnc or bcpap noise levels within the external auditory meatus eam were measured using a microphone probe tube connected to a calibrated digital dosimeter noise was measured across a range of frequencies and reported as decibels a-weighted dba a total of 21 hfnc and 13 bcpap noise measurements were performed in 21 infants hfnc gas flows were 2-5 l min and bcpap gas flows were 6-10 l min with set pressures of 5-7 cm of water there was no evidence of a difference in average noise levels measured at the eam mean difference 95 ci of -1 6 -4 0 to 0 9 dba for hfnc compared to bcpap at low frequency 500 hz hfnc was mean 95 ci 3 0 0 3 to 5 7 dba quieter than bcpap noise increased with increasing bcpap gas flow p 0 007 but not with increasing set pressure there was a trend to noise increasing with increasing hfnc gas flows conclusion at the gas flows studied hfnc are not noisier than bcpap for preterm infants,,unspecified
PUBMEDQA_REPORT_27592038,"Tinnitus can be related to many different aetiologies such as hearing loss or a noise trauma, but it can also be related to the somatosensory system of the cervical spine, called cervicogenic somatic tinnitus (CST). Case studies suggest a positive effect of cervical spine treatment on tinnitus complaints in patients with CST, but no experimental studies are available. To investigate the effect of a multimodal cervical physical therapy treatment on tinnitus complaints in patients with CST. Randomized controlled trial. Patients with a combination of severe subjective tinnitus (Tinnitus Functional Index (TFI): 25-90 points) and neck complaints (Neck Bournemouth Questionnaire (NBQ) > 14 points). All patients received cervical physical therapy for 6 weeks (12 sessions). Patients were randomized in an immediate-start therapy group (n = 19) and a 6-week delayed-start therapy group (n = 19). TFI and NBQ-scores were documented at baseline, after the wait-and-see period in the delayed-start group, after treatment and after 6 weeks follow-up. The Global Perceived Effect (GPE) was documented at all measuring moments, except at baseline. In all patients (n = 38) TFI and NBQ-scores decreased significantly after treatment (p = 0.04 and p < 0.001). NBQ-scores remained significantly lower after follow-up (p = 0.001). Immediately after treatment, 53% (n = 38) experienced substantial improvement of tinnitus. This effect was maintained in 24% of patients after follow-up at six weeks. Conclusion: Cervical physical therapy can have a positive effect on subjective tinnitus complaints in patients with a combination of tinnitus and neck complaints. Larger studies, using more responsive outcome measures, are however necessary to prove this effect.",tinnitus can be related to many different aetiologies such as hearing loss or a noise trauma but it can also be related to the somatosensory system of the cervical spine called cervicogenic somatic tinnitus cst case studies suggest a positive effect of cervical spine treatment on tinnitus complaints in patients with cst but no experimental studies are available to investigate the effect of a multimodal cervical physical therapy treatment on tinnitus complaints in patients with cst randomized controlled trial patients with a combination of severe subjective tinnitus tinnitus functional index tfi 25-90 points and neck complaints neck bournemouth questionnaire nbq 14 points all patients received cervical physical therapy for 6 weeks 12 sessions patients were randomized in an immediate-start therapy group n 19 and a 6-week delayed-start therapy group n 19 tfi and nbq-scores were documented at baseline after the wait-and-see period in the delayed-start group after treatment and after 6 weeks follow-up the global perceived effect gpe was documented at all measuring moments except at baseline in all patients n 38 tfi and nbq-scores decreased significantly after treatment p 0 04 and p 0 001 nbq-scores remained significantly lower after follow-up p 0 001 immediately after treatment 53 n 38 experienced substantial improvement of tinnitus this effect was maintained in 24 of patients after follow-up at six weeks conclusion cervical physical therapy can have a positive effect on subjective tinnitus complaints in patients with a combination of tinnitus and neck complaints larger studies using more responsive outcome measures are however necessary to prove this effect,,unspecified
PUBMEDQA_REPORT_22453060,"Bystander resuscitation plays an important role in lifesaving cardiopulmonary resuscitation (CPR). A significant reduction in the ""no-flow-time"", quantitatively better chest compressions and an improved quality of ventilation can be demonstrated during CPR using supraglottic airway devices (SADs). Previous studies have demonstrated the ability of inexperienced persons to operate SADs after brief instruction. The aim of this pilot study was to determine whether an instruction manual consisting of four diagrams enables laypersons to operate a Laryngeal Mask Supreme® (LMAS) in the manikin. An instruction manual of four illustrations with speech bubbles displaying the correct use of the LMAS was designed. Laypersons were handed a bag containing a LMAS, a bag mask valve device (BMV), a syringe prefilled with air and the instruction sheet, and were asked to perform and ventilate the manikin as displayed. Time to ventilation was recorded and degree of success evaluated. A total of 150 laypersons took part. Overall 145 participants (96.7%) inserted the LMAS in the manikin in the right direction. The device was inserted inverted or twisted in 13 (8.7%) attempts. Eight (5.3%) individuals recognized this and corrected the position. Within the first 2 minutes 119 (79.3%) applicants were able to insert the LMAS and provide tidal volumes greater than 150 ml (estimated dead space). Time to insertion and first ventilation was 83.2 ± 29 s. No significant difference related to previous BLS training (P = 0.85), technical education (P = 0.07) or gender could be demonstrated (P = 0.25). Conclusion: In manikin laypersons could insert LMAS in the correct direction after onsite instruction by a simple manual with a high success rate. This indicates some basic procedural understanding and intellectual transfer in principle. Operating errors (n = 91) were frequently not recognized and corrected (n = 77). Improvements in labeling and the quality of instructional photographs may reduce individual error and may optimize understanding.",bystander resuscitation plays an important role in lifesaving cardiopulmonary resuscitation cpr a significant reduction in the no-flow-time quantitatively better chest compressions and an improved quality of ventilation can be demonstrated during cpr using supraglottic airway devices sads previous studies have demonstrated the ability of inexperienced persons to operate sads after brief instruction the aim of this pilot study was to determine whether an instruction manual consisting of four diagrams enables laypersons to operate a laryngeal mask supreme lmas in the manikin an instruction manual of four illustrations with speech bubbles displaying the correct use of the lmas was designed laypersons were handed a bag containing a lmas a bag mask valve device bmv a syringe prefilled with air and the instruction sheet and were asked to perform and ventilate the manikin as displayed time to ventilation was recorded and degree of success evaluated a total of 150 laypersons took part overall 145 participants 96 7 inserted the lmas in the manikin in the right direction the device was inserted inverted or twisted in 13 8 7 attempts eight 5 3 individuals recognized this and corrected the position within the first 2 minutes 119 79 3 applicants were able to insert the lmas and provide tidal volumes greater than 150 ml estimated dead space time to insertion and first ventilation was 83 2 29 s no significant difference related to previous bls training p 0 85 technical education p 0 07 or gender could be demonstrated p 0 25 conclusion in manikin laypersons could insert lmas in the correct direction after onsite instruction by a simple manual with a high success rate this indicates some basic procedural understanding and intellectual transfer in principle operating errors n 91 were frequently not recognized and corrected n 77 improvements in labeling and the quality of instructional photographs may reduce individual error and may optimize understanding,,right
PUBMEDQA_REPORT_24671913,"SYNTAX score (SxS) has been demonstrated to predict long-term outcomes in stable patients with coronary artery disease. But its prognostic value for patients with acute coronary syndrome remains unknown.AIM: To evaluate whether SxS could predict in-hospital outcomes for patients admitted with ST elevation myocardial infarction (STEMI) who undergo primary percutaneous coronary intervention (pPCI). The study included 538 patients with STEMI who underwent pPCI between January 2010 and December 2012. The patients were divided into two groups: low SxS (<22) and high SxS (>22). The SxS of all patients was calculated from aninitial angiogram and TIMI flow grade of infarct related artery was calculated after pPCI. Left ventricular systolic functions of the patients were evaluated with an echocardiogram in the following week. The rates of reinfarction and mortality during hospitalisation were obtained from the medical records of our hospital. The high SxS group had more no-reflow (41% and 25.1%, p<0.001, respectively), lower ejection fraction (38.2 ± 7.5% and 44.6 ± 8.8%, p<0.001, respectively), and greater rates of re-infarction (9.5% and 7.3%, p = 0.037, respectively) and mortality (0.9% and 0.2%, p = 0.021, respectively) during hospitalisation compared to the low SxS group. On multivariate logistic regression analysis including clinical variables, SxS was an independent predictor of no-reflow (OR 1.081, 95% CI 1.032-1.133, p = 0.001). Conclusion: SxS is a useful tool that can predict in-hospital outcomes of patients with STEMI undergoing pPCI.",syntax score sxs has been demonstrated to predict long-term outcomes in stable patients with coronary artery disease but its prognostic value for patients with acute coronary syndrome remains unknown aim to evaluate whether sxs could predict in-hospital outcomes for patients admitted with st elevation myocardial infarction stemi who undergo primary percutaneous coronary intervention ppci the study included 538 patients with stemi who underwent ppci between january 2010 and december 2012 the patients were divided into two groups low sxs 22 and high sxs 22 the sxs of all patients was calculated from aninitial angiogram and timi flow grade of infarct related artery was calculated after ppci left ventricular systolic functions of the patients were evaluated with an echocardiogram in the following week the rates of reinfarction and mortality during hospitalisation were obtained from the medical records of our hospital the high sxs group had more no-reflow 41 and 25 1 p 0 001 respectively lower ejection fraction 38 2 7 5 and 44 6 8 8 p 0 001 respectively and greater rates of re-infarction 9 5 and 7 3 p 0 037 respectively and mortality 0 9 and 0 2 p 0 021 respectively during hospitalisation compared to the low sxs group on multivariate logistic regression analysis including clinical variables sxs was an independent predictor of no-reflow or 1 081 95 ci 1 032-1 133 p 0 001 conclusion sxs is a useful tool that can predict in-hospital outcomes of patients with stemi undergoing ppci,,left
PUBMEDQA_REPORT_22237146,"Epidermal growth factor receptor (EGFR) mutations as prognostic or predictive marker in patients with non-small cell lung cancer (NSCLC) have been used widely. However, it may be difficult to get tumor tissue for analyzing the status of EGFR mutation status in large proportion of patients with advanced disease. We obtained pairs of tumor and serum samples from 57 patients with advanced NSCLC, between March 2006 and January 2009. EGFR mutation status from tumor samples was analyzed by genomic polymerase chain reaction and direct sequence and EGFR mutation status from serum samples was determined by the peptide nucleic acid locked nucleic acid polymerase chain reaction clamp. EGFR mutations were detected in the serum samples of 11 patients and in the tumor samples of 12 patients. EGFR mutation status in the serum and tumor samples was consistent in 50 of the 57 pairs (87.7%). There was a high correlation between the mutations detected in serum sample and the mutations detected in the matched tumor sample (correlation index 0.62; P<0.001). Twenty-two of 57 patients (38.5%) received EGFR-tyrosine kinase inhibitors as any line therapy. The response for EGFR-tyrosine kinase inhibitors was significantly associated with EGFR mutations in both tumor samples and serum samples (P<0.05). There was no significant differences in overall survival according to the status of EGFR mutations in both serum and tumor samples (P>0.05). Conclusion: Serum sample might be alternatively used in the difficult time of getting tumor tissue for analyzing the status of EGFR mutation status in patients with advanced NSCLC.",epidermal growth factor receptor egfr mutations as prognostic or predictive marker in patients with non-small cell lung cancer nsclc have been used widely however it may be difficult to get tumor tissue for analyzing the status of egfr mutation status in large proportion of patients with advanced disease we obtained pairs of tumor and serum samples from 57 patients with advanced nsclc between march 2006 and january 2009 egfr mutation status from tumor samples was analyzed by genomic polymerase chain reaction and direct sequence and egfr mutation status from serum samples was determined by the peptide nucleic acid locked nucleic acid polymerase chain reaction clamp egfr mutations were detected in the serum samples of 11 patients and in the tumor samples of 12 patients egfr mutation status in the serum and tumor samples was consistent in 50 of the 57 pairs 87 7 there was a high correlation between the mutations detected in serum sample and the mutations detected in the matched tumor sample correlation index 0 62 p 0 001 twenty-two of 57 patients 38 5 received egfr-tyrosine kinase inhibitors as any line therapy the response for egfr-tyrosine kinase inhibitors was significantly associated with egfr mutations in both tumor samples and serum samples p 0 05 there was no significant differences in overall survival according to the status of egfr mutations in both serum and tumor samples p 0 05 conclusion serum sample might be alternatively used in the difficult time of getting tumor tissue for analyzing the status of egfr mutation status in patients with advanced nsclc,,unspecified
PUBMEDQA_REPORT_24901580,"In this study, we aimed to evaluate the potential use of a 3-phase bone scintigraphy method to determine the level of amputation on treatment cost, morbidity and mortality, reamputation rates, and the duration of hospitalization in diabetic foot. Thirty patients who were admitted to our clinic between September 2008 and July 2009, with diabetic foot were included. All patients were evaluated according to age, gender, diabetes duration, 3-phase bone scintigraphy, Doppler ultrasound, amputation/reamputation levels, and hospitalization periods. Patients underwent 3-phase bone scintigraphy using technetium-99m methylene diphosphonate, and the most distal site of the region displaying perfusion during the perfusion and early blood flow phase was marked as the amputation level. Amputation level was determined by 3-phase bone scintigraphy, Doppler ultrasound, and inspection of the infection-free clear region during surgery. The amputation levels of the patients were as follows: finger in six (20%), ray amputation in five (16.6%), transmetatarsal in one (3.3%), Lisfranc in two (6.6%), Chopart in seven (23.3%), Syme in one (3.3%), below-the-knee in six (20%), above the knee in one (3.3%), knee disarticulation in one (3.3%), and two patients underwent amputation at other centers. After primary amputation, reamputation was performed on seven patients, and one patient was treated with debridement for wound site problems. No mortality was encountered during study. Conclusion: We conclude that 3-phase bone scintigraphy prior to surgery could be a useful method to determine the amputation level in a diabetic foot. We conclude that further, comparative, more comprehensive, long-term, and controlled studies are required.",in this study we aimed to evaluate the potential use of a 3-phase bone scintigraphy method to determine the level of amputation on treatment cost morbidity and mortality reamputation rates and the duration of hospitalization in diabetic foot thirty patients who were admitted to our clinic between september 2008 and july 2009 with diabetic foot were included all patients were evaluated according to age gender diabetes duration 3-phase bone scintigraphy doppler ultrasound amputation reamputation levels and hospitalization periods patients underwent 3-phase bone scintigraphy using technetium-99m methylene diphosphonate and the most distal site of the region displaying perfusion during the perfusion and early blood flow phase was marked as the amputation level amputation level was determined by 3-phase bone scintigraphy doppler ultrasound and inspection of the infection-free clear region during surgery the amputation levels of the patients were as follows finger in six 20 ray amputation in five 16 6 transmetatarsal in one 3 3 lisfranc in two 6 6 chopart in seven 23 3 syme in one 3 3 below-the-knee in six 20 above the knee in one 3 3 knee disarticulation in one 3 3 and two patients underwent amputation at other centers after primary amputation reamputation was performed on seven patients and one patient was treated with debridement for wound site problems no mortality was encountered during study conclusion we conclude that 3-phase bone scintigraphy prior to surgery could be a useful method to determine the amputation level in a diabetic foot we conclude that further comparative more comprehensive long-term and controlled studies are required,pneumonia,unspecified
PUBMEDQA_REPORT_19444061,"Retrospective outcome measurement study. The purpose of this study is to assess whether ossification of the posterior longitudinal ligament (OPLL) affects neurologic outcomes in patients with acute cervical spinal cord injury (SCI). There have so far been few reports examining the relationship between OPLL and SCI and there is controversy regarding the deteriorating effects of OPLL-induced canal stenosis on neurologic outcomes. To obtain a relatively uniform background, patients nonsurgically treated for an acute C3-C4 level SCI without any fractures or dislocations of the spinal column were selected, resulting in 129 patients. There were 110 men and 19 women (mean age was 61.1 years), having various neurologic conditions on admission (American Spinal Injury Association [ASIA] impairment scale A, 43; B, 16; C, 58; D, 12). The follow-up period was the duration of their hospital stay and ranged from 50 to 603 days (mean, 233 days). The presence of OPLL, the cause of injury, the degree of canal stenosis (both static and dynamic), and the neurologic outcomes in motor function, including improvement rate, were assessed. Of the 129 patients investigated in this study, OPLL was identified at the site of the injury in 13 patients (10.1%). In this OPLL+ group, the static and dynamic canal diameters at C3 and C4 were significantly smaller than those of the remaining 116 patients (OPLL- group). However, no significant difference was observed between the 2 groups in terms of ASIA motor score both at the time of administration and discharge, and the mean improvement rate in ASIA motor score was 55.5 +/- 9.0% in OPLL+ group, while it was 43.1 +/- 2.8% in the OPLL-group. Furthermore, no significant correlation was observed between the static/dynamic canal diameters and neurologic outcome in all 129 patients. Conclusion: No evidence was found for OPLL to have any effect on the initial neurologic status or recovery in motor function after traumatic cervical cord injury, suggesting that the neurologic outcome is not significantly dependent on canal space.",retrospective outcome measurement study the purpose of this study is to assess whether ossification of the posterior longitudinal ligament opll affects neurologic outcomes in patients with acute cervical spinal cord injury sci there have so far been few reports examining the relationship between opll and sci and there is controversy regarding the deteriorating effects of opll-induced canal stenosis on neurologic outcomes to obtain a relatively uniform background patients nonsurgically treated for an acute c3-c4 level sci without any fractures or dislocations of the spinal column were selected resulting in 129 patients there were 110 men and 19 women mean age was 61 1 years having various neurologic conditions on admission american spinal injury association asia impairment scale a 43 b 16 c 58 d 12 the follow-up period was the duration of their hospital stay and ranged from 50 to 603 days mean 233 days the presence of opll the cause of injury the degree of canal stenosis both static and dynamic and the neurologic outcomes in motor function including improvement rate were assessed of the 129 patients investigated in this study opll was identified at the site of the injury in 13 patients 10 1 in this opll group the static and dynamic canal diameters at c3 and c4 were significantly smaller than those of the remaining 116 patients opll- group however no significant difference was observed between the 2 groups in terms of asia motor score both at the time of administration and discharge and the mean improvement rate in asia motor score was 55 5 - 9 0 in opll group while it was 43 1 - 2 8 in the opll-group furthermore no significant correlation was observed between the static dynamic canal diameters and neurologic outcome in all 129 patients conclusion no evidence was found for opll to have any effect on the initial neurologic status or recovery in motor function after traumatic cervical cord injury suggesting that the neurologic outcome is not significantly dependent on canal space,,unspecified
PUBMEDQA_REPORT_17598882,"A genetic component is well established in the etiology of breast cancer. It is not well known, however, whether genetic traits also influence prognostic features of the malignant phenotype. We carried out a population-based cohort study in Sweden based on the nationwide Multi-Generation Register. Among all women with breast cancer diagnosed from 1961 to 2001, 2,787 mother-daughter pairs and 831 sister pairs with breast cancer were identified; we achieved complete follow-up and classified 5-year breast cancer-specific prognosis among proband (mother or oldest sister) into tertiles as poor, intermediary, or good. We used Kaplan-Meier estimates of survival proportions and Cox models to calculate relative risks of dying from breast cancer within 5 years depending on the proband's outcome. The 5-year survival proportion among daughters whose mothers died within 5 years was 87% compared to 91% if the mother was alive (p = 0.03). Among sisters, the corresponding proportions were 70% and 88%, respectively (p = 0.001). After adjustment for potential confounders, daughters and sisters of a proband with poor prognosis had a 60% higher 5-year breast cancer mortality compared to those of a proband with good prognosis (hazard ratio [HR], 1.6; 95% confidence interval [CI], 1.2 to 2.2; p for trend 0.002). This association was slightly stronger among sisters (HR, 1.8; 95% CI, 1.0 to 3.4) than among daughters (HR, 1.6; 95% CI, 1.1 to 2.3). Conclusion: Breast cancer prognosis of a woman predicts the survival in her first-degree relatives with breast cancer. Our novel findings suggest that breast cancer prognosis might be inherited.",a genetic component is well established in the etiology of breast cancer it is not well known however whether genetic traits also influence prognostic features of the malignant phenotype we carried out a population-based cohort study in sweden based on the nationwide multi-generation register among all women with breast cancer diagnosed from 1961 to 2001 2 787 mother-daughter pairs and 831 sister pairs with breast cancer were identified we achieved complete follow-up and classified 5-year breast cancer-specific prognosis among proband mother or oldest sister into tertiles as poor intermediary or good we used kaplan-meier estimates of survival proportions and cox models to calculate relative risks of dying from breast cancer within 5 years depending on the proband s outcome the 5-year survival proportion among daughters whose mothers died within 5 years was 87 compared to 91 if the mother was alive p 0 03 among sisters the corresponding proportions were 70 and 88 respectively p 0 001 after adjustment for potential confounders daughters and sisters of a proband with poor prognosis had a 60 higher 5-year breast cancer mortality compared to those of a proband with good prognosis hazard ratio hr 1 6 95 confidence interval ci 1 2 to 2 2 p for trend 0 002 this association was slightly stronger among sisters hr 1 8 95 ci 1 0 to 3 4 than among daughters hr 1 6 95 ci 1 1 to 2 3 conclusion breast cancer prognosis of a woman predicts the survival in her first-degree relatives with breast cancer our novel findings suggest that breast cancer prognosis might be inherited,,unspecified
PUBMEDQA_REPORT_12970636,"To examine the impact of early discharge on newborn metabolic screening. Metabolic screening results were obtained from the Alabama State Lab for all infants born at our hospital between 8/1/97, and 1/31/99, and were matched with an existing database of early discharge infants. An early newborn discharge was defined as a discharge between 24 and 47 hours of age. Metabolic screening tests included phenylketonuria (PKU), hypothyroidism, and congenital adrenal hyperplasia (CAH). Early discharge and traditional stay infants were compared to determine the percentage of newborns screened and the timing of the first adequate specimen. The state laboratory received specimens from 3860 infants; 1324 were on early discharge newborns and 2536 infants in the traditional stay group. At least one filter paper test (PKU, hypothyroidism, and CAH) was collected on 99.2% of early discharge infants and 96.0% of traditional stay infants (P<.0001). Early discharge infants had a higher rate of initial filter paper specimens being inadequate (22.9%) compared with traditional stay infants (14.3%, P<.0001) but had a higher rate of repeat specimens when the initial specimen was inadequate (85.0% early discharge vs 75.3% traditional stay, P=.002). The early discharge group was more likely to have an adequate specimen within the first 9 days of life (1001, 98.8% early discharge vs 2016, 96.7% traditional stay, P=.0005). Conclusion: In this well established early discharge program with nurse home visits, newborn metabolic screening is not compromised by early discharge.",to examine the impact of early discharge on newborn metabolic screening metabolic screening results were obtained from the alabama state lab for all infants born at our hospital between 8 1 97 and 1 31 99 and were matched with an existing database of early discharge infants an early newborn discharge was defined as a discharge between 24 and 47 hours of age metabolic screening tests included phenylketonuria pku hypothyroidism and congenital adrenal hyperplasia cah early discharge and traditional stay infants were compared to determine the percentage of newborns screened and the timing of the first adequate specimen the state laboratory received specimens from 3860 infants 1324 were on early discharge newborns and 2536 infants in the traditional stay group at least one filter paper test pku hypothyroidism and cah was collected on 99 2 of early discharge infants and 96 0 of traditional stay infants p 0001 early discharge infants had a higher rate of initial filter paper specimens being inadequate 22 9 compared with traditional stay infants 14 3 p 0001 but had a higher rate of repeat specimens when the initial specimen was inadequate 85 0 early discharge vs 75 3 traditional stay p 002 the early discharge group was more likely to have an adequate specimen within the first 9 days of life 1001 98 8 early discharge vs 2016 96 7 traditional stay p 0005 conclusion in this well established early discharge program with nurse home visits newborn metabolic screening is not compromised by early discharge,,unspecified
PUBMEDQA_REPORT_9446993,"To determine the ability of dentists to recognize digitally manipulated radiographs. A poster was presented at the Annual Meeting of the German Society for Periodontology displaying the intra-oral radiographs of 12 different patients. Half of the radiographs were subjected to digital manipulation to add or remove specific features. Dentists were asked to identify these radiographs by means of a questionnaire. Thirty-nine dentists submitted usable questionnaires. Statistical evaluation revealed a distribution of hits similar to the random distribution. None of the dentists detected all the six manipulated radiographs; three dentists had five correct, but there were five with only one. An authentic radiograph scored highest as a manipulation. Conclusion: Image manipulations which alter the diagnostic content of a radiograph are unlikely to be detected by dentists. Digital radiography requires additional measures for data protection.",to determine the ability of dentists to recognize digitally manipulated radiographs a poster was presented at the annual meeting of the german society for periodontology displaying the intra-oral radiographs of 12 different patients half of the radiographs were subjected to digital manipulation to add or remove specific features dentists were asked to identify these radiographs by means of a questionnaire thirty-nine dentists submitted usable questionnaires statistical evaluation revealed a distribution of hits similar to the random distribution none of the dentists detected all the six manipulated radiographs three dentists had five correct but there were five with only one an authentic radiograph scored highest as a manipulation conclusion image manipulations which alter the diagnostic content of a radiograph are unlikely to be detected by dentists digital radiography requires additional measures for data protection,,unspecified
PUBMEDQA_REPORT_15112004,"Little is known about the nutritional adequacy and feasibility of breastmilk replacement options recommended by WHO/UNAIDS/UNICEF. The study aim was to explore suitability of the 2001 feeding recommendations for infants of HIV-infected mothers for a rural region in KwaZulu Natal, South Africa specifically with respect to adequacy of micronutrients and essential fatty acids, cost, and preparation times of replacement milks. Nutritional adequacy, cost, and preparation time of home-prepared replacement milks containing powdered full cream milk (PM) and fresh full cream milk (FM) and different micronutrient supplements (2 g UNICEF micronutrient sachet, government supplement routinely available in district public health clinics, and best available liquid paediatric supplement found in local pharmacies) were compared. Costs of locally available ingredients for replacement milk were used to calculate monthly costs for infants aged one, three, and six months. Total monthly costs of ingredients of commercial and home-prepared replacement milks were compared with each other and the average monthly income of domestic or shop workers. Time needed to prepare one feed of replacement milk was simulated. When mixed with water, sugar, and each micronutrient supplement, PM and FM provided<50% of estimated required amounts for vitamins E and C, folic acid, iodine, and selenium and<75% for zinc and pantothenic acid. PM and FM made with UNICEF micronutrient sachets provided 30% adequate intake for niacin. FM prepared with any micronutrient supplement provided no more than 32% vitamin D. All PMs provided more than adequate amounts of vitamin D. Compared with the commercial formula, PM and FM provided 8-60% of vitamins A, E, and C, folic acid, manganese, zinc, and iodine. Preparations of PM and FM provided 11% minimum recommended linoleic acid and 67% minimum recommended alpha-linolenic acid per 450 ml mixture. It took 21-25 minutes to optimally prepare 120 ml of replacement feed from PM or commercial infant formula and 30-35 minutes for the fresh milk preparation. PM or FM cost approximately 20% of monthly income averaged over the first six months of life; commercial formula cost approximately 32%. Conclusion: No home-prepared replacement milks in South Africa meet all estimated micronutrient and essential fatty acid requirements of infants aged<6 months. Commercial infant formula is the only replacement milk that meets all nutritional needs. Revisions of WHO/UNAIDS/UNICEF HIV and infant feeding course replacement milk options are needed. If replacement milks are to provide total nutrition, preparations should include vegetable oils, such as soybean oil, as a source of linoleic and alpha-linolenic acids, and additional vitamins and minerals.",little is known about the nutritional adequacy and feasibility of breastmilk replacement options recommended by who unaids unicef the study aim was to explore suitability of the 2001 feeding recommendations for infants of hiv-infected mothers for a rural region in kwazulu natal south africa specifically with respect to adequacy of micronutrients and essential fatty acids cost and preparation times of replacement milks nutritional adequacy cost and preparation time of home-prepared replacement milks containing powdered full cream milk pm and fresh full cream milk fm and different micronutrient supplements 2 g unicef micronutrient sachet government supplement routinely available in district public health clinics and best available liquid paediatric supplement found in local pharmacies were compared costs of locally available ingredients for replacement milk were used to calculate monthly costs for infants aged one three and six months total monthly costs of ingredients of commercial and home-prepared replacement milks were compared with each other and the average monthly income of domestic or shop workers time needed to prepare one feed of replacement milk was simulated when mixed with water sugar and each micronutrient supplement pm and fm provided 50 of estimated required amounts for vitamins e and c folic acid iodine and selenium and 75 for zinc and pantothenic acid pm and fm made with unicef micronutrient sachets provided 30 adequate intake for niacin fm prepared with any micronutrient supplement provided no more than 32 vitamin d all pms provided more than adequate amounts of vitamin d compared with the commercial formula pm and fm provided 8-60 of vitamins a e and c folic acid manganese zinc and iodine preparations of pm and fm provided 11 minimum recommended linoleic acid and 67 minimum recommended alpha-linolenic acid per 450 ml mixture it took 21-25 minutes to optimally prepare 120 ml of replacement feed from pm or commercial infant formula and 30-35 minutes for the fresh milk preparation pm or fm cost approximately 20 of monthly income averaged over the first six months of life commercial formula cost approximately 32 conclusion no home-prepared replacement milks in south africa meet all estimated micronutrient and essential fatty acid requirements of infants aged 6 months commercial infant formula is the only replacement milk that meets all nutritional needs revisions of who unaids unicef hiv and infant feeding course replacement milk options are needed if replacement milks are to provide total nutrition preparations should include vegetable oils such as soybean oil as a source of linoleic and alpha-linolenic acids and additional vitamins and minerals,pneumonia,unspecified
PUBMEDQA_REPORT_21873082,"Despite rapid adoption of the Hirsch index (h-index) as a measure of academic success, the correlations between the h-index and other metrics of productivity remain poorly understood. The aims of this study were to determine whether h-indices were associated with greater National Institutes of Health (NIH) funding success among academic radiologists. Using the Scopus database, h-indices were calculated for a random sample of academic radiologists with the rank of professor. Using the NIH tool Research Portfolio Online Reporting Tools Expenditures and Reports, we determined the number, classification, and total years of NIH grant funding as principal investigator for each radiologist. Differences in h-index, sorted by funding status, were determined using Wilcoxon's tests. Associations between h-index and funding status were determined using logistic regression. Significant correlations between h-index and grant metrics were determined using Spearman's ρ. Among 210 professors of radiology, 48 (23%) secured at least one NIH grant. The mean h-index was significantly higher among individuals who secured at least one NIH grant (19.1) compared to those who did not (10.4) (P<.0001). Professors with h-indices<10 compared to those with h-indices>10 were significantly less likely to receive NIH funding (odds ratio, 0.07; P = .0321). However, h-indices>10 were not significantly predictive of greater funding. No significant relationships were observed between h-index and the number of grant awards, years of prior funding, the amounts of grant awards, or grant classification. Conclusion: Having obtained at least one NIH grant was associated with a higher h-index, yet multiple or large grants, such as those for program projects, were not predictive of higher h-indices.",despite rapid adoption of the hirsch index h-index as a measure of academic success the correlations between the h-index and other metrics of productivity remain poorly understood the aims of this study were to determine whether h-indices were associated with greater national institutes of health nih funding success among academic radiologists using the scopus database h-indices were calculated for a random sample of academic radiologists with the rank of professor using the nih tool research portfolio online reporting tools expenditures and reports we determined the number classification and total years of nih grant funding as principal investigator for each radiologist differences in h-index sorted by funding status were determined using wilcoxon s tests associations between h-index and funding status were determined using logistic regression significant correlations between h-index and grant metrics were determined using spearman s among 210 professors of radiology 48 23 secured at least one nih grant the mean h-index was significantly higher among individuals who secured at least one nih grant 19 1 compared to those who did not 10 4 p 0001 professors with h-indices 10 compared to those with h-indices 10 were significantly less likely to receive nih funding odds ratio 0 07 p 0321 however h-indices 10 were not significantly predictive of greater funding no significant relationships were observed between h-index and the number of grant awards years of prior funding the amounts of grant awards or grant classification conclusion having obtained at least one nih grant was associated with a higher h-index yet multiple or large grants such as those for program projects were not predictive of higher h-indices,,unspecified
PUBMEDQA_REPORT_19913785,"Little is known about whether a routinely inserted endoscopic nasobiliary drainage (ENBD) tube improves the clinical course in patients with choledocholithiasis-induced acute cholangitis after clearance of choledocholithiasis. The aim of this study was to investigate the need for ENBD on the clinical outcomes of patients with acute cholangitis undergoing endoscopic clearance of common bile duct (CBD) stones. Prospective, randomized study. Tertiary referral center. A total of 104 patients with choledocholithiasis-induced acute cholangitis who underwent primary endoscopic treatment were compared according to insertion of an ENBD tube (51 in the ENBD group and 53 in the no-ENBD group). Insertion of an ENBD tube after clearance of CBD stones. Recurrence of cholangitis and length of hospital stay after clearance of CBD stones. Baseline clinical characteristics were similar between both groups. There were no significant differences in the recurrence rate of cholangitis at 24 weeks (3.9% for the ENBD group vs 3.8% for the no-ENBD group at 24 weeks; P = .99) and length of hospital stay (7.9 days [standard error = 1.2] for the ENBD group vs 7.9 days [standard error = 0.7]for the no-ENBD group; P = .98). However, procedure time was longer (26.2 [SE = 1.8] minutes vs 22.7 [SE = 1.0]minutes, respectively; P = .01) and the discomfort score was higher (4.9 [SE = 0.4] vs 2.8 [SE = 0.3], respectively; P = .02) in the ENBD group than in the no-ENBD group. Single-center study. Conclusion: A routinely inserted ENBD tube did not improve the clinical course, despite patients having to endure increased procedure time and discomfort, and the insertion would therefore be unnecessary.",little is known about whether a routinely inserted endoscopic nasobiliary drainage enbd tube improves the clinical course in patients with choledocholithiasis-induced acute cholangitis after clearance of choledocholithiasis the aim of this study was to investigate the need for enbd on the clinical outcomes of patients with acute cholangitis undergoing endoscopic clearance of common bile duct cbd stones prospective randomized study tertiary referral center a total of 104 patients with choledocholithiasis-induced acute cholangitis who underwent primary endoscopic treatment were compared according to insertion of an enbd tube 51 in the enbd group and 53 in the no-enbd group insertion of an enbd tube after clearance of cbd stones recurrence of cholangitis and length of hospital stay after clearance of cbd stones baseline clinical characteristics were similar between both groups there were no significant differences in the recurrence rate of cholangitis at 24 weeks 3 9 for the enbd group vs 3 8 for the no-enbd group at 24 weeks p 99 and length of hospital stay 7 9 days standard error 1 2 for the enbd group vs 7 9 days standard error 0 7 for the no-enbd group p 98 however procedure time was longer 26 2 se 1 8 minutes vs 22 7 se 1 0 minutes respectively p 01 and the discomfort score was higher 4 9 se 0 4 vs 2 8 se 0 3 respectively p 02 in the enbd group than in the no-enbd group single-center study conclusion a routinely inserted enbd tube did not improve the clinical course despite patients having to endure increased procedure time and discomfort and the insertion would therefore be unnecessary,,unspecified
PUBMEDQA_REPORT_15050326,"To determine whether the risk of secondary breast cancer after radiotherapy (RT) for Hodgkin's disease is greater among women who underwent RT around time of pregnancy. The records of 382 women treated with RT for Hodgkin's disease were reviewed and divided into those who received RT around the time of pregnancy and those who were not pregnant. Comparisons of the overall incidence, actuarial rates, and latency to breast cancer between the two groups were made. Multivariate Cox regression modeling was performed to determine possible contributing factors. Of the 382 women, 14 developed breast cancer (3.7%). The increase in the overall incidence (16.0% vs. 2.3%, p = 0.0001) and the actuarial rate of breast cancer among the women in the pregnant group (p = 0.011) was statistically significant. The women treated around the time of pregnancy had a 10- and 15-year actuarial rate of breast cancer of 6.7% and 32.6%, respectively. The 10-year and 15-year actuarial rate for the nonpregnant women was 0.4% and 1.7%, respectively. The median latency from RT to the diagnosis of breast cancer was 13.1 and 18.9 years for women in the pregnant and nonpregnant groups, respectively. In the multivariate analysis, pregnancy around the time of RT was the only variable associated with an increased risk of breast cancer. The risk was dependent on the length of time from pregnancy to RT, with women receiving RT during pregnancy and within 1 month of pregnancy having an increased risk of breast cancer compared with nonpregnant women and women irradiated later than 1 month after pregnancy (hazard ratio, 22.49; 95% confidence interval, 5.56-90.88; p<0.001). Conclusion: The results of this study indicate that the risk of breast cancer after RT is greater with irradiation around the time of pregnancy. This suggests that pregnancy is a time of increased sensitivity of breast tissue to the carcinogenic effects of radiation. Because of the small sample size and limited follow-up, additional studies are recommended to confirm these findings.",to determine whether the risk of secondary breast cancer after radiotherapy rt for hodgkin s disease is greater among women who underwent rt around time of pregnancy the records of 382 women treated with rt for hodgkin s disease were reviewed and divided into those who received rt around the time of pregnancy and those who were not pregnant comparisons of the overall incidence actuarial rates and latency to breast cancer between the two groups were made multivariate cox regression modeling was performed to determine possible contributing factors of the 382 women 14 developed breast cancer 3 7 the increase in the overall incidence 16 0 vs 2 3 p 0 0001 and the actuarial rate of breast cancer among the women in the pregnant group p 0 011 was statistically significant the women treated around the time of pregnancy had a 10- and 15-year actuarial rate of breast cancer of 6 7 and 32 6 respectively the 10-year and 15-year actuarial rate for the nonpregnant women was 0 4 and 1 7 respectively the median latency from rt to the diagnosis of breast cancer was 13 1 and 18 9 years for women in the pregnant and nonpregnant groups respectively in the multivariate analysis pregnancy around the time of rt was the only variable associated with an increased risk of breast cancer the risk was dependent on the length of time from pregnancy to rt with women receiving rt during pregnancy and within 1 month of pregnancy having an increased risk of breast cancer compared with nonpregnant women and women irradiated later than 1 month after pregnancy hazard ratio 22 49 95 confidence interval 5 56-90 88 p 0 001 conclusion the results of this study indicate that the risk of breast cancer after rt is greater with irradiation around the time of pregnancy this suggests that pregnancy is a time of increased sensitivity of breast tissue to the carcinogenic effects of radiation because of the small sample size and limited follow-up additional studies are recommended to confirm these findings,,unspecified
PUBMEDQA_REPORT_26104852,"Hereditary transthyretin (ATTR) amyloidosis with increased left ventricular wall thickness could easily be misdiagnosed by echocardiography as hypertrophic cardiomyopathy (HCM). Our aim was to create a diagnostic tool based on echocardiography and ECG that could optimise identification of ATTR amyloidosis. Data were analysed from 33 patients with biopsy proven ATTR amyloidosis and 30 patients with diagnosed HCM. Conventional features from ECG were acquired as well as two dimensional and Doppler echocardiography, speckle tracking derived strain and tissue characterisation analysis. Classification trees were used to select the most important variables for differentiation between ATTR amyloidosis and HCM. The best classification was obtained using both ECG and echocardiographic features, where a QRS voltage>30 mm was diagnostic for HCM, whereas in patients with QRS voltage<30 mm, an interventricular septal/posterior wall thickness ratio (IVSt/PWt)>1.6 was consistent with HCM and a ratio<1.6 supported the diagnosis of ATTR amyloidosis. This classification presented both high sensitivity (0.939) and specificity (0.833). Conclusion: Our study proposes an easily interpretable classification method for the differentiation between HCM and increased left ventricular myocardial thickness due to ATTR amyloidosis. Our combined echocardiographic and ECG model could increase the ability to identify ATTR cardiac amyloidosis in clinical practice.",hereditary transthyretin attr amyloidosis with increased left ventricular wall thickness could easily be misdiagnosed by echocardiography as hypertrophic cardiomyopathy hcm our aim was to create a diagnostic tool based on echocardiography and ecg that could optimise identification of attr amyloidosis data were analysed from 33 patients with biopsy proven attr amyloidosis and 30 patients with diagnosed hcm conventional features from ecg were acquired as well as two dimensional and doppler echocardiography speckle tracking derived strain and tissue characterisation analysis classification trees were used to select the most important variables for differentiation between attr amyloidosis and hcm the best classification was obtained using both ecg and echocardiographic features where a qrs voltage 30 mm was diagnostic for hcm whereas in patients with qrs voltage 30 mm an interventricular septal posterior wall thickness ratio ivst pwt 1 6 was consistent with hcm and a ratio 1 6 supported the diagnosis of attr amyloidosis this classification presented both high sensitivity 0 939 and specificity 0 833 conclusion our study proposes an easily interpretable classification method for the differentiation between hcm and increased left ventricular myocardial thickness due to attr amyloidosis our combined echocardiographic and ecg model could increase the ability to identify attr cardiac amyloidosis in clinical practice,,left
PUBMEDQA_REPORT_24669960,"Women have been reported to show more frequent recanalization and better recovery after intravenous (IV) recombinant tissue plasminogen activator (rt-PA) treatment for acute stroke compared with men. To investigate this we studied a series of stroke patients receiving IV rt-PA and undergoing acute transcranial doppler (TCD) examination. Acute stroke patients received IV rt-PA and had acute TCD examination within 4 hours of symptom onset at 4 major stroke centers. TCD findings were interpreted using the Thrombolysis in Brain Ischemia (TIBI) flow grading system. The recanalization rates, and poor 3-month outcomes (modified Rankin scale>2) of men and women were compared using the chi-square test. Multiple regression analysis was used to assess sex as a predictor of recanalization and poor 3-month outcome after controlling for age, baseline NIH Stroke Scale (NIHSS), time to treatment, hypertension, and blood glucose. 369 patients had TCD examinations before or during IV rt-PA treatment. The 199 (53.9%) men and 170 (46.1%) women had mean ages of 67 ± 13 and 70 ± 14 years, respectively. The sexes did not differ significantly in baseline stroke severity, time to TCD examination, or time to thrombolysis. Of the men, 68 (34.2%) had complete recanalization, 58 (29.1%) had partial recanalization, and 73 (36.6%) had no recanalization. Of the women, 53 (31.2%) had complete recanalization, 46 (27%) had partial recanalization, and 71 (41.8%) had no recanalization (p = 0.6). Multiple regression analyses showed no difference between the sexes in recanalization rate, time to recanalization, or clinical outcome at 3 months. Conclusion: In our study; sex is not a significant predictor of recanalization rate, time to recanalization or 3-month outcome in stroke patients following IV rt-PA.",women have been reported to show more frequent recanalization and better recovery after intravenous iv recombinant tissue plasminogen activator rt-pa treatment for acute stroke compared with men to investigate this we studied a series of stroke patients receiving iv rt-pa and undergoing acute transcranial doppler tcd examination acute stroke patients received iv rt-pa and had acute tcd examination within 4 hours of symptom onset at 4 major stroke centers tcd findings were interpreted using the thrombolysis in brain ischemia tibi flow grading system the recanalization rates and poor 3-month outcomes modified rankin scale 2 of men and women were compared using the chi-square test multiple regression analysis was used to assess sex as a predictor of recanalization and poor 3-month outcome after controlling for age baseline nih stroke scale nihss time to treatment hypertension and blood glucose 369 patients had tcd examinations before or during iv rt-pa treatment the 199 53 9 men and 170 46 1 women had mean ages of 67 13 and 70 14 years respectively the sexes did not differ significantly in baseline stroke severity time to tcd examination or time to thrombolysis of the men 68 34 2 had complete recanalization 58 29 1 had partial recanalization and 73 36 6 had no recanalization of the women 53 31 2 had complete recanalization 46 27 had partial recanalization and 71 41 8 had no recanalization p 0 6 multiple regression analyses showed no difference between the sexes in recanalization rate time to recanalization or clinical outcome at 3 months conclusion in our study sex is not a significant predictor of recanalization rate time to recanalization or 3-month outcome in stroke patients following iv rt-pa,,unspecified
PUBMEDQA_REPORT_27040842,"To measure the dimensions of compensatory hypertrophy of the middle turbinate in patients with nasal septal deviation, before and after septoplasty. The mucosal and bony structures of the middle turbinate and the angle of the septum were measured using radiological analysis before septoplasty and at least one year after septoplasty. All pre- and post-operative measurements of the middle turbinate were compared using the paired sample t-test and Wilcoxon rank sum test. The dimensions of bony and mucosal components of the middle turbinate on concave and convex sides of the septum were not significantly changed by septoplasty. There was a significant negative correlation after septoplasty between the angle of the septum and the middle turbinate total area on the deviated side (p = 0.033). Conclusion: The present study findings suggest that compensatory hypertrophy of the middle turbinate is not affected by septoplasty, even after one year.",to measure the dimensions of compensatory hypertrophy of the middle turbinate in patients with nasal septal deviation before and after septoplasty the mucosal and bony structures of the middle turbinate and the angle of the septum were measured using radiological analysis before septoplasty and at least one year after septoplasty all pre- and post-operative measurements of the middle turbinate were compared using the paired sample t-test and wilcoxon rank sum test the dimensions of bony and mucosal components of the middle turbinate on concave and convex sides of the septum were not significantly changed by septoplasty there was a significant negative correlation after septoplasty between the angle of the septum and the middle turbinate total area on the deviated side p 0 033 conclusion the present study findings suggest that compensatory hypertrophy of the middle turbinate is not affected by septoplasty even after one year,,unspecified
PUBMEDQA_REPORT_24340838,"Sudden death in athletes can occur during sport activities and is presumably related to ventricular arrhythmias. To investigate the long-term follow-up ofathletes with ventricular arrhythmias during an exercise test. From a database of 56,462 athletes we identified 192 athletes (35 years old who had ventricular arrhythmias during an exercise test. Ninety athletes had>or =3 ventricular premature beats (VPB) (group A) and 102 athletes had ventricular couplets or non-sustained ventricular tachycardia during an exercise test (group B). A control group of 92 athletesfrom without ventricular arrhythmias was randomly seleclted from the database (group C). Of the 192 athletes 39 returnied for a repeat exercise test after a mean follow-up period of 70 +/- 25 months and they constitute the study population. Twelve athletes from group A, 21 fromgroup B and 6 from group C returned for a repeat exercise test. The athletes reached a significantly lower peak heart rate during their follow-up exercise test (P = 0.001). More athletes were engaged in competitive sports during their initialexercise test than in the follow-up test (P = 0.021). Most of theathletes who had VPB and/orventricular couplets and/or NSVT during their initial exercise test had far fewer ventricular arrhythmias in the follow-up exercise test (P = 0.001). Conclusion: Athletes engaged in competitive sports are more likely to develop ventricular arrhythmias during exercise. These arrhythmias subside over time when athletes are engaged in non-competitive sports.",sudden death in athletes can occur during sport activities and is presumably related to ventricular arrhythmias to investigate the long-term follow-up ofathletes with ventricular arrhythmias during an exercise test from a database of 56 462 athletes we identified 192 athletes 35 years old who had ventricular arrhythmias during an exercise test ninety athletes had or 3 ventricular premature beats vpb group a and 102 athletes had ventricular couplets or non-sustained ventricular tachycardia during an exercise test group b a control group of 92 athletesfrom without ventricular arrhythmias was randomly seleclted from the database group c of the 192 athletes 39 returnied for a repeat exercise test after a mean follow-up period of 70 - 25 months and they constitute the study population twelve athletes from group a 21 fromgroup b and 6 from group c returned for a repeat exercise test the athletes reached a significantly lower peak heart rate during their follow-up exercise test p 0 001 more athletes were engaged in competitive sports during their initialexercise test than in the follow-up test p 0 021 most of theathletes who had vpb and orventricular couplets and or nsvt during their initial exercise test had far fewer ventricular arrhythmias in the follow-up exercise test p 0 001 conclusion athletes engaged in competitive sports are more likely to develop ventricular arrhythmias during exercise these arrhythmias subside over time when athletes are engaged in non-competitive sports,,unspecified
PUBMEDQA_REPORT_11570976,"Sulfasalazine is a widely used anti-inflammatory agent in the treatment of inflammatory bowel disease and several rheumatological disorders. Although as many as 20% of treated patients may experience reversible, dose-dependent side effects, less frequent but potentially severe, systemic reactions have also been reported. A severe systemic reaction to sulfasalazine developed in a 21-year old female with rheumatoid arthritis characterized by eosinophilia, granulomatous enteritis and myelotoxicity, cholestatic hepatitis, and seizures. The clinical course and management of this patient are presented as well as a review of the incidence and outcome of severe systemic reactions to sulfasalazine. Conclusion: Granulomatous myelotoxicity and enteritis developed in a 21 year old female within 3 weeks of initiating sulfasalazine for rheumatoid arthritis. Following a short course of corticosteroids, the patient had resolution of her cholestatic hepatitis, rash, eosinophilia, and gastrointestinal symptoms with no residual manifestations at 7 months follow-up. Although severe reactions to sulfasalazine are rare and unpredictable, practicing physicians should be aware of unusual clinical presentations of toxicity when prescribing sulfasalazine.",sulfasalazine is a widely used anti-inflammatory agent in the treatment of inflammatory bowel disease and several rheumatological disorders although as many as 20 of treated patients may experience reversible dose-dependent side effects less frequent but potentially severe systemic reactions have also been reported a severe systemic reaction to sulfasalazine developed in a 21-year old female with rheumatoid arthritis characterized by eosinophilia granulomatous enteritis and myelotoxicity cholestatic hepatitis and seizures the clinical course and management of this patient are presented as well as a review of the incidence and outcome of severe systemic reactions to sulfasalazine conclusion granulomatous myelotoxicity and enteritis developed in a 21 year old female within 3 weeks of initiating sulfasalazine for rheumatoid arthritis following a short course of corticosteroids the patient had resolution of her cholestatic hepatitis rash eosinophilia and gastrointestinal symptoms with no residual manifestations at 7 months follow-up although severe reactions to sulfasalazine are rare and unpredictable practicing physicians should be aware of unusual clinical presentations of toxicity when prescribing sulfasalazine,,unspecified
PUBMEDQA_REPORT_21198823,"Elevation of cardiac troponin (cTn) is considered specific for myocardial damage. Elevated cTn and echocardiogrpahic documentation of wall motion abnormalities (WMAs) that were recorded after extreme physical effort raise the question whether dobutamine stress echo (DSE), can also induce elevation of troponin. we prospective enrolled stable patients (age>18 years) referred to DSE. The exam was performed under standardized conditions. Blood samples for cTnI were obtained at baseline and 18-24 hours after the test. We aimed to compare between the clinical and echocardiographic features of patients with elevated cTnI and those without cTnI elevations. Fifty-seven consecutive patients were included. The average age was 64.4 ± 10.7, 73% of the patients were males, and nearly half of the patients were known to have ischemic heart disease. Two of the patients were excluded due to technical difficulty. No signs of ischemia were recorded in 25 (45.4%). Among the patients with established ischemia on DSE, 12 (22%) had mild ischemia, 13 (23.6%) had moderate and 5 (9%) had severe ischemia. Angiography was performed in 13 (26%) of the patients, of which 7 had PCI and one was referred to bypass surgery. None of the patients had elevated cTnI 18-24 hours after the DSE. Conclusion: Our results indicate that there is no elevation of cTn despite the occurrence of significant WMAs on DSE. We conclude that cTnI cannot be used as an additional diagnostic tool during pharmacological stress test performed to evaluate the presence and severity of ischemia.",elevation of cardiac troponin ctn is considered specific for myocardial damage elevated ctn and echocardiogrpahic documentation of wall motion abnormalities wmas that were recorded after extreme physical effort raise the question whether dobutamine stress echo dse can also induce elevation of troponin we prospective enrolled stable patients age 18 years referred to dse the exam was performed under standardized conditions blood samples for ctni were obtained at baseline and 18-24 hours after the test we aimed to compare between the clinical and echocardiographic features of patients with elevated ctni and those without ctni elevations fifty-seven consecutive patients were included the average age was 64 4 10 7 73 of the patients were males and nearly half of the patients were known to have ischemic heart disease two of the patients were excluded due to technical difficulty no signs of ischemia were recorded in 25 45 4 among the patients with established ischemia on dse 12 22 had mild ischemia 13 23 6 had moderate and 5 9 had severe ischemia angiography was performed in 13 26 of the patients of which 7 had pci and one was referred to bypass surgery none of the patients had elevated ctni 18-24 hours after the dse conclusion our results indicate that there is no elevation of ctn despite the occurrence of significant wmas on dse we conclude that ctni cannot be used as an additional diagnostic tool during pharmacological stress test performed to evaluate the presence and severity of ischemia,no_acute,unspecified
PUBMEDQA_REPORT_24748473,"Laparoscopic sleeve gastrectomy (LSG) is currently being performed with increasing frequency worldwide. It offers an excellent weight loss and resolution of comorbidities in the short term with a very low incidence of complications. However, the ever present risk of a staple line leak is still a major concern. Since 2005, data from obese patients that undergo bariatric procedures in Germany are prospectively registered in an online database and analyzed at the Institute of Quality Assurance in Surgical Medicine. For the current analysis, all patients that had undergone primary sleeve gastrectomy for morbid obesity within a 7-year period were considered. Using the GBSR, data from 5.400 LSGs were considered for analysis. Staple line leak rate decreased during the study period from 6.5 to 1.4 %. Male gender, higher BMI, concomitant sleep apnea, conversion to laparotomy, longer operation time, use of both buttresses and oversewing, and the occurrence of intraoperative complications were associated with a significantly higher leakage rate. On multivariate analysis, operation time and year of procedure only had a significant impact on staple line leak rate. Conclusion: The results of the current study demonstrated that there are factors that increase the risk of a leakage which would enable surgeons to define risk groups, to more carefully select patients, and to offer a closer follow-up during the postoperative course with early recognition and adequate treatment. All future efforts should be focused on a further reduction of serious complications to make the LSG a widely accepted and safer procedure.",laparoscopic sleeve gastrectomy lsg is currently being performed with increasing frequency worldwide it offers an excellent weight loss and resolution of comorbidities in the short term with a very low incidence of complications however the ever present risk of a staple line leak is still a major concern since 2005 data from obese patients that undergo bariatric procedures in germany are prospectively registered in an online database and analyzed at the institute of quality assurance in surgical medicine for the current analysis all patients that had undergone primary sleeve gastrectomy for morbid obesity within a 7-year period were considered using the gbsr data from 5 400 lsgs were considered for analysis staple line leak rate decreased during the study period from 6 5 to 1 4 male gender higher bmi concomitant sleep apnea conversion to laparotomy longer operation time use of both buttresses and oversewing and the occurrence of intraoperative complications were associated with a significantly higher leakage rate on multivariate analysis operation time and year of procedure only had a significant impact on staple line leak rate conclusion the results of the current study demonstrated that there are factors that increase the risk of a leakage which would enable surgeons to define risk groups to more carefully select patients and to offer a closer follow-up during the postoperative course with early recognition and adequate treatment all future efforts should be focused on a further reduction of serious complications to make the lsg a widely accepted and safer procedure,,unspecified
PUBMEDQA_REPORT_15483019,"To assess whether eligibility to an adjuvant chemotherapy protocol in itself represents a good prognostic factor after radical cystectomy for bladder cancer. Between April 1984 and May 1989, our institution entered 35 patients with invasive bladder cancer into the Swiss Group for Clinical and Epidemiological Cancer Research (SAKK) study 09/84. They were randomly assigned to either observation or three postoperative courses of cisplatin monotherapy after cystectomy. This study had a negative result. The outcome of these 35 patients (protocol group) was compared with an age- and tumor-stage-matched cohort (matched group; n = 35) who also underwent cystectomy during the same period, but were not entered into the SAKK study, as well as the remaining 57 patients treated during the study period for the same indication (remaining group). Median overall survival decreased from 76.3 months in the protocol group to 52.1 months in the matched group and to 20.3 months in the remaining group. The respective times of median recurrence-free survival were 67.2, 16.0, and 9.4 months. Tumor progression occurred in 46% of the protocol group compared with 69% in the matched group and 65% in the remaining group (P<.05). Cancer-related death was noted in 40% of the protocol group, 57% in the matched group, and 56% in the remaining group. Conclusion: These data suggest that being willing and fit enough for a chemotherapy protocol is a good prognostic factor for invasive bladder cancer. This eligibility bias emphasizes the need for prospective, randomized trials, and indicates that single-group studies using historical or matched controls have to be interpreted with caution.",to assess whether eligibility to an adjuvant chemotherapy protocol in itself represents a good prognostic factor after radical cystectomy for bladder cancer between april 1984 and may 1989 our institution entered 35 patients with invasive bladder cancer into the swiss group for clinical and epidemiological cancer research sakk study 09 84 they were randomly assigned to either observation or three postoperative courses of cisplatin monotherapy after cystectomy this study had a negative result the outcome of these 35 patients protocol group was compared with an age- and tumor-stage-matched cohort matched group n 35 who also underwent cystectomy during the same period but were not entered into the sakk study as well as the remaining 57 patients treated during the study period for the same indication remaining group median overall survival decreased from 76 3 months in the protocol group to 52 1 months in the matched group and to 20 3 months in the remaining group the respective times of median recurrence-free survival were 67 2 16 0 and 9 4 months tumor progression occurred in 46 of the protocol group compared with 69 in the matched group and 65 in the remaining group p 05 cancer-related death was noted in 40 of the protocol group 57 in the matched group and 56 in the remaining group conclusion these data suggest that being willing and fit enough for a chemotherapy protocol is a good prognostic factor for invasive bladder cancer this eligibility bias emphasizes the need for prospective randomized trials and indicates that single-group studies using historical or matched controls have to be interpreted with caution,,unspecified
PUBMEDQA_REPORT_12377809,"Dyschesia can be provoked by inappropriate defecation movements. The aim of this prospective study was to demonstrate dysfunction of the anal sphincter and/or the musculus (m.) puborectalis in patients with dyschesia using anorectal endosonography. Twenty consecutive patients with a medical history of dyschesia and a control group of 20 healthy subjects underwent linear anorectal endosonography (Toshiba models IUV 5060 and PVL-625 RT). In both groups, the dimensions of the anal sphincter and the m. puborectalis were measured at rest, and during voluntary squeezing and straining. Statistical analysis was performed within and between the two groups. The anal sphincter became paradoxically shorter and/or thicker during straining (versus the resting state) in 85% of patients but in only 35% of control subjects. Changes in sphincter length were statistically significantly different (p<0.01, chi(2) test) in patients compared with control subjects. The m. puborectalis became paradoxically shorter and/or thicker during straining in 80% of patients but in only 30% of controls. Both the changes in length and thickness of the m. puborectalis were significantly different (p<0.01, chi(2) test) in patients versus control subjects. Conclusion: Linear anorectal endosonography demonstrated incomplete or even absent relaxation of the anal sphincter and the m. puborectalis during a defecation movement in the majority of our patients with dyschesia. This study highlights the value of this elegant ultrasonographic technique in the diagnosis of ""pelvic floor dyssynergia"" or ""anismus"".",dyschesia can be provoked by inappropriate defecation movements the aim of this prospective study was to demonstrate dysfunction of the anal sphincter and or the musculus m puborectalis in patients with dyschesia using anorectal endosonography twenty consecutive patients with a medical history of dyschesia and a control group of 20 healthy subjects underwent linear anorectal endosonography toshiba models iuv 5060 and pvl-625 rt in both groups the dimensions of the anal sphincter and the m puborectalis were measured at rest and during voluntary squeezing and straining statistical analysis was performed within and between the two groups the anal sphincter became paradoxically shorter and or thicker during straining versus the resting state in 85 of patients but in only 35 of control subjects changes in sphincter length were statistically significantly different p 0 01 chi 2 test in patients compared with control subjects the m puborectalis became paradoxically shorter and or thicker during straining in 80 of patients but in only 30 of controls both the changes in length and thickness of the m puborectalis were significantly different p 0 01 chi 2 test in patients versus control subjects conclusion linear anorectal endosonography demonstrated incomplete or even absent relaxation of the anal sphincter and the m puborectalis during a defecation movement in the majority of our patients with dyschesia this study highlights the value of this elegant ultrasonographic technique in the diagnosis of pelvic floor dyssynergia or anismus,,unspecified
PUBMEDQA_REPORT_20297950,"To investigate the effect of fenofibrate on sleep apnoea indices. Proof-of-concept study comprising a placebo run-in period (1 week, 5 weeks if fibrate washout was required) and a 4-week randomized, double-blind treatment period. Thirty-four subjects (mean age 55 years, body mass index 34 kg/m 2 , fasting triglycerides 3.5 mmol/L) with diagnosed sleep apnoea syndrome not treated with continuous positive airways pressure were enrolled and randomized to once daily treatment with fenofibrate (145 mg NanoCrystal(R) tablet) or placebo. Overnight polysomnography, computerized attention/vigilance tests and blood sampling for measurement of lipids, insulin, fasting plasma glucose and fibrinogen were performed at the end of each study period. NCT00816829. As this was an exploratory study, a range of sleep variables were evaluated. The apnoea/hypopnoea index (AHI) and percentage of time spent with arterial oxygen saturation (SpO(2))<90% were relevant as they have been evaluated in other clinical trials. Other variables included total apnoeas, hypopnoeas and oxygen desaturations, and non-cortical micro-awakenings related to respiratory events per hour. Fenofibrate treatment significantly reduced the percentage of time with SpO(2)<90% (from 9.0% to 3.5% vs. 10.0% to 11.5% with placebo, p = 0.007), although there was no significant change in the AHI (reduction vs. control 14% (95%CI -47 to 40%, p = 0.533). Treatment reduced obstructive apnoeas (by 44%, from 18.5 at baseline to 15.0 at end of treatment vs. 29.0 to 30.5 on placebo, p = 0.048), and non-cortical micro-awakenings per hour (from 23.5 to 18.0 vs. 24.0 to 25.0 with placebo, p = 0.004). Other sleep variables were not significantly influenced by fenofibrate. Exploratory study in patients with mild to moderate sleep apnoea, limited treatment duration; concomitant hypnotic treatment (35%); lack of correction for multiplicity of testing. Conclusion: The consistent direction of change in sleep indices in this proof-of-concept study may support further investigation of fenofibrate in moderate to severe sleep apnoea syndrome.",to investigate the effect of fenofibrate on sleep apnoea indices proof-of-concept study comprising a placebo run-in period 1 week 5 weeks if fibrate washout was required and a 4-week randomized double-blind treatment period thirty-four subjects mean age 55 years body mass index 34 kg m 2 fasting triglycerides 3 5 mmol l with diagnosed sleep apnoea syndrome not treated with continuous positive airways pressure were enrolled and randomized to once daily treatment with fenofibrate 145 mg nanocrystal r tablet or placebo overnight polysomnography computerized attention vigilance tests and blood sampling for measurement of lipids insulin fasting plasma glucose and fibrinogen were performed at the end of each study period nct00816829 as this was an exploratory study a range of sleep variables were evaluated the apnoea hypopnoea index ahi and percentage of time spent with arterial oxygen saturation spo 2 90 were relevant as they have been evaluated in other clinical trials other variables included total apnoeas hypopnoeas and oxygen desaturations and non-cortical micro-awakenings related to respiratory events per hour fenofibrate treatment significantly reduced the percentage of time with spo 2 90 from 9 0 to 3 5 vs 10 0 to 11 5 with placebo p 0 007 although there was no significant change in the ahi reduction vs control 14 95 ci -47 to 40 p 0 533 treatment reduced obstructive apnoeas by 44 from 18 5 at baseline to 15 0 at end of treatment vs 29 0 to 30 5 on placebo p 0 048 and non-cortical micro-awakenings per hour from 23 5 to 18 0 vs 24 0 to 25 0 with placebo p 0 004 other sleep variables were not significantly influenced by fenofibrate exploratory study in patients with mild to moderate sleep apnoea limited treatment duration concomitant hypnotic treatment 35 lack of correction for multiplicity of testing conclusion the consistent direction of change in sleep indices in this proof-of-concept study may support further investigation of fenofibrate in moderate to severe sleep apnoea syndrome,,unspecified
PUBMEDQA_REPORT_25725704,"Clinical supervision is widely recognised as a mechanism for providing professional support, professional development and clinical governance for healthcare workers. There have been limited studies about the effectiveness of clinical supervision for allied health and minimal studies conducted within the Australian health context. The aim of the present study was to identify whether clinical supervision was perceived to be effective by allied health professionals and to identify components that contributed to effectiveness. Participants completed an anonymous online questionnaire, administered through the health service's intranet. A cross-sectional study was conducted with community allied health workers (n = 82) 8 months after implementation of structured clinical supervision. Demographic data (age, gender), work-related history (profession employment level, years of experience), and supervision practice (number and length of supervision sessions) were collected through an online survey. The outcome measure, clinical supervision effectiveness, was operationalised using the Manchester Clinical Supervision Scale-26 (MCSS-26). Data were analysed with Pearson correlation (r) and independent sample t-tests (t) with significance set at 0.05 (ie the probability of significant difference set at P<0.05). The length of the supervision sessions (r(s) ≥ 0.44), the number of sessions (r(s) ≥ 0.35) and the total period supervision had been received (r(s) ≥ 0.42) were all significantly positively correlated with the MCSS-26 domains of clinical supervision effectiveness. Three individual variables, namely 'receiving clinical supervision', 'having some choice in the allocation of clinical supervisor' and 'having a completed clinical supervision agreement', were also significantly associated with higher total MCSS-26 scores (P(s)<0.014). Conclusion: The results of the study demonstrate that when clinical supervision uses best practice principles, it can provide professional support for allied health workers, even during times of rapid organisational change.",clinical supervision is widely recognised as a mechanism for providing professional support professional development and clinical governance for healthcare workers there have been limited studies about the effectiveness of clinical supervision for allied health and minimal studies conducted within the australian health context the aim of the present study was to identify whether clinical supervision was perceived to be effective by allied health professionals and to identify components that contributed to effectiveness participants completed an anonymous online questionnaire administered through the health service s intranet a cross-sectional study was conducted with community allied health workers n 82 8 months after implementation of structured clinical supervision demographic data age gender work-related history profession employment level years of experience and supervision practice number and length of supervision sessions were collected through an online survey the outcome measure clinical supervision effectiveness was operationalised using the manchester clinical supervision scale-26 mcss-26 data were analysed with pearson correlation r and independent sample t-tests t with significance set at 0 05 ie the probability of significant difference set at p 0 05 the length of the supervision sessions r s 0 44 the number of sessions r s 0 35 and the total period supervision had been received r s 0 42 were all significantly positively correlated with the mcss-26 domains of clinical supervision effectiveness three individual variables namely receiving clinical supervision having some choice in the allocation of clinical supervisor and having a completed clinical supervision agreement were also significantly associated with higher total mcss-26 scores p s 0 014 conclusion the results of the study demonstrate that when clinical supervision uses best practice principles it can provide professional support for allied health workers even during times of rapid organisational change,,unspecified
PUBMEDQA_REPORT_18926458,"Several prospective randomized trials have proved carotid endarterectomy to be safe and effective for both symptomatic and asymptomatic patients younger than 80 years of age. Recently, carotid artery stenting (CAS) has been approved for use in selected high-risk patients. It has been proposed that being an octogenarian places patients in this high-risk category. All patients between the ages of 80 to 89 years undergoing carotid endarterectomy during a 12-year period were included in the study. Information included indications for carotid endarterectomy, associated risk factors, length of stay, and hospital course. Perioperative morbidity and mortality, including neurologic events and myocardial infarction, were recorded. A total of 103 carotid endarterectomies were performed in 95 octogenarians. Procedures were performed on 59 men and 36 women. Indications for operation included symptomatic carotid stenosis in 44 patients (43%) and asymptomatic carotid stenosis in 59 (57%). Associated risk factors included diabetes mellitus (17%), hypertension (76%), coronary artery disease (28%), hyperlipidemia (39%), and history of smoking (42%). There were 4 perioperative neurologic complications, which included 1 transient ischemic attack (0.97%), 2 minor strokes (1.94%), and 1 major stroke (0.97%). There were no deaths. Conclusion: Combined end points for adverse events are acceptable in the octogenarian. Carotid endarterectomy remains the gold standard for treatment of extracranial carotid disease in all age groups. Age alone should not place patients in the high-risk category for carotid endarterectomy.",several prospective randomized trials have proved carotid endarterectomy to be safe and effective for both symptomatic and asymptomatic patients younger than 80 years of age recently carotid artery stenting cas has been approved for use in selected high-risk patients it has been proposed that being an octogenarian places patients in this high-risk category all patients between the ages of 80 to 89 years undergoing carotid endarterectomy during a 12-year period were included in the study information included indications for carotid endarterectomy associated risk factors length of stay and hospital course perioperative morbidity and mortality including neurologic events and myocardial infarction were recorded a total of 103 carotid endarterectomies were performed in 95 octogenarians procedures were performed on 59 men and 36 women indications for operation included symptomatic carotid stenosis in 44 patients 43 and asymptomatic carotid stenosis in 59 57 associated risk factors included diabetes mellitus 17 hypertension 76 coronary artery disease 28 hyperlipidemia 39 and history of smoking 42 there were 4 perioperative neurologic complications which included 1 transient ischemic attack 0 97 2 minor strokes 1 94 and 1 major stroke 0 97 there were no deaths conclusion combined end points for adverse events are acceptable in the octogenarian carotid endarterectomy remains the gold standard for treatment of extracranial carotid disease in all age groups age alone should not place patients in the high-risk category for carotid endarterectomy,,unspecified
PUBMEDQA_REPORT_24298614,"The clinical and prognostic value of the previous node classification of TNM staging in early gastric cancer (EGC) has been less definitive. The aim was to assess the suitability of the revised node staging for prediction of clinical behavior of EGC. Between 2005 and 2008, 1,845 patients were diagnosed with EGC and underwent surgery at Severance Hospitals. Clinicopathological characteristics were analyzed with comparisons between sixth and seventh TNM staging. When comparing IB with IIA upstaged based on seventh staging, poor differentiation, signet ring cell, diffuse, undifferentiated types, perineural invasion (PNI), larger size and younger age, were more significantly associated with IIA. Clinicopathological factors were compared between N0/N1 and N2/N3 based on both staging. In mucosal cancer, younger age, diffuse and undifferentiated types were more significantly associated with N2/N3 based on seventh staging. In submucosal cancer, larger size, poor differentiation, signet ring cell, diffuse, undifferentiated types, PNI and deeper submucosal invasion, were more significantly associated with N2/N3 based on seventh staging. Conclusion: Upstaging in EGC based on the revised TNM staging reflects more aggressive biological behavior of cancer. The new TNM staging system may be informative in prediction of biological behavior of EGC as well as prognosis and survival.",the clinical and prognostic value of the previous node classification of tnm staging in early gastric cancer egc has been less definitive the aim was to assess the suitability of the revised node staging for prediction of clinical behavior of egc between 2005 and 2008 1 845 patients were diagnosed with egc and underwent surgery at severance hospitals clinicopathological characteristics were analyzed with comparisons between sixth and seventh tnm staging when comparing ib with iia upstaged based on seventh staging poor differentiation signet ring cell diffuse undifferentiated types perineural invasion pni larger size and younger age were more significantly associated with iia clinicopathological factors were compared between n0 n1 and n2 n3 based on both staging in mucosal cancer younger age diffuse and undifferentiated types were more significantly associated with n2 n3 based on seventh staging in submucosal cancer larger size poor differentiation signet ring cell diffuse undifferentiated types pni and deeper submucosal invasion were more significantly associated with n2 n3 based on seventh staging conclusion upstaging in egc based on the revised tnm staging reflects more aggressive biological behavior of cancer the new tnm staging system may be informative in prediction of biological behavior of egc as well as prognosis and survival,,unspecified
PUBMEDQA_REPORT_25940336,"More than 1000 candidates applied for orthopaedic residency positions in 2014, and the competition is intense; approximately one-third of the candidates failed to secure a position in the match. However, the criteria used in the selection process often are subjective and studies have differed in terms of which criteria predict either objective measures or subjective ratings of resident performance by faculty.QUESTIONS/ Do preresidency selection factors serve as predictors of success in residency? Specifically, we asked which preresidency selection factors are associated or correlated with (1) objective measures of resident knowledge and performance; and (2) subjective ratings by faculty. Charts of 60 orthopaedic residents from our institution were reviewed. Preresidency selection criteria examined included United States Medical Licensing Examination (USMLE) Step 1 and Step 2 scores, Medical College Admission Test (MCAT) scores, number of clinical clerkship honors, number of letters of recommendation, number of away rotations, Alpha Omega Alpha (AOA) honor medical society membership, fourth-year subinternship at our institution, and number of publications. Resident performance was assessed using objective measures including American Board of Orthopaedic Surgery (ABOS) Part I scores and Orthopaedics In-Training Exam (OITE) scores and subjective ratings by faculty including global evaluation scores and faculty rankings of residents. We tested associations between preresidency criteria and the subsequent objective and subjective metrics using linear correlation analysis and Mann-Whitney tests when appropriate. Objective measures of resident performance namely, ABOS Part I scores, had a moderate linear correlation with the USMLE Step 2 scores (r = 0.55, p<0.001) and number of clinical honors received in medical school (r = 0.45, p<0.001). OITE scores had a weak linear correlation with the number of clinical honors (r = 0.35, p = 0.009) and USMLE Step 2 scores (r = 0.29, p = 0.02). With regards to subjective outcomes, AOA membership was associated with higher scores on the global evaluation (p = 0.005). AOA membership also correlated with higher global evaluation scores (r = 0.60, p = 0.005) with the strongest correlation existing between AOA membership and the ""interpersonal and communication skills"" subsection of the global evaluations. Conclusion: We found that USMLE Step 2, number of honors in medical school clerkships, and AOA membership demonstrated the strongest correlations with resident performance. Our goal in analyzing these data was to provide residency programs at large a sense of which criteria may be ""high yield"" in ranking applicants by analyzing data from within our own pool of residents. Similar studies across a broader scope of programs are warranted to confirm applicability of our findings. The continually emerging complexities of the field of orthopaedic surgery lend increasing importance to future work on the appropriate selection and training of orthopaedic residents.",more than 1000 candidates applied for orthopaedic residency positions in 2014 and the competition is intense approximately one-third of the candidates failed to secure a position in the match however the criteria used in the selection process often are subjective and studies have differed in terms of which criteria predict either objective measures or subjective ratings of resident performance by faculty questions do preresidency selection factors serve as predictors of success in residency specifically we asked which preresidency selection factors are associated or correlated with 1 objective measures of resident knowledge and performance and 2 subjective ratings by faculty charts of 60 orthopaedic residents from our institution were reviewed preresidency selection criteria examined included united states medical licensing examination usmle step 1 and step 2 scores medical college admission test mcat scores number of clinical clerkship honors number of letters of recommendation number of away rotations alpha omega alpha aoa honor medical society membership fourth-year subinternship at our institution and number of publications resident performance was assessed using objective measures including american board of orthopaedic surgery abos part i scores and orthopaedics in-training exam oite scores and subjective ratings by faculty including global evaluation scores and faculty rankings of residents we tested associations between preresidency criteria and the subsequent objective and subjective metrics using linear correlation analysis and mann-whitney tests when appropriate objective measures of resident performance namely abos part i scores had a moderate linear correlation with the usmle step 2 scores r 0 55 p 0 001 and number of clinical honors received in medical school r 0 45 p 0 001 oite scores had a weak linear correlation with the number of clinical honors r 0 35 p 0 009 and usmle step 2 scores r 0 29 p 0 02 with regards to subjective outcomes aoa membership was associated with higher scores on the global evaluation p 0 005 aoa membership also correlated with higher global evaluation scores r 0 60 p 0 005 with the strongest correlation existing between aoa membership and the interpersonal and communication skills subsection of the global evaluations conclusion we found that usmle step 2 number of honors in medical school clerkships and aoa membership demonstrated the strongest correlations with resident performance our goal in analyzing these data was to provide residency programs at large a sense of which criteria may be high yield in ranking applicants by analyzing data from within our own pool of residents similar studies across a broader scope of programs are warranted to confirm applicability of our findings the continually emerging complexities of the field of orthopaedic surgery lend increasing importance to future work on the appropriate selection and training of orthopaedic residents,,unspecified
PUBMEDQA_REPORT_27581329,"Measurement of basal metabolic rate (BMR) is suggested as a tool to estimate energy requirements. Therefore, BMR prediction equations have been developed in multiple populations because indirect calorimetry is not always feasible. However, there is a paucity of data on BMR measured in overweight and obese adults living in Asia and equations developed for this group of interest. The aim of this study was to develop a new BMR prediction equation for Chinese adults applicable for a large BMI range and compare it with commonly used prediction equations. Subjects were 121 men and 111 women (age: 21-67 years, BMI: 16-41 kg/m(2)). Height, weight, and BMR were measured. Continuous open-circuit indirect calorimetry using a ventilated hood system for 30 min was used to measure BMR. A regression equation was derived using stepwise regression and accuracy was compared to 6 existing equations (Harris-Benedict, Henry, Liu, Yang, Owen and Mifflin). Additionally, the newly derived equation was cross-validated in a separate group of 70 Chinese subjects (26 men and 44 women, age: 21-69 years, BMI: 17-39 kg/m(2)). The equation developed from our data was: BMR (kJ/d) = 52.6 x weight (kg) + 828 x gender + 1960 (women = 0, men = 1; R(2) = 0.81). The accuracy rate (within 10 % accurate) was 78 % which compared well to Owen (70 %), Henry (67 %), Mifflin (67 %), Liu (58 %), Harris-Benedict (45 %) and Yang (37 %) for the whole range of BMI. For a BMI greater than 23, the Singapore equation reached an accuracy rate of 76 %. Cross-validation proved an accuracy rate of 80 %. Conclusion: To date, the newly developed Singapore equation is the most accurate BMR prediction equation in Chinese and is applicable for use in a large BMI range including those overweight and obese.",measurement of basal metabolic rate bmr is suggested as a tool to estimate energy requirements therefore bmr prediction equations have been developed in multiple populations because indirect calorimetry is not always feasible however there is a paucity of data on bmr measured in overweight and obese adults living in asia and equations developed for this group of interest the aim of this study was to develop a new bmr prediction equation for chinese adults applicable for a large bmi range and compare it with commonly used prediction equations subjects were 121 men and 111 women age 21-67 years bmi 16-41 kg m 2 height weight and bmr were measured continuous open-circuit indirect calorimetry using a ventilated hood system for 30 min was used to measure bmr a regression equation was derived using stepwise regression and accuracy was compared to 6 existing equations harris-benedict henry liu yang owen and mifflin additionally the newly derived equation was cross-validated in a separate group of 70 chinese subjects 26 men and 44 women age 21-69 years bmi 17-39 kg m 2 the equation developed from our data was bmr kj d 52 6 x weight kg 828 x gender 1960 women 0 men 1 r 2 0 81 the accuracy rate within 10 accurate was 78 which compared well to owen 70 henry 67 mifflin 67 liu 58 harris-benedict 45 and yang 37 for the whole range of bmi for a bmi greater than 23 the singapore equation reached an accuracy rate of 76 cross-validation proved an accuracy rate of 80 conclusion to date the newly developed singapore equation is the most accurate bmr prediction equation in chinese and is applicable for use in a large bmi range including those overweight and obese,,unspecified
PUBMEDQA_REPORT_8199520,"To explore expressed needs, both formal and informal, of family caregivers of frail elderly. To evaluate roles of physicians. Questionnaire survey of members of the Montreal Jewish community providing care for frail elderly family members. Jewish community of Montreal. Volunteer caregivers who were caring for a family member or friend 60 years or older, who had greatest responsibility for providing physical or emotional support to an elderly person, who saw themselves as caregivers, and who could speak English or French were studied. Of 118 volunteers, 32 were excluded because they withdrew for personal reasons or because they did not meet study criteria. Demographic variables, functional status of the care receiver, use of home care services, and needs assessment to identify additional services. An average of 75.4% respondents did not use formal support services. Just under half of caregivers were dissatisfied with the attention they received from the health care system, and more than one third expressed feelings of stress, depression, guilt, and isolation. Conclusion: Hypotheses for this discontent are presented. Physicians may be uninterested in helping caregivers; even if they were receptive to counseling caregivers, they could be poorly remunerated for the types of counseling sessions that are usual for caregivers; and being a professional caregiver to family caregivers is demanding in itself.",to explore expressed needs both formal and informal of family caregivers of frail elderly to evaluate roles of physicians questionnaire survey of members of the montreal jewish community providing care for frail elderly family members jewish community of montreal volunteer caregivers who were caring for a family member or friend 60 years or older who had greatest responsibility for providing physical or emotional support to an elderly person who saw themselves as caregivers and who could speak english or french were studied of 118 volunteers 32 were excluded because they withdrew for personal reasons or because they did not meet study criteria demographic variables functional status of the care receiver use of home care services and needs assessment to identify additional services an average of 75 4 respondents did not use formal support services just under half of caregivers were dissatisfied with the attention they received from the health care system and more than one third expressed feelings of stress depression guilt and isolation conclusion hypotheses for this discontent are presented physicians may be uninterested in helping caregivers even if they were receptive to counseling caregivers they could be poorly remunerated for the types of counseling sessions that are usual for caregivers and being a professional caregiver to family caregivers is demanding in itself,,unspecified
PUBMEDQA_REPORT_22266735,"The International Association of the Diabetes and Pregnancy Study Groups (IADPSG) recently recommended new criteria for diagnosing gestational diabetes mellitus (GDM). This study was undertaken to determine whether adopting the IADPSG criteria would be cost-effective, compared with the current standard of care. We developed a decision analysis model comparing the cost-utility of three strategies to identify GDM: 1) no screening, 2) current screening practice (1-h 50-g glucose challenge test between 24 and 28 weeks followed by 3-h 100-g glucose tolerance test when indicated), or 3) screening practice proposed by the IADPSG. Assumptions included that 1) women diagnosed with GDM received additional prenatal monitoring, mitigating the risks of preeclampsia, shoulder dystocia, and birth injury; and 2) GDM women had opportunity for intensive postdelivery counseling and behavior modification to reduce future diabetes risks. The primary outcome measure was the incremental cost-effectiveness ratio (ICER). Our model demonstrates that the IADPSG recommendations are cost-effective only when postdelivery care reduces diabetes incidence. For every 100,000 women screened, 6,178 quality-adjusted life-years (QALYs) are gained, at a cost of $125,633,826. The ICER for the IADPSG strategy compared with the current standard was $20,336 per QALY gained. When postdelivery care was not accomplished, the IADPSG strategy was no longer cost-effective. These results were robust in sensitivity analyses. Conclusion: The IADPSG recommendation for glucose screening in pregnancy is cost-effective. The model is most sensitive to the likelihood of preventing future diabetes in patients identified with GDM using postdelivery counseling and intervention.",the international association of the diabetes and pregnancy study groups iadpsg recently recommended new criteria for diagnosing gestational diabetes mellitus gdm this study was undertaken to determine whether adopting the iadpsg criteria would be cost-effective compared with the current standard of care we developed a decision analysis model comparing the cost-utility of three strategies to identify gdm 1 no screening 2 current screening practice 1-h 50-g glucose challenge test between 24 and 28 weeks followed by 3-h 100-g glucose tolerance test when indicated or 3 screening practice proposed by the iadpsg assumptions included that 1 women diagnosed with gdm received additional prenatal monitoring mitigating the risks of preeclampsia shoulder dystocia and birth injury and 2 gdm women had opportunity for intensive postdelivery counseling and behavior modification to reduce future diabetes risks the primary outcome measure was the incremental cost-effectiveness ratio icer our model demonstrates that the iadpsg recommendations are cost-effective only when postdelivery care reduces diabetes incidence for every 100 000 women screened 6 178 quality-adjusted life-years qalys are gained at a cost of 125 633 826 the icer for the iadpsg strategy compared with the current standard was 20 336 per qaly gained when postdelivery care was not accomplished the iadpsg strategy was no longer cost-effective these results were robust in sensitivity analyses conclusion the iadpsg recommendation for glucose screening in pregnancy is cost-effective the model is most sensitive to the likelihood of preventing future diabetes in patients identified with gdm using postdelivery counseling and intervention,,unspecified
PUBMEDQA_REPORT_24446763,"To test if secular growth acceleration occurs during fetal life. ANOVA Kruskal-Wallis and Mann-Whitney U-test have been used for the biometric characteristics comparison of nowadays fetal population with those three decades ago and to test the hypothesis about the existence of secular growth acceleration during fetal life. For this purpose, we first calculated mean values of particular biometric parameters for the whole pregnancy. During the period 2002-2009 biparietal diameter, fetal length and abdominal circumference measurements in singleton uncomplicated pregnancies between 22 and 41 gestational weeks were obtained. Gestational age was estimated according to Naegele's rule and confirmed with an early ultrasound examination. Pregnancies with fetal cromosomopathies and malformations were excluded as well as those resulting in perinatal death. There were no statistically significant differences of the examined fetal biometric parameters measured by ultrasound between contemporary fetal population and those from 35 years ago. Conclusion: Our investigation did not undoubtedly prove that significant changes of fetal biometric parameters occurred in the last three decades. It is possible that secular growth acceleration does not exist in prenatal period but also the observed time period could have been short for this phenomenon to manifest.",to test if secular growth acceleration occurs during fetal life anova kruskal-wallis and mann-whitney u-test have been used for the biometric characteristics comparison of nowadays fetal population with those three decades ago and to test the hypothesis about the existence of secular growth acceleration during fetal life for this purpose we first calculated mean values of particular biometric parameters for the whole pregnancy during the period 2002-2009 biparietal diameter fetal length and abdominal circumference measurements in singleton uncomplicated pregnancies between 22 and 41 gestational weeks were obtained gestational age was estimated according to naegele s rule and confirmed with an early ultrasound examination pregnancies with fetal cromosomopathies and malformations were excluded as well as those resulting in perinatal death there were no statistically significant differences of the examined fetal biometric parameters measured by ultrasound between contemporary fetal population and those from 35 years ago conclusion our investigation did not undoubtedly prove that significant changes of fetal biometric parameters occurred in the last three decades it is possible that secular growth acceleration does not exist in prenatal period but also the observed time period could have been short for this phenomenon to manifest,,unspecified
PUBMEDQA_REPORT_26864326,"In this single-centre prospective study, triage nurses estimated the probability of admission using a 100 mm visual analogue scale (VAS), and GAPS was generated automatically from triage data. We compared calibration using rank sum tests, discrimination using area under receiver operating characteristic curves (AUC) and accuracy with McNemar's test. Of 1829 attendances, 745 (40.7%) were admitted, not significantly different from GAPS' prediction of 750 (41.0%, p=0.678). In contrast, the nurses' mean VAS predicted 865 admissions (47.3%), overestimating by 6.6% (p<0.0001). GAPS discriminated between admission and discharge as well as nurses, its AUC 0.876 compared with 0.875 for VAS (p=0.93). As a binary predictor, its accuracy was 80.6%, again comparable with VAS (79.0%), p=0.18. In the minority of attendances, when nurses felt at least 95% certain of the outcome, VAS' accuracy was excellent, at 92.4%. However, in the remaining majority, GAPS significantly outperformed VAS on calibration (+1.2% vs +9.2%, p<0.0001), discrimination (AUC 0.810 vs 0.759, p=0.001) and accuracy (75.1% vs 68.9%, p=0.0009). When we used GAPS, but 'over-ruled' it when clinical certainty was ≥95%, this significantly outperformed either method, with AUC 0.891 (0.877-0.907) and accuracy 82.5% (80.7%-84.2%). Conclusion: GAPS, a simple clinical score, is a better predictor of admission than triage nurses, unless the nurse is sure about the outcome, in which case their clinical judgement should be respected.",in this single-centre prospective study triage nurses estimated the probability of admission using a 100 mm visual analogue scale vas and gaps was generated automatically from triage data we compared calibration using rank sum tests discrimination using area under receiver operating characteristic curves auc and accuracy with mcnemar s test of 1829 attendances 745 40 7 were admitted not significantly different from gaps prediction of 750 41 0 p 0 678 in contrast the nurses mean vas predicted 865 admissions 47 3 overestimating by 6 6 p 0 0001 gaps discriminated between admission and discharge as well as nurses its auc 0 876 compared with 0 875 for vas p 0 93 as a binary predictor its accuracy was 80 6 again comparable with vas 79 0 p 0 18 in the minority of attendances when nurses felt at least 95 certain of the outcome vas accuracy was excellent at 92 4 however in the remaining majority gaps significantly outperformed vas on calibration 1 2 vs 9 2 p 0 0001 discrimination auc 0 810 vs 0 759 p 0 001 and accuracy 75 1 vs 68 9 p 0 0009 when we used gaps but over-ruled it when clinical certainty was 95 this significantly outperformed either method with auc 0 891 0 877-0 907 and accuracy 82 5 80 7 -84 2 conclusion gaps a simple clinical score is a better predictor of admission than triage nurses unless the nurse is sure about the outcome in which case their clinical judgement should be respected,,unspecified
PUBMEDQA_REPORT_24359102,"Skin diseases are the most frequently recognized occupational diseases in Denmark. The prognosis for occupational contact dermatitis is often poor. To investigate the prognosis, assessed by eczema, job status and skin-related quality of life, among patients allergic to rubber chemicals and latex (ubiquitous allergens) and epoxy (nonubiquitous allergen), 2 years after recognition of occupational allergic contact dermatitis. From a cohort of all patients recognized as having occupational dermatitis by the Danish National Board of Industrial Injuries in 2010, 199 patients with relevant rubber allergy (contact allergy to rubber chemicals or contact urticaria from latex) or epoxy allergy were identified. Follow-up consisted of a questionnaire covering current severity of eczema, employment, exposure and quality of life. The response rate was 75%. Clearance of eczema was reported by 11% of patients and 67% reported improvement. Overall 22% of patients with allergy to a nonubiquitous allergen had total clearance of eczema compared with 10% of cases allergic to ubiquitous allergens and 0% of those with contact urticaria (P = 0·116). Improvement was significantly more frequent in those who had changed jobs compared with those who had not (P = 0·01). Conclusion: At follow-up, patients with contact urticaria had significantly poorer prognosis than those with contact allergy, and there was a trend towards a poorer prognosis for those with contact allergy to rubber chemicals than those with allergy to epoxy. A significant positive association between job change and improvement was found.",skin diseases are the most frequently recognized occupational diseases in denmark the prognosis for occupational contact dermatitis is often poor to investigate the prognosis assessed by eczema job status and skin-related quality of life among patients allergic to rubber chemicals and latex ubiquitous allergens and epoxy nonubiquitous allergen 2 years after recognition of occupational allergic contact dermatitis from a cohort of all patients recognized as having occupational dermatitis by the danish national board of industrial injuries in 2010 199 patients with relevant rubber allergy contact allergy to rubber chemicals or contact urticaria from latex or epoxy allergy were identified follow-up consisted of a questionnaire covering current severity of eczema employment exposure and quality of life the response rate was 75 clearance of eczema was reported by 11 of patients and 67 reported improvement overall 22 of patients with allergy to a nonubiquitous allergen had total clearance of eczema compared with 10 of cases allergic to ubiquitous allergens and 0 of those with contact urticaria p 0 116 improvement was significantly more frequent in those who had changed jobs compared with those who had not p 0 01 conclusion at follow-up patients with contact urticaria had significantly poorer prognosis than those with contact allergy and there was a trend towards a poorer prognosis for those with contact allergy to rubber chemicals than those with allergy to epoxy a significant positive association between job change and improvement was found,,unspecified
PUBMEDQA_REPORT_25280365,"Clinical pathologists (CPs) report RBC morphologic (RBC-M) changes to assist clinicians in prioritizing differential diagnoses. However, reporting is subjective, semiquantitative, and potentially biased. Reporting decisions vary among CPs, and reports may not be interpreted by clinicians as intended. The aims of this study were to survey clinicians and CPs about RBC-M terms and their clinical value, and identify areas of agreement and discordance. Online surveys were distributed to small animal clinicians via the Veterinary Information Network and to CPs via the ASVCP listserv. A quiz assessed understanding of RBC-M terms among respondent groups. Descriptive statistics were used to analyze responses to survey questions, and quiz scores were compared among groups. Analyzable responses were obtained from 1662 clinicians and 82 CPs. Both clinicians and CPs considered some terms, e.g., agglutination, useful, whereas only CPs considered other terms, e.g., ghost cells, useful. All groups interpreted certain terms, e.g., Heinz bodies, correctly, whereas some clinicians misinterpreted others, e.g., eccentrocytes. Responses revealed that CPs often do not report RBC-M they consider insignificant, when present in low numbers. Twenty-eight percent of clinicians think CPs review all blood smears while only 19% of CPs report reviewing all smears. Conclusion: Important differences about the clinical relevance of certain RBC-M terms exist between clinicians and CPs. Inclusion of interpretive comments on CBC reports is the clearest way to ensure that RBC-M changes are interpreted as intended by the CP. Reporting practices should be examined critically to improve communication, transparency, and ultimately medical decisions.",clinical pathologists cps report rbc morphologic rbc-m changes to assist clinicians in prioritizing differential diagnoses however reporting is subjective semiquantitative and potentially biased reporting decisions vary among cps and reports may not be interpreted by clinicians as intended the aims of this study were to survey clinicians and cps about rbc-m terms and their clinical value and identify areas of agreement and discordance online surveys were distributed to small animal clinicians via the veterinary information network and to cps via the asvcp listserv a quiz assessed understanding of rbc-m terms among respondent groups descriptive statistics were used to analyze responses to survey questions and quiz scores were compared among groups analyzable responses were obtained from 1662 clinicians and 82 cps both clinicians and cps considered some terms e g agglutination useful whereas only cps considered other terms e g ghost cells useful all groups interpreted certain terms e g heinz bodies correctly whereas some clinicians misinterpreted others e g eccentrocytes responses revealed that cps often do not report rbc-m they consider insignificant when present in low numbers twenty-eight percent of clinicians think cps review all blood smears while only 19 of cps report reviewing all smears conclusion important differences about the clinical relevance of certain rbc-m terms exist between clinicians and cps inclusion of interpretive comments on cbc reports is the clearest way to ensure that rbc-m changes are interpreted as intended by the cp reporting practices should be examined critically to improve communication transparency and ultimately medical decisions,,unspecified
PUBMEDQA_REPORT_14627582,"The purpose of our study was to determine the effectiveness, clinical impact, and feasibility of double reading barium enemas. Independent double readings of 1,003 consecutive barium enemas (822 double- and 181 single-contrast examinations) were prospectively performed. From this pool of 1,003 examinations, 994 were included in our study. Examinations showing at least one polyp or carcinoma 5 mm or larger were considered to have positive results. For combined readings, results were considered positive if either of the two interpreters reported finding a polyp or carcinoma. A McNemar test was used to compare the first reader's results with the combined results of the first and second readers. Results were retrospectively correlated with endoscopic or surgical results in 360 patients, and agreement between first and combined readings and endoscopic results was determined. Adding a second reader increased the number of positive results on examinations from 249 to 315 (p<0.0001) and resulted in potential alteration of clinical treatment in 98 patients (9.9%). Sensitivity of the first and combined readings for detection of all lesions was identical, 76.3% (95% CI, 65.4-87.1%). Specificity decreased from 91.0% (95% CI, 87.9-94.3%) for the first reading to 86.4% (95% CI, 82.2-90.0%) for the combined reading. The overall measurement of agreement decreased from a kappa value of 61.8 (95% CI, 51.2-72.4%) for the first reading to 52.9 (95% CI, 42.2-63.6%) for the combined reading. The second reading required an average of 3.3 min. Sensitivity for the detection of adenocarcinomas was 100%. Conclusion: Although feasible, double reading of barium enemas does not improve sensitivity for detection of polyps and produces a higher false-positive rate.",the purpose of our study was to determine the effectiveness clinical impact and feasibility of double reading barium enemas independent double readings of 1 003 consecutive barium enemas 822 double- and 181 single-contrast examinations were prospectively performed from this pool of 1 003 examinations 994 were included in our study examinations showing at least one polyp or carcinoma 5 mm or larger were considered to have positive results for combined readings results were considered positive if either of the two interpreters reported finding a polyp or carcinoma a mcnemar test was used to compare the first reader s results with the combined results of the first and second readers results were retrospectively correlated with endoscopic or surgical results in 360 patients and agreement between first and combined readings and endoscopic results was determined adding a second reader increased the number of positive results on examinations from 249 to 315 p 0 0001 and resulted in potential alteration of clinical treatment in 98 patients 9 9 sensitivity of the first and combined readings for detection of all lesions was identical 76 3 95 ci 65 4-87 1 specificity decreased from 91 0 95 ci 87 9-94 3 for the first reading to 86 4 95 ci 82 2-90 0 for the combined reading the overall measurement of agreement decreased from a kappa value of 61 8 95 ci 51 2-72 4 for the first reading to 52 9 95 ci 42 2-63 6 for the combined reading the second reading required an average of 3 3 min sensitivity for the detection of adenocarcinomas was 100 conclusion although feasible double reading of barium enemas does not improve sensitivity for detection of polyps and produces a higher false-positive rate,,unspecified
PUBMEDQA_REPORT_18222909,"The hypothesis was tested that pectin content and methylation degree participate in regulation of cell wall mechanical properties and in this way may affect tissue growth and freezing resistance over the course of plant cold acclimation and de-acclimation. Experiments were carried on the leaves of two double-haploid lines of winter oil-seed rape (Brassica napus subsp. oleifera), differing in winter survival and resistance to blackleg fungus (Leptosphaeria maculans). Plant acclimation in the cold (2 degrees C) brought about retardation of leaf expansion, concomitant with development of freezing resistance. These effects were associated with the increases in leaf tensile stiffness, cell wall and pectin contents, pectin methylesterase (EC 3.1.1.11) activity and the low-methylated pectin content, independently of the genotype studied. However, the cold-induced modifications in the cell wall properties were more pronounced in the leaves of the more pathogen-resistant genotype. De-acclimation promoted leaf expansion and reversed most of the cold-induced effects, with the exception of pectin methylesterase activity. Conclusion: The results show that the temperature-dependent modifications in pectin content and their methyl esterification degree correlate with changes in tensile strength of a leaf tissue, and in this way affect leaf expansion ability and its resistance to freezing and to fungus pathogens.",the hypothesis was tested that pectin content and methylation degree participate in regulation of cell wall mechanical properties and in this way may affect tissue growth and freezing resistance over the course of plant cold acclimation and de-acclimation experiments were carried on the leaves of two double-haploid lines of winter oil-seed rape brassica napus subsp oleifera differing in winter survival and resistance to blackleg fungus leptosphaeria maculans plant acclimation in the cold 2 degrees c brought about retardation of leaf expansion concomitant with development of freezing resistance these effects were associated with the increases in leaf tensile stiffness cell wall and pectin contents pectin methylesterase ec 3 1 1 11 activity and the low-methylated pectin content independently of the genotype studied however the cold-induced modifications in the cell wall properties were more pronounced in the leaves of the more pathogen-resistant genotype de-acclimation promoted leaf expansion and reversed most of the cold-induced effects with the exception of pectin methylesterase activity conclusion the results show that the temperature-dependent modifications in pectin content and their methyl esterification degree correlate with changes in tensile strength of a leaf tissue and in this way affect leaf expansion ability and its resistance to freezing and to fungus pathogens,,unspecified
PUBMEDQA_REPORT_8921484,"After 34 weeks gestation, summary measures of location for birthweight (e.g means and centiles) increase more slowly for Australian Aborigines than for whites. A similar pattern has been observed for blacks in the US. This study tests whether the reported pattern is due to differential misclassification of gestational age. Simulation was used to measure the potential effect of differential misclassification of gestational age. Reported gestational age data were obtained from Queensland Perinatal Data Collection (QPDC). Estimates of the true distributions of gestational age were obtained by assuming various (plausible) types of misclassification and applying these to the reported distributions. Previous studies and data from the QPDC were used to help specify the birthweight distributions used in the simulations. At full term, the parameters of the birthweight distributions were robust to gestational age misclassification. At preterm, the 10th centiles were robust to misclassification. In contrast, the 90th centiles were sensitive to even minor misclassification. Extreme types of misclassification were required to remove the divergence in median birthweights for Aborigines and whites. Conclusion: Gestational age misclassification is an unlikely explanation for the reported divergence in average birth-weights for Aborigines and whites. The results might help with the interpretation of other between-population comparisons.",after 34 weeks gestation summary measures of location for birthweight e g means and centiles increase more slowly for australian aborigines than for whites a similar pattern has been observed for blacks in the us this study tests whether the reported pattern is due to differential misclassification of gestational age simulation was used to measure the potential effect of differential misclassification of gestational age reported gestational age data were obtained from queensland perinatal data collection qpdc estimates of the true distributions of gestational age were obtained by assuming various plausible types of misclassification and applying these to the reported distributions previous studies and data from the qpdc were used to help specify the birthweight distributions used in the simulations at full term the parameters of the birthweight distributions were robust to gestational age misclassification at preterm the 10th centiles were robust to misclassification in contrast the 90th centiles were sensitive to even minor misclassification extreme types of misclassification were required to remove the divergence in median birthweights for aborigines and whites conclusion gestational age misclassification is an unlikely explanation for the reported divergence in average birth-weights for aborigines and whites the results might help with the interpretation of other between-population comparisons,,unspecified
PUBMEDQA_REPORT_9142039,"To assess the relationship between the experience of pediatric housestaff and tests ordered on infants in the neonatal intensive care unit (ICU). Prospective, cohort study over one full academic year. One academic Level III neonatal intensive care nursery. Data were collected prospectively on all 785 infants admitted to the neonatal ICU from July 1993 to June 1994. These infants were cared for by 14 different categorical pediatric housestaff. Our neonatal ICU has either a resident or an intern on-call by himself/herself at night, affording us a natural setting to compare intern vs. resident test ordering. The outcomes of interest were number of arterial blood gases, radiographs, and electrolytes ordered per infant by the on-call pediatric houseofficer, as tabulated the morning after the call night. Control variables included the severity-of-illness of the individual infant (using the Neonatal Therapeutic Intervention Scoring System), the workload of the houseofficer (number of patients, number of admissions), and supervision (rounding frequency and on-call attending). Controlling for the severity-of-illness of the infant, the workload on the call night, and supervision with multiple linear regression, we found that interns ordered significantly (p = .02) greater numbers of arterial blood gases per infant than residents, amounting to some 0.33 blood gases per infant per call night (3.22 vs. 2.89 arterial blood gases per infant per night). This increase of 0.33 blood gases per infant amounts to interns ordering $169 more arterial blood gases per call night at our institution. There was no difference between interns and residents in ordering radiographs or electrolytes. Conclusion: Interns order significantly more arterial blood gases per infant than junior and senior residents on-call in the neonatal ICU. Additional study is required to see if the experience of housestaff is associated with a broader array of neonatal outcomes, such as morbidity and mortality.",to assess the relationship between the experience of pediatric housestaff and tests ordered on infants in the neonatal intensive care unit icu prospective cohort study over one full academic year one academic level iii neonatal intensive care nursery data were collected prospectively on all 785 infants admitted to the neonatal icu from july 1993 to june 1994 these infants were cared for by 14 different categorical pediatric housestaff our neonatal icu has either a resident or an intern on-call by himself herself at night affording us a natural setting to compare intern vs resident test ordering the outcomes of interest were number of arterial blood gases radiographs and electrolytes ordered per infant by the on-call pediatric houseofficer as tabulated the morning after the call night control variables included the severity-of-illness of the individual infant using the neonatal therapeutic intervention scoring system the workload of the houseofficer number of patients number of admissions and supervision rounding frequency and on-call attending controlling for the severity-of-illness of the infant the workload on the call night and supervision with multiple linear regression we found that interns ordered significantly p 02 greater numbers of arterial blood gases per infant than residents amounting to some 0 33 blood gases per infant per call night 3 22 vs 2 89 arterial blood gases per infant per night this increase of 0 33 blood gases per infant amounts to interns ordering 169 more arterial blood gases per call night at our institution there was no difference between interns and residents in ordering radiographs or electrolytes conclusion interns order significantly more arterial blood gases per infant than junior and senior residents on-call in the neonatal icu additional study is required to see if the experience of housestaff is associated with a broader array of neonatal outcomes such as morbidity and mortality,,unspecified
PUBMEDQA_REPORT_25475395,"For women, the correlation between circulating androgens and sexual desire is inconclusive. Substitution with androgens at physiological levels improves sexual function in women who experience decreased sexual desire and androgen deficiency from surgical menopause, pituitary disease, and age-related decline in androgen production in the ovaries. Measuring bioactive testosterone is difficult and new methods have been proposed, including measuring the primary androgen metabolite androsterone glucuronide (ADT-G).AIM: The aim of this study was to investigate a possible correlation between serum levels of androgens and sexual desire in women and whether the level of ADT-G is better correlated than the level of circulating androgens with sexual desire. This was a cross-sectional study including 560 healthy women aged 19-65 years divided into three age groups. Correlations were considered to be statistically significant at P<0.05. Sexual desire was determined as the total score of the sexual desire domain of the Female Sexual Function Index. Total testosterone (TT), calculated free testosterone (FT), androstenedione, dehydroepiandrosterone sulfate (DHEAS), and ADT-G were analyzed using mass spectrometry. Sexual desire correlated overall with FT and androstenedione in the total cohort of women. In a subgroup of women aged 25-44 years with no use of systemic hormonal contraception, sexual desire correlated with TT, FT, androstenedione, and DHEAS. In women aged 45-65 years, androstenedione correlated with sexual desire. No correlations between ADT-G and sexual desire were identified. Conclusion: In the present study, FT and androstenedione were statistically significantly correlated with sexual desire in the total cohort of women. ADT-G did not correlate more strongly than circulating androgens with sexual desire and is therefore not superior to measuring circulating androgens by mass spectrometry.",for women the correlation between circulating androgens and sexual desire is inconclusive substitution with androgens at physiological levels improves sexual function in women who experience decreased sexual desire and androgen deficiency from surgical menopause pituitary disease and age-related decline in androgen production in the ovaries measuring bioactive testosterone is difficult and new methods have been proposed including measuring the primary androgen metabolite androsterone glucuronide adt-g aim the aim of this study was to investigate a possible correlation between serum levels of androgens and sexual desire in women and whether the level of adt-g is better correlated than the level of circulating androgens with sexual desire this was a cross-sectional study including 560 healthy women aged 19-65 years divided into three age groups correlations were considered to be statistically significant at p 0 05 sexual desire was determined as the total score of the sexual desire domain of the female sexual function index total testosterone tt calculated free testosterone ft androstenedione dehydroepiandrosterone sulfate dheas and adt-g were analyzed using mass spectrometry sexual desire correlated overall with ft and androstenedione in the total cohort of women in a subgroup of women aged 25-44 years with no use of systemic hormonal contraception sexual desire correlated with tt ft androstenedione and dheas in women aged 45-65 years androstenedione correlated with sexual desire no correlations between adt-g and sexual desire were identified conclusion in the present study ft and androstenedione were statistically significantly correlated with sexual desire in the total cohort of women adt-g did not correlate more strongly than circulating androgens with sexual desire and is therefore not superior to measuring circulating androgens by mass spectrometry,,unspecified
PUBMEDQA_REPORT_11035130,"It is postulated that some aspects of methotrexate toxicity may be related to its action as an anti-folate. Folic acid (FA) is often given as an adjunct to methotrexate therapy, but there is no conclusive proof that it decreases the toxicity of methotrexate and there is a theoretical risk that it may decrease the efficacy of methotrexate. To look at the effect of stopping FA supplementation in UK rheumatoid arthritis (RA) patients established on methotrexate<20 mg weekly and FA 5 mg daily, to report all toxicity (including absolute changes in haematological and liver enzyme indices) and to report changes in the efficacy of methotrexate. In a prospective, randomized, double-blind, placebo-controlled study, 75 patients who were established on methotrexate<20 mg weekly and FA 5 mg daily were asked to stop their FA and were randomized to one of two groups: placebo or FA 5 mg daily. Patients were evaluated for treatment toxicity and efficacy before entry and then at intervals of 3 months for 1 yr. Overall, 25 (33%) patients concluded the study early, eight (21%) in the group remaining on FA and 17 (46%) in the placebo group (P = 0.02). Two patients in the placebo group discontinued because of neutropenia. At 9 months there was an increased incidence of nausea in the placebo group (45 vs. 7%, P = 0.001). The placebo group had significantly lower disease activity on a few of the variables measured, but these were probably not of clinical significance. Conclusion: It is important to continue FA supplementation over the long term in patients on methotrexate and FA in order to prevent them discontinuing treatment because of mouth ulcers or nausea and vomiting. Our data suggest that FA supplementation is also helpful in preventing neutropenia, with very little loss of efficacy of methotrexate.",it is postulated that some aspects of methotrexate toxicity may be related to its action as an anti-folate folic acid fa is often given as an adjunct to methotrexate therapy but there is no conclusive proof that it decreases the toxicity of methotrexate and there is a theoretical risk that it may decrease the efficacy of methotrexate to look at the effect of stopping fa supplementation in uk rheumatoid arthritis ra patients established on methotrexate 20 mg weekly and fa 5 mg daily to report all toxicity including absolute changes in haematological and liver enzyme indices and to report changes in the efficacy of methotrexate in a prospective randomized double-blind placebo-controlled study 75 patients who were established on methotrexate 20 mg weekly and fa 5 mg daily were asked to stop their fa and were randomized to one of two groups placebo or fa 5 mg daily patients were evaluated for treatment toxicity and efficacy before entry and then at intervals of 3 months for 1 yr overall 25 33 patients concluded the study early eight 21 in the group remaining on fa and 17 46 in the placebo group p 0 02 two patients in the placebo group discontinued because of neutropenia at 9 months there was an increased incidence of nausea in the placebo group 45 vs 7 p 0 001 the placebo group had significantly lower disease activity on a few of the variables measured but these were probably not of clinical significance conclusion it is important to continue fa supplementation over the long term in patients on methotrexate and fa in order to prevent them discontinuing treatment because of mouth ulcers or nausea and vomiting our data suggest that fa supplementation is also helpful in preventing neutropenia with very little loss of efficacy of methotrexate,,unspecified
PUBMEDQA_REPORT_21214884,"Using polymerase chain reaction techniques, we evaluated the presence of HPV infection in human breast milk collected from 21 HPV-positive and 11 HPV-negative mothers. Of the 32 studied human milk specimens, no 'high-risk' HPV 16, 18, 31, 33, 35, 39, 45, 51, 52, 56, 58 or 58 DNA was detected. Conclusion: This preliminary case-control study indicates the absence of mucosal 'high-risk' HPV types in human breast milk.",using polymerase chain reaction techniques we evaluated the presence of hpv infection in human breast milk collected from 21 hpv-positive and 11 hpv-negative mothers of the 32 studied human milk specimens no high-risk hpv 16 18 31 33 35 39 45 51 52 56 58 or 58 dna was detected conclusion this preliminary case-control study indicates the absence of mucosal high-risk hpv types in human breast milk,pneumonia,unspecified
PUBMEDQA_REPORT_10966943,The records of 465 patients with an established diagnosis of age related macular degeneration who had attended a specialist macular clinic between 1990 and 1998 were scrutinised. A full clinical examination and standardised refraction had been carried out in 189 of these cases on a minimum of two occasions. Cases were looked for where an improvement of one or more lines of either distance or near acuity was recorded in the eye unaffected by macular disease. In each one of these cases the improvement in visual acuity could not be attributed to treatment of other existing pathology. 12 such cases were detected. In nine of these the eye showing improvement of acuity had a history of amblyopia. The mean improvement in distance and near acuity in amblyopic eyes by 12 months was 3.3 and 1.9 lines logMAR respectively. The improvement in acuity generally occurred between 1 and 12 months from baseline and remained stable over the period of follow up. Conclusion: Older people with a history of amblyopia who develop visual loss in the previously normal eye can experience recovery of visual function in the amblyopic eye over a period of time. This recovery in visual function occurs in the wake of visual loss in the fellow eye and the improvement appears to be sustained.,the records of 465 patients with an established diagnosis of age related macular degeneration who had attended a specialist macular clinic between 1990 and 1998 were scrutinised a full clinical examination and standardised refraction had been carried out in 189 of these cases on a minimum of two occasions cases were looked for where an improvement of one or more lines of either distance or near acuity was recorded in the eye unaffected by macular disease in each one of these cases the improvement in visual acuity could not be attributed to treatment of other existing pathology 12 such cases were detected in nine of these the eye showing improvement of acuity had a history of amblyopia the mean improvement in distance and near acuity in amblyopic eyes by 12 months was 3 3 and 1 9 lines logmar respectively the improvement in acuity generally occurred between 1 and 12 months from baseline and remained stable over the period of follow up conclusion older people with a history of amblyopia who develop visual loss in the previously normal eye can experience recovery of visual function in the amblyopic eye over a period of time this recovery in visual function occurs in the wake of visual loss in the fellow eye and the improvement appears to be sustained,no_acute,unspecified
PUBMEDQA_REPORT_15597845,"The endogenous estradiol metabolite, 2-methoxyestradiol (2ME), has been shown to be a potent inhibitor of cell growth and a strong anti-angiogenic substance. We investigated for the first time whether in vitro combinations of 2ME with various chemotherapeutic compounds may result in an additive inhibitory effect on the proliferation of human ovary cancer cells. As a model two different human ovary cancer cell lines were used. All cell lines were incubated with equimolar concentrations of 2ME (0.8-25 microM) and the chemotherapeutics epirubicine, doxorubicine, paclitaxel, docetaxel, carboplatin, vinorelbine, 5-fluorouracil and mafosfamide. Proliferation was measured after four days using the ATP-chemosensitivity test. For both ovary cancer cell lines a significant additive effect of 2ME with epirubicine and carboplatin was observed at the lower concentration range of these chemotherapeutic substances. Conclusion: 2ME is able to enhance the antiproliferative activity of certain chemotherapeutics at pharmacological relevant concentrations. This estradiol metabolite is currently in a phase II trial in patients with refractary metastatic breast cancer and the tolerability has been shown to be very good. The combination of 2ME with chemotherapeutics may therefore offer a new clinically relevant treatment regimen for hormone-dependent cancer.",the endogenous estradiol metabolite 2-methoxyestradiol 2me has been shown to be a potent inhibitor of cell growth and a strong anti-angiogenic substance we investigated for the first time whether in vitro combinations of 2me with various chemotherapeutic compounds may result in an additive inhibitory effect on the proliferation of human ovary cancer cells as a model two different human ovary cancer cell lines were used all cell lines were incubated with equimolar concentrations of 2me 0 8-25 microm and the chemotherapeutics epirubicine doxorubicine paclitaxel docetaxel carboplatin vinorelbine 5-fluorouracil and mafosfamide proliferation was measured after four days using the atp-chemosensitivity test for both ovary cancer cell lines a significant additive effect of 2me with epirubicine and carboplatin was observed at the lower concentration range of these chemotherapeutic substances conclusion 2me is able to enhance the antiproliferative activity of certain chemotherapeutics at pharmacological relevant concentrations this estradiol metabolite is currently in a phase ii trial in patients with refractary metastatic breast cancer and the tolerability has been shown to be very good the combination of 2me with chemotherapeutics may therefore offer a new clinically relevant treatment regimen for hormone-dependent cancer,,unspecified
PUBMEDQA_REPORT_19054501,"Studies have shown that schizophrenia patients have motion perception deficit, which was thought to cause eye-tracking abnormality in schizophrenia. However, eye movement closely interacts with motion perception. The known eye-tracking difficulties in schizophrenia patients may interact with their motion perception. Two speed discrimination experiments were conducted in a within-subject design. In experiment 1, the stimulus duration was 150 msec to minimize the chance of eye-tracking occurrence. In experiment 2, the duration was increased to 300 msec, increasing the possibility of eye movement intrusion. Regular eye-tracking performance was evaluated in a third experiment. At 150 msec, speed discrimination thresholds did not differ between schizophrenia patients (n = 38) and control subjects (n = 33). At 300 msec, patients had significantly higher thresholds than control subjects (p = .03). Furthermore, frequencies of eye tracking during the 300 msec stimulus were significantly correlated with speed discrimination in control subjects (p = .01) but not in patients, suggesting that eye-tracking initiation may benefit control subjects but not patients. The frequency of eye tracking during speed discrimination was not significantly related to regular eye-tracking performance. Conclusion: Speed discrimination, per se, is not impaired in schizophrenia patients. The observed abnormality appears to be a consequence of impairment in generating or integrating the feedback information from eye movements. This study introduces a novel approach to motion perception studies and highlights the importance of concurrently measuring eye movements to understand interactions between these two systems; the results argue for a conceptual revision regarding motion perception abnormality in schizophrenia.",studies have shown that schizophrenia patients have motion perception deficit which was thought to cause eye-tracking abnormality in schizophrenia however eye movement closely interacts with motion perception the known eye-tracking difficulties in schizophrenia patients may interact with their motion perception two speed discrimination experiments were conducted in a within-subject design in experiment 1 the stimulus duration was 150 msec to minimize the chance of eye-tracking occurrence in experiment 2 the duration was increased to 300 msec increasing the possibility of eye movement intrusion regular eye-tracking performance was evaluated in a third experiment at 150 msec speed discrimination thresholds did not differ between schizophrenia patients n 38 and control subjects n 33 at 300 msec patients had significantly higher thresholds than control subjects p 03 furthermore frequencies of eye tracking during the 300 msec stimulus were significantly correlated with speed discrimination in control subjects p 01 but not in patients suggesting that eye-tracking initiation may benefit control subjects but not patients the frequency of eye tracking during speed discrimination was not significantly related to regular eye-tracking performance conclusion speed discrimination per se is not impaired in schizophrenia patients the observed abnormality appears to be a consequence of impairment in generating or integrating the feedback information from eye movements this study introduces a novel approach to motion perception studies and highlights the importance of concurrently measuring eye movements to understand interactions between these two systems the results argue for a conceptual revision regarding motion perception abnormality in schizophrenia,no_acute,unspecified
PUBMEDQA_REPORT_10605400,"As part of an MRC funded study into primary care oral anticoagulation management, INR measurements obtained in general practice were validated against values on the same samples obtained in hospital laboratories. A prospective comparative trial was undertaken between three hospital laboratories and nine general practices. All patients attending general practice based anticoagulant clinics had parallel INR estimations performed in general practice and in a hospital laboratory. 405 tests were performed. Comparison between results obtained in the practices and those in the reference hospital laboratory (gold standard), which used the same method of testing for INR, showed a correlation coefficient of 0.96. Correlation coefficients comparing the results with the various standard laboratory techniques ranged from 0.86 to 0.92. It was estimated that up to 53% of tests would have resulted in clinically significant differences (change in warfarin dose) depending upon the site and method of testing. The practice derived results showed a positive bias ranging from 0.28 to 1.55, depending upon the site and method of testing. Conclusion: No technical problems associated with INR testing within primary care were uncovered. Discrepant INR results are as problematic in hospital settings as they are in primary care. These data highlight the failings of the INR to standardise when different techniques and reagents are used, an issue which needs to be resolved. For primary care to become more involved in therapeutic oral anticoagulation monitoring, close links are needed between hospital laboratories and practices, particularly with regard to training and quality assurance.",as part of an mrc funded study into primary care oral anticoagulation management inr measurements obtained in general practice were validated against values on the same samples obtained in hospital laboratories a prospective comparative trial was undertaken between three hospital laboratories and nine general practices all patients attending general practice based anticoagulant clinics had parallel inr estimations performed in general practice and in a hospital laboratory 405 tests were performed comparison between results obtained in the practices and those in the reference hospital laboratory gold standard which used the same method of testing for inr showed a correlation coefficient of 0 96 correlation coefficients comparing the results with the various standard laboratory techniques ranged from 0 86 to 0 92 it was estimated that up to 53 of tests would have resulted in clinically significant differences change in warfarin dose depending upon the site and method of testing the practice derived results showed a positive bias ranging from 0 28 to 1 55 depending upon the site and method of testing conclusion no technical problems associated with inr testing within primary care were uncovered discrepant inr results are as problematic in hospital settings as they are in primary care these data highlight the failings of the inr to standardise when different techniques and reagents are used an issue which needs to be resolved for primary care to become more involved in therapeutic oral anticoagulation monitoring close links are needed between hospital laboratories and practices particularly with regard to training and quality assurance,,unspecified
PUBMEDQA_REPORT_10173769,"To consider whether the Barthel Index alone provides sufficient information about the long term outcome of stroke. Cross sectional follow up study with a structured interview questionnaire and measures of impairment, disability, handicap, and general health. The scales used were the hospital anxiety and depression scale, mini mental state examination, Barthel index, modified Rankin scale, London handicap scale, Frenchay activities index, SF36, Nottingham health profile, life satisfaction index, and the caregiver strain index. South east London. People, and their identified carers, resident in south east London in 1989-90 when they had their first in a life-time stroke aged under 75 years. Observational study. Comparison and correlation of the individual Barthel index scores with the scores on other outcome measures. One hundred and twenty three (42%) people were known to be alive, of whom 106 (86%) were interviewed. The median age was 71 years (range 34-79). The mean interval between the stroke and follow up was 4.9 years. The rank correlation coefficients between the Barthel and the different dimensions of the SF36 ranged from r = 0.217 (with the role emotional dimension) to r = 0.810 (with the physical functioning dimension); with the Nottingham health profile the range was r = -0.189 (with the sleep dimension, NS) to r = -0.840 (with the physical mobility dimension); with the hospital and anxiety scale depression component the coefficient was r = -0.563, with the life satisfaction index r = 0.361, with the London handicap scale r = 0.726 and with the Frenchay activities index r = 0.826. Conclusion: The place of the Barthel index as the standard outcome measure for populations of stroke patients is still justified for long term follow up, and may be a proxy for different outcome measures intended for the assessment of other domains.",to consider whether the barthel index alone provides sufficient information about the long term outcome of stroke cross sectional follow up study with a structured interview questionnaire and measures of impairment disability handicap and general health the scales used were the hospital anxiety and depression scale mini mental state examination barthel index modified rankin scale london handicap scale frenchay activities index sf36 nottingham health profile life satisfaction index and the caregiver strain index south east london people and their identified carers resident in south east london in 1989-90 when they had their first in a life-time stroke aged under 75 years observational study comparison and correlation of the individual barthel index scores with the scores on other outcome measures one hundred and twenty three 42 people were known to be alive of whom 106 86 were interviewed the median age was 71 years range 34-79 the mean interval between the stroke and follow up was 4 9 years the rank correlation coefficients between the barthel and the different dimensions of the sf36 ranged from r 0 217 with the role emotional dimension to r 0 810 with the physical functioning dimension with the nottingham health profile the range was r -0 189 with the sleep dimension ns to r -0 840 with the physical mobility dimension with the hospital and anxiety scale depression component the coefficient was r -0 563 with the life satisfaction index r 0 361 with the london handicap scale r 0 726 and with the frenchay activities index r 0 826 conclusion the place of the barthel index as the standard outcome measure for populations of stroke patients is still justified for long term follow up and may be a proxy for different outcome measures intended for the assessment of other domains,,unspecified
PUBMEDQA_REPORT_22867778,"Health services often spend more on safety interventions than seems cost-effective. This study investigates whether the public value safety-related health care improvements more highly than the same improvements in contexts where the health care system is not responsible. An online survey was conducted to elicit the relative importance placed on preventing harms caused by 1) health care (hospital-acquired infections, drug administration errors, injuries to health care staff), 2) individuals (personal lifestyle choices, sports-related injuries), and 3) nature (genetic disorders). Direct valuations were obtained from members of the public by using a person trade-off or ""matching"" method. Participants were asked to choose between two preventative interventions of equal cost and equal health benefit per person for the same number of people, but differing in causation. If participants indicated a preference, their strength of preference was measured by using person trade-off. Responses were obtained from 1030 people, reflecting the sociodemographic mix of the UK population. Participants valued interventions preventing hospital-acquired infections (1.31) more highly than genetic disorders (1.0), although drug errors were valued similarly to genetic disorders (1.07), and interventions to prevent injury to health care staff were given less weight than genetic disorders (0.71). Less weight was also given to interventions related to lifestyle (0.65) and sports injuries (0.41). Conclusion: Our results suggest that people do not attach a simple fixed premium to ""safety-related"" interventions but that preferences depend more subtly on context. The use of the results of such public preference surveys to directly inform policy would therefore be premature.",health services often spend more on safety interventions than seems cost-effective this study investigates whether the public value safety-related health care improvements more highly than the same improvements in contexts where the health care system is not responsible an online survey was conducted to elicit the relative importance placed on preventing harms caused by 1 health care hospital-acquired infections drug administration errors injuries to health care staff 2 individuals personal lifestyle choices sports-related injuries and 3 nature genetic disorders direct valuations were obtained from members of the public by using a person trade-off or matching method participants were asked to choose between two preventative interventions of equal cost and equal health benefit per person for the same number of people but differing in causation if participants indicated a preference their strength of preference was measured by using person trade-off responses were obtained from 1030 people reflecting the sociodemographic mix of the uk population participants valued interventions preventing hospital-acquired infections 1 31 more highly than genetic disorders 1 0 although drug errors were valued similarly to genetic disorders 1 07 and interventions to prevent injury to health care staff were given less weight than genetic disorders 0 71 less weight was also given to interventions related to lifestyle 0 65 and sports injuries 0 41 conclusion our results suggest that people do not attach a simple fixed premium to safety-related interventions but that preferences depend more subtly on context the use of the results of such public preference surveys to directly inform policy would therefore be premature,pneumonia,unspecified
PUBMEDQA_REPORT_24516646,"The ImmunoCAP ISAC 112 is a fluoro-immunoassay that allows detection of specific IgE to 112 molecular components from 51 allergenic sources. We studied the reliability of this technique intra- and inter- assay, as well as inter-batch- and inter-laboratory-assay. Twenty samples were studied, nineteen sera from polysensitized allergic patients, and the technique calibrator provided by the manufacturer (CTR02). We measured the sIgE from CTR02 and three patients' sera ten times in the same and in different assays. Furthermore, all samples were tested in two laboratories and with two batches of ISAC kit. To evaluate the accuracy of ISAC 112, we contrasted the determinations of CTR02 calibrator with their expected values by T Student test. To analyse the precision, we calculated the coefficient of variation (CV) of the 15 allergens that generate the calibration curve, and to analyse the repeatability and the reproducibility, we calculated the intraclass coefficient correlation (ICC) to each allergen. The results obtained for CTR02 were similar to those expected in 7 of 15 allergens that generate the calibration curve, whereas in 8 allergens the results showed significant differences. The mean CV obtained in the CTR02 determinations was of 9.4%, and the variability of sera from patients was of 22.9%. The agreement in the intra- and inter-assay analysis was very good to 94 allergens and good to one. In the inter-batch analyse, we obtained a very good agreement to 82 allergens, good to 14, moderate to 5 allergens, poor to one, and bad to 1 allergen. In the inter-laboratory analyse, we obtained a very good agreement to 73 allergens, good to 22, moderate to 6 and poor to two allergens. Conclusion: The allergen microarray immunoassay, ISAC 112, is a repeatable and reproducible in vitro diagnostic tool for determination of sIgE beyond the own laboratory.",the immunocap isac 112 is a fluoro-immunoassay that allows detection of specific ige to 112 molecular components from 51 allergenic sources we studied the reliability of this technique intra- and inter- assay as well as inter-batch- and inter-laboratory-assay twenty samples were studied nineteen sera from polysensitized allergic patients and the technique calibrator provided by the manufacturer ctr02 we measured the sige from ctr02 and three patients sera ten times in the same and in different assays furthermore all samples were tested in two laboratories and with two batches of isac kit to evaluate the accuracy of isac 112 we contrasted the determinations of ctr02 calibrator with their expected values by t student test to analyse the precision we calculated the coefficient of variation cv of the 15 allergens that generate the calibration curve and to analyse the repeatability and the reproducibility we calculated the intraclass coefficient correlation icc to each allergen the results obtained for ctr02 were similar to those expected in 7 of 15 allergens that generate the calibration curve whereas in 8 allergens the results showed significant differences the mean cv obtained in the ctr02 determinations was of 9 4 and the variability of sera from patients was of 22 9 the agreement in the intra- and inter-assay analysis was very good to 94 allergens and good to one in the inter-batch analyse we obtained a very good agreement to 82 allergens good to 14 moderate to 5 allergens poor to one and bad to 1 allergen in the inter-laboratory analyse we obtained a very good agreement to 73 allergens good to 22 moderate to 6 and poor to two allergens conclusion the allergen microarray immunoassay isac 112 is a repeatable and reproducible in vitro diagnostic tool for determination of sige beyond the own laboratory,,unspecified
PUBMEDQA_REPORT_21726930,"Endometrial polyp is a common cause of abnormal uterine bleeding, but the etiology and pathogenesis remain unclear. Vascular endothelial growth factor (VEGF) is angiogenic, related to thick walled vessels and transforming growth factor-beta1 (TGF-β1) is related to fibrotic tissue, which are characteristics of endometrial polyps. The primary objective of this study was to find out if endometrial polyp formation is associated with increased expression of VEGF or TGF-β1, or both. A secondary objective is to determine if the changes are related to steroid receptor expression. This prospective study compared VEGF and TGF-β1 expression of endometrial polyps and adjacent endometrial tissue in 70 premenopausal women. The comparison of results was separately made for endometrium specimens obtained in the proliferative and secretory phases. The results were correlated with the steroid receptors (estrogen receptor and progesterone receptor) expression. The score of VEGF in glandular cells of endometrial polyps was significantly higher than the score in adjacent endometrium, both in the proliferative phase (P<0.001) and the secretory phase (P=0.03); the score of VEGF in stromal cells of endometrial polyps was significantly higher than the score in adjacent endometrium only in proliferative phase (P=0.006). The score of TGF-β1 in glandular cells of endometrial polyps was significantly higher than the score in adjacent endometrium in proliferative phase (P=0.02); whereas the score of TGF-β1 in stromal cells of endometrial polyps was significantly higher than the score in adjacent endometrium, both in the proliferative phase (P=0.006) and the secretory phase (P=0.008). There was a significant correlation between the expression of steroid receptors and VEGF and TGF-β1 (Spearman's correlation P<0.001 and P<0.05, respectively). Conclusion: There was increased expression of TGF-β1 and VEGF in polyps compared to adjacent normal endometrial tissue. It suggested that these cytokines might play a role in endometrial polyp formation. In addition, there was a significant correlation between steroid receptor expression and VEGF and TGF-β1 expression.",endometrial polyp is a common cause of abnormal uterine bleeding but the etiology and pathogenesis remain unclear vascular endothelial growth factor vegf is angiogenic related to thick walled vessels and transforming growth factor-beta1 tgf- 1 is related to fibrotic tissue which are characteristics of endometrial polyps the primary objective of this study was to find out if endometrial polyp formation is associated with increased expression of vegf or tgf- 1 or both a secondary objective is to determine if the changes are related to steroid receptor expression this prospective study compared vegf and tgf- 1 expression of endometrial polyps and adjacent endometrial tissue in 70 premenopausal women the comparison of results was separately made for endometrium specimens obtained in the proliferative and secretory phases the results were correlated with the steroid receptors estrogen receptor and progesterone receptor expression the score of vegf in glandular cells of endometrial polyps was significantly higher than the score in adjacent endometrium both in the proliferative phase p 0 001 and the secretory phase p 0 03 the score of vegf in stromal cells of endometrial polyps was significantly higher than the score in adjacent endometrium only in proliferative phase p 0 006 the score of tgf- 1 in glandular cells of endometrial polyps was significantly higher than the score in adjacent endometrium in proliferative phase p 0 02 whereas the score of tgf- 1 in stromal cells of endometrial polyps was significantly higher than the score in adjacent endometrium both in the proliferative phase p 0 006 and the secretory phase p 0 008 there was a significant correlation between the expression of steroid receptors and vegf and tgf- 1 spearman s correlation p 0 001 and p 0 05 respectively conclusion there was increased expression of tgf- 1 and vegf in polyps compared to adjacent normal endometrial tissue it suggested that these cytokines might play a role in endometrial polyp formation in addition there was a significant correlation between steroid receptor expression and vegf and tgf- 1 expression,no_acute,unspecified
PUBMEDQA_REPORT_23002947,"To examine survival with and without a percutaneous endoscopic gastrostomy (PEG) feeding tube using rigorous methods to account for selection bias and to examine whether the timing of feeding tube insertion affected survival. Prospective cohort study. All U.S. nursing homes (NHs). Thirty-six thousand four hundred ninety-two NH residents with advanced cognitive impairment from dementia and new problems eating studied between 1999 and 2007. Survival after development of the need for eating assistance and feeding tube insertion. Of the 36,492 NH residents (88.4% white, mean age 84.9, 87.4% with one feeding tube risk factor), 1,957 (5.4%) had a feeding tube inserted within 1 year of developing eating problems. After multivariate analysis correcting for selection bias with propensity score weights, no difference was found in survival between the two groups (adjusted hazard ratio (AHR) = 1.03, 95% confidence interval (CI) = 0.94-1.13). In residents who were tube-fed, the timing of PEG tube insertion relative to the onset of eating problems was not associated with survival after feeding tube insertion (AHR = 1.01, 95% CI = 0.86-1.20, persons with a PEG tube inserted within 1 month of developing an eating problem versus later (4 months) insertion). Conclusion: Neither insertion of PEG tubes nor timing of insertion affect survival.",to examine survival with and without a percutaneous endoscopic gastrostomy peg feeding tube using rigorous methods to account for selection bias and to examine whether the timing of feeding tube insertion affected survival prospective cohort study all u s nursing homes nhs thirty-six thousand four hundred ninety-two nh residents with advanced cognitive impairment from dementia and new problems eating studied between 1999 and 2007 survival after development of the need for eating assistance and feeding tube insertion of the 36 492 nh residents 88 4 white mean age 84 9 87 4 with one feeding tube risk factor 1 957 5 4 had a feeding tube inserted within 1 year of developing eating problems after multivariate analysis correcting for selection bias with propensity score weights no difference was found in survival between the two groups adjusted hazard ratio ahr 1 03 95 confidence interval ci 0 94-1 13 in residents who were tube-fed the timing of peg tube insertion relative to the onset of eating problems was not associated with survival after feeding tube insertion ahr 1 01 95 ci 0 86-1 20 persons with a peg tube inserted within 1 month of developing an eating problem versus later 4 months insertion conclusion neither insertion of peg tubes nor timing of insertion affect survival,,unspecified
PUBMEDQA_REPORT_18568290,"The etiology of hemodialysis (HD)-induced hypotension and hypertension remains speculative. There is mounting evidence that endothelin-1 (ET-1) may play a vital role in these hemodynamic changes. We examined the possible role of intradialytic changes of ET-1 in the pathogenesis of hypotension and rebound hypertension during HD. The present study included 45 patients with end-stage renal disease (ESRD) on regular HD. They were divided according to their hemodynamic status during HD into three groups (group I had stable intradialytic hemodynamics, group II had dialysis-induced hypotension, and group III had rebound hypertension during HD). In addition, 15 healthy volunteers were included as a control group. Pulse and blood pressure were monitored before, during (every half hour), and after HD session. ET-1 level was measured at the beginning, middle, and end of HD. ET-1 was measured in the control group for comparison. Pre-dialysis levels of ET-1 were significantly higher in dialysis patients compared to the controls (P<0.001); however, they were comparable in the three HD groups. The post-dialysis ET-1 level was not changed significantly in group I compared with predialysis values (14.49 +/- 2.04 vs. 14.33 +/- 2.23 pg/ml; P = NS), while the ET-1 concentration decreased significantly in group II and increased in group III in comparison to predialysis values (8.56 +/- 1.44 vs. 11.75 +/- 2.51; 16.39 +/- 3.12 vs. 11.93 +/- 2.11 pg/ml, respectively; P<0.001). Conclusion: Altered ET-1 levels may be involved in the pathogenesis of rebound hypertension and hypotension during HD.",the etiology of hemodialysis hd -induced hypotension and hypertension remains speculative there is mounting evidence that endothelin-1 et-1 may play a vital role in these hemodynamic changes we examined the possible role of intradialytic changes of et-1 in the pathogenesis of hypotension and rebound hypertension during hd the present study included 45 patients with end-stage renal disease esrd on regular hd they were divided according to their hemodynamic status during hd into three groups group i had stable intradialytic hemodynamics group ii had dialysis-induced hypotension and group iii had rebound hypertension during hd in addition 15 healthy volunteers were included as a control group pulse and blood pressure were monitored before during every half hour and after hd session et-1 level was measured at the beginning middle and end of hd et-1 was measured in the control group for comparison pre-dialysis levels of et-1 were significantly higher in dialysis patients compared to the controls p 0 001 however they were comparable in the three hd groups the post-dialysis et-1 level was not changed significantly in group i compared with predialysis values 14 49 - 2 04 vs 14 33 - 2 23 pg ml p ns while the et-1 concentration decreased significantly in group ii and increased in group iii in comparison to predialysis values 8 56 - 1 44 vs 11 75 - 2 51 16 39 - 3 12 vs 11 93 - 2 11 pg ml respectively p 0 001 conclusion altered et-1 levels may be involved in the pathogenesis of rebound hypertension and hypotension during hd,,unspecified
PUBMEDQA_REPORT_16713745,"Cytokine concentration in pancreatic juice of patients with pancreatic disease is unknown. Secretin stimulation allows endoscopic collection of pancreatic juice secreted into the duodenum. We aimed to evaluate the cytokine concentrations in pancreatic juice of patients with abdominal pain to discriminate presence from absence of pancreatic disease. From January 2003-December 2004, consecutive patients with abdominal pain compatible with pancreatic origin were enrolled. Patients underwent upper endoscopy. Intravenous secretin (0.2 mug/kg) was given immediately before scope intubation. Pancreatic juice collected from the duodenum was immediately snap-frozen in liquid nitrogen until assays were performed. Pancreatic juice levels of interleukin-8, interleukin-6, intercellular adhesion molecule 1, and transforming growth factor-beta 1 were measured by modified enzyme-linked immunosorbent assays. The final diagnosis was made by the primary gastroenterologist on the basis of medical history; laboratory, endoscopic, and imaging studies; and clinical follow-up. Fisher exact test and Kruskal-Wallis rank sum test were used for statistical analysis. Of 130 patients screened, 118 met the inclusion criteria. Multivariate analysis revealed that only interleukin-8 was able to discriminate between normal pancreas and chronic pancreatitis (P = .011), pancreatic cancer (P = .044), and the presence of pancreatic diseases (P = .007). Individual cytokine concentrations were not significantly different in chronic pancreatitis compared with pancreatic cancer. Conclusion: Cytokine levels can be measured in pancreatic juice obtained from the duodenum without direct cannulation of the pancreatic duct. Interleukin-8 concentration in pancreatic juice can be used to discriminate between normal pancreas and patients with pancreatic disease. This is a relatively simple and noninvasive method to aid in the diagnosis of pancreatic diseases.",cytokine concentration in pancreatic juice of patients with pancreatic disease is unknown secretin stimulation allows endoscopic collection of pancreatic juice secreted into the duodenum we aimed to evaluate the cytokine concentrations in pancreatic juice of patients with abdominal pain to discriminate presence from absence of pancreatic disease from january 2003-december 2004 consecutive patients with abdominal pain compatible with pancreatic origin were enrolled patients underwent upper endoscopy intravenous secretin 0 2 mug kg was given immediately before scope intubation pancreatic juice collected from the duodenum was immediately snap-frozen in liquid nitrogen until assays were performed pancreatic juice levels of interleukin-8 interleukin-6 intercellular adhesion molecule 1 and transforming growth factor-beta 1 were measured by modified enzyme-linked immunosorbent assays the final diagnosis was made by the primary gastroenterologist on the basis of medical history laboratory endoscopic and imaging studies and clinical follow-up fisher exact test and kruskal-wallis rank sum test were used for statistical analysis of 130 patients screened 118 met the inclusion criteria multivariate analysis revealed that only interleukin-8 was able to discriminate between normal pancreas and chronic pancreatitis p 011 pancreatic cancer p 044 and the presence of pancreatic diseases p 007 individual cytokine concentrations were not significantly different in chronic pancreatitis compared with pancreatic cancer conclusion cytokine levels can be measured in pancreatic juice obtained from the duodenum without direct cannulation of the pancreatic duct interleukin-8 concentration in pancreatic juice can be used to discriminate between normal pancreas and patients with pancreatic disease this is a relatively simple and noninvasive method to aid in the diagnosis of pancreatic diseases,no_acute,unspecified
PUBMEDQA_REPORT_19520213,"A list of telephone numbers of UK hospitals with a radiology department was obtained from the Royal College of Radiologists. One hundred hospitals were then randomly selected for inclusion in the survey. An 18-item questionnaire was successfully administered to consultant radiologists from 84 departments. Sixty-one percent of departments had a named radiologist to report their skeletal surveys, 16% assigned surveys to a random radiologist, and 23% referred them elsewhere. Only 52% of departments had a dedicated paediatric radiologist, thus in a significant proportion of departments (25%) initial reports on skeletal surveys for physical abuse were provided by non-paediatric radiologists. Fifteen percent did not have ready access to a paediatric radiology opinion. Sixty-one percent thought that the service could be improved. Expert evidence was provided by 5% of respondents. Seventy-three percent would never consider providing expert evidence, even if given adequate radiology and/or legal training. Conclusion: The survey shows significant dissatisfaction amongst consultant radiologists with the current service, confirms a low number of paediatric radiologists taking on this work, and suggests the potential to increase numbers of radiology child abuse experts by 27% if given improved training and support. Appropriate service and education strategies should be implemented.",a list of telephone numbers of uk hospitals with a radiology department was obtained from the royal college of radiologists one hundred hospitals were then randomly selected for inclusion in the survey an 18-item questionnaire was successfully administered to consultant radiologists from 84 departments sixty-one percent of departments had a named radiologist to report their skeletal surveys 16 assigned surveys to a random radiologist and 23 referred them elsewhere only 52 of departments had a dedicated paediatric radiologist thus in a significant proportion of departments 25 initial reports on skeletal surveys for physical abuse were provided by non-paediatric radiologists fifteen percent did not have ready access to a paediatric radiology opinion sixty-one percent thought that the service could be improved expert evidence was provided by 5 of respondents seventy-three percent would never consider providing expert evidence even if given adequate radiology and or legal training conclusion the survey shows significant dissatisfaction amongst consultant radiologists with the current service confirms a low number of paediatric radiologists taking on this work and suggests the potential to increase numbers of radiology child abuse experts by 27 if given improved training and support appropriate service and education strategies should be implemented,,unspecified
OPENI_005307,"FINDINGS: The XXXX examination consists of frontal and lateral radiographs of the chest. The cardiomediastinal contours are within normal limits. Pulmonary vascularity is within normal limits. No focal consolidation, pleural effusion, or pneumothorax identified. Old healed left 5th and 6th rib fractures are seen laterally.. IMPRESSION: No evidence of acute cardiopulmonary process.",findings the xxxx examination consists of frontal and lateral radiographs of the chest the cardiomediastinal contours are within normal limits pulmonary vascularity is within normal limits no focal consolidation pleural effusion or pneumothorax identified old healed left 5th and 6th rib fractures are seen laterally impression no evidence of acute cardiopulmonary process,pleural_effusion|consolidation|cardiomegaly|no_acute,left
OPENI_000248,"FINDINGS: Heart size and mediastinal contour are normal. Pulmonary vascularity is normal. Lungs are clear. No pleural effusions or pneumothoraces. There is a mild anterior wedge XXXX deformity of L1, age-indeterminate.. IMPRESSION: 1. No acute cardiopulmonary process. 2. Age indeterminant grade 1 anterior wedge XXXX deformity of L1.",findings heart size and mediastinal contour are normal pulmonary vascularity is normal lungs are clear no pleural effusions or pneumothoraces there is a mild anterior wedge xxxx deformity of l1 age-indeterminate impression 1 no acute cardiopulmonary process 2 age indeterminant grade 1 anterior wedge xxxx deformity of l1,pleural_effusion|cardiomegaly|no_acute,unspecified
OPENI_003460,FINDINGS: The heart is normal in size. The mediastinum is unremarkable. The lungs are hypoinflated. Small bilateral pleural effusions are seen.. IMPRESSION: Small bilateral pleural effusions.,findings the heart is normal in size the mediastinum is unremarkable the lungs are hypoinflated small bilateral pleural effusions are seen impression small bilateral pleural effusions,pleural_effusion|no_acute,bilateral
OPENI_003482,"FINDINGS: Heart size normal. Lungs are clear. XXXX are normal. No pneumonia, effusions, edema, pneumothorax, adenopathy, nodules or masses.. IMPRESSION: Normal chest",findings heart size normal lungs are clear xxxx are normal no pneumonia effusions edema pneumothorax adenopathy nodules or masses impression normal chest,pleural_effusion|pneumonia|cardiomegaly|congestion|no_acute,unspecified
OPENI_006298,FINDINGS: Heart size and pulmonary vascularity appear within normal limits. Calcified granuloma is present in the right base. No pneumothorax or pleural effusion is seen. In the lateral right base is identified an ill-defined somewhat oblong opacity. This was not present on the previous study. The remainder of the lungs appear clear.. IMPRESSION: 1. Ill-defined oblong opacity in the lateral right base. This may represent pleural based process. The exact XXXX is unclear. Followup exam is suggested to confirm clearing or stability.,findings heart size and pulmonary vascularity appear within normal limits calcified granuloma is present in the right base no pneumothorax or pleural effusion is seen in the lateral right base is identified an ill-defined somewhat oblong opacity this was not present on the previous study the remainder of the lungs appear clear impression 1 ill-defined oblong opacity in the lateral right base this may represent pleural based process the exact xxxx is unclear followup exam is suggested to confirm clearing or stability,pleural_effusion|cardiomegaly|opacity|no_acute,right
OPENI_000497,FINDINGS: The cardiac contours are normal. Prior granulomatous disease. The lungs are clear. Thoracic spondylosis.. IMPRESSION: No acute process.,findings the cardiac contours are normal prior granulomatous disease the lungs are clear thoracic spondylosis impression no acute process,no_acute,unspecified
OPENI_001407,"FINDINGS: The lungs are clear, and without focal air space opacity. The cardiomediastinal silhouette is normal in size and contour, and stable. There is no pneumothorax large pleural effusion.. IMPRESSION: No acute cardiopulmonary abnormality.",findings the lungs are clear and without focal air space opacity the cardiomediastinal silhouette is normal in size and contour and stable there is no pneumothorax large pleural effusion impression no acute cardiopulmonary abnormality,pleural_effusion|cardiomegaly|opacity|no_acute,unspecified
OPENI_001150,FINDINGS: . IMPRESSION: The heart size and cardiomediastinal silhouette are within normal limits. Pulmonary vasculature appears normal. There is no focal air space consolidation. No pleural effusion or pneumothorax.,findings impression the heart size and cardiomediastinal silhouette are within normal limits pulmonary vasculature appears normal there is no focal air space consolidation no pleural effusion or pneumothorax,pleural_effusion|consolidation|cardiomegaly|no_acute,unspecified
OPENI_000240,"FINDINGS: No focal consolidation, pneumothorax, or pleural effusion. Cardiomediastinal silhouette is stable and unremarkable. No acute osseous abnormalities are identified.. IMPRESSION: No acute cardiopulmonary abnormality..",findings no focal consolidation pneumothorax or pleural effusion cardiomediastinal silhouette is stable and unremarkable no acute osseous abnormalities are identified impression no acute cardiopulmonary abnormality,pleural_effusion|consolidation|cardiomegaly|no_acute,unspecified
OPENI_001298,FINDINGS: The lungs hyperexpanded suggesting emphysema. The heart size and pulmonary vascularity appear within normal limits. Lungs are free of focal airspace disease. No pleural effusion or pneumothorax is seen. Osteopenia and degenerative changes are present in the spine.. IMPRESSION: No evidence of active disease.,findings the lungs hyperexpanded suggesting emphysema the heart size and pulmonary vascularity appear within normal limits lungs are free of focal airspace disease no pleural effusion or pneumothorax is seen osteopenia and degenerative changes are present in the spine impression no evidence of active disease,pleural_effusion|cardiomegaly|no_acute,unspecified
OPENI_006412,"FINDINGS: The cardiomediastinal silhouette and pulmonary vasculature are within normal limits in size. The lungs are clear of focal airspace disease, pneumothorax, or pleural effusion. There are no acute bony findings.. IMPRESSION: No acute cardiopulmonary findings. .",findings the cardiomediastinal silhouette and pulmonary vasculature are within normal limits in size the lungs are clear of focal airspace disease pneumothorax or pleural effusion there are no acute bony findings impression no acute cardiopulmonary findings,pleural_effusion|cardiomegaly|no_acute,unspecified
OPENI_002624,FINDINGS: There's been interval enlargement in the cardiac silhouette. These XXXX't contours are within normal limits. The lungs are normally inflated and clear. Osseous structures are within normal limits for patient age.. IMPRESSION: 1. No acute radiographic cardiopulmonary process. 2. Interval development of cardiomegaly.,findings there s been interval enlargement in the cardiac silhouette these xxxx t contours are within normal limits the lungs are normally inflated and clear osseous structures are within normal limits for patient age impression 1 no acute radiographic cardiopulmonary process 2 interval development of cardiomegaly,cardiomegaly|no_acute,unspecified
OPENI_003519,FINDINGS: Cardiomediastinal silhouette and pulmonary vasculature are within normal limits. Lungs are clear. No pneumothorax or pleural effusion. No acute osseous findings.. IMPRESSION: No acute cardiopulmonary findings.,findings cardiomediastinal silhouette and pulmonary vasculature are within normal limits lungs are clear no pneumothorax or pleural effusion no acute osseous findings impression no acute cardiopulmonary findings,pleural_effusion|cardiomegaly|no_acute,unspecified
OPENI_000545,"FINDINGS: There is a lobulated contour to the right paratracheal stripe, possibly consistent with a vascular structure or lymph XXXX. The cardiomediastinal silhouette is otherwise within normal limits for appearance. No focal areas of pulmonary consolidation. No pneumothorax. No pleural effusion. The thoracic spine appears intact.. IMPRESSION: 1. Lobulated contour of the right paratracheal stripe. This may represent a vascular structure or enlarged lymph node and could be evaluated further with chest CT. Otherwise, no acute intrathoracic abnormality.",findings there is a lobulated contour to the right paratracheal stripe possibly consistent with a vascular structure or lymph xxxx the cardiomediastinal silhouette is otherwise within normal limits for appearance no focal areas of pulmonary consolidation no pneumothorax no pleural effusion the thoracic spine appears intact impression 1 lobulated contour of the right paratracheal stripe this may represent a vascular structure or enlarged lymph node and could be evaluated further with chest ct otherwise no acute intrathoracic abnormality,pleural_effusion|consolidation|cardiomegaly|no_acute,right
OPENI_006075,FINDINGS: Heart size and pulmonary vascularity appear within normal limits. There is mild tortuosity to the descending thoracic aorta. The lungs are free of focal airspace disease. No pleural effusion or pneumothorax is seen. No discrete nodules or adenopathy are noted. Degenerative changes are present in the spine.. IMPRESSION: No evidence of active disease.,findings heart size and pulmonary vascularity appear within normal limits there is mild tortuosity to the descending thoracic aorta the lungs are free of focal airspace disease no pleural effusion or pneumothorax is seen no discrete nodules or adenopathy are noted degenerative changes are present in the spine impression no evidence of active disease,pleural_effusion|cardiomegaly|no_acute,unspecified
OPENI_001375,FINDINGS: Normal heart. Clear lungs. Stable calcified granuloma left midlung. No pneumothorax. No pleural effusion. Midline trachea.. IMPRESSION: Normal chest exam.,findings normal heart clear lungs stable calcified granuloma left midlung no pneumothorax no pleural effusion midline trachea impression normal chest exam,pleural_effusion|no_acute,left
OPENI_000813,FINDINGS: Patient is status post CABG. The heart size and pulmonary vascularity appear within normal limits. The lungs are free of focal airspace disease. No pleural effusion or pneumothorax is seen. Calcified granuloma is noted.. IMPRESSION: No evidence of active disease.,findings patient is status post cabg the heart size and pulmonary vascularity appear within normal limits the lungs are free of focal airspace disease no pleural effusion or pneumothorax is seen calcified granuloma is noted impression no evidence of active disease,pleural_effusion|cardiomegaly|no_acute,unspecified
OPENI_000231,FINDINGS: The heart size and pulmonary vascularity appear within normal limits. The lungs are free of focal airspace disease. No pleural effusion or pneumothorax is seen. Degenerative changes are present in the spine.. IMPRESSION: 1. No evidence of active disease.,findings the heart size and pulmonary vascularity appear within normal limits the lungs are free of focal airspace disease no pleural effusion or pneumothorax is seen degenerative changes are present in the spine impression 1 no evidence of active disease,pleural_effusion|cardiomegaly|no_acute,unspecified
OPENI_005479,"FINDINGS: Heart size within normal limits. Small, nodular opacity in the right upper lobe. This does not look like an acute infiltrate, and more XXXX represents a granuloma. No pneumothorax or effusions.. IMPRESSION: No acute findings, no evidence for active TB.",findings heart size within normal limits small nodular opacity in the right upper lobe this does not look like an acute infiltrate and more xxxx represents a granuloma no pneumothorax or effusions impression no acute findings no evidence for active tb,pleural_effusion|cardiomegaly|opacity|no_acute,right
OPENI_001761,"FINDINGS: Lung volumes are decreased from XXXX, and there is resultant bronchovascular crowding. No evidence of focal airspace disease. No definite pleural effusion or pneumothorax. Cardiomediastinal silhouette is within normal limits given the low lung volumes. No free subdiaphragmatic air. Grossly stable mild degenerative changes of the right lower thoracic spine.. IMPRESSION: No acute pulmonary disease.",findings lung volumes are decreased from xxxx and there is resultant bronchovascular crowding no evidence of focal airspace disease no definite pleural effusion or pneumothorax cardiomediastinal silhouette is within normal limits given the low lung volumes no free subdiaphragmatic air grossly stable mild degenerative changes of the right lower thoracic spine impression no acute pulmonary disease,pleural_effusion|cardiomegaly|no_acute,right
OPENI_003246,"FINDINGS: XXXX focal opacity in the medial right lung base XXXX seen on the frontal view. No definite pleural effusion. Stable cardiomediastinal silhouette with normal heart size, no typical findings of pulmonary edema.. IMPRESSION: Abnormal opacity in the right lung base which may be compatible with pneumonia in the appropriate clinical setting. Recommend clinical correlation for infection and followup to resolution. Or, if clinical findings are not compatible with XXXX may be of XXXX.",findings xxxx focal opacity in the medial right lung base xxxx seen on the frontal view no definite pleural effusion stable cardiomediastinal silhouette with normal heart size no typical findings of pulmonary edema impression abnormal opacity in the right lung base which may be compatible with pneumonia in the appropriate clinical setting recommend clinical correlation for infection and followup to resolution or if clinical findings are not compatible with xxxx may be of xxxx,pleural_effusion|pneumonia|cardiomegaly|congestion|opacity|no_acute,right
OPENI_001424,"FINDINGS: Normal cardiomediastinal contours. Marrow pneumothorax, focal lung consolidation or pleural effusions.. IMPRESSION: No acute cardiopulmonary abnormality.",findings normal cardiomediastinal contours marrow pneumothorax focal lung consolidation or pleural effusions impression no acute cardiopulmonary abnormality,pleural_effusion|consolidation|cardiomegaly|no_acute,unspecified
OPENI_002464,FINDINGS: No focal consolidation. No pneumothorax. No pleural effusions. Heart size normal. Cardio mediastinal silhouette is unremarkable.. IMPRESSION: 1. No acute cardiopulmonary findings.,findings no focal consolidation no pneumothorax no pleural effusions heart size normal cardio mediastinal silhouette is unremarkable impression 1 no acute cardiopulmonary findings,pleural_effusion|consolidation|cardiomegaly|no_acute,unspecified
OPENI_001596,"FINDINGS: The heart is mild enlarged. Central pulmonary vascularity is again accentuated. There are also mild increased interstitial markings without focal consolidation or pleural effusion.. IMPRESSION: Mild stable cardiomegaly with mild central pulmonary vascular congestion and interstitial accentuation, XXXX edema.",findings the heart is mild enlarged central pulmonary vascularity is again accentuated there are also mild increased interstitial markings without focal consolidation or pleural effusion impression mild stable cardiomegaly with mild central pulmonary vascular congestion and interstitial accentuation xxxx edema,pleural_effusion|consolidation|cardiomegaly|congestion,unspecified
OPENI_002663,"FINDINGS: The heart size is normal. The lungs are clear without focal airspace opacity, pleural effusion, or pneumothorax. The osseous structures are intact. There are degenerative changes within the XXXX bilaterally and left acromioclavicular joint. XXXX XXXX in the soft tissues of the right upper extremity.. IMPRESSION: No acute cardiopulmonary findings.",findings the heart size is normal the lungs are clear without focal airspace opacity pleural effusion or pneumothorax the osseous structures are intact there are degenerative changes within the xxxx bilaterally and left acromioclavicular joint xxxx xxxx in the soft tissues of the right upper extremity impression no acute cardiopulmonary findings,pleural_effusion|cardiomegaly|opacity|no_acute,right
OPENI_001567,"FINDINGS: The trachea is midline. Cardio mediastinal silhouette is normal in contour with overlying sternotomy XXXX. The lungs are clear without acute infiltrate, effusion or pneumothorax. The visualized bony structures reveal no fractures or dislocations.. IMPRESSION: No acute abnormalities.",findings the trachea is midline cardio mediastinal silhouette is normal in contour with overlying sternotomy xxxx the lungs are clear without acute infiltrate effusion or pneumothorax the visualized bony structures reveal no fractures or dislocations impression no acute abnormalities,pleural_effusion|opacity|no_acute,unspecified
OPENI_002216,FINDINGS: The heart and lungs have XXXX XXXX in the interval. Both lungs are clear and expanded. Heart and mediastinum normal.. IMPRESSION: No active disease.,findings the heart and lungs have xxxx xxxx in the interval both lungs are clear and expanded heart and mediastinum normal impression no active disease,no_acute,unspecified
OPENI_006611,"FINDINGS: The lungs are clear bilaterally. Specifically, no evidence of focal consolidation, pneumothorax, or pleural effusion.. Cardiomediastinal silhouette is unremarkable. Visualized osseous structures of the thorax are without acute abnormality.. IMPRESSION: No acute cardiopulmonary abnormality.",findings the lungs are clear bilaterally specifically no evidence of focal consolidation pneumothorax or pleural effusion cardiomediastinal silhouette is unremarkable visualized osseous structures of the thorax are without acute abnormality impression no acute cardiopulmonary abnormality,pleural_effusion|consolidation|cardiomegaly|no_acute,bilateral
OPENI_006081,FINDINGS: There is a moderate sized right pleural effusion. Severe slightly smaller than is compared to XXXX. There is a small left pleural effusion. This is unchanged as compared to the prior study. There is a right chest wall venous XXXX XXXX which appears accessed. No pneumothorax. Scaphoid abdomen.. IMPRESSION: 1. Moderate sized right pleural effusion appears smaller than the prior study. 2. Small left pleural effusion appears unchanged.,findings there is a moderate sized right pleural effusion severe slightly smaller than is compared to xxxx there is a small left pleural effusion this is unchanged as compared to the prior study there is a right chest wall venous xxxx xxxx which appears accessed no pneumothorax scaphoid abdomen impression 1 moderate sized right pleural effusion appears smaller than the prior study 2 small left pleural effusion appears unchanged,pleural_effusion,right
OPENI_003045,FINDINGS: Cardiomegaly. No focal consolidation. No pleural effusions. No evidence of pneumothorax. Osseous structures intact. Levocurvature of the thoracic spine. Lumbar vertebral body stabilization XXXX.. IMPRESSION: 1. No acute cardiopulmonary abnormality. 2. Cardiomegaly. .,findings cardiomegaly no focal consolidation no pleural effusions no evidence of pneumothorax osseous structures intact levocurvature of the thoracic spine lumbar vertebral body stabilization xxxx impression 1 no acute cardiopulmonary abnormality 2 cardiomegaly,pleural_effusion|consolidation|cardiomegaly|no_acute,unspecified
MMCQSD_REPORT_MMCQSD_001778,"What could be causing dryness, redness, thin skin, and pain on both thumbs in a 71-year-old undergoing chemotherapy and radiation? The image shows the condition of skin rash. Oval shaped or circular red patches on the leg. Little swelling and dryness on the patches with foldings of skin.",what could be causing dryness redness thin skin and pain on both thumbs in a 71-year-old undergoing chemotherapy and radiation the image shows the condition of skin rash oval shaped or circular red patches on the leg little swelling and dryness on the patches with foldings of skin,,unspecified
MMCQSD_REPORT_MMCQSD_001042,Is the slightly raised bump with a small red dot and two hard bumps underneath indicative of ringworm? The image here shows a medical condition related to skin_growth. There are black eruptions and mass elevated from the surface on the skin.,is the slightly raised bump with a small red dot and two hard bumps underneath indicative of ringworm the image here shows a medical condition related to skin growth there are black eruptions and mass elevated from the surface on the skin,,unspecified
MMCQSD_REPORT_MMCQSD_001753,"Is the red, itchy, pimply rash on your hands possibly caused by a new hand cream you used? The image shows the condition of skin rash. Raised spots of pink color on the area of the skin just above the upper thumb. Little dryness present.",is the red itchy pimply rash on your hands possibly caused by a new hand cream you used the image shows the condition of skin rash raised spots of pink color on the area of the skin just above the upper thumb little dryness present,,unspecified
MMCQSD_REPORT_MMCQSD_002419,"What could be the cause of my 5-year-old daughter's non-itchy, skin-colored rash on her face after a vacation? The image shows the condition of skin rash. Round and swollen spots on the skin, red in color and multiple in the affected area.",what could be the cause of my 5-year-old daughter s non-itchy skin-colored rash on her face after a vacation the image shows the condition of skin rash round and swollen spots on the skin red in color and multiple in the affected area,,unspecified
MMCQSD_REPORT_MMCQSD_000818,"What could be the cause of my son's illness with symptoms of rash, peeling skin, and a burning bright orange urine? The image shows the condition of skin rash. Spot swelling on the complete leg's skin, circular In shape and very ligh pink color.",what could be the cause of my son s illness with symptoms of rash peeling skin and a burning bright orange urine the image shows the condition of skin rash spot swelling on the complete leg s skin circular in shape and very ligh pink color,,right
MMCQSD_REPORT_MMCQSD_000140,"What could be causing a non-itchy red bumpy rash on the hands, arms, and ears of children after a field trip to Catalina Island? The image shows the condition of skin rash. Spot swelling on the complete leg's skin, circular In shape and very ligh pink color.",what could be causing a non-itchy red bumpy rash on the hands arms and ears of children after a field trip to catalina island the image shows the condition of skin rash spot swelling on the complete leg s skin circular in shape and very ligh pink color,,unspecified
MMCQSD_REPORT_MMCQSD_002759,"Can using a hair dryer five days a week for six months lead to brain tumor or cancer? The image shows the condition of dry scalp. White coloured scalp with lots of white flakes seen in the hairs.
Condition- dry scalp with dandruff caused by Malassezia Furfur.",can using a hair dryer five days a week for six months lead to brain tumor or cancer the image shows the condition of dry scalp white coloured scalp with lots of white flakes seen in the hairs condition- dry scalp with dandruff caused by malassezia furfur,,unspecified
MMCQSD_REPORT_MMCQSD_002674,"What is the recommended treatment for alopecia and dry scalp, and can Tugain Foam and Morpheme Bhringraja be used together? The image shows the condition of dry scalp. White coloured scalp with lots of white flakes seen in the hairs.
Condition- dry scalp with dandruff caused by Malassezia Furfur.",what is the recommended treatment for alopecia and dry scalp and can tugain foam and morpheme bhringraja be used together the image shows the condition of dry scalp white coloured scalp with lots of white flakes seen in the hairs condition- dry scalp with dandruff caused by malassezia furfur,,unspecified
MMCQSD_REPORT_MMCQSD_002974,"What is the most effective treatment for thread-like rashes on genital area diagnosed as a fungal infection, unresponsive to antibiotics? The image shows the condition of skin rash. Round and swollen spots on the skin, red in color and multiple in the affected area.",what is the most effective treatment for thread-like rashes on genital area diagnosed as a fungal infection unresponsive to antibiotics the image shows the condition of skin rash round and swollen spots on the skin red in color and multiple in the affected area,pneumonia,unspecified
MMCQSD_REPORT_MMCQSD_000773,"Patient experiencing recurring canker sores, swollen tonsils on one side, sore and bleeding gums. Seeking assistance. The image here shows a medical condition related to swollen_tonsils. The swollen tonsils are black and red.",patient experiencing recurring canker sores swollen tonsils on one side sore and bleeding gums seeking assistance the image here shows a medical condition related to swollen tonsils the swollen tonsils are black and red,,unspecified
MMCQSD_REPORT_MMCQSD_001103,"Is there a natural way to improve kidney function, reverse edema, and prevent dialysis in a diabetic patient with high blood pressure? The image here shows a medical condition related to edema. The leg is swollen with no signs of redness.",is there a natural way to improve kidney function reverse edema and prevent dialysis in a diabetic patient with high blood pressure the image here shows a medical condition related to edema the leg is swollen with no signs of redness,congestion,unspecified
MMCQSD_REPORT_MMCQSD_002934,"Query: Patient has been suffering from pterygium for 2 years, experiencing swollen eyes. Wants to know if online eye drops can provide a permanent solution without surgery. The image shows the condition of swollen eye. Little swelling on the lateral side of the right eye's eyelid.",query patient has been suffering from pterygium for 2 years experiencing swollen eyes wants to know if online eye drops can provide a permanent solution without surgery the image shows the condition of swollen eye little swelling on the lateral side of the right eye s eyelid,,right
MMCQSD_REPORT_MMCQSD_000252,"Summary: Patient has undiagnosed throat infection with swollen tonsils, veiny throat, pale mouth, thin spider web veins, yellow roof, ear aches, pale and sensitive gums. The image shows the condition of mouth ulcers. Pink coloured circular swelling with redness all around it prese t on the inner side of upper lip.
Condition- stomatitis ( Inflammation of the skin of mouth)
",summary patient has undiagnosed throat infection with swollen tonsils veiny throat pale mouth thin spider web veins yellow roof ear aches pale and sensitive gums the image shows the condition of mouth ulcers pink coloured circular swelling with redness all around it prese t on the inner side of upper lip condition- stomatitis inflammation of the skin of mouth,pneumonia,unspecified
MMCQSD_REPORT_MMCQSD_002877,"Is TAVR a viable option for replacing a calcium-deposited aortic valve after open heart surgery? If so, where can I get the best treatment? The image shows the condition of swollen eye. Pinkish red localized round swelling above the left eyelid on the lateral side.",is tavr a viable option for replacing a calcium-deposited aortic valve after open heart surgery if so where can i get the best treatment the image shows the condition of swollen eye pinkish red localized round swelling above the left eyelid on the lateral side,,left
MMCQSD_REPORT_MMCQSD_002554,"Summary: Patient has had rashes on face and skin for 3 months. Antihistamines and corticosteroid caused dry skin. Can Venusia cream be used? The image shows the condition of skin rash. Round and swollen spots on the skin, red in color and multiple in the affected area.",summary patient has had rashes on face and skin for 3 months antihistamines and corticosteroid caused dry skin can venusia cream be used the image shows the condition of skin rash round and swollen spots on the skin red in color and multiple in the affected area,,unspecified
MMCQSD_REPORT_MMCQSD_002692,"What could be the cause of dryness, dandruff, skin rash, and hair loss in a patient with hypothyroidism and genital warts? The image shows the condition of skin rash. Round and swollen spots on the skin, red in color and multiple in the affected area.",what could be the cause of dryness dandruff skin rash and hair loss in a patient with hypothyroidism and genital warts the image shows the condition of skin rash round and swollen spots on the skin red in color and multiple in the affected area,,unspecified
MMCQSD_REPORT_MMCQSD_001546,Should a 30-year-old male be concerned about a previously sore lump on the right side of his neck that has now become smaller without pain? The image here shows a medical condition related to neck_swelling. The part of the neck near the ear is swollen.,should a 30-year-old male be concerned about a previously sore lump on the right side of his neck that has now become smaller without pain the image here shows a medical condition related to neck swelling the part of the neck near the ear is swollen,,right
MMCQSD_REPORT_MMCQSD_000015,"Is post nasal drip the cause for my 9-year-old son’s throat ache, swollen tonsils, congested nose, and bad breath? The image here shows a medical condition related to swollen_tonsils. The swollen tonsils are black and red.",is post nasal drip the cause for my 9-year-old son s throat ache swollen tonsils congested nose and bad breath the image here shows a medical condition related to swollen tonsils the swollen tonsils are black and red,,unspecified
MMCQSD_REPORT_MMCQSD_001345,"What could be the cause of the lump under the ribs, vomiting in the mornings, and poor appetite in a 35-year-old man? The image shows the condition of hand lump. Two swellings or lump on the right hand's palm around the thumb side.",what could be the cause of the lump under the ribs vomiting in the mornings and poor appetite in a 35-year-old man the image shows the condition of hand lump two swellings or lump on the right hand s palm around the thumb side,,right
MMCQSD_REPORT_MMCQSD_000719,"Summary: Patient experienced yellow jacket sting with initial pain, itching, rash, and swelling. After subsiding, it reoccurs as aching, under-the-skin swelling. The image shows the condition of skin rash. One section of oval skin with dark brown lining and central area light pink in color.",summary patient experienced yellow jacket sting with initial pain itching rash and swelling after subsiding it reoccurs as aching under-the-skin swelling the image shows the condition of skin rash one section of oval skin with dark brown lining and central area light pink in color,,unspecified
MMCQSD_REPORT_MMCQSD_000458,"What are the possible causes of recurrent headaches, water retention in ankles and calves, swollen eyes, and increased blood pressure? The image shows the condition of Lip Swelling. The left side of lower lip contains the swelling.",what are the possible causes of recurrent headaches water retention in ankles and calves swollen eyes and increased blood pressure the image shows the condition of lip swelling the left side of lower lip contains the swelling,,left
MMCQSD_REPORT_MMCQSD_001552,What could be the cause of a painful lump on the right side of the knee after a recent fall? The image here shows a medical condition related to knee_swelling. The right leg have swollen with a slight deformation in the leg.,what could be the cause of a painful lump on the right side of the knee after a recent fall the image here shows a medical condition related to knee swelling the right leg have swollen with a slight deformation in the leg,,right
MMCQSD_REPORT_MMCQSD_001890,"What could be the cause of dry rashes, hair loss, and scanty hair after a high fever three months ago? The image shows the condition of skin rash.  Pinkish red multuiple single coloured rash on the skin present close to each other.",what could be the cause of dry rashes hair loss and scanty hair after a high fever three months ago the image shows the condition of skin rash pinkish red multuiple single coloured rash on the skin present close to each other,,unspecified
MMCQSD_REPORT_MMCQSD_001207,"Is surgery for gallbladder stone necessary if patient is asymptomatic with no complications based on USG report? The image here shows a medical condition related to swollen_tonsils. There are two round, flesh masses ninth back of throat.",is surgery for gallbladder stone necessary if patient is asymptomatic with no complications based on usg report the image here shows a medical condition related to swollen tonsils there are two round flesh masses ninth back of throat,,unspecified
MMCQSD_REPORT_MMCQSD_001252,What could be causing a deep lump just above the knee area that is painful when touched or pressed? The image here shows a medical condition related to knee_swelling. Both the knee are swollen as a result the legs have bend inwards.,what could be causing a deep lump just above the knee area that is painful when touched or pressed the image here shows a medical condition related to knee swelling both the knee are swollen as a result the legs have bend inwards,,unspecified
MMCQSD_REPORT_MMCQSD_000762,"Does the patient experience sharp pain in the eye, swollen tonsils, and a lump after a dental procedure indicating infection? The image here shows a medical condition related to swollen_tonsils. The right side of the   throat is swollen with redness. ",does the patient experience sharp pain in the eye swollen tonsils and a lump after a dental procedure indicating infection the image here shows a medical condition related to swollen tonsils the right side of the throat is swollen with redness,pneumonia,right
MMCQSD_REPORT_MMCQSD_002093,"What is the cause of a persistent rash with blisters on the feet, itchy palms, and tiny lumps on the body? The image shows the condition of skin rash. Round and swollen spots on the skin, red in color and multiple in the affected area.",what is the cause of a persistent rash with blisters on the feet itchy palms and tiny lumps on the body the image shows the condition of skin rash round and swollen spots on the skin red in color and multiple in the affected area,,unspecified
MMCQSD_REPORT_MMCQSD_000479,"What is the cause of the random lesions on the knee, back of knee, left arm, butt cheek, and below the lip, considering the previous knee injury and tummy rash? The image shows the condition of Lip Swelling. Full upper lip swollen. More swelling on right side of upper lip.",what is the cause of the random lesions on the knee back of knee left arm butt cheek and below the lip considering the previous knee injury and tummy rash the image shows the condition of lip swelling full upper lip swollen more swelling on right side of upper lip,,right
MMCQSD_REPORT_MMCQSD_002438,"Can Sjogren's Syndrome cause a symmetrical, red, rough, and dry rash on the cheeks, neck, and other areas? The image shows the condition of skin rash. Round and swollen spots on the skin, red in color and multiple in the affected area.",can sjogren s syndrome cause a symmetrical red rough and dry rash on the cheeks neck and other areas the image shows the condition of skin rash round and swollen spots on the skin red in color and multiple in the affected area,,unspecified
MMCQSD_REPORT_MMCQSD_000671,Should the patient continue taking amoxicillin for infection in the neck and arm after tooth extractions? The image here shows a medical condition related to neck_swelling. The lower part of the neck is swollen.,should the patient continue taking amoxicillin for infection in the neck and arm after tooth extractions the image here shows a medical condition related to neck swelling the lower part of the neck is swollen,pneumonia,unspecified
MMEDBENCH_REPORT_MMEDBENCH_039388,"Correct answer: T8. Rationale: The correct answer option for the vertebral level indicated by a thoracic CT scan can be determined by the anatomic structures visible in the image. In an adult, the T4 level typically shows the arch of the aorta and great vessels emerging from it, while T1 is at the level where the brachiocephalic veins converge to form the superior vena cava. The T5 level may show the aortic arch coming to an end. However, at the T8 level, you can often identify the inferior vena cava passing through the diaphragm, which is a key landmark distinguishing the mid-thoracic vertebrae. Depending on which anatomical structures or features are identifiable in the CT scan, you can deduce the vertebral level that corresponds to the image. If the image shows landmarks consistent with the T8 level, it would be the correct answer. This analysis underscores the importance of understanding thoracic anatomy for accurate clinical diagnostics in trauma settings.",correct answer t8 rationale the correct answer option for the vertebral level indicated by a thoracic ct scan can be determined by the anatomic structures visible in the image in an adult the t4 level typically shows the arch of the aorta and great vessels emerging from it while t1 is at the level where the brachiocephalic veins converge to form the superior vena cava the t5 level may show the aortic arch coming to an end however at the t8 level you can often identify the inferior vena cava passing through the diaphragm which is a key landmark distinguishing the mid-thoracic vertebrae depending on which anatomical structures or features are identifiable in the ct scan you can deduce the vertebral level that corresponds to the image if the image shows landmarks consistent with the t8 level it would be the correct answer this analysis underscores the importance of understanding thoracic anatomy for accurate clinical diagnostics in trauma settings,,unspecified
MMEDBENCH_REPORT_MMEDBENCH_037715,"Correct answer: 600 mg. Rationale: To calculate the loading dose for the patient, we need to apply the concept of proportionality. The original subject weighed 100 kg and received a 1500 mg dose to achieve a 15 mg/dL serum concentration. As the bioavailability is 1, no adjustments for absorption are needed.The patient weighs 60 kg, and the desired concentration is 10 mg/dL, which is two-thirds of the original concentration (10/15 = 2/3). Since dose, body weight, and targeted serum concentration are directly proportional, we calculate the dose for the new patient by multiplying the original dose by the ratio of the target concentration and the ratio of target body weight to original body weight:New Dose = (1500 mg) * (60 kg / 100 kg) * (10 mg/dL / 15 mg/dL)          = (1500 mg) * (0.6) * (2/3)          = (1500 mg) * 0.4          = 600 mgTherefore, the correct loading dose to achieve the target serum concentration in a 60 kg patient is 600 mg, leading us to choose option D.",correct answer 600 mg rationale to calculate the loading dose for the patient we need to apply the concept of proportionality the original subject weighed 100 kg and received a 1500 mg dose to achieve a 15 mg dl serum concentration as the bioavailability is 1 no adjustments for absorption are needed the patient weighs 60 kg and the desired concentration is 10 mg dl which is two-thirds of the original concentration 10 15 2 3 since dose body weight and targeted serum concentration are directly proportional we calculate the dose for the new patient by multiplying the original dose by the ratio of the target concentration and the ratio of target body weight to original body weight new dose 1500 mg 60 kg 100 kg 10 mg dl 15 mg dl 1500 mg 0 6 2 3 1500 mg 0 4 600 mgtherefore the correct loading dose to achieve the target serum concentration in a 60 kg patient is 600 mg leading us to choose option d,,unspecified
MMEDBENCH_REPORT_MMEDBENCH_041074,"Correct answer: Dark-field microscopy
"". Rationale: The most appropriate next step to confirm the diagnosis is D. Dark-field microscopy. The patient's symptoms—painless ulcer (chancre) with a smooth base and non-tender bilateral inguinal adenopathy—are classic for primary syphilis. Dark-field microscopy can be used to directly observe the spirochete Treponema pallidum in fluid from the lesion, providing rapid and specific confirmation. Swab culture (A) is not generally useful for syphilis, as T. pallidum does not grow well in culture. Serologic tests such as RPR (B) and FTA-ABS (C) are useful in syphilis diagnosis, but they may not yet be positive in the earliest stages of primary syphilis; therefore, direct visualization using microscopy is preferred.",correct answer dark-field microscopy rationale the most appropriate next step to confirm the diagnosis is d dark-field microscopy the patient s symptoms painless ulcer chancre with a smooth base and non-tender bilateral inguinal adenopathy are classic for primary syphilis dark-field microscopy can be used to directly observe the spirochete treponema pallidum in fluid from the lesion providing rapid and specific confirmation swab culture a is not generally useful for syphilis as t pallidum does not grow well in culture serologic tests such as rpr b and fta-abs c are useful in syphilis diagnosis but they may not yet be positive in the earliest stages of primary syphilis therefore direct visualization using microscopy is preferred,pleural_effusion,bilateral
MMEDBENCH_REPORT_MMEDBENCH_003645,"Correct answer: Dermis. Rationale: The pruritic wheals described are indicative of urticaria, a key feature of type I hypersensitivity reactions, where histamine release leads to vasodilation and increased vascular permeability in the skin. This process predominantly affects the dermis layer, which contains the mast cells that release histamine in response to an allergen. The stratum corneum, stratum granulosum, and stratum basale are layers of the epidermis and are not primarily involved in this immediate hypersensitivity reaction. Therefore, histologic changes such as dermal edema and inflammatory cell infiltration would be most notable in the dermis (option D), justifying its selection as the correct answer.",correct answer dermis rationale the pruritic wheals described are indicative of urticaria a key feature of type i hypersensitivity reactions where histamine release leads to vasodilation and increased vascular permeability in the skin this process predominantly affects the dermis layer which contains the mast cells that release histamine in response to an allergen the stratum corneum stratum granulosum and stratum basale are layers of the epidermis and are not primarily involved in this immediate hypersensitivity reaction therefore histologic changes such as dermal edema and inflammatory cell infiltration would be most notable in the dermis option d justifying its selection as the correct answer,congestion,unspecified
MMEDBENCH_REPORT_MMEDBENCH_003627,"Correct answer: Calcium oxalate crystals. Rationale: The presence of empty vodka bottles and antifreeze suggests the patient ingested ethylene glycol, found in antifreeze, which is metabolized into oxalic acid. Calcium oxalate crystals in the urine are characteristic of ethylene glycol poisoning. Oxalic acid combines with calcium to form calcium oxalate, which precipitates as crystals in the urine. This can lead to acute kidney injury, as suggested by the elevated serum creatinine and BUN. Slurred speech and altered mental status are also consistent with the neurotoxic effects of ethylene glycol. Hence, of the given options, calcium oxalate crystals (A) would be expected in this patient's urine.",correct answer calcium oxalate crystals rationale the presence of empty vodka bottles and antifreeze suggests the patient ingested ethylene glycol found in antifreeze which is metabolized into oxalic acid calcium oxalate crystals in the urine are characteristic of ethylene glycol poisoning oxalic acid combines with calcium to form calcium oxalate which precipitates as crystals in the urine this can lead to acute kidney injury as suggested by the elevated serum creatinine and bun slurred speech and altered mental status are also consistent with the neurotoxic effects of ethylene glycol hence of the given options calcium oxalate crystals a would be expected in this patient s urine,,unspecified
MMEDBENCH_REPORT_MMEDBENCH_039109,"Correct answer: Otosclerosis. Rationale: The most likely diagnosis for the patient's symptoms is otosclerosis, indicated by option C. Otosclerosis is a condition characterized by the abnormal bone growth in the middle ear that can cause hearing loss. The key findings suggesting this diagnosis are the presence of bilateral buzzing (tinnitus), episodes of mild dizziness, and the hearing test results showing bone conduction greater than air conduction with no lateralization on the Weber test. These clinical features are consistent with conductive hearing loss which is typical of otosclerosis. Diabetic otopathy generally leads to sensorineural hearing loss, not conductive, making it less likely. Drug-induced ototoxicity is less probable considering her medications do not commonly cause this issue, and presbycusis, age-related hearing loss, is unlikely given her age. Her occupation as a trombonist is a distractor; noise-induced hearing loss typically causes sensorineural hearing loss rather than conductive.",correct answer otosclerosis rationale the most likely diagnosis for the patient s symptoms is otosclerosis indicated by option c otosclerosis is a condition characterized by the abnormal bone growth in the middle ear that can cause hearing loss the key findings suggesting this diagnosis are the presence of bilateral buzzing tinnitus episodes of mild dizziness and the hearing test results showing bone conduction greater than air conduction with no lateralization on the weber test these clinical features are consistent with conductive hearing loss which is typical of otosclerosis diabetic otopathy generally leads to sensorineural hearing loss not conductive making it less likely drug-induced ototoxicity is less probable considering her medications do not commonly cause this issue and presbycusis age-related hearing loss is unlikely given her age her occupation as a trombonist is a distractor noise-induced hearing loss typically causes sensorineural hearing loss rather than conductive,no_acute,bilateral
MMEDBENCH_REPORT_MMEDBENCH_045156,"Correct answer: Seborrheic dermatitis. Rationale: The child's presentation includes signs and symptoms suggestive of a nutritional deficiency, specifically B-group vitamin deficiencies, such as riboflavin (vitamin B2), niacin (vitamin B3), or pyridoxine (vitamin B6), associated with angular cheilitis (cracking of the skin at the corners of the mouth), glossitis (swollen tongue), and pallor secondary to anemia. The normal MCV with low hemoglobin points to a non-megaloblastic anemia, which can occur with deficiencies in these vitamins. If left untreated, deficiencies of certain B vitamins can lead to dermatological manifestations, including seborrheic dermatitis-like eruptions. Option D (Seborrheic dermatitis) is the most likely development if the nutritional deficiencies are not addressed. Hypersegmented neutrophils (Option A) are associated with megaloblastic anemia, typically related to vitamin B12 or folate deficiency. Keratomalacia (Option B) results from severe vitamin A deficiency. Dilated cardiomyopathy (Option C) could be related to a deficiency in thiamine (vitamin B1), but the other symptoms don't fit this as well as they do B-group deficiencies linked to seborrheic dermatitis.",correct answer seborrheic dermatitis rationale the child s presentation includes signs and symptoms suggestive of a nutritional deficiency specifically b-group vitamin deficiencies such as riboflavin vitamin b2 niacin vitamin b3 or pyridoxine vitamin b6 associated with angular cheilitis cracking of the skin at the corners of the mouth glossitis swollen tongue and pallor secondary to anemia the normal mcv with low hemoglobin points to a non-megaloblastic anemia which can occur with deficiencies in these vitamins if left untreated deficiencies of certain b vitamins can lead to dermatological manifestations including seborrheic dermatitis-like eruptions option d seborrheic dermatitis is the most likely development if the nutritional deficiencies are not addressed hypersegmented neutrophils option a are associated with megaloblastic anemia typically related to vitamin b12 or folate deficiency keratomalacia option b results from severe vitamin a deficiency dilated cardiomyopathy option c could be related to a deficiency in thiamine vitamin b1 but the other symptoms don t fit this as well as they do b-group deficiencies linked to seborrheic dermatitis,no_acute,left
MMEDBENCH_REPORT_MMEDBENCH_044040,"Correct answer: Berger’s disease. Rationale: The most likely diagnosis is A. Berger’s disease, also known as IgA nephropathy. The key indicator in this case is the presence of granular IgA immune complex deposits in the mesangium on immunofluorescence. This finding is characteristic of IgA nephropathy. The patient’s history of multiple episodes of hematuria since childhood supports this chronic condition, unlike post-streptococcal glomerulonephritis, which is usually preceded by a streptococcal infection and would more likely present with low C3 levels. Hemolytic uremic syndrome typically includes thrombocytopenia and kidney impairment, which are not indicated here. Finally, celiac disease is not associated with these renal findings.",correct answer berger s disease rationale the most likely diagnosis is a berger s disease also known as iga nephropathy the key indicator in this case is the presence of granular iga immune complex deposits in the mesangium on immunofluorescence this finding is characteristic of iga nephropathy the patient s history of multiple episodes of hematuria since childhood supports this chronic condition unlike post-streptococcal glomerulonephritis which is usually preceded by a streptococcal infection and would more likely present with low c3 levels hemolytic uremic syndrome typically includes thrombocytopenia and kidney impairment which are not indicated here finally celiac disease is not associated with these renal findings,pneumonia,unspecified
MMEDBENCH_REPORT_MMEDBENCH_042438,"Correct answer: Parvovirus arthritis. Rationale: The patient presents with acute pain and swelling in the hands and wrists, a nonpruritic generalized rash, and a recent history of fever and upper respiratory symptoms that suggest a viral etiology. The absence of abnormalities in the erythrocyte sedimentation rate and autoimmune serologies such as anti-nuclear antibody and anti-dsDNA make systemic autoimmune conditions like systemic lupus erythematosus less likely. Disseminated gonococcal disease typically presents with fever and migratory polyarthralgia, tenosynovitis, and dermatitis, but the recent usage of condoms, albeit inconsistent, and lack of genitourinary symptoms reduce this likelihood. Psoriatic arthritis usually has a more insidious onset and is associated with psoriatic skin changes. Therefore, parvovirus arthritis, or Parvovirus B19 infection, which commonly causes a lacy macular rash (erythema infectiosum or ""fifth disease"") and can lead to acute symmetrical polyarthralgia or polyarthritis, is the most probable diagnosis given the clinical picture.",correct answer parvovirus arthritis rationale the patient presents with acute pain and swelling in the hands and wrists a nonpruritic generalized rash and a recent history of fever and upper respiratory symptoms that suggest a viral etiology the absence of abnormalities in the erythrocyte sedimentation rate and autoimmune serologies such as anti-nuclear antibody and anti-dsdna make systemic autoimmune conditions like systemic lupus erythematosus less likely disseminated gonococcal disease typically presents with fever and migratory polyarthralgia tenosynovitis and dermatitis but the recent usage of condoms albeit inconsistent and lack of genitourinary symptoms reduce this likelihood psoriatic arthritis usually has a more insidious onset and is associated with psoriatic skin changes therefore parvovirus arthritis or parvovirus b19 infection which commonly causes a lacy macular rash erythema infectiosum or fifth disease and can lead to acute symmetrical polyarthralgia or polyarthritis is the most probable diagnosis given the clinical picture,pneumonia|no_acute,unspecified
MMEDBENCH_REPORT_MMEDBENCH_036054,"Correct answer: Increased confidence interval range. Rationale: Reducing the sample size of a study typically leads to a decrease in the power of the study and an increase in the width of the confidence interval for the estimated parameters, reflecting greater statistical uncertainty. In this hypothetical scenario, if the number of participants were halved from 14,000 to 7,000, the precision of the hazard ratio estimate would diminish, resulting in a wider confidence interval around the calculated hazard ratio. A smaller sample size would not necessarily alter the hazard ratio itself (Option A), the rate of type I error (Option C), or directly affect the risk of confounding bias (Option D). The increased confidence interval (Option B) is therefore the most expected change with a reduced sample size.",correct answer increased confidence interval range rationale reducing the sample size of a study typically leads to a decrease in the power of the study and an increase in the width of the confidence interval for the estimated parameters reflecting greater statistical uncertainty in this hypothetical scenario if the number of participants were halved from 14 000 to 7 000 the precision of the hazard ratio estimate would diminish resulting in a wider confidence interval around the calculated hazard ratio a smaller sample size would not necessarily alter the hazard ratio itself option a the rate of type i error option c or directly affect the risk of confounding bias option d the increased confidence interval option b is therefore the most expected change with a reduced sample size,,unspecified
MMEDBENCH_REPORT_MMEDBENCH_044720,"Correct answer: Folate synthesis inhibitor. Rationale: The patient's clinical presentation of persistent fevers, night sweats, productive cough, cavitations on chest radiograph, and the detection of partially acid-fast gram-positive branching rods in bronchoalveolar lavage strongly suggests a diagnosis of pulmonary nocardiosis, especially given his immunocompromised state due to poorly managed HIV with low CD4 count. Nocardia species are susceptible to sulfonamides, which inhibit folate synthesis—a crucial pathway required for bacterial replication and survival. Therefore, a folate synthesis inhibitor, such as trimethoprim-sulfamethoxazole, is the appropriate choice for antibiotic therapy (Option D). Other listed mechanisms wouldn't target the suspected pathogen as effectively as a folate synthesis inhibitor.",correct answer folate synthesis inhibitor rationale the patient s clinical presentation of persistent fevers night sweats productive cough cavitations on chest radiograph and the detection of partially acid-fast gram-positive branching rods in bronchoalveolar lavage strongly suggests a diagnosis of pulmonary nocardiosis especially given his immunocompromised state due to poorly managed hiv with low cd4 count nocardia species are susceptible to sulfonamides which inhibit folate synthesis a crucial pathway required for bacterial replication and survival therefore a folate synthesis inhibitor such as trimethoprim-sulfamethoxazole is the appropriate choice for antibiotic therapy option d other listed mechanisms wouldn t target the suspected pathogen as effectively as a folate synthesis inhibitor,,unspecified
MMEDBENCH_REPORT_MMEDBENCH_037909,"Correct answer: 5. Rationale: The correct answer is A. 5. The patient's presentation of abdominal pain and bloody stool coupled with the finding of hundreds of small polyps in the colon strongly suggests familial adenomatous polyposis (FAP), a condition caused by a mutation in the APC (adenomatous polyposis coli) gene. This gene is located on chromosome 5 (5q21-q22). The early age of onset and the number of polyps are characteristic of FAP. Additionally, a family history of colon cancer (cousin diagnosed at 21) also supports this diagnosis. Although both are genetic conditions, the grandfather's Alzheimer disease and the chromosome it's associated with are not relevant to the polyposis observed in this patient.",correct answer 5 rationale the correct answer is a 5 the patient s presentation of abdominal pain and bloody stool coupled with the finding of hundreds of small polyps in the colon strongly suggests familial adenomatous polyposis fap a condition caused by a mutation in the apc adenomatous polyposis coli gene this gene is located on chromosome 5 5q21-q22 the early age of onset and the number of polyps are characteristic of fap additionally a family history of colon cancer cousin diagnosed at 21 also supports this diagnosis although both are genetic conditions the grandfather s alzheimer disease and the chromosome it s associated with are not relevant to the polyposis observed in this patient,,unspecified
MMEDBENCH_REPORT_MMEDBENCH_044638,"Correct answer: Diclofenac. Rationale: Diclofenac, a nonsteroidal anti-inflammatory drug (NSAID), is the medication most likely to have contributed to treatment failure with furosemide in this scenario. NSAIDs can decrease renal blood flow, impairing the diuretic response to furosemide, a loop diuretic. The patient presents with signs of fluid overload consistent with heart failure exacerbation. NSAIDs can exacerbate heart failure by causing sodium and water retention. The other options, including sulfasalazine, prednisone, and infliximab, do not typically have the same significant impact on renal blood flow or diuretic response as NSAIDs do. Prednisone, for example, could even promote diuresis in some cases due to its anti-inflammatory effects.",correct answer diclofenac rationale diclofenac a nonsteroidal anti-inflammatory drug nsaid is the medication most likely to have contributed to treatment failure with furosemide in this scenario nsaids can decrease renal blood flow impairing the diuretic response to furosemide a loop diuretic the patient presents with signs of fluid overload consistent with heart failure exacerbation nsaids can exacerbate heart failure by causing sodium and water retention the other options including sulfasalazine prednisone and infliximab do not typically have the same significant impact on renal blood flow or diuretic response as nsaids do prednisone for example could even promote diuresis in some cases due to its anti-inflammatory effects,pleural_effusion,unspecified
MMEDBENCH_REPORT_MMEDBENCH_041919,"Correct answer: Clindamycin therapy. Rationale: The most appropriate next step in managing this case is C, clindamycin therapy. The child presents with symptoms of a bacterial pharyngitis—sore throat, painful swallowing, enlarged tonsils with exudates, and a warm, tender, nonfluctuant cervical lymph node. These signs suggest a bacterial infection, likely Group A Streptococcus (GAS), which is a common cause of pharyngitis in children. Clindamycin is an effective antibiotic for treating GAS, and it also covers potential anaerobic bacteria that could cause neck abscesses. The lack of fluctuance suggests that abscess formation is not present, thus making incision and drainage (option B) inappropriate at this time. Sulfadiazine and pyrimethamine (option A) are treatments for toxoplasmosis, not bacterial pharyngitis, and there is no indication of immunodeficiency or viral infection to warrant immunoglobulin therapy (option D).",correct answer clindamycin therapy rationale the most appropriate next step in managing this case is c clindamycin therapy the child presents with symptoms of a bacterial pharyngitis sore throat painful swallowing enlarged tonsils with exudates and a warm tender nonfluctuant cervical lymph node these signs suggest a bacterial infection likely group a streptococcus gas which is a common cause of pharyngitis in children clindamycin is an effective antibiotic for treating gas and it also covers potential anaerobic bacteria that could cause neck abscesses the lack of fluctuance suggests that abscess formation is not present thus making incision and drainage option b inappropriate at this time sulfadiazine and pyrimethamine option a are treatments for toxoplasmosis not bacterial pharyngitis and there is no indication of immunodeficiency or viral infection to warrant immunoglobulin therapy option d,pneumonia,unspecified
MMEDBENCH_REPORT_MMEDBENCH_039432,"Correct answer: Knee to chest positioning. Rationale: The presented symptoms suggest a possible congenital heart disorder, such as Tetralogy of Fallot, which can present with cyanotic episodes called ""Tet spells."" These spells are due to decreased pulmonary blood flow and right-to-left shunting through concomitant defects. Option D, knee to chest positioning, increases systemic vascular resistance, which reduces the right-to-left shunting across the ventricular septal defect and increases the blood flow to the lungs, thereby improving oxygenation. Options A, B, and C are not typically used to manage acute cyanotic spells in congenital heart disease and would not directly address the underlying pathophysiology as the knee-to-chest position does.",correct answer knee to chest positioning rationale the presented symptoms suggest a possible congenital heart disorder such as tetralogy of fallot which can present with cyanotic episodes called tet spells these spells are due to decreased pulmonary blood flow and right-to-left shunting through concomitant defects option d knee to chest positioning increases systemic vascular resistance which reduces the right-to-left shunting across the ventricular septal defect and increases the blood flow to the lungs thereby improving oxygenation options a b and c are not typically used to manage acute cyanotic spells in congenital heart disease and would not directly address the underlying pathophysiology as the knee-to-chest position does,,right
MMEDBENCH_REPORT_MMEDBENCH_037018,"Correct answer: Central line-associated blood stream infection. Rationale: The patient's presentation with high, unrelenting fever alongside the identification of coagulase-negative cocci in clusters from blood cultures taken from the central line on the 8th postoperative day points towards a central line-associated blood stream infection (CLABSI). The earlier positivity of cultures from the central line versus the peripheral line supports this diagnosis. The presence of an S3 gallop and crackles at the lung bases might suggest heart failure or a pulmonary process, but these findings do not exclude a CLABSI. Additionally, there is no purulent discharge from the sternal wound, which reduces the likelihood of a surgical site infection, and there are no abdominal signs to suggest bowel ischemia. Finally, while a catheter-associated urinary tract infection is possible, it is less likely to cause systemic symptoms as severe as those seen in this patient without other specific urinary findings.",correct answer central line-associated blood stream infection rationale the patient s presentation with high unrelenting fever alongside the identification of coagulase-negative cocci in clusters from blood cultures taken from the central line on the 8th postoperative day points towards a central line-associated blood stream infection clabsi the earlier positivity of cultures from the central line versus the peripheral line supports this diagnosis the presence of an s3 gallop and crackles at the lung bases might suggest heart failure or a pulmonary process but these findings do not exclude a clabsi additionally there is no purulent discharge from the sternal wound which reduces the likelihood of a surgical site infection and there are no abdominal signs to suggest bowel ischemia finally while a catheter-associated urinary tract infection is possible it is less likely to cause systemic symptoms as severe as those seen in this patient without other specific urinary findings,pneumonia,unspecified
MMEDBENCH_REPORT_MMEDBENCH_046056,"Correct answer: Fine needle aspiration with cytology. Rationale: A fine needle aspiration with cytology (Option B) is the most appropriate next step for a patient presenting with new-onset palpitations, tremors, weight loss, and anxiety alongside a palpable thyroid nodule. These symptoms are suggestive of hyperthyroidism, possibly due to thyroid autonomy or thyroiditis. The history of neuroblastoma does not directly relate to the current presentation but raises concern for secondary malignancies. Thus, evaluating the thyroid nodule for malignancy is imperative. An ultrasound (Option A) is commonly performed as part of the evaluation, but a biopsy via fine needle aspiration is necessary to obtain cytology to rule out thyroid cancer, especially considering the firm and nontender characteristics of the nodule, which increase the suspicion of malignancy. Life-long monitoring (Option C) or thyroid hormone replacement therapy (Option D) may be premature without a diagnosis.",correct answer fine needle aspiration with cytology rationale a fine needle aspiration with cytology option b is the most appropriate next step for a patient presenting with new-onset palpitations tremors weight loss and anxiety alongside a palpable thyroid nodule these symptoms are suggestive of hyperthyroidism possibly due to thyroid autonomy or thyroiditis the history of neuroblastoma does not directly relate to the current presentation but raises concern for secondary malignancies thus evaluating the thyroid nodule for malignancy is imperative an ultrasound option a is commonly performed as part of the evaluation but a biopsy via fine needle aspiration is necessary to obtain cytology to rule out thyroid cancer especially considering the firm and nontender characteristics of the nodule which increase the suspicion of malignancy life-long monitoring option c or thyroid hormone replacement therapy option d may be premature without a diagnosis,,unspecified
MMEDBENCH_REPORT_MMEDBENCH_043847,"Correct answer: Decreases microtubule polymerization. Rationale: The patient's symptoms—sudden onset of severe pain in the great toe touched off by a very light stimulus (such as the bed sheet)—are classic for gout, a form of acute inflammatory arthritis. Colchicine is often used in the treatment of gout attacks due to its anti-inflammatory properties. Option D, ""Decreases microtubule polymerization,"" describes the mechanism of colchicine. It works by binding to tubulin, thereby inhibiting the assembly of microtubule structures. This affects the mobility and activity of neutrophils, leading to a decreased inflammatory response to the deposited monosodium urate crystals that cause gout. Colchicine does not inhibit xanthine oxidase (Option A), which is the mechanism of action for allopurinol, or bind to the glucocorticoid receptor (Option C), which is characteristic of steroids. It also does not affect the reabsorption of uric acid in the proximal convoluted tubule (Option B); that's the mechanism of action of drugs like probenecid. Hence, the most accurate description of colchicine's mechanism is D.",correct answer decreases microtubule polymerization rationale the patient s symptoms sudden onset of severe pain in the great toe touched off by a very light stimulus such as the bed sheet are classic for gout a form of acute inflammatory arthritis colchicine is often used in the treatment of gout attacks due to its anti-inflammatory properties option d decreases microtubule polymerization describes the mechanism of colchicine it works by binding to tubulin thereby inhibiting the assembly of microtubule structures this affects the mobility and activity of neutrophils leading to a decreased inflammatory response to the deposited monosodium urate crystals that cause gout colchicine does not inhibit xanthine oxidase option a which is the mechanism of action for allopurinol or bind to the glucocorticoid receptor option c which is characteristic of steroids it also does not affect the reabsorption of uric acid in the proximal convoluted tubule option b that s the mechanism of action of drugs like probenecid hence the most accurate description of colchicine s mechanism is d,,unspecified
MMEDBENCH_REPORT_MMEDBENCH_044017,"Correct answer: Past history of infective endocarditis. Rationale: The correct answer is C, past history of infective endocarditis. According to guidelines, antibiotic prophylaxis for the prevention of infective endocarditis is recommended in patients with certain cardiac conditions that confer the highest risk of adverse outcomes if endocarditis develops. These conditions include prosthetic heart valves, previous infective endocarditis, congenital heart disease with residual defects at the site or adjacent to the site of a prosthetic patch or device, and cardiac transplantation recipients who develop cardiac valvulopathy. In this scenario, a history of infective endocarditis is the only listed condition associated with a high risk of complication, warranting the use of antibiotic prophylaxis before dental procedures that can introduce bacteria into the bloodstream. Options A, B, and D are not typically indications for prophylaxis in an otherwise healthy patient without an aforementioned high-risk condition.",correct answer past history of infective endocarditis rationale the correct answer is c past history of infective endocarditis according to guidelines antibiotic prophylaxis for the prevention of infective endocarditis is recommended in patients with certain cardiac conditions that confer the highest risk of adverse outcomes if endocarditis develops these conditions include prosthetic heart valves previous infective endocarditis congenital heart disease with residual defects at the site or adjacent to the site of a prosthetic patch or device and cardiac transplantation recipients who develop cardiac valvulopathy in this scenario a history of infective endocarditis is the only listed condition associated with a high risk of complication warranting the use of antibiotic prophylaxis before dental procedures that can introduce bacteria into the bloodstream options a b and d are not typically indications for prophylaxis in an otherwise healthy patient without an aforementioned high-risk condition,pneumonia,unspecified
MMEDBENCH_REPORT_MMEDBENCH_036080,"Correct answer: No further workup required. Rationale: The patient's presentation does not suggest an acute condition requiring immediate intervention. His history of peripheral vascular disease could explain decreased pedal pulses and absent ankle and patellar reflexes. Mild dementia is consistent with his trouble recalling words. No new symptoms indicative of other deficiencies or diseases (e.g., thiamine deficiency or Parkinsonism) are present, and there are no signs of infection or neural compromise to justify a lumbar puncture. His current management with aspirin and lisinopril seems appropriate for his hypertension and vascular history. Therefore, no additional workup is required at this time, and ongoing monitoring of his chronic conditions is indicated.",correct answer no further workup required rationale the patient s presentation does not suggest an acute condition requiring immediate intervention his history of peripheral vascular disease could explain decreased pedal pulses and absent ankle and patellar reflexes mild dementia is consistent with his trouble recalling words no new symptoms indicative of other deficiencies or diseases e g thiamine deficiency or parkinsonism are present and there are no signs of infection or neural compromise to justify a lumbar puncture his current management with aspirin and lisinopril seems appropriate for his hypertension and vascular history therefore no additional workup is required at this time and ongoing monitoring of his chronic conditions is indicated,pneumonia,unspecified
MMEDBENCH_REPORT_MMEDBENCH_003641,"Correct answer: Factitious disorder. Rationale: Factitious disorder seems to be the likely cause of this patient's hypoglycemia based on the given scenario. The normal Hgb A1c indicates this is not a chronic hyperglycemic state as seen with uncontrolled diabetes. The low C-peptide level suggests that the insulin in her system is exogenous, since C-peptide is released in equal amounts to insulin by the pancreas and would be elevated with endogenous hyperinsulinemia, such as with an insulinoma. Furthermore, the stress of a difficult divorce could trigger factitious disorder, where the patient self-administers insulin or other hypoglycemic agents to produce a medical condition. The medical history and stressor suggest a psychological cause rather than an organic one.",correct answer factitious disorder rationale factitious disorder seems to be the likely cause of this patient s hypoglycemia based on the given scenario the normal hgb a1c indicates this is not a chronic hyperglycemic state as seen with uncontrolled diabetes the low c-peptide level suggests that the insulin in her system is exogenous since c-peptide is released in equal amounts to insulin by the pancreas and would be elevated with endogenous hyperinsulinemia such as with an insulinoma furthermore the stress of a difficult divorce could trigger factitious disorder where the patient self-administers insulin or other hypoglycemic agents to produce a medical condition the medical history and stressor suggest a psychological cause rather than an organic one,no_acute,unspecified
MMEDBENCH_REPORT_MMEDBENCH_045871,"Correct answer: Mitral valve prolapse. Rationale: The patient's cardiac examination reveals a high-frequency, mid-to-late systolic murmur that is best heard at the apex, which is a classical presentation of mitral valve prolapse (MVP). MVP murmur is best heard at the mitral listening post, which corresponds to the apex area. Pulmonary valve regurgitation and stenosis typically produce murmur that is best heard at the left upper sternal border, and these murmurs would also commonly change with respiration, which is not mentioned in this case. Tricuspid valve stenosis would produce a murmur heard best at the lower left sternal border and would likely be accompanied by other signs of right-sided heart failure, which are absent in this patient. Therefore, option D, Mitral valve prolapse, is the most likely diagnosis given the description.",correct answer mitral valve prolapse rationale the patient s cardiac examination reveals a high-frequency mid-to-late systolic murmur that is best heard at the apex which is a classical presentation of mitral valve prolapse mvp mvp murmur is best heard at the mitral listening post which corresponds to the apex area pulmonary valve regurgitation and stenosis typically produce murmur that is best heard at the left upper sternal border and these murmurs would also commonly change with respiration which is not mentioned in this case tricuspid valve stenosis would produce a murmur heard best at the lower left sternal border and would likely be accompanied by other signs of right-sided heart failure which are absent in this patient therefore option d mitral valve prolapse is the most likely diagnosis given the description,,right
MMEDBENCH_REPORT_MMEDBENCH_043189,"Correct answer: Accumulation of foam cells in the tunica intima. Rationale: Choosing option A, ""Accumulation of foam cells in the tunica intima,"" might seem reasonable because of the patient's history of long-term smoking, which is a risk factor for atherosclerosis. Foam cells are a hallmark of atherosclerotic plaque formation. However, the patient's symptoms and physical examination findings are more indicative of an abdominal aortic aneurysm (AAA), which is associated with smoking and hypertension. AAAs can cause dull abdominal pain that radiates to the back and are characterized by the presence of a pulsatile mass in the periumbilical region. The most likely finding on evaluation of the blood vessel in AAA would be ""Fragmentation of elastic tissue in the tunica media,"" option D. This reflects the structural weakening of the vessel wall that leads to aneurysmal dilation. The presence of foam cells (choice A) is indicative of atherosclerosis, which may contribute to the development of an AAA, but the fragmentation and loss of elastic tissue within the tunica media is most directly associated with the pathology of an AAA. Therefore, option D would be the best answer for this question.",correct answer accumulation of foam cells in the tunica intima rationale choosing option a accumulation of foam cells in the tunica intima might seem reasonable because of the patient s history of long-term smoking which is a risk factor for atherosclerosis foam cells are a hallmark of atherosclerotic plaque formation however the patient s symptoms and physical examination findings are more indicative of an abdominal aortic aneurysm aaa which is associated with smoking and hypertension aaas can cause dull abdominal pain that radiates to the back and are characterized by the presence of a pulsatile mass in the periumbilical region the most likely finding on evaluation of the blood vessel in aaa would be fragmentation of elastic tissue in the tunica media option d this reflects the structural weakening of the vessel wall that leads to aneurysmal dilation the presence of foam cells choice a is indicative of atherosclerosis which may contribute to the development of an aaa but the fragmentation and loss of elastic tissue within the tunica media is most directly associated with the pathology of an aaa therefore option d would be the best answer for this question,,unspecified
MMEDBENCH_REPORT_MMEDBENCH_042398,"Correct answer: Deferoxamine. Rationale: The presentation of sudden onset nausea, vomiting, irritability, bloody emesis, and particularly the radiopaque objects visible on radiography, suggests an acute ingestion of a toxic substance, likely a heavy metal like iron, which can present as radiopaque. Given the findings, deferoxamine is the appropriate treatment as it is a chelating agent used specifically for iron toxicity. Iron poisoning can cause gastrointestinal hemorrhage, which could explain the bloody emesis, as well as metabolic acidosis reflected by the low HCO3-; hence, deferoxamine binds to the iron to facilitate its excretion and mitigate the toxic effects. The other options are not first-line treatments for iron toxicity: dialysis does not effectively remove iron from the body, fomepizole is used for toxic alcohol ingestions (e.g., methanol, ethylene glycol), and sodium bicarbonate is used for certain drug overdoses or to correct severe metabolic acidosis, but not as a direct treatment for iron poisoning.",correct answer deferoxamine rationale the presentation of sudden onset nausea vomiting irritability bloody emesis and particularly the radiopaque objects visible on radiography suggests an acute ingestion of a toxic substance likely a heavy metal like iron which can present as radiopaque given the findings deferoxamine is the appropriate treatment as it is a chelating agent used specifically for iron toxicity iron poisoning can cause gastrointestinal hemorrhage which could explain the bloody emesis as well as metabolic acidosis reflected by the low hco3- hence deferoxamine binds to the iron to facilitate its excretion and mitigate the toxic effects the other options are not first-line treatments for iron toxicity dialysis does not effectively remove iron from the body fomepizole is used for toxic alcohol ingestions e g methanol ethylene glycol and sodium bicarbonate is used for certain drug overdoses or to correct severe metabolic acidosis but not as a direct treatment for iron poisoning,,unspecified
MMEDBENCH_REPORT_MMEDBENCH_043906,"Correct answer: D-Ala-D-Ala. Rationale: The described symptoms suggest a diagnosis of primary syphilis, which is typically treated with antibiotics targeting the causative bacterium, Treponema pallidum. The first-line treatment for syphilis is penicillin, a beta-lactam antibiotic. The molecular structure mimicked by beta-lactam antibiotics, including penicillin, is D-Ala-D-Ala, a component of the bacterial cell wall peptide cross-linking process. Beta-lactam antibiotics work by binding to penicillin-binding proteins involved in cell wall synthesis, thus inhibiting the transpeptidation enzyme that cross-links the peptidoglycan molecules. This action disrupts bacterial cell wall synthesis, leading to cell lysis and the death of the bacterial cell. Thus, A. D-Ala-D-Ala is the correct answer.",correct answer d-ala-d-ala rationale the described symptoms suggest a diagnosis of primary syphilis which is typically treated with antibiotics targeting the causative bacterium treponema pallidum the first-line treatment for syphilis is penicillin a beta-lactam antibiotic the molecular structure mimicked by beta-lactam antibiotics including penicillin is d-ala-d-ala a component of the bacterial cell wall peptide cross-linking process beta-lactam antibiotics work by binding to penicillin-binding proteins involved in cell wall synthesis thus inhibiting the transpeptidation enzyme that cross-links the peptidoglycan molecules this action disrupts bacterial cell wall synthesis leading to cell lysis and the death of the bacterial cell thus a d-ala-d-ala is the correct answer,,unspecified
MMEDBENCH_REPORT_MMEDBENCH_035996,"Correct answer: Intraosseous cannulation. Rationale: The most appropriate next step in the management of this 3-week-old boy is intraosseous (IO) cannulation (Option C). The child presents with signs of shock, including tachycardia, hypotension, delayed capillary refill, and altered mental status (lethargy). Immediate vascular access is crucial for administering fluids and medications. When peripheral intravenous access is not possible, as in this case, IO cannulation is recommended, especially in emergency situations in pediatric patients. IO access provides a quick and reliable route directly into the bone marrow space, allowing for the immediate administration of fluids and drugs. Options A, B, and D are less appropriate. Intramuscular epinephrine is not indicated for shock without anaphylaxis. Internal jugular vein cannulation is more invasive and time-consuming compared to IO and not the first step during resuscitation. Lastly, ultrasound-guided cannulation may be attempted, but it can be time-consuming and is not warranted over IO in a life-threatening emergency.",correct answer intraosseous cannulation rationale the most appropriate next step in the management of this 3-week-old boy is intraosseous io cannulation option c the child presents with signs of shock including tachycardia hypotension delayed capillary refill and altered mental status lethargy immediate vascular access is crucial for administering fluids and medications when peripheral intravenous access is not possible as in this case io cannulation is recommended especially in emergency situations in pediatric patients io access provides a quick and reliable route directly into the bone marrow space allowing for the immediate administration of fluids and drugs options a b and d are less appropriate intramuscular epinephrine is not indicated for shock without anaphylaxis internal jugular vein cannulation is more invasive and time-consuming compared to io and not the first step during resuscitation lastly ultrasound-guided cannulation may be attempted but it can be time-consuming and is not warranted over io in a life-threatening emergency,pleural_effusion,unspecified
MMEDBENCH_REPORT_MMEDBENCH_040494,"Correct answer: Antiphospholipid antibody syndrome. Rationale: The most likely diagnosis is Antiphospholipid antibody syndrome (APS). This is indicated by the patient's history of deep vein thrombosis, positive VDRL, and a persistent prolongation of APTT after a mixing study, which suggests the presence of an inhibitor such as lupus anticoagulant, one of the criteria for APS. In addition, her history of a previous thrombosis, current signs of potential pregnancy complications, and a family history of thrombotic events (sister's spontaneous abortions) support APS. The patient's abnormal bleeding is consistent with coagulation issues but not necessarily indicative of von Willebrand disease or Disseminated intravascular coagulation (DIC), as the fibrinogen levels are normal, and there is no widespread bleeding. Factor V Leiden is less likely due to the abnormal APTT and positive VDRL, which are not typically associated with this condition.",correct answer antiphospholipid antibody syndrome rationale the most likely diagnosis is antiphospholipid antibody syndrome aps this is indicated by the patient s history of deep vein thrombosis positive vdrl and a persistent prolongation of aptt after a mixing study which suggests the presence of an inhibitor such as lupus anticoagulant one of the criteria for aps in addition her history of a previous thrombosis current signs of potential pregnancy complications and a family history of thrombotic events sister s spontaneous abortions support aps the patient s abnormal bleeding is consistent with coagulation issues but not necessarily indicative of von willebrand disease or disseminated intravascular coagulation dic as the fibrinogen levels are normal and there is no widespread bleeding factor v leiden is less likely due to the abnormal aptt and positive vdrl which are not typically associated with this condition,no_acute,unspecified
MMEDBENCH_REPORT_MMEDBENCH_039384,"Correct answer: Increased left atrial pressure. Rationale: The symptoms described—loss of consciousness without confusion, shortness of breath, palpitations, chest tightness, plus physical exam findings of jugular venous distention, pitting edema, and crackles in the lungs—are suggestive of cardiac disease. The accentuated and split S2, along with an opening snap and diastolic murmur, point toward mitral stenosis, which can be a consequence of rheumatic heart disease—a condition still prevalent in countries like India. The ECG shows atrial fibrillation with right axis deviation, which suggests the involvement of the right heart possibly due to pulmonary hypertension secondary to left-sided heart disease. These symptoms and signs indicate increased left atrial pressure (D). This increased pressure would lead to pulmonary congestion (evidenced by crackles) and right heart strain (ECG changes), as well as reduced cardiac output leading to syncopal episodes. Increased left atrial pressure is the likely underlying mechanism in mitral stenosis, leading to the subsequent clinical findings.",correct answer increased left atrial pressure rationale the symptoms described loss of consciousness without confusion shortness of breath palpitations chest tightness plus physical exam findings of jugular venous distention pitting edema and crackles in the lungs are suggestive of cardiac disease the accentuated and split s2 along with an opening snap and diastolic murmur point toward mitral stenosis which can be a consequence of rheumatic heart disease a condition still prevalent in countries like india the ecg shows atrial fibrillation with right axis deviation which suggests the involvement of the right heart possibly due to pulmonary hypertension secondary to left-sided heart disease these symptoms and signs indicate increased left atrial pressure d this increased pressure would lead to pulmonary congestion evidenced by crackles and right heart strain ecg changes as well as reduced cardiac output leading to syncopal episodes increased left atrial pressure is the likely underlying mechanism in mitral stenosis leading to the subsequent clinical findings,congestion,right
MMEDBENCH_REPORT_MMEDBENCH_003730,"Correct answer: Vaginal septum. Rationale: The patient's history of normal secondary sexual characteristics development (Tanner IV breast and pubic hair development), along with a normal growth spurt and no mention of galactorrhea, makes hyperprolactinemia (A) less likely. Normal hormone levels and the presentation of headaches with photosensitivity suggest a history of migraines rather than a hormonal etiology. An imperforate hymen (B) is less likely given the normal development of secondary sexual characteristics and the absence of cyclic abdominal pain or a pelvic mass on exam. A normal uterine and ovarian ultrasound rules this out as well. Normal development (D) is unlikely because the patient is 16 and has not yet had menarche, falling outside the typical age range of 9 to 15. The most likely diagnosis, considering these factors and the regular hormone levels, is a vaginal septum (C), a congenital malformation that may obstruct menstrual outflow despite normal ovarian and uterine function as evidenced by the normal hormone levels and secondary sexual characteristic development.",correct answer vaginal septum rationale the patient s history of normal secondary sexual characteristics development tanner iv breast and pubic hair development along with a normal growth spurt and no mention of galactorrhea makes hyperprolactinemia a less likely normal hormone levels and the presentation of headaches with photosensitivity suggest a history of migraines rather than a hormonal etiology an imperforate hymen b is less likely given the normal development of secondary sexual characteristics and the absence of cyclic abdominal pain or a pelvic mass on exam a normal uterine and ovarian ultrasound rules this out as well normal development d is unlikely because the patient is 16 and has not yet had menarche falling outside the typical age range of 9 to 15 the most likely diagnosis considering these factors and the regular hormone levels is a vaginal septum c a congenital malformation that may obstruct menstrual outflow despite normal ovarian and uterine function as evidenced by the normal hormone levels and secondary sexual characteristic development,no_acute,unspecified
MMEDBENCH_REPORT_MMEDBENCH_043394,"Correct answer: Instruct parents to remove guns from the house. Rationale: Choosing option D, instructing parents to remove guns from the house, addresses an immediate safety concern given the patient's expressed thoughts of ending his life, even though he has no specific plan. Access to firearms can increase the risk of suicide, especially in individuals experiencing depressive symptoms. The presence of a gun in the home, combined with the patient’s recent loss of interest in activities, changes in sleep and appetite, and difficulty concentrating—which are all potential signs of depression—make it crucial to eliminate access to lethal means as part of a harm reduction strategy. While options A, B, and C could also be part of a comprehensive treatment plan, they do not tackle the immediate risk of suicide with the same urgency as removing access to guns.",correct answer instruct parents to remove guns from the house rationale choosing option d instructing parents to remove guns from the house addresses an immediate safety concern given the patient s expressed thoughts of ending his life even though he has no specific plan access to firearms can increase the risk of suicide especially in individuals experiencing depressive symptoms the presence of a gun in the home combined with the patient s recent loss of interest in activities changes in sleep and appetite and difficulty concentrating which are all potential signs of depression make it crucial to eliminate access to lethal means as part of a harm reduction strategy while options a b and c could also be part of a comprehensive treatment plan they do not tackle the immediate risk of suicide with the same urgency as removing access to guns,,unspecified
