pair_id,cmi_score,cmi_legacy_recomputed,cmi_v2_exclude,cmi_v2_hindi,cmi_v2_english
P01973,0.5135135135135135,0.5135135135135135,25.71428571428571,25.71428571428571,25.71428571428571
P02314,0.1666666666666666,0.16666666666666666,34.375,34.375,34.375
P02108,0.5128205128205128,0.5128205128205128,27.27272727272727,27.27272727272727,27.27272727272727
P02011,0.4878048780487805,0.4878048780487805,22.22222222222222,22.22222222222222,22.22222222222222
P00102,0.3611111111111111,0.3611111111111111,31.034482758620683,31.034482758620683,31.034482758620683
P02065,0.4324324324324324,0.43243243243243246,30.303030303030297,30.303030303030297,30.303030303030297
P01366,0.3947368421052631,0.39473684210526316,28.57142857142857,28.57142857142857,28.57142857142857
P02048,0.4210526315789473,0.42105263157894735,24.13793103448276,23.33333333333333,26.66666666666667
P00709,0.2857142857142857,0.2857142857142857,48.38709677419355,48.38709677419355,48.38709677419355
P02340,0.4883720930232558,0.4883720930232558,24.32432432432432,24.32432432432432,24.32432432432432
P02175,0.4285714285714285,0.42857142857142855,14.70588235294118,14.70588235294118,14.70588235294118
P02300,0.4210526315789473,0.42105263157894735,24.242424242424242,24.242424242424242,24.242424242424242
P00982,0.2424242424242424,0.24242424242424243,46.15384615384615,46.15384615384615,46.15384615384615
P02098,0.2972972972972973,0.2972972972972973,35.71428571428571,35.71428571428571,35.71428571428571
P02046,0.475,0.475,27.77777777777778,27.77777777777778,27.77777777777778
P02875,0.4848484848484848,0.48484848484848486,39.39393939393939,39.39393939393939,39.39393939393939
P02241,0.4736842105263157,0.47368421052631576,29.032258064516125,29.032258064516125,29.032258064516125
P02106,0.5365853658536586,0.5365853658536586,6.666666666666665,6.666666666666665,6.666666666666665
P02519,0.4102564102564102,0.41025641025641024,30.303030303030297,30.303030303030297,30.303030303030297
P02274,0.5,0.5,12.903225806451612,12.903225806451612,12.903225806451612
P01759,0.4186046511627907,0.4186046511627907,30.000000000000004,30.000000000000004,30.000000000000004
P02473,0.4871794871794871,0.48717948717948717,19.354838709677423,19.354838709677423,19.354838709677423
P02729,0.4651162790697674,0.46511627906976744,16.216216216216218,15.789473684210531,18.42105263157895
P02454,0.4615384615384615,0.46153846153846156,3.4482758620689613,3.4482758620689613,3.4482758620689613
P02194,0.3611111111111111,0.3611111111111111,34.375,34.375,34.375
P00130,0.3947368421052631,0.39473684210526316,22.580645161290324,22.580645161290324,22.580645161290324
P01850,0.4358974358974359,0.4358974358974359,22.580645161290324,22.580645161290324,22.580645161290324
P00141,0.3714285714285714,0.37142857142857144,32.25806451612904,32.25806451612904,32.25806451612904
P01965,0.34375,0.34375,46.42857142857143,46.42857142857143,46.42857142857143
P01170,0.4411764705882353,0.4411764705882353,46.666666666666664,46.666666666666664,46.666666666666664
P00852,0.3947368421052631,0.39473684210526316,32.35294117647059,32.35294117647059,32.35294117647059
P02013,0.5,0.5,18.181818181818176,18.181818181818176,18.181818181818176
P02114,0.4,0.4,26.315789473684216,26.315789473684216,26.315789473684216
P02452,0.3157894736842105,0.3157894736842105,40.625,40.625,40.625
P00419,0.5,0.5,22.22222222222222,21.052631578947366,26.315789473684216
P02375,0.325,0.325,42.85714285714286,42.85714285714286,42.85714285714286
P02174,0.358974358974359,0.358974358974359,32.25806451612904,32.25806451612904,32.25806451612904
P01918,0.4102564102564102,0.41025641025641024,47.05882352941176,47.05882352941176,47.05882352941176
P02741,0.3823529411764705,0.38235294117647056,41.379310344827594,41.379310344827594,41.379310344827594
P01937,0.45,0.45,25.0,25.0,25.0
P02425,0.4210526315789473,0.42105263157894735,19.999999999999996,19.999999999999996,19.999999999999996
P02356,0.3902439024390244,0.3902439024390244,36.8421052631579,35.89743589743589,38.46153846153846
P02302,0.3684210526315789,0.3684210526315789,21.875,21.875,21.875
P02277,0.3170731707317073,0.3170731707317073,37.83783783783784,36.8421052631579,39.473684210526315
P00147,0.425,0.425,30.555555555555557,30.555555555555557,30.555555555555557
P01268,0.3947368421052631,0.39473684210526316,25.806451612903224,25.806451612903224,25.806451612903224
P00181,0.2647058823529412,0.2647058823529412,43.47826086956522,43.47826086956522,43.47826086956522
P02081,0.475,0.475,23.529411764705888,22.857142857142854,25.71428571428571
P03002,0.4054054054054054,0.40540540540540543,34.375,34.375,34.375
P02557,0.375,0.375,34.210526315789465,34.210526315789465,34.210526315789465
P02789,0.3055555555555556,0.3055555555555556,45.16129032258065,45.16129032258065,45.16129032258065
P01922,0.4864864864864865,0.4864864864864865,24.242424242424242,24.242424242424242,24.242424242424242
P02369,0.4102564102564102,0.41025641025641024,11.111111111111116,11.111111111111116,11.111111111111116
P02507,0.4324324324324324,0.43243243243243246,33.333333333333336,33.333333333333336,33.333333333333336
P02021,0.4,0.4,14.28571428571429,14.28571428571429,14.28571428571429
P02240,0.3823529411764705,0.38235294117647056,41.93548387096774,41.93548387096774,41.93548387096774
P00120,0.4166666666666667,0.4166666666666667,38.70967741935484,38.70967741935484,38.70967741935484
P01384,0.4146341463414634,0.4146341463414634,30.76923076923077,30.76923076923077,30.76923076923077
P02222,0.3333333333333333,0.3333333333333333,32.25806451612904,32.25806451612904,32.25806451612904
P02689,0.0,0.0,0.0,0.0,0.0
P02517,0.5116279069767442,0.5116279069767442,35.89743589743589,34.14634146341463,39.02439024390244
P02051,0.4210526315789473,0.42105263157894735,30.303030303030297,30.303030303030297,30.303030303030297
P02120,0.4102564102564102,0.41025641025641024,36.111111111111114,36.111111111111114,36.111111111111114
P02227,0.3947368421052631,0.39473684210526316,41.93548387096774,41.93548387096774,41.93548387096774
P00081,0.5,0.5,17.14285714285714,17.14285714285714,17.14285714285714
P02524,0.3720930232558139,0.37209302325581395,22.22222222222222,22.22222222222222,22.22222222222222
P02295,0.3658536585365853,0.36585365853658536,37.5,37.5,37.5
P02577,0.3333333333333333,0.3333333333333333,34.48275862068966,34.48275862068966,34.48275862068966
P02568,0.4736842105263157,0.47368421052631576,26.66666666666667,26.66666666666667,26.66666666666667
P02180,0.4736842105263157,0.47368421052631576,37.142857142857146,37.142857142857146,37.142857142857146
P02260,0.4390243902439024,0.43902439024390244,21.62162162162162,21.62162162162162,21.62162162162162
P02459,0.325,0.325,20.68965517241379,20.68965517241379,20.68965517241379
P01993,0.4473684210526316,0.4473684210526316,42.10526315789473,42.10526315789473,42.10526315789473
P02304,0.4479166666666667,0.4479166666666667,13.888888888888884,13.888888888888884,13.888888888888884
P02451,0.4655172413793103,0.46551724137931033,34.95145631067961,34.285714285714285,36.1904761904762
P01284,0.4636363636363636,0.4636363636363636,31.68316831683168,31.68316831683168,31.68316831683168
P01544,0.4269662921348314,0.42696629213483145,29.629629629629626,29.629629629629626,29.629629629629626
P00562,0.3942307692307692,0.3942307692307692,28.08988764044944,28.08988764044944,28.08988764044944
P00114,0.5394736842105263,0.5394736842105263,17.647058823529417,17.647058823529417,17.647058823529417
P01610,0.546875,0.546875,18.181818181818176,18.181818181818176,18.181818181818176
P01479,0.4375,0.4375,42.3728813559322,41.666666666666664,43.333333333333336
P02784,0.3782051282051282,0.3782051282051282,34.78260869565217,34.78260869565217,34.78260869565217
P00007,0.4634146341463415,0.4634146341463415,27.536231884057973,27.142857142857146,28.57142857142857
P02294,0.3706293706293706,0.3706293706293706,33.82352941176471,33.82352941176471,33.82352941176471
P01062,0.4729729729729729,0.47297297297297297,19.999999999999996,19.672131147540984,21.311475409836067
P02386,0.39,0.39,27.906976744186053,27.906976744186053,27.906976744186053
P01335,0.4078947368421052,0.40789473684210525,32.35294117647059,32.35294117647059,32.35294117647059
P00825,0.4110429447852761,0.4110429447852761,23.28767123287672,23.28767123287672,23.28767123287672
P00529,0.4078212290502793,0.40782122905027934,33.76623376623377,33.54838709677419,34.193548387096776
P00146,0.4838709677419355,0.4838709677419355,43.548387096774185,43.548387096774185,43.548387096774185
P00810,0.382716049382716,0.38271604938271603,35.526315789473685,35.526315789473685,35.526315789473685
P00040,0.5277777777777778,0.5277777777777778,18.461538461538463,18.461538461538463,18.461538461538463
P02767,0.2346938775510204,0.23469387755102042,35.483870967741936,35.483870967741936,35.483870967741936
P01006,0.4742268041237113,0.4742268041237113,30.33707865168539,30.33707865168539,30.33707865168539
P02759,0.4767441860465116,0.47674418604651164,28.749999999999996,28.395061728395067,29.629629629629626
P01742,0.3533834586466165,0.3533834586466165,46.721311475409834,46.721311475409834,46.721311475409834
P02510,0.4204545454545454,0.42045454545454547,36.47058823529412,36.47058823529412,36.47058823529412
P01096,0.360655737704918,0.36065573770491804,40.67796610169492,40.67796610169492,40.67796610169492
P02283,0.3595505617977528,0.3595505617977528,25.0,25.0,25.0
P00124,0.484375,0.484375,20.33898305084746,20.33898305084746,20.33898305084746
P02238,0.4285714285714285,0.42857142857142855,25.757575757575758,25.757575757575758,25.757575757575758
P00855,0.4588235294117647,0.4588235294117647,22.499999999999996,22.499999999999996,22.499999999999996
P01025,0.4352941176470588,0.43529411764705883,27.941176470588236,27.941176470588236,27.941176470588236
P01652,0.4861111111111111,0.4861111111111111,8.62068965517241,8.47457627118644,10.169491525423723
P00917,0.4055299539170507,0.4055299539170507,28.57142857142857,28.57142857142857,28.57142857142857
P02763,0.4825870646766169,0.48258706467661694,17.751479289940832,17.441860465116278,19.186046511627907
P02010,0.4170854271356783,0.41708542713567837,27.647058823529413,27.485380116959067,28.07017543859649
P00222,0.4333333333333333,0.43333333333333335,24.675324675324674,24.675324675324674,24.675324675324674
P01734,0.3895348837209302,0.38953488372093026,29.78723404255319,29.5774647887324,30.281690140845075
P00792,0.4246575342465753,0.4246575342465753,30.303030303030297,30.303030303030297,30.303030303030297
P01559,0.4634146341463415,0.4634146341463415,25.71428571428571,25.352112676056336,26.76056338028169
P02353,0.3231707317073171,0.3231707317073171,38.51851851851852,38.51851851851852,38.51851851851852
P01054,0.4130434782608695,0.41304347826086957,28.57142857142857,28.57142857142857,28.57142857142857
P00665,0.4126984126984127,0.4126984126984127,36.60714285714286,36.60714285714286,36.60714285714286
P01220,0.4597701149425287,0.45977011494252873,20.833333333333336,20.833333333333336,20.833333333333336
P00711,0.4502369668246445,0.45023696682464454,23.655913978494624,23.404255319148938,24.468085106382976
P00641,0.45,0.45,18.461538461538463,18.461538461538463,18.461538461538463
P00328,0.3090909090909091,0.3090909090909091,40.0,42.307692307692314,38.46153846153846
P00103,0.3833333333333333,0.38333333333333336,46.29629629629629,46.29629629629629,46.29629629629629
P02364,0.4623655913978494,0.46236559139784944,17.333333333333336,17.105263157894733,18.42105263157895
P00784,0.4140350877192982,0.41403508771929826,23.18181818181818,23.18181818181818,23.18181818181818
P01435,0.5,0.5,6.896551724137934,6.896551724137934,6.896551724137934
P01095,0.3888888888888889,0.3888888888888889,35.416666666666664,35.416666666666664,35.416666666666664
P01380,0.4945054945054945,0.4945054945054945,22.78481012658228,22.78481012658228,22.78481012658228
P02310,0.0,0.0,0.0,0.0,0.0
P00076,0.4408602150537634,0.44086021505376344,22.891566265060238,22.891566265060238,22.891566265060238
P00564,0.3333333333333333,0.3333333333333333,47.55244755244755,47.55244755244755,47.55244755244755
P02169,0.448051948051948,0.44805194805194803,25.36231884057971,25.36231884057971,25.36231884057971
P00624,0.4303030303030303,0.4303030303030303,26.277372262773724,26.086956521739136,26.811594202898547
P00524,0.4854368932038835,0.4854368932038835,29.78723404255319,29.78723404255319,29.78723404255319
P00280,0.4,0.4,22.64150943396226,22.64150943396226,22.64150943396226
P01832,0.504950495049505,0.504950495049505,17.647058823529417,17.647058823529417,17.647058823529417
P00266,0.3557692307692308,0.3557692307692308,20.547945205479458,20.547945205479458,20.547945205479458
P00660,0.453416149068323,0.453416149068323,28.859060402684566,28.666666666666664,29.333333333333332
P00293,0.4473684210526316,0.4473684210526316,30.88235294117647,30.88235294117647,30.88235294117647
P00835,0.4603174603174603,0.4603174603174603,32.14285714285714,32.14285714285714,32.14285714285714
P02068,0.4039735099337748,0.40397350993377484,25.0,25.0,25.0
P01476,0.549618320610687,0.549618320610687,22.123893805309734,21.92982456140351,22.807017543859654
P00195,0.4705882352941176,0.47058823529411764,27.631578947368418,27.631578947368418,27.631578947368418
P01920,0.4096385542168674,0.40963855421686746,27.77777777777778,27.77777777777778,27.77777777777778
P01654,0.4155844155844156,0.4155844155844156,18.032786885245898,18.032786885245898,18.032786885245898
P01926,0.4322033898305085,0.4322033898305085,25.806451612903224,25.263157894736842,27.368421052631575
P02567,0.5263157894736842,0.5263157894736842,30.23255813953488,30.23255813953488,30.23255813953488
P01407,0.4326923076923077,0.4326923076923077,24.444444444444446,23.913043478260864,26.086956521739136
P01595,0.4022988505747126,0.40229885057471265,25.31645569620253,25.31645569620253,25.31645569620253
P02772,0.4420600858369098,0.44206008583690987,28.500000000000004,28.078817733990146,29.556650246305416
P00664,0.3506493506493506,0.35064935064935066,32.83582089552238,32.83582089552238,32.83582089552238
P02001,0.4545454545454545,0.45454545454545453,28.333333333333332,28.333333333333332,28.333333333333332
P01155,0.4155844155844156,0.4155844155844156,34.32835820895522,33.82352941176471,35.29411764705882
P01688,0.4259259259259259,0.42592592592592593,37.23404255319149,37.23404255319149,37.23404255319149
P01997,0.532258064516129,0.532258064516129,29.824561403508774,29.824561403508774,29.824561403508774
P02876,0.5106382978723404,0.5106382978723404,33.333333333333336,33.333333333333336,33.333333333333336
P01280,0.3548387096774194,0.3548387096774194,26.470588235294112,26.21359223300971,27.184466019417474
P02467,0.4520547945205479,0.4520547945205479,25.0,25.0,25.0
P01199,0.4257425742574257,0.42574257425742573,30.76923076923077,30.76923076923077,30.76923076923077
P02629,0.4451219512195122,0.4451219512195122,26.206896551724135,26.206896551724135,26.206896551724135
P02709,0.3663366336633663,0.36633663366336633,41.379310344827594,41.379310344827594,41.379310344827594
P02848,0.4827586206896552,0.4827586206896552,18.333333333333336,18.333333333333336,18.333333333333336
P00343,0.4285714285714285,0.42857142857142855,22.64150943396226,22.22222222222222,24.07407407407407
P01880,0.4142011834319526,0.41420118343195267,34.72222222222222,34.72222222222222,34.72222222222222
P01281,0.3829787234042553,0.3829787234042553,41.379310344827594,41.379310344827594,41.379310344827594
P01285,0.3896103896103896,0.38961038961038963,27.77777777777778,27.77777777777778,27.77777777777778
P00224,0.4761904761904761,0.47619047619047616,28.749999999999996,28.749999999999996,28.749999999999996
P02078,0.4931506849315068,0.4931506849315068,30.000000000000004,30.000000000000004,30.000000000000004
P02047,0.4021739130434782,0.40217391304347827,32.91139240506329,32.91139240506329,32.91139240506329
P02592,0.4274509803921568,0.42745098039215684,22.164948453608247,21.60804020100503,24.120603015075382
P00907,0.4444444444444444,0.4444444444444444,27.118644067796616,27.118644067796616,27.118644067796616
P00097,0.4850746268656716,0.48507462686567165,30.76923076923077,30.76923076923077,30.76923076923077
P01564,0.53,0.53,22.619047619047617,22.619047619047617,22.619047619047617
P01879,0.2784810126582278,0.27848101265822783,42.64705882352941,42.64705882352941,42.64705882352941
P01228,0.3636363636363636,0.36363636363636365,47.5609756097561,47.5609756097561,47.5609756097561
P00356,0.4732142857142857,0.4732142857142857,26.0,26.0,26.0
P01327,0.4449541284403669,0.44495412844036697,31.343283582089555,31.343283582089555,31.343283582089555
P01371,0.4814814814814814,0.48148148148148145,15.068493150684937,15.068493150684937,15.068493150684937
P02331,0.4545454545454545,0.45454545454545453,35.922330097087375,35.922330097087375,35.922330097087375
P02595,0.382716049382716,0.38271604938271603,41.17647058823529,41.17647058823529,41.17647058823529
P01538,0.417910447761194,0.417910447761194,37.704918032786885,37.704918032786885,37.704918032786885
P00774,0.4083333333333333,0.4083333333333333,25.49019607843137,25.49019607843137,25.49019607843137
P02863,0.4666666666666667,0.4666666666666667,28.57142857142857,28.248587570621464,29.378531073446325
P01930,0.366412213740458,0.366412213740458,43.08943089430895,43.08943089430895,43.08943089430895
P00761,0.4742268041237113,0.4742268041237113,27.586206896551722,27.586206896551722,27.586206896551722
P02026,0.4380952380952381,0.4380952380952381,23.076923076923073,23.076923076923073,23.076923076923073
P00768,0.4032258064516129,0.4032258064516129,37.60683760683761,37.60683760683761,37.60683760683761
P02825,0.3787878787878788,0.3787878787878788,38.59649122807017,38.59649122807017,38.59649122807017
P02079,0.4794520547945205,0.4794520547945205,31.25,31.25,31.25
P02522,0.54,0.54,25.531914893617024,25.531914893617024,25.531914893617024
P00847,0.3953488372093023,0.3953488372093023,45.12195121951219,45.12195121951219,45.12195121951219
P01027,0.4210526315789473,0.42105263157894735,43.05555555555556,43.05555555555556,43.05555555555556
P02889,0.4545454545454545,0.45454545454545453,36.70886075949367,36.25000000000001,37.5
P02272,0.4647887323943662,0.4647887323943662,19.672131147540984,19.672131147540984,19.672131147540984
P01347,0.4615384615384615,0.46153846153846156,21.818181818181813,21.818181818181813,21.818181818181813
P01416,0.4722222222222222,0.4722222222222222,21.212121212121215,21.212121212121215,21.212121212121215
P00238,0.4390243902439024,0.43902439024390244,20.155038759689926,20.155038759689926,20.155038759689926
P01442,0.5064935064935064,0.5064935064935064,34.78260869565217,34.285714285714285,35.71428571428571
P01161,0.3894736842105263,0.3894736842105263,35.22727272727273,35.22727272727273,35.22727272727273
P02665,0.4466666666666666,0.44666666666666666,32.57575757575758,32.57575757575758,32.57575757575758
P01745,0.3918918918918919,0.3918918918918919,34.84848484848485,34.84848484848485,34.84848484848485
P01244,0.4246575342465753,0.4246575342465753,34.78260869565217,34.78260869565217,34.78260869565217
P02979,0.4576271186440678,0.4576271186440678,24.0,24.0,24.0
P00955,0.3720930232558139,0.37209302325581395,25.47169811320755,25.47169811320755,25.47169811320755
P00360,0.5,0.5,21.333333333333336,21.333333333333336,21.333333333333336
P02622,0.4655172413793103,0.46551724137931033,25.179856115107913,25.0,25.71428571428571
P00919,0.3442622950819672,0.3442622950819672,46.55172413793104,46.55172413793104,46.55172413793104
P00640,0.4274809160305343,0.42748091603053434,33.61344537815126,33.333333333333336,34.166666666666664
P01408,0.4838709677419355,0.4838709677419355,27.927927927927932,27.927927927927932,27.927927927927932
P00366,0.4886363636363636,0.48863636363636365,20.512820512820518,20.512820512820518,20.512820512820518
P00376,0.5194805194805194,0.5194805194805194,16.393442622950815,16.393442622950815,16.393442622950815
P00742,0.3684210526315789,0.3684210526315789,48.25174825174825,48.25174825174825,48.25174825174825
P01452,0.453125,0.453125,29.824561403508774,29.824561403508774,29.824561403508774
P02511,0.4462809917355372,0.4462809917355372,25.0,25.0,25.0
P00315,0.3875,0.3875,31.25,31.25,31.25
P01467,0.4268292682926829,0.4268292682926829,19.548872180451127,19.548872180451127,19.548872180451127
P00461,0.4743589743589743,0.47435897435897434,27.941176470588236,27.142857142857146,30.000000000000004
P01168,0.2857142857142857,0.2857142857142857,47.692307692307686,47.692307692307686,47.692307692307686
P01935,0.5,0.5,21.53846153846154,21.53846153846154,21.53846153846154
P01949,0.4146341463414634,0.4146341463414634,31.506849315068497,31.081081081081084,32.432432432432435
P00161,0.5119047619047619,0.5119047619047619,23.684210526315784,23.684210526315784,23.684210526315784
P02909,0.4478764478764478,0.44787644787644787,31.304347826086953,31.16883116883117,31.601731601731597
P01741,0.4586466165413533,0.45864661654135336,23.584905660377352,23.584905660377352,23.584905660377352
P01100,0.396551724137931,0.39655172413793105,26.0,26.0,26.0
P00655,0.3918918918918919,0.3918918918918919,38.983050847457626,38.983050847457626,38.983050847457626
P01726,0.3614457831325301,0.3614457831325301,30.000000000000004,30.000000000000004,30.000000000000004
P01379,0.3703703703703703,0.37037037037037035,36.0,36.0,36.0
P01656,0.4507042253521127,0.4507042253521127,25.806451612903224,25.806451612903224,25.806451612903224
P01963,0.4202898550724637,0.42028985507246375,30.15873015873016,30.15873015873016,30.15873015873016
P00082,0.4473684210526316,0.4473684210526316,32.3943661971831,32.3943661971831,32.3943661971831
P02126,0.4927536231884058,0.4927536231884058,29.032258064516125,29.032258064516125,29.032258064516125
P00109,0.4222222222222222,0.4222222222222222,32.37410071942446,30.405405405405407,36.48648648648649
P01356,0.4347826086956521,0.43478260869565216,24.13793103448276,24.13793103448276,24.13793103448276
P00729,0.3571428571428571,0.35714285714285715,25.263157894736842,25.0,26.041666666666664
P01585,0.3333333333333333,0.3333333333333333,28.301886792452834,28.301886792452834,28.301886792452834
P01282,0.4739130434782608,0.47391304347826085,17.41293532338308,17.41293532338308,17.41293532338308
P00525,0.5540540540540541,0.5540540540540541,26.470588235294112,26.470588235294112,26.470588235294112
P01690,0.3625,0.3625,29.230769230769226,28.787878787878785,30.303030303030297
P02214,0.4285714285714285,0.42857142857142855,21.666666666666668,21.666666666666668,21.666666666666668
P01681,0.3184713375796178,0.3184713375796178,36.8,36.8,36.8
P01948,0.4603174603174603,0.4603174603174603,31.57894736842105,31.57894736842105,31.57894736842105
P00793,0.4533333333333333,0.4533333333333333,28.333333333333332,28.333333333333332,28.333333333333332
P00579,0.44,0.44,26.785714285714292,26.54867256637168,27.43362831858407
P02220,0.5396825396825397,0.5396825396825397,28.07017543859649,28.07017543859649,28.07017543859649
P02207,0.3090909090909091,0.3090909090909091,27.083333333333336,27.083333333333336,27.083333333333336
P00850,0.536,0.536,14.28571428571429,14.28571428571429,14.28571428571429
P01026,0.4428571428571428,0.44285714285714284,14.54545454545455,14.28571428571429,16.07142857142857
P02199,0.4078947368421052,0.40789473684210525,19.999999999999996,19.999999999999996,19.999999999999996
P02101,0.3308823529411764,0.33088235294117646,47.58064516129033,47.58064516129033,47.58064516129033
P01083,0.4117647058823529,0.4117647058823529,41.509433962264154,41.509433962264154,41.509433962264154
P01903,0.4054054054054054,0.40540540540540543,27.956989247311824,27.956989247311824,27.956989247311824
P01872,0.425287356321839,0.42528735632183906,32.467532467532465,32.467532467532465,32.467532467532465
P01256,0.4411764705882353,0.4411764705882353,38.46153846153846,38.46153846153846,38.46153846153846
P02127,0.4507042253521127,0.4507042253521127,24.193548387096776,24.193548387096776,24.193548387096776
P00566,0.5212765957446809,0.5212765957446809,35.55555555555555,35.55555555555555,35.55555555555555
P00787,0.4045801526717557,0.40458015267175573,31.666666666666664,31.666666666666664,31.666666666666664
P01583,0.4,0.4,31.11111111111111,30.76923076923077,31.868131868131865
P00477,0.4673913043478261,0.4673913043478261,34.66666666666667,32.49999999999999,38.74999999999999
P02474,0.4769230769230769,0.47692307692307695,24.77876106194691,24.77876106194691,24.77876106194691
P02931,0.4903846153846153,0.49038461538461536,26.595744680851062,26.595744680851062,26.595744680851062
P01778,0.4918032786885246,0.4918032786885246,21.999999999999996,21.999999999999996,21.999999999999996
P00617,0.52,0.52,15.217391304347828,15.217391304347828,15.217391304347828
P02410,0.411214953271028,0.411214953271028,25.581395348837212,25.287356321839084,26.436781609195403
P01448,0.4642857142857143,0.4642857142857143,20.858895705521473,20.858895705521473,20.858895705521473
P02579,0.3565891472868217,0.35658914728682173,33.62831858407079,33.62831858407079,33.62831858407079
P01487,0.4925373134328358,0.4925373134328358,19.999999999999996,19.64285714285714,21.42857142857143
P02233,0.4634146341463415,0.4634146341463415,25.0,25.0,25.0
P00568,0.3615384615384615,0.36153846153846153,28.57142857142857,28.57142857142857,28.57142857142857
P00128,0.4700854700854701,0.4700854700854701,25.0,25.0,25.0
P01326,0.3142857142857143,0.3142857142857143,37.03703703703704,37.03703703703704,37.03703703703704
P02444,0.4409937888198758,0.4409937888198758,19.999999999999996,19.999999999999996,19.999999999999996
P01122,0.4791666666666667,0.4791666666666667,31.213872832369937,31.213872832369937,31.213872832369937
P00666,0.4302788844621514,0.4302788844621514,31.85840707964602,31.85840707964602,31.85840707964602
P01219,0.3976608187134502,0.39766081871345027,38.62068965517241,38.62068965517241,38.62068965517241
P00379,0.4262295081967213,0.4262295081967213,28.301886792452834,28.301886792452834,28.301886792452834
P02513,0.4782608695652174,0.4782608695652174,31.73076923076923,31.73076923076923,31.73076923076923
P02995,0.5238095238095238,0.5238095238095238,18.125000000000004,17.791411042944784,19.631901840490794
P02251,0.4333333333333333,0.43333333333333335,25.92592592592593,25.92592592592593,25.92592592592593
P01113,0.3380281690140845,0.3380281690140845,47.45762711864406,45.16129032258065,50.0
P01783,0.4247104247104247,0.4247104247104247,14.432989690721653,14.432989690721653,14.432989690721653
P01894,0.2696629213483146,0.2696629213483146,42.10526315789473,42.10526315789473,42.10526315789473
P02239,0.369047619047619,0.36904761904761907,34.32835820895522,34.32835820895522,34.32835820895522
P00394,0.0,0.0,0.0,0.0,0.0
P01776,0.4444444444444444,0.4444444444444444,18.181818181818176,17.85714285714286,19.64285714285714
P01737,0.4086021505376344,0.40860215053763443,40.74074074074075,40.243902439024396,41.463414634146346
P01825,0.4285714285714285,0.42857142857142855,34.78260869565217,34.78260869565217,34.78260869565217
P02043,0.4727272727272727,0.4727272727272727,26.80412371134021,26.530612244897956,27.55102040816326
P02999,0.3691588785046729,0.3691588785046729,24.590163934426236,24.590163934426236,24.590163934426236
P00789,0.375,0.375,40.98360655737705,40.32258064516129,41.93548387096774
P01382,0.4324324324324324,0.43243243243243246,30.98591549295775,30.98591549295775,30.98591549295775
P02891,0.3669724770642202,0.3669724770642202,27.956989247311824,27.956989247311824,27.956989247311824
P00413,0.4435483870967742,0.4435483870967742,30.303030303030297,30.303030303030297,30.303030303030297
P01910,0.4226190476190476,0.4226190476190476,27.083333333333336,27.083333333333336,27.083333333333336
P01372,0.4941176470588235,0.49411764705882355,18.840579710144922,18.840579710144922,18.840579710144922
P00337,0.3846153846153846,0.38461538461538464,17.948717948717952,17.948717948717952,17.948717948717952
P00880,0.4607843137254901,0.46078431372549017,28.260869565217394,27.6595744680851,29.78723404255319
P01958,0.3653846153846153,0.36538461538461536,35.22727272727273,34.44444444444444,36.66666666666667
P01047,0.4545454545454545,0.45454545454545453,17.391304347826086,17.391304347826086,17.391304347826086
P01453,0.4639175257731959,0.4639175257731959,20.481927710843372,20.481927710843372,20.481927710843372
P01299,0.4347826086956521,0.43478260869565216,30.508474576271183,30.508474576271183,30.508474576271183
P01233,0.5769230769230769,0.5769230769230769,12.307692307692308,12.307692307692308,12.307692307692308
P02634,0.3781512605042016,0.37815126050420167,31.428571428571427,31.428571428571427,31.428571428571427
P01051,0.4672131147540984,0.4672131147540984,20.999999999999996,20.192307692307686,24.03846153846154
P01860,0.3125,0.3125,43.24324324324324,43.24324324324324,43.24324324324324
P00123,0.3287671232876712,0.3287671232876712,48.57142857142858,48.57142857142858,48.57142857142858
P01160,0.288135593220339,0.288135593220339,47.27272727272728,47.27272727272728,47.27272727272728
P01924,0.3898305084745763,0.3898305084745763,43.39622641509434,43.39622641509434,43.39622641509434
P02403,0.4936708860759494,0.4936708860759494,25.373134328358205,25.373134328358205,25.373134328358205
P01939,0.3636363636363636,0.36363636363636365,33.84615384615385,33.84615384615385,33.84615384615385
P01682,0.4669811320754717,0.4669811320754717,27.89473684210526,27.89473684210526,27.89473684210526
P01789,0.3181818181818182,0.3181818181818182,48.57142857142858,47.22222222222222,50.0
P00968,0.3709677419354839,0.3709677419354839,40.38461538461539,40.38461538461539,40.38461538461539
P00861,0.5119047619047619,0.5119047619047619,26.315789473684216,26.315789473684216,26.315789473684216
P00259,0.4104477611940298,0.41044776119402987,24.10714285714286,24.10714285714286,24.10714285714286
P00167,0.3922651933701657,0.39226519337016574,43.42105263157895,42.85714285714286,44.15584415584416
P01217,0.4406779661016949,0.4406779661016949,20.952380952380956,20.952380952380956,20.952380952380956
P02615,0.4523809523809524,0.4523809523809524,28.859060402684566,28.47682119205298,29.801324503311257
P02317,0.3502304147465437,0.35023041474654376,26.55367231638418,26.55367231638418,26.55367231638418
P00843,0.4545454545454545,0.45454545454545453,21.68674698795181,21.42857142857143,22.619047619047617
P00093,0.4174311926605504,0.41743119266055045,19.786096256684495,19.786096256684495,19.786096256684495
P00740,0.4942528735632184,0.4942528735632184,25.92592592592593,25.92592592592593,25.92592592592593
P00282,0.3571428571428571,0.35714285714285715,40.38461538461539,40.38461538461539,40.38461538461539
P01784,0.4385964912280701,0.43859649122807015,41.81818181818182,41.07142857142857,42.85714285714286
P01059,0.3978494623655914,0.3978494623655914,38.46153846153846,38.46153846153846,38.46153846153846
P01127,0.3541666666666667,0.3541666666666667,42.85714285714286,42.85714285714286,42.85714285714286
P00685,0.0,0.0,0.0,0.0,0.0
P01868,0.4528301886792453,0.4528301886792453,25.0,25.0,25.0
P00409,0.421875,0.421875,37.704918032786885,37.704918032786885,37.704918032786885
P00497,0.3255813953488372,0.32558139534883723,41.77215189873418,41.77215189873418,41.77215189873418
P02777,0.4878048780487805,0.4878048780487805,16.981132075471695,16.981132075471695,16.981132075471695
P00983,0.4444444444444444,0.4444444444444444,33.333333333333336,33.333333333333336,33.333333333333336
P01882,0.4933333333333333,0.49333333333333335,30.76923076923077,30.303030303030297,31.818181818181824
P01174,0.3043478260869565,0.30434782608695654,48.4375,48.4375,48.4375
P00201,0.4859813084112149,0.48598130841121495,14.444444444444448,14.444444444444448,14.444444444444448
P00507,0.4225352112676056,0.4225352112676056,26.77165354330708,26.77165354330708,26.77165354330708
P01621,0.4914285714285714,0.49142857142857144,26.582278481012654,26.582278481012654,26.582278481012654
P01309,0.3818181818181818,0.38181818181818183,43.269230769230774,42.85714285714286,43.80952380952381
P02409,0.5196078431372549,0.5196078431372549,26.881720430107524,26.881720430107524,26.881720430107524
P00296,0.4504504504504504,0.45045045045045046,28.846153846153843,28.846153846153843,28.846153846153843
P02094,0.375,0.375,31.666666666666664,31.147540983606557,32.786885245901644
P00881,0.3211009174311927,0.3211009174311927,34.93975903614458,33.720930232558146,37.2093023255814
P01837,0.4666666666666667,0.4666666666666667,27.500000000000004,27.500000000000004,27.500000000000004
P02679,0.4528301886792453,0.4528301886792453,26.80412371134021,26.80412371134021,26.80412371134021
P00154,0.4868421052631579,0.4868421052631579,28.985507246376805,28.985507246376805,28.985507246376805
P02902,0.4864864864864865,0.4864864864864865,36.76470588235294,36.76470588235294,36.76470588235294
P01202,0.345679012345679,0.345679012345679,46.05263157894737,46.05263157894737,46.05263157894737
P01110,0.4050632911392405,0.4050632911392405,41.666666666666664,40.54054054054054,43.24324324324324
P02591,0.4438502673796791,0.44385026737967914,24.840764331210185,24.840764331210185,24.840764331210185
P01900,0.4774774774774775,0.4774774774774775,30.6930693069307,30.6930693069307,30.6930693069307
P02143,0.303030303030303,0.30303030303030304,46.875,46.875,46.875
P02966,0.3893129770992366,0.3893129770992366,49.6,49.6,49.6
P00367,0.4962962962962963,0.4962962962962963,22.13114754098361,22.13114754098361,22.13114754098361
P02550,0.4039735099337748,0.40397350993377484,25.0,25.0,25.0
P00811,0.5,0.5,40.0,40.0,40.0
P02267,0.4285714285714285,0.42857142857142855,23.684210526315784,23.684210526315784,23.684210526315784
P02975,0.4666666666666667,0.4666666666666667,37.2093023255814,37.2093023255814,37.2093023255814
P01241,0.4068965517241379,0.4068965517241379,29.059829059829056,29.059829059829056,29.059829059829056
P01045,0.3728813559322034,0.3728813559322034,24.07407407407407,24.07407407407407,24.07407407407407
P02366,0.5,0.5,18.39080459770115,18.39080459770115,18.39080459770115
P00468,0.2878787878787879,0.2878787878787879,49.09090909090909,49.09090909090909,49.09090909090909
P02682,0.5714285714285714,0.5714285714285714,27.77777777777778,27.77777777777778,27.77777777777778
P00574,0.3978494623655914,0.3978494623655914,34.72222222222222,34.72222222222222,34.72222222222222
P02422,0.46875,0.46875,29.032258064516125,29.032258064516125,29.032258064516125
P02706,0.4268292682926829,0.4268292682926829,33.333333333333336,33.333333333333336,33.333333333333336
P00885,0.4761904761904761,0.47619047619047616,13.684210526315788,13.131313131313128,17.17171717171717
P00996,0.4,0.4,47.76119402985075,47.76119402985075,47.76119402985075
P01060,0.4098360655737705,0.4098360655737705,30.188679245283023,30.188679245283023,30.188679245283023
P00796,0.3773584905660377,0.37735849056603776,36.80555555555556,36.80555555555556,36.80555555555556
P02073,0.3884297520661157,0.3884297520661157,37.61467889908256,37.61467889908256,37.61467889908256
P00681,0.4615384615384615,0.46153846153846156,21.52777777777778,21.52777777777778,21.52777777777778
P02754,0.42,0.42,33.333333333333336,32.55813953488372,34.883720930232556
P02738,0.25,0.25,46.0,46.0,46.0
P01159,0.4077669902912621,0.4077669902912621,34.05405405405405,33.87096774193549,34.40860215053764
P01641,0.4556962025316455,0.45569620253164556,30.434782608695656,30.434782608695656,30.434782608695656
P02854,0.4054054054054054,0.40540540540540543,37.31343283582089,37.31343283582089,37.31343283582089
P01907,0.4939759036144578,0.4939759036144578,23.943661971830988,23.943661971830988,23.943661971830988
P00929,0.3209876543209876,0.32098765432098764,39.0625,39.0625,39.0625
P01684,0.3793103448275862,0.3793103448275862,31.25,31.25,31.25
P02231,0.3636363636363636,0.36363636363636365,31.372549019607842,31.372549019607842,31.372549019607842
P00150,0.2985074626865671,0.29850746268656714,45.16129032258065,45.16129032258065,45.16129032258065
P00738,0.380281690140845,0.38028169014084506,38.983050847457626,38.33333333333333,40.0
P00090,0.5116279069767442,0.5116279069767442,22.499999999999996,22.499999999999996,22.499999999999996
P01534,0.4390243902439024,0.43902439024390244,18.461538461538463,18.181818181818176,19.696969696969703
P01071,0.2727272727272727,0.2727272727272727,36.58536585365854,36.58536585365854,36.58536585365854
P02959,0.3888888888888889,0.3888888888888889,38.46153846153846,38.46153846153846,38.46153846153846
P00619,0.4274193548387097,0.4274193548387097,20.2020202020202,20.2020202020202,20.2020202020202
P01495,0.5,0.5,26.315789473684216,26.315789473684216,26.315789473684216
P02236,0.4225352112676056,0.4225352112676056,33.84615384615385,33.84615384615385,33.84615384615385
P02280,0.34375,0.34375,27.450980392156865,26.923076923076927,28.846153846153843
P02879,0.4012738853503185,0.4012738853503185,42.307692307692314,40.44117647058824,44.85294117647059
P01181,0.4805194805194805,0.4805194805194805,31.506849315068497,31.506849315068497,31.506849315068497
P01503,0.4054054054054054,0.40540540540540543,44.230769230769226,44.230769230769226,44.230769230769226
P00026,0.4561403508771929,0.45614035087719296,30.76923076923077,30.76923076923077,30.76923076923077
P01207,0.3027522935779816,0.30275229357798167,49.46236559139785,50.0,48.93617021276596
P01461,0.4716981132075472,0.4716981132075472,31.000000000000007,31.000000000000007,31.000000000000007
P01792,0.4,0.4,34.54545454545455,34.54545454545455,34.54545454545455
P01518,0.4689655172413793,0.4689655172413793,18.75,18.3206106870229,20.610687022900763
P00429,0.3917525773195876,0.3917525773195876,33.333333333333336,33.333333333333336,33.333333333333336
P00215,0.5280898876404494,0.5280898876404494,21.052631578947366,21.052631578947366,21.052631578947366
P00162,0.4256756756756756,0.42567567567567566,20.68965517241379,20.33898305084746,22.033898305084744
P01020,1.0,1.0,0.0,0.0,0.0
P02415,0.411214953271028,0.411214953271028,27.173913043478258,27.173913043478258,27.173913043478258
P00804,0.396551724137931,0.39655172413793105,44.44444444444444,44.44444444444444,44.44444444444444
P01279,0.3412698412698413,0.3412698412698413,38.738738738738746,38.738738738738746,38.738738738738746
P01912,0.3069767441860465,0.30697674418604654,37.5,37.5,37.5
P00281,0.3644067796610169,0.3644067796610169,38.53211009174312,38.53211009174312,38.53211009174312
P01647,0.4802631578947368,0.48026315789473684,32.41379310344827,32.41379310344827,32.41379310344827
P00752,0.4805194805194805,0.4805194805194805,22.857142857142854,22.857142857142854,22.857142857142854
P00333,0.425,0.425,25.71428571428571,25.59241706161137,26.066350710900476
P00289,0.5038759689922481,0.5038759689922481,25.86206896551724,25.423728813559322,27.118644067796616
P00560,0.416,0.416,32.432432432432435,31.85840707964602,33.62831858407079
P02355,0.4322916666666667,0.4322916666666667,20.24539877300614,20.24539877300614,20.24539877300614
P02998,0.4166666666666667,0.4166666666666667,35.76642335766424,35.76642335766424,35.76642335766424
P01437,0.4508196721311475,0.45081967213114754,25.0,25.0,25.0
P02162,0.4210526315789473,0.42105263157894735,21.08843537414966,20.945945945945944,21.62162162162162
P01706,0.4166666666666667,0.4166666666666667,13.11475409836066,13.11475409836066,13.11475409836066
P02390,0.4146341463414634,0.4146341463414634,24.29906542056075,24.29906542056075,24.29906542056075
P02362,0.4343434343434343,0.43434343434343436,23.750000000000004,23.750000000000004,23.750000000000004
P02786,0.3660714285714285,0.36607142857142855,36.04651162790697,36.04651162790697,36.04651162790697
P01162,0.4945054945054945,0.4945054945054945,27.500000000000004,27.160493827160494,28.395061728395067
P01349,0.3896103896103896,0.38961038961038963,28.125,28.125,28.125
P00212,0.40625,0.40625,29.508196721311474,29.508196721311474,29.508196721311474
P01409,0.453125,0.453125,27.86885245901639,27.86885245901639,27.86885245901639
P02768,0.3861386138613861,0.38613861386138615,39.36170212765957,39.36170212765957,39.36170212765957
P02869,0.432,0.432,36.03603603603604,35.39823008849557,37.16814159292036
P00662,0.5,0.5,19.999999999999996,19.999999999999996,19.999999999999996
P00561,0.5113636363636364,0.5113636363636364,17.910447761194025,16.901408450704224,22.535211267605636
P01320,0.3421052631578947,0.34210526315789475,44.927536231884055,44.927536231884055,44.927536231884055
P02354,0.436046511627907,0.436046511627907,33.56164383561644,32.88590604026845,34.89932885906041
P02271,0.4375,0.4375,29.761904761904766,29.761904761904766,29.761904761904766
P00015,0.5185185185185185,0.5185185185185185,33.76623376623377,33.333333333333336,34.61538461538461
P01022,0.4647887323943662,0.4647887323943662,25.806451612903224,25.806451612903224,25.806451612903224
P02626,0.3873873873873873,0.38738738738738737,31.958762886597935,31.958762886597935,31.958762886597935
P02802,0.4647887323943662,0.4647887323943662,22.764227642276424,22.764227642276424,22.764227642276424
P01265,0.4523809523809524,0.4523809523809524,31.57894736842105,31.57894736842105,31.57894736842105
P02846,0.4144144144144144,0.4144144144144144,31.929824561403507,31.707317073170728,32.40418118466899
P02961,0.4729729729729729,0.47297297297297297,29.104477611940293,29.104477611940293,29.104477611940293
P02172,0.4642857142857143,0.4642857142857143,26.530612244897956,26.530612244897956,26.530612244897956
P02933,0.4790419161676646,0.47904191616766467,13.013698630136982,13.013698630136982,13.013698630136982
P01718,0.359375,0.359375,25.0,25.0,25.0
P02318,0.5217391304347826,0.5217391304347826,20.512820512820518,20.512820512820518,20.512820512820518
P00508,0.4805194805194805,0.4805194805194805,31.343283582089555,31.343283582089555,31.343283582089555
P01886,0.4431818181818182,0.4431818181818182,26.76056338028169,26.027397260273975,28.767123287671236
P00730,0.419753086419753,0.41975308641975306,38.84892086330935,38.84892086330935,38.84892086330935
P00859,0.4759036144578313,0.4759036144578313,31.506849315068497,31.506849315068497,31.506849315068497
P01661,0.3725490196078431,0.37254901960784315,28.409090909090907,28.409090909090907,28.409090909090907
P00934,0.5079365079365079,0.5079365079365079,12.5,12.5,12.5
P01674,0.3137254901960784,0.3137254901960784,50.0,50.0,50.0
P00351,0.5584415584415584,0.5584415584415584,11.940298507462687,11.940298507462687,11.940298507462687
P02234,0.4743589743589743,0.47435897435897434,22.535211267605636,22.535211267605636,22.535211267605636
P02054,0.3561643835616438,0.3561643835616438,35.820895522388064,35.820895522388064,35.820895522388064
P02810,0.4146341463414634,0.4146341463414634,42.50000000000001,42.50000000000001,42.50000000000001
P00987,0.4444444444444444,0.4444444444444444,24.0,23.684210526315784,25.0
P02276,0.492063492063492,0.49206349206349204,24.13793103448276,23.728813559322038,25.423728813559322
P02263,0.4589041095890411,0.4589041095890411,28.455284552845526,28.000000000000004,29.600000000000005
P00571,0.4827586206896552,0.4827586206896552,21.333333333333336,21.052631578947366,22.368421052631582
P00227,0.422680412371134,0.422680412371134,25.0,25.0,25.0
P01531,0.4615384615384615,0.46153846153846156,20.238095238095234,20.238095238095234,20.238095238095234
P02940,0.4266666666666667,0.4266666666666667,23.076923076923073,23.076923076923073,23.076923076923073
P00061,0.4380165289256198,0.4380165289256198,17.647058823529417,17.47572815533981,18.446601941747577
P01255,0.5588235294117647,0.5588235294117647,27.692307692307693,27.692307692307693,27.692307692307693
P01239,0.5,0.5,21.333333333333336,21.052631578947366,22.368421052631582
P01337,0.4756097560975609,0.47560975609756095,18.309859154929576,18.055555555555557,19.444444444444443
P00945,0.4343434343434343,0.43434343434343436,31.76470588235294,31.76470588235294,31.76470588235294
P00252,0.3779527559055118,0.3779527559055118,18.34862385321101,18.34862385321101,18.34862385321101
P00092,0.4752475247524752,0.4752475247524752,22.619047619047617,22.352941176470587,23.529411764705888
P02587,0.4133333333333333,0.41333333333333333,32.846715328467155,32.846715328467155,32.846715328467155
P01146,0.4180327868852459,0.4180327868852459,33.333333333333336,33.333333333333336,33.333333333333336
P02254,0.4216867469879518,0.42168674698795183,36.48648648648649,36.48648648648649,36.48648648648649
P02538,0.3693693693693693,0.36936936936936937,32.291666666666664,31.958762886597935,32.98969072164949
P01620,0.5357142857142857,0.5357142857142857,24.07407407407407,24.07407407407407,24.07407407407407
P00187,0.25,0.25,44.44444444444444,44.44444444444444,44.44444444444444
P00751,0.417910447761194,0.417910447761194,33.333333333333336,33.333333333333336,33.333333333333336
P01449,0.4247787610619469,0.4247787610619469,28.155339805825243,28.155339805825243,28.155339805825243
P02708,0.4025974025974026,0.4025974025974026,35.03649635036496,35.03649635036496,35.03649635036496
P00117,0.4193548387096774,0.41935483870967744,24.07407407407407,24.07407407407407,24.07407407407407
P00912,0.4,0.4,39.13043478260869,39.13043478260869,39.13043478260869
P01193,0.4084507042253521,0.4084507042253521,38.888888888888886,38.888888888888886,38.888888888888886
P00032,0.3537735849056603,0.35377358490566035,35.22727272727273,35.22727272727273,35.22727272727273
P00160,0.4516129032258064,0.45161290322580644,29.06976744186046,29.06976744186046,29.06976744186046
P00166,0.452991452991453,0.452991452991453,20.38834951456311,20.38834951456311,20.38834951456311
P02698,0.3406593406593406,0.34065934065934067,33.75,33.75,33.75
P00679,0.2,0.2,50.0,50.0,50.0
P01103,0.3025210084033613,0.3025210084033613,47.32142857142857,47.78761061946902,46.90265486725663
P02874,0.4787878787878787,0.47878787878787876,17.68707482993197,17.68707482993197,17.68707482993197
P00174,0.4193548387096774,0.41935483870967744,19.565217391304344,19.14893617021277,21.276595744680847
P02906,0.3723404255319149,0.3723404255319149,30.53892215568862,30.53892215568862,30.53892215568862
P01516,0.5256410256410257,0.5256410256410257,25.0,25.0,25.0
P02880,0.4184397163120567,0.41843971631205673,18.58407079646017,18.58407079646017,18.58407079646017
P01552,0.4477611940298507,0.44776119402985076,32.25806451612904,32.25806451612904,32.25806451612904
P02779,0.4086021505376344,0.40860215053763443,25.882352941176467,25.882352941176467,25.882352941176467
P01606,0.4166666666666667,0.4166666666666667,35.483870967741936,35.483870967741936,35.483870967741936
P01772,0.391304347826087,0.391304347826087,35.89743589743589,35.0,37.5
P01750,0.4878048780487805,0.4878048780487805,28.947368421052634,28.947368421052634,28.947368421052634
P02981,0.4646464646464646,0.46464646464646464,34.44444444444444,34.44444444444444,34.44444444444444
P00966,0.4782608695652174,0.4782608695652174,22.22222222222222,21.818181818181813,23.636363636363633
P02147,0.3383458646616541,0.3383458646616541,27.884615384615387,27.61904761904762,28.57142857142857
P03003,0.410958904109589,0.410958904109589,30.76923076923077,30.76923076923077,30.76923076923077
P01732,0.3666666666666666,0.36666666666666664,33.92857142857143,33.92857142857143,33.92857142857143
P01167,0.3434782608695652,0.34347826086956523,46.34146341463414,46.34146341463414,46.34146341463414
P00539,0.4137931034482758,0.41379310344827586,17.156862745098035,17.156862745098035,17.156862745098035
P02811,0.3684210526315789,0.3684210526315789,33.80281690140845,33.80281690140845,33.80281690140845
P00889,0.3,0.3,49.056603773584904,49.056603773584904,49.056603773584904
P01953,0.4339622641509434,0.4339622641509434,27.6595744680851,27.6595744680851,27.6595744680851
P02905,0.4571428571428571,0.45714285714285713,38.144329896907216,38.144329896907216,38.144329896907216
P00205,0.4206349206349206,0.42063492063492064,29.52380952380952,29.52380952380952,29.52380952380952
P02945,0.4163701067615658,0.41637010676156583,21.834061135371176,21.834061135371176,21.834061135371176
P00262,0.3829787234042553,0.3829787234042553,21.62162162162162,21.62162162162162,21.62162162162162
P01013,0.2317880794701986,0.23178807947019867,37.9182156133829,38.60294117647059,37.5
P00185,0.4301075268817204,0.43010752688172044,23.456790123456795,23.456790123456795,23.456790123456795
P01234,0.48,0.48,21.212121212121215,21.212121212121215,21.212121212121215
P00814,0.3809523809523809,0.38095238095238093,31.11111111111111,30.76923076923077,31.868131868131865
P01567,0.5,0.5,19.23076923076923,19.23076923076923,19.23076923076923
P00896,0.4522292993630573,0.45222929936305734,28.47222222222222,28.47222222222222,28.47222222222222
P01700,0.3962264150943396,0.39622641509433965,29.166666666666664,29.166666666666664,29.166666666666664
P00816,0.4922279792746113,0.49222797927461137,34.9112426035503,33.71428571428572,37.142857142857146
P00039,0.5034965034965035,0.5034965034965035,16.19047619047619,15.887850467289722,17.757009345794394
P01946,0.4375,0.4375,26.785714285714292,26.785714285714292,26.785714285714292
P02813,0.3636363636363636,0.36363636363636365,48.89867841409692,47.43589743589743,49.572649572649574
P02801,0.43646408839779,0.43646408839779005,26.351351351351347,26.351351351351347,26.351351351351347
P01520,0.4953271028037383,0.4953271028037383,26.315789473684216,26.315789473684216,26.315789473684216
P01663,0.5,0.5,16.814159292035402,16.52173913043479,18.260869565217387
P02675,0.3918918918918919,0.3918918918918919,32.25806451612904,32.25806451612904,32.25806451612904
P00271,0.4161073825503356,0.4161073825503356,15.596330275229352,15.596330275229352,15.596330275229352
P01560,0.5063291139240507,0.5063291139240507,20.28985507246377,20.28985507246377,20.28985507246377
P00214,0.3939393939393939,0.3939393939393939,38.70967741935484,38.70967741935484,38.70967741935484
P00844,0.48,0.48,35.78947368421053,35.78947368421053,35.78947368421053
P02378,0.3983739837398374,0.3983739837398374,26.0,26.0,26.0
P01705,0.4754098360655737,0.47540983606557374,29.09090909090909,29.09090909090909,29.09090909090909
P00963,0.4098360655737705,0.4098360655737705,48.21428571428571,47.36842105263158,49.122807017543856
P00380,0.4462809917355372,0.4462809917355372,23.15789473684211,23.15789473684211,23.15789473684211
P00933,0.4191919191919191,0.41919191919191917,28.57142857142857,28.57142857142857,28.57142857142857
P00995,0.5125,0.5125,19.718309859154925,19.718309859154925,19.718309859154925
P02596,0.3617021276595745,0.3617021276595745,33.333333333333336,33.333333333333336,33.333333333333336
P01470,0.4029850746268656,0.40298507462686567,33.92857142857143,33.92857142857143,33.92857142857143
P00622,0.3809523809523809,0.38095238095238093,42.50000000000001,42.50000000000001,42.50000000000001
P02916,0.5420560747663551,0.5420560747663551,17.17171717171717,17.17171717171717,17.17171717171717
P02569,0.494949494949495,0.494949494949495,26.190476190476186,26.190476190476186,26.190476190476186
P01668,0.45,0.45,26.76056338028169,26.76056338028169,26.76056338028169
P01057,0.4,0.4,25.581395348837212,25.581395348837212,25.581395348837212
P00164,0.4318181818181818,0.4318181818181818,35.44303797468354,35.44303797468354,35.44303797468354
P01312,0.4380952380952381,0.4380952380952381,30.76923076923077,30.76923076923077,30.76923076923077
P02900,0.417910447761194,0.417910447761194,24.13793103448276,24.13793103448276,24.13793103448276
P02516,0.4444444444444444,0.4444444444444444,30.434782608695656,30.434782608695656,30.434782608695656
P02594,0.4080459770114942,0.40804597701149425,28.481012658227844,28.481012658227844,28.481012658227844
P00268,0.4605263157894737,0.4605263157894737,36.23188405797102,36.23188405797102,36.23188405797102
P02792,0.0,0.0,0.0,0.0,0.0
P00798,0.4817518248175182,0.48175182481751827,19.999999999999996,19.999999999999996,19.999999999999996
P01368,0.4640522875816993,0.46405228758169936,19.658119658119656,19.491525423728817,20.33898305084746
P00845,0.2941176470588235,0.29411764705882354,48.4375,48.4375,48.4375
P02159,0.4805194805194805,0.4805194805194805,23.188405797101453,23.188405797101453,23.188405797101453
P01086,0.4269662921348314,0.42696629213483145,26.282051282051277,26.282051282051277,26.282051282051277
P02640,0.4352941176470588,0.43529411764705883,27.77777777777778,27.77777777777778,27.77777777777778
P01744,0.4810126582278481,0.4810126582278481,16.129032258064512,15.873015873015872,17.460317460317466
P01639,0.6231884057971014,0.6231884057971014,21.875,21.212121212121215,24.242424242424242
P00451,0.3492063492063492,0.3492063492063492,38.18181818181819,38.18181818181819,38.18181818181819
P00290,0.5238095238095238,0.5238095238095238,17.431192660550455,17.431192660550455,17.431192660550455
P02901,0.390625,0.390625,48.275862068965516,48.275862068965516,48.275862068965516
P00194,0.4513274336283185,0.45132743362831856,22.826086956521742,22.826086956521742,22.826086956521742
P01603,0.4769230769230769,0.47692307692307695,13.207547169811317,13.207547169811317,13.207547169811317
P00824,0.422680412371134,0.422680412371134,38.372093023255815,38.372093023255815,38.372093023255815
P01766,0.4,0.4,21.212121212121215,20.895522388059707,22.388059701492537
P01496,0.4146341463414634,0.4146341463414634,26.027397260273975,26.027397260273975,26.027397260273975
P00821,0.5287356321839081,0.5287356321839081,15.384615384615385,15.277777777777779,15.972222222222221
P01809,0.2872340425531915,0.2872340425531915,43.02325581395349,43.02325581395349,43.02325581395349
P01040,0.5145631067961165,0.5145631067961165,16.85393258426966,16.483516483516482,18.681318681318682
P02782,0.3333333333333333,0.3333333333333333,36.95652173913043,36.170212765957444,38.297872340425535
P01291,0.4084507042253521,0.4084507042253521,28.846153846153843,28.846153846153843,28.846153846153843
P01415,0.3875,0.3875,25.196850393700785,24.8062015503876,26.356589147286826
P00411,0.3818181818181818,0.38181818181818183,11.627906976744185,11.627906976744185,11.627906976744185
P01262,0.475,0.475,26.388888888888886,26.027397260273975,27.397260273972602
P00878,0.4,0.4,32.3943661971831,32.3943661971831,32.3943661971831
P02005,0.4661016949152542,0.4661016949152542,19.999999999999996,19.999999999999996,19.999999999999996
P01843,0.4911242603550296,0.4911242603550296,28.18791946308725,28.18791946308725,28.18791946308725
P00609,0.4666666666666667,0.4666666666666667,43.63636363636364,42.85714285714286,44.64285714285714
P01731,0.3333333333333333,0.3333333333333333,32.35294117647059,32.35294117647059,32.35294117647059
P01333,0.430379746835443,0.43037974683544306,17.085427135678387,17.085427135678387,17.085427135678387
P01530,0.448051948051948,0.44805194805194803,21.7741935483871,21.7741935483871,21.7741935483871
P02464,0.4807692307692308,0.4807692307692308,15.000000000000002,15.000000000000002,15.000000000000002
P00651,0.3706896551724138,0.3706896551724138,36.8421052631579,36.8421052631579,36.8421052631579
P01074,0.3902439024390244,0.3902439024390244,28.169014084507037,28.169014084507037,28.169014084507037
P01098,0.3271028037383177,0.32710280373831774,46.31578947368421,45.833333333333336,46.875
P01222,0.4965986394557823,0.4965986394557823,15.966386554621847,15.44715447154471,18.699186991869922
P02790,0.4010152284263959,0.4010152284263959,44.50867052023122,44.50867052023122,44.50867052023122
P01996,0.4516129032258064,0.45161290322580644,22.64150943396226,22.64150943396226,22.64150943396226
P00659,0.4409448818897638,0.4409448818897638,30.76923076923077,30.76923076923077,30.76923076923077
P01893,0.352112676056338,0.352112676056338,27.04918032786885,27.04918032786885,27.04918032786885
P02500,0.4052287581699346,0.40522875816993464,27.34375,26.923076923076927,28.46153846153846
P00122,0.4313725490196078,0.43137254901960786,31.159420289855078,31.159420289855078,31.159420289855078
P01940,0.5,0.5,19.999999999999996,19.999999999999996,19.999999999999996
P01976,0.4285714285714285,0.42857142857142855,31.999999999999996,31.999999999999996,31.999999999999996
P00425,0.4649122807017544,0.4649122807017544,29.52380952380952,29.52380952380952,29.52380952380952
P02833,0.3831775700934579,0.38317757009345793,29.34782608695652,29.34782608695652,29.34782608695652
P02921,0.2980132450331126,0.2980132450331126,40.0,40.0,40.0
P00958,0.4235294117647059,0.4235294117647059,28.57142857142857,28.57142857142857,28.57142857142857
P02865,0.3597122302158273,0.3597122302158273,41.22807017543859,41.22807017543859,41.22807017543859
P02430,0.3736263736263736,0.37362637362637363,39.743589743589745,39.743589743589745,39.743589743589745
P01609,0.4620253164556962,0.4620253164556962,20.769230769230774,20.769230769230774,20.769230769230774
P01527,0.3561643835616438,0.3561643835616438,28.358208955223883,28.358208955223883,28.358208955223883
P01446,0.4912280701754385,0.49122807017543857,21.42857142857143,21.212121212121215,22.22222222222222
P00344,0.5308641975308642,0.5308641975308642,20.547945205479458,20.547945205479458,20.547945205479458
P00601,0.4172661870503597,0.4172661870503597,28.57142857142857,28.57142857142857,28.57142857142857
P00157,0.5217391304347826,0.5217391304347826,24.193548387096776,24.193548387096776,24.193548387096776
P00611,0.3866666666666666,0.38666666666666666,30.555555555555557,30.555555555555557,30.555555555555557
P02113,0.4675324675324675,0.4675324675324675,26.865671641791046,26.470588235294112,27.941176470588236
P02544,0.3873873873873873,0.38738738738738737,30.33707865168539,30.000000000000004,31.11111111111111
P01697,0.4444444444444444,0.4444444444444444,22.95081967213115,22.95081967213115,22.95081967213115
P00056,0.5076923076923077,0.5076923076923077,26.5625,26.5625,26.5625
P02360,0.4657534246575342,0.4657534246575342,33.84615384615385,33.333333333333336,34.84848484848485
P00196,0.4123711340206185,0.41237113402061853,30.58823529411765,30.58823529411765,30.58823529411765
P00713,0.3717277486910995,0.3717277486910995,39.20454545454546,39.20454545454546,39.20454545454546
P00412,0.4020618556701031,0.4020618556701031,30.12048192771084,30.12048192771084,30.12048192771084
P01383,0.4,0.4,36.92307692307693,36.92307692307693,36.92307692307693
P01402,0.4565217391304347,0.45652173913043476,30.15873015873016,30.15873015873016,30.15873015873016
P00650,0.4078947368421052,0.40789473684210525,32.52032520325203,31.496062992125985,34.645669291338585
P01945,0.4123711340206185,0.41237113402061853,35.95505617977528,35.95505617977528,35.95505617977528
P02210,0.4121621621621621,0.41216216216216217,31.818181818181824,31.818181818181824,31.818181818181824
P00559,0.5,0.5,32.291666666666664,32.291666666666664,32.291666666666664
P02135,0.4953271028037383,0.4953271028037383,12.790697674418606,12.790697674418606,12.790697674418606
P01348,0.40625,0.40625,29.629629629629626,29.629629629629626,29.629629629629626
P02578,0.4126984126984127,0.4126984126984127,35.59322033898306,35.59322033898306,35.59322033898306
P00502,0.351063829787234,0.35106382978723405,33.720930232558146,33.720930232558146,33.720930232558146
P01315,0.4464285714285714,0.44642857142857145,27.428571428571423,27.27272727272727,27.840909090909093
P01363,0.4886363636363636,0.48863636363636365,26.315789473684216,26.315789473684216,26.315789473684216
P01157,0.4387755102040816,0.4387755102040816,35.86956521739131,35.86956521739131,35.86956521739131
P00184,0.5034013605442177,0.5034013605442177,21.09375,21.09375,21.09375
P01542,0.4673913043478261,0.4673913043478261,31.32530120481928,31.32530120481928,31.32530120481928
P02371,0.5045045045045045,0.5045045045045045,27.77777777777778,26.881720430107524,30.107526881720425
P00340,0.423728813559322,0.423728813559322,23.636363636363633,23.636363636363633,23.636363636363633
P00696,0.3717948717948718,0.3717948717948718,34.78260869565217,34.78260869565217,34.78260869565217
P01738,0.3082706766917293,0.3082706766917293,46.7741935483871,46.7741935483871,46.7741935483871
P02064,0.4014084507042254,0.4014084507042254,31.496062992125985,31.496062992125985,31.496062992125985
P00145,0.2622950819672131,0.26229508196721313,40.74074074074075,40.74074074074075,40.74074074074075
P02632,0.4244897959183673,0.42448979591836733,33.62831858407079,33.62831858407079,33.62831858407079
P00096,0.5,0.5,29.6875,29.6875,29.6875
P02341,0.524390243902439,0.524390243902439,26.315789473684216,25.97402597402597,27.27272727272727
P01543,0.5050505050505051,0.5050505050505051,26.66666666666667,26.66666666666667,26.66666666666667
P02838,0.4828897338403042,0.4828897338403042,21.91780821917808,21.91780821917808,21.91780821917808
P01240,0.4148148148148148,0.4148148148148148,29.955947136563875,29.955947136563875,29.955947136563875
P01932,0.4244604316546763,0.4244604316546763,20.18348623853211,20.18348623853211,20.18348623853211
P00075,0.4558823529411764,0.45588235294117646,22.033898305084744,22.033898305084744,22.033898305084744
P00044,0.3855421686746988,0.3855421686746988,35.44303797468354,35.44303797468354,35.44303797468354
P01386,0.3472222222222222,0.3472222222222222,35.38461538461538,35.38461538461538,35.38461538461538
P02432,0.449438202247191,0.449438202247191,23.750000000000004,23.750000000000004,23.750000000000004
P01298,0.417910447761194,0.417910447761194,30.909090909090907,30.909090909090907,30.909090909090907
P00016,0.359090909090909,0.35909090909090907,32.22222222222222,32.04419889502762,32.59668508287292
P01577,0.5053763440860215,0.5053763440860215,15.476190476190476,15.476190476190476,15.476190476190476
P01410,0.4768211920529801,0.4768211920529801,24.444444444444446,24.444444444444446,24.444444444444446
P02776,0.2610837438423645,0.26108374384236455,40.21164021164021,40.21164021164021,40.21164021164021
P00720,0.5733333333333334,0.5733333333333334,28.358208955223883,27.536231884057973,30.434782608695656
P01528,0.4390243902439024,0.43902439024390244,28.169014084507037,27.397260273972602,30.136986301369863
P00726,0.3626373626373626,0.3626373626373626,29.729729729729726,29.729729729729726,29.729729729729726
P01151,0.3608247422680412,0.36082474226804123,38.27160493827161,37.80487804878049,39.02439024390244
P01793,0.574468085106383,0.574468085106383,28.260869565217394,28.260869565217394,28.260869565217394
P00381,0.4133333333333333,0.41333333333333333,19.999999999999996,19.999999999999996,19.999999999999996
P02173,0.3968253968253968,0.3968253968253968,29.09090909090909,28.57142857142857,30.35714285714286
P00723,0.4966887417218543,0.4966887417218543,16.000000000000004,16.000000000000004,16.000000000000004
P00869,0.293103448275862,0.29310344827586204,44.230769230769226,44.230769230769226,44.230769230769226
P01301,0.4088888888888889,0.4088888888888889,24.858757062146896,24.858757062146896,24.858757062146896
P01752,0.5,0.5,22.988505747126442,22.988505747126442,22.988505747126442
P02289,0.4556962025316455,0.45569620253164556,21.42857142857143,21.126760563380287,22.535211267605636
P00708,0.3571428571428571,0.35714285714285715,34.32835820895522,34.32835820895522,34.32835820895522
P02621,0.445414847161572,0.44541484716157204,30.348258706467657,30.348258706467657,30.348258706467657
P01743,0.4099378881987577,0.40993788819875776,24.647887323943664,24.647887323943664,24.647887323943664
P02427,0.4705882352941176,0.47058823529411764,32.467532467532465,32.467532467532465,32.467532467532465
P00010,0.4482758620689655,0.4482758620689655,27.77777777777778,27.55905511811023,28.346456692913392
P01048,0.3561643835616438,0.3561643835616438,22.413793103448278,22.413793103448278,22.413793103448278
P01424,0.5151515151515151,0.5151515151515151,12.727272727272732,12.727272727272732,12.727272727272732
P01056,0.417910447761194,0.417910447761194,41.666666666666664,40.98360655737705,42.622950819672134
P03004,0.4143426294820717,0.41434262948207173,29.27927927927928,29.27927927927928,29.27927927927928
P00598,0.320754716981132,0.32075471698113206,40.86021505376344,40.86021505376344,40.86021505376344
P02548,0.3644859813084112,0.3644859813084112,39.32584269662921,39.32584269662921,39.32584269662921
P00359,0.4622641509433962,0.46226415094339623,23.958333333333336,23.958333333333336,23.958333333333336
P01206,0.495049504950495,0.49504950495049505,27.27272727272727,27.27272727272727,27.27272727272727
P00080,0.4166666666666667,0.4166666666666667,33.92857142857143,33.92857142857143,33.92857142857143
P02002,0.417910447761194,0.417910447761194,27.27272727272727,27.27272727272727,27.27272727272727
P02484,0.4069767441860465,0.4069767441860465,30.76923076923077,30.76923076923077,30.76923076923077
P02910,0.5789473684210527,0.5789473684210527,26.923076923076927,26.923076923076927,26.923076923076927
P00911,0.345679012345679,0.345679012345679,43.83561643835616,43.83561643835616,43.83561643835616
P00716,0.3978494623655914,0.3978494623655914,42.352941176470594,42.352941176470594,42.352941176470594
P00866,0.5277777777777778,0.5277777777777778,32.83582089552238,32.83582089552238,32.83582089552238
P00876,0.4352941176470588,0.43529411764705883,24.161073825503355,24.0,24.66666666666667
P01350,0.532258064516129,0.532258064516129,18.181818181818176,18.181818181818176,18.181818181818176
P01957,0.3943661971830985,0.39436619718309857,36.92307692307693,36.92307692307693,36.92307692307693
P00398,0.3618421052631579,0.3618421052631579,26.5625,26.5625,26.5625
P00760,0.4636363636363636,0.4636363636363636,21.999999999999996,21.78217821782178,22.77227722772277
P00649,0.4096385542168674,0.40963855421686746,23.134328358208954,23.134328358208954,23.134328358208954
P01857,0.5,0.5,24.13793103448276,24.13793103448276,24.13793103448276
P01807,0.3764705882352941,0.3764705882352941,48.71794871794872,48.71794871794872,48.71794871794872
P02209,0.4426229508196721,0.4426229508196721,40.35087719298246,40.35087719298246,40.35087719298246
P02870,0.391304347826087,0.391304347826087,38.80597014925373,38.80597014925373,38.80597014925373
P02420,0.4459459459459459,0.44594594594594594,35.9375,35.38461538461538,36.92307692307693
P01101,0.4677419354838709,0.46774193548387094,22.64150943396226,22.64150943396226,22.64150943396226
P01508,0.4098360655737705,0.4098360655737705,36.36363636363637,36.36363636363637,36.36363636363637
P02009,0.0,0.0,0.0,0.0,0.0
P01456,0.4857142857142857,0.4857142857142857,13.793103448275868,13.33333333333333,16.666666666666664
P02648,0.3883495145631068,0.3883495145631068,39.13043478260869,38.70967741935484,39.784946236559136
P00999,0.3790322580645161,0.3790322580645161,26.785714285714292,26.785714285714292,26.785714285714292
P01753,0.5,0.5,27.160493827160494,27.160493827160494,27.160493827160494
P00504,0.43,0.43,41.57303370786517,41.57303370786517,41.57303370786517
P01365,0.5304347826086957,0.5304347826086957,19.266055045871553,19.266055045871553,19.266055045871553
P01695,0.3924050632911392,0.3924050632911392,28.46153846153846,28.46153846153846,28.46153846153846
P02129,0.4025974025974026,0.4025974025974026,36.48648648648649,36.48648648648649,36.48648648648649
P00520,0.4224137931034483,0.4224137931034483,29.047619047619044,29.047619047619044,29.047619047619044
P02847,0.3922204213938411,0.39222042139384117,39.001848428835494,38.92988929889298,39.11439114391144
P02284,0.3278688524590163,0.32786885245901637,49.056603773584904,49.056603773584904,49.056603773584904
P02646,0.4319526627218935,0.4319526627218935,29.139072847682122,29.139072847682122,29.139072847682122
P02532,0.4705882352941176,0.47058823529411764,28.08988764044944,28.08988764044944,28.08988764044944
P02264,0.4013157894736842,0.40131578947368424,18.42105263157895,18.260869565217387,19.130434782608695
P00717,0.3366336633663366,0.33663366336633666,37.916666666666664,37.75933609958506,38.17427385892116
P01648,0.360655737704918,0.36065573770491804,28.846153846153843,28.846153846153843,28.846153846153843
P00690,0.4505494505494505,0.45054945054945056,41.379310344827594,41.379310344827594,41.379310344827594
P00925,0.4189189189189189,0.4189189189189189,42.1875,42.1875,42.1875
P01388,0.4,0.4,22.764227642276424,22.580645161290324,23.38709677419355
P02188,0.453125,0.453125,12.727272727272732,12.727272727272732,12.727272727272732
P01666,0.4605263157894737,0.4605263157894737,24.242424242424242,24.242424242424242,24.242424242424242
P02783,0.4426229508196721,0.4426229508196721,25.92592592592593,25.92592592592593,25.92592592592593
P00719,0.4464285714285714,0.44642857142857145,23.863636363636363,23.863636363636363,23.863636363636363
P02868,0.3896713615023474,0.38967136150234744,29.943502824858758,29.7752808988764,30.33707865168539
P00939,0.4536082474226804,0.4536082474226804,25.0,25.0,25.0
P00986,0.334975369458128,0.33497536945812806,42.1875,42.1875,42.1875
P01856,0.5119047619047619,0.5119047619047619,15.277777777777779,15.277777777777779,15.277777777777779
P02166,0.4416666666666666,0.44166666666666665,16.161616161616166,15.841584158415845,17.821782178217827
P00605,0.4117647058823529,0.4117647058823529,32.758620689655174,32.758620689655174,32.758620689655174
P00490,0.455026455026455,0.455026455026455,26.708074534161486,26.708074534161486,26.708074534161486
P00478,0.4782608695652174,0.4782608695652174,29.75206611570248,29.508196721311474,30.327868852459016
P00008,0.4426229508196721,0.4426229508196721,32.07547169811321,32.07547169811321,32.07547169811321
P02307,0.4444444444444444,0.4444444444444444,26.76056338028169,26.76056338028169,26.76056338028169
P02555,0.3670886075949367,0.3670886075949367,33.333333333333336,33.333333333333336,33.333333333333336
P00677,0.4769230769230769,0.47692307692307695,18.965517241379317,18.965517241379317,18.965517241379317
P01989,0.5111111111111111,0.5111111111111111,14.953271028037385,14.678899082568808,16.51376146788991
P01396,0.4725274725274725,0.4725274725274725,24.0,24.0,24.0
P02941,0.4193548387096774,0.41935483870967744,39.252336448598136,39.252336448598136,39.252336448598136
P01488,0.4712643678160919,0.47126436781609193,30.12048192771084,30.12048192771084,30.12048192771084
P02348,0.4318181818181818,0.4318181818181818,36.70886075949367,36.25000000000001,37.5
P00765,0.3243243243243243,0.32432432432432434,37.5,37.5,37.5
P01722,0.46875,0.46875,21.818181818181813,21.818181818181813,21.818181818181813
P01929,0.4285714285714285,0.42857142857142855,19.696969696969703,18.571428571428573,24.28571428571429
P01892,0.4714285714285714,0.4714285714285714,36.206896551724135,35.59322033898306,37.28813559322034
P01599,0.5333333333333333,0.5333333333333333,25.49019607843137,25.49019607843137,25.49019607843137
P00732,0.379746835443038,0.379746835443038,30.303030303030297,30.303030303030297,30.303030303030297
P01964,0.4112903225806452,0.4112903225806452,23.71134020618557,23.71134020618557,23.71134020618557
P01714,0.5068493150684932,0.5068493150684932,23.880597014925375,23.880597014925375,23.880597014925375
P02083,0.5106382978723404,0.5106382978723404,19.753086419753085,19.753086419753085,19.753086419753085
P02525,0.3977272727272727,0.3977272727272727,35.44303797468354,35.44303797468354,35.44303797468354
P01053,0.3924050632911392,0.3924050632911392,30.000000000000004,30.000000000000004,30.000000000000004
P02350,0.2959183673469387,0.29591836734693877,32.96703296703297,32.96703296703297,32.96703296703297
P00131,0.4264705882352941,0.4264705882352941,25.0,25.0,25.0
P01125,0.3928571428571428,0.39285714285714285,26.027397260273975,26.027397260273975,26.027397260273975
P01736,0.4042553191489361,0.40425531914893614,29.268292682926834,29.268292682926834,29.268292682926834
P02290,0.4814814814814814,0.48148148148148145,16.216216216216218,16.216216216216218,16.216216216216218
P02337,0.3891891891891892,0.3891891891891892,33.11688311688312,33.11688311688312,33.11688311688312
P01848,0.4051724137931034,0.4051724137931034,33.009708737864074,33.009708737864074,33.009708737864074
P00941,0.4166666666666667,0.4166666666666667,22.72727272727273,22.72727272727273,22.72727272727273
P02365,0.5578947368421052,0.5578947368421052,20.45454545454546,20.45454545454546,20.45454545454546
P01941,0.4756097560975609,0.47560975609756095,26.66666666666667,26.315789473684216,27.631578947368418
P00867,0.4666666666666667,0.4666666666666667,26.271186440677962,26.271186440677962,26.271186440677962
P02572,0.5060240963855421,0.5060240963855421,32.05128205128205,32.05128205128205,32.05128205128205
P00175,0.546875,0.546875,14.54545454545455,14.54545454545455,14.54545454545455
P01120,0.3934426229508196,0.39344262295081966,20.744680851063833,20.52631578947368,21.578947368421055
P00247,0.3863636363636363,0.38636363636363635,27.77777777777778,27.77777777777778,27.77777777777778
P00143,0.4705882352941176,0.47058823529411764,34.14634146341463,34.14634146341463,34.14634146341463
P01549,0.4444444444444444,0.4444444444444444,30.58823529411765,30.58823529411765,30.58823529411765
P02128,0.425,0.425,35.71428571428571,35.71428571428571,35.71428571428571
P02382,0.4782608695652174,0.4782608695652174,26.190476190476186,26.190476190476186,26.190476190476186
P02965,0.375,0.375,36.633663366336634,36.633663366336634,36.633663366336634
P02344,0.5529411764705883,0.5529411764705883,23.611111111111114,23.611111111111114,23.611111111111114
P00977,0.4310344827586206,0.43103448275862066,30.188679245283023,30.188679245283023,30.188679245283023
P00260,0.4065420560747663,0.40654205607476634,25.988700564971758,25.988700564971758,25.988700564971758
P02694,0.3051948051948052,0.3051948051948052,48.951048951048946,48.951048951048946,48.951048951048946
P01005,0.3661971830985915,0.36619718309859156,43.47826086956522,43.47826086956522,43.47826086956522
P01458,0.4700854700854701,0.4700854700854701,34.285714285714285,34.285714285714285,34.285714285714285
P00836,0.4105263157894737,0.4105263157894737,42.04545454545454,42.04545454545454,42.04545454545454
P00706,0.3446327683615819,0.3446327683615819,37.5,37.5,37.5
P02198,0.6071428571428571,0.6071428571428571,19.480519480519476,19.480519480519476,19.480519480519476
P02084,0.4339622641509434,0.4339622641509434,20.2247191011236,20.2247191011236,20.2247191011236
P01572,0.4868421052631579,0.4868421052631579,19.402985074626866,19.402985074626866,19.402985074626866
P00563,0.5238095238095238,0.5238095238095238,19.17808219178082,19.17808219178082,19.17808219178082
P00782,0.3495145631067961,0.34951456310679613,32.49999999999999,32.49999999999999,32.49999999999999
P00397,0.5116279069767442,0.5116279069767442,34.5679012345679,34.5679012345679,34.5679012345679
P02455,0.5042735042735043,0.5042735042735043,30.000000000000004,30.000000000000004,30.000000000000004
P00396,0.4354838709677419,0.43548387096774194,25.688073394495415,25.688073394495415,25.688073394495415
P02388,0.3630952380952381,0.3630952380952381,34.72222222222222,34.48275862068966,35.17241379310345
P01149,0.3426573426573426,0.34265734265734266,33.599999999999994,33.599999999999994,33.599999999999994
P02678,0.4411764705882353,0.4411764705882353,33.333333333333336,33.333333333333336,33.333333333333336
P00171,0.4683544303797468,0.46835443037974683,34.210526315789465,34.210526315789465,34.210526315789465
P02755,0.4605263157894737,0.4605263157894737,38.23529411764706,38.23529411764706,38.23529411764706
P00169,0.37,0.37,32.92682926829268,32.92682926829268,32.92682926829268
P02710,0.358974358974359,0.358974358974359,24.28571428571429,24.28571428571429,24.28571428571429
P00208,0.4473684210526316,0.4473684210526316,21.42857142857143,21.42857142857143,21.42857142857143
P01942,0.5370370370370371,0.5370370370370371,30.612244897959183,30.612244897959183,30.612244897959183
P00643,0.4573643410852713,0.4573643410852713,18.556701030927837,18.556701030927837,18.556701030927837
P00899,0.4925373134328358,0.4925373134328358,21.739130434782606,21.739130434782606,21.739130434782606
P02884,0.4047619047619047,0.40476190476190477,46.753246753246756,46.753246753246756,46.753246753246756
P00676,0.40625,0.40625,25.581395348837212,25.581395348837212,25.581395348837212
P02890,0.4125874125874126,0.4125874125874126,39.02439024390244,39.02439024390244,39.02439024390244
P01179,0.5068493150684932,0.5068493150684932,22.22222222222222,21.875,23.4375
P00785,0.4607843137254901,0.46078431372549017,19.14893617021277,19.14893617021277,19.14893617021277
P00402,0.4931506849315068,0.4931506849315068,8.47457627118644,8.47457627118644,8.47457627118644
P02821,0.39,0.39,48.275862068965516,47.72727272727273,48.86363636363637
P02997,0.3841059602649007,0.3841059602649007,36.61971830985915,36.61971830985915,36.61971830985915
P01947,0.4262295081967213,0.4262295081967213,18.691588785046733,18.691588785046733,18.691588785046733
P00721,0.4099378881987577,0.40993788819875776,33.80281690140845,33.333333333333336,34.72222222222222
P00064,0.4418604651162791,0.4418604651162791,24.822695035460995,24.647887323943664,25.352112676056336
P01899,0.423469387755102,0.42346938775510207,27.840909090909093,27.840909090909093,27.840909090909093
P00447,0.45,0.45,29.5774647887324,29.5774647887324,29.5774647887324
P02413,0.4387755102040816,0.4387755102040816,21.42857142857143,21.42857142857143,21.42857142857143
P00226,0.4534883720930232,0.45348837209302323,32.89473684210527,31.645569620253166,35.44303797468354
P02818,0.4545454545454545,0.45454545454545453,22.22222222222222,22.22222222222222,22.22222222222222
P01612,0.4805194805194805,0.4805194805194805,24.63768115942029,24.63768115942029,24.63768115942029
P01646,0.0,0.0,0.0,0.0,0.0
P02723,0.3484848484848485,0.3484848484848485,30.508474576271183,30.000000000000004,31.666666666666664
P01756,0.5294117647058824,0.5294117647058824,23.853211009174313,23.853211009174313,23.853211009174313
P02022,0.5277777777777778,0.5277777777777778,24.369747899159666,23.77049180327869,26.22950819672131
P02885,0.3579545454545454,0.35795454545454547,31.506849315068497,31.506849315068497,31.506849315068497
P02611,0.3902439024390244,0.3902439024390244,33.80281690140845,33.80281690140845,33.80281690140845
P00914,0.4114832535885167,0.41148325358851673,30.35714285714286,30.35714285714286,30.35714285714286
P00627,0.1758241758241758,0.17582417582417584,24.096385542168676,24.096385542168676,24.096385542168676
P01364,0.4756097560975609,0.47560975609756095,35.820895522388064,34.285714285714285,38.57142857142857
P01561,0.4776119402985074,0.47761194029850745,30.76923076923077,30.76923076923077,30.76923076923077
P00347,0.4583333333333333,0.4583333333333333,26.5625,26.5625,26.5625
P00687,0.4186046511627907,0.4186046511627907,33.606557377049185,33.606557377049185,33.606557377049185
P01260,0.4578313253012048,0.4578313253012048,25.71428571428571,25.71428571428571,25.71428571428571
P00371,0.436241610738255,0.436241610738255,18.699186991869922,18.699186991869922,18.699186991869922
P02504,0.4432989690721649,0.44329896907216493,25.555555555555554,25.555555555555554,25.555555555555554
P01399,0.4871794871794871,0.48717948717948717,29.807692307692314,29.52380952380952,30.476190476190478
P02023,0.3944954128440367,0.3944954128440367,30.612244897959183,30.612244897959183,30.612244897959183
P01956,0.515625,0.515625,22.807017543859654,22.413793103448278,24.13793103448276
P02389,0.3881578947368421,0.3881578947368421,18.54838709677419,18.400000000000006,19.199999999999996
P01986,0.352112676056338,0.352112676056338,26.315789473684216,26.315789473684216,26.315789473684216
P00536,0.4161073825503356,0.4161073825503356,32.14285714285714,32.14285714285714,32.14285714285714
P02982,0.424,0.424,30.136986301369863,30.136986301369863,30.136986301369863
P02530,0.453781512605042,0.453781512605042,20.833333333333336,20.833333333333336,20.833333333333336
P00989,0.4131736526946107,0.41317365269461076,30.075187969924812,30.075187969924812,30.075187969924812
P00686,0.3950617283950617,0.3950617283950617,40.136054421768705,40.136054421768705,40.136054421768705
P02261,0.3893805309734513,0.3893805309734513,31.958762886597935,31.958762886597935,31.958762886597935
P02313,0.2087542087542087,0.20875420875420875,34.81481481481481,35.29411764705882,34.55882352941176
P00416,0.4056603773584906,0.4056603773584906,31.794871794871792,31.313131313131315,32.82828282828283
P01575,0.4819277108433735,0.4819277108433735,26.66666666666667,26.66666666666667,26.66666666666667
P02508,0.361344537815126,0.36134453781512604,32.67326732673267,32.67326732673267,32.67326732673267
P00404,0.4722222222222222,0.4722222222222222,20.3125,20.3125,20.3125
P01126,0.3370786516853932,0.33707865168539325,45.34883720930233,44.827586206896555,45.97701149425287
P00710,0.4875,0.4875,27.77777777777778,27.77777777777778,27.77777777777778
P02178,0.464,0.464,31.53153153153153,31.53153153153153,31.53153153153153
P00057,0.4590163934426229,0.45901639344262296,25.92592592592593,25.92592592592593,25.92592592592593
P01587,0.4647887323943662,0.4647887323943662,25.0,24.615384615384617,26.15384615384615
P00307,0.44,0.44,21.53846153846154,21.212121212121215,22.72727272727273
P02922,0.4520547945205479,0.4520547945205479,29.104477611940293,28.888888888888886,29.629629629629626
P02969,0.3958333333333333,0.3958333333333333,47.82608695652174,47.82608695652174,47.82608695652174
P01144,0.4574468085106383,0.4574468085106383,44.44444444444444,44.44444444444444,44.44444444444444
P00204,0.2653061224489796,0.2653061224489796,47.82608695652174,47.82608695652174,47.82608695652174
P00935,0.5,0.5,17.543859649122805,17.24137931034483,18.965517241379317
P01562,0.2020725388601036,0.20207253886010362,33.70786516853933,33.70786516853933,33.70786516853933
P02809,0.4,0.4,25.64102564102564,25.64102564102564,25.64102564102564
P00438,0.3333333333333333,0.3333333333333333,40.33613445378151,40.33613445378151,40.33613445378151
P02278,0.4096385542168674,0.40963855421686746,31.57894736842105,31.57894736842105,31.57894736842105
P01566,0.4242424242424242,0.42424242424242425,21.98581560283688,21.98581560283688,21.98581560283688
P02747,0.4556962025316455,0.45569620253164556,38.02816901408451,38.02816901408451,38.02816901408451
P01746,0.5,0.5,19.76744186046512,19.76744186046512,19.76744186046512
P00628,0.375,0.375,29.52380952380952,29.52380952380952,29.52380952380952
P02635,0.4285714285714285,0.42857142857142855,48.14814814814815,48.14814814814815,48.14814814814815
P01330,0.5,0.5,24.675324675324674,24.675324675324674,24.675324675324674
P01273,0.5309734513274337,0.5309734513274337,19.14893617021277,18.947368421052634,19.999999999999996
P01015,0.4579439252336448,0.45794392523364486,28.125,27.55102040816326,29.591836734693878
P02396,0.3636363636363636,0.36363636363636365,49.21875,48.837209302325576,49.6124031007752
P00013,0.4772727272727273,0.4772727272727273,27.848101265822788,27.848101265822788,27.848101265822788
P01213,0.3684210526315789,0.3684210526315789,48.07692307692307,47.16981132075472,49.056603773584904
P01480,0.5309734513274337,0.5309734513274337,13.4020618556701,13.4020618556701,13.4020618556701
P00788,0.4382022471910112,0.43820224719101125,32.3943661971831,31.081081081081084,35.13513513513513
P01038,0.4714285714285714,0.4714285714285714,19.354838709677423,19.354838709677423,19.354838709677423
P02655,0.5434782608695652,0.5434782608695652,9.756097560975608,9.756097560975608,9.756097560975608
P01608,0.46,0.46,25.842696629213478,25.842696629213478,25.842696629213478
P01434,0.4485981308411215,0.4485981308411215,22.72727272727273,22.47191011235955,23.59550561797753
P00518,0.3862068965517241,0.38620689655172413,31.200000000000006,31.200000000000006,31.200000000000006
P00083,0.4022988505747126,0.40229885057471265,28.205128205128204,28.205128205128204,28.205128205128204
P00607,0.4379084967320261,0.43790849673202614,10.569105691056912,10.483870967741938,11.290322580645162
P01798,0.4444444444444444,0.4444444444444444,8.333333333333337,8.333333333333337,8.333333333333337
P01702,0.3550295857988165,0.35502958579881655,28.776978417266186,28.776978417266186,28.776978417266186
P02644,0.3947368421052631,0.39473684210526316,31.63265306122449,31.313131313131315,32.32323232323232
P00644,0.5232558139534884,0.5232558139534884,20.779220779220775,20.512820512820518,21.794871794871796
P01727,0.3688524590163934,0.36885245901639346,23.71134020618557,23.71134020618557,23.71134020618557
P01303,0.3409090909090909,0.3409090909090909,28.57142857142857,28.57142857142857,28.57142857142857
P00462,0.4521739130434782,0.45217391304347826,29.292929292929294,29.292929292929294,29.292929292929294
P00616,0.3763440860215054,0.3763440860215054,30.12048192771084,30.12048192771084,30.12048192771084
P00272,0.5254237288135594,0.5254237288135594,23.529411764705888,23.076923076923073,25.0
P00231,0.4187725631768953,0.4187725631768953,23.50427350427351,23.50427350427351,23.50427350427351
P00182,0.4195402298850574,0.41954022988505746,40.49079754601227,40.49079754601227,40.49079754601227
P01840,0.3790322580645161,0.3790322580645161,37.96296296296296,37.61467889908256,38.53211009174312
P02195,0.3839285714285714,0.38392857142857145,25.0,25.0,25.0
P00137,0.3902439024390244,0.3902439024390244,36.36363636363637,36.36363636363637,36.36363636363637
P02176,0.5257731958762887,0.5257731958762887,13.253012048192769,13.253012048192769,13.253012048192769
P02798,0.4271844660194174,0.42718446601941745,23.25581395348837,23.25581395348837,23.25581395348837
P02630,0.5232558139534884,0.5232558139534884,19.999999999999996,19.999999999999996,19.999999999999996
P00420,0.3402061855670103,0.3402061855670103,30.000000000000004,30.000000000000004,30.000000000000004
P02212,0.1684210526315789,0.16842105263157894,32.72727272727273,32.72727272727273,32.72727272727273
P02202,0.4714285714285714,0.4714285714285714,30.645161290322577,30.15873015873016,31.746031746031743
P00311,0.437037037037037,0.43703703703703706,24.32432432432432,24.32432432432432,24.32432432432432
P02748,0.4387755102040816,0.4387755102040816,34.48275862068966,34.48275862068966,34.48275862068966
P02438,0.4126984126984127,0.4126984126984127,27.699530516431924,27.699530516431924,27.699530516431924
P01035,0.4347826086956521,0.43478260869565216,37.5,37.5,37.5
P01287,0.4107142857142857,0.4107142857142857,31.958762886597935,31.958762886597935,31.958762886597935
P00454,0.3636363636363636,0.36363636363636365,45.945945945945944,45.945945945945944,45.945945945945944
P02339,0.4850746268656716,0.48507462686567165,26.49572649572649,26.49572649572649,26.49572649572649
P00362,0.5918367346938775,0.5918367346938775,22.22222222222222,22.22222222222222,22.22222222222222
P00799,0.4032258064516129,0.4032258064516129,33.333333333333336,33.333333333333336,33.333333333333336
P02204,0.4125,0.4125,38.1578947368421,37.66233766233766,38.961038961038966
P00873,0.4748858447488584,0.4748858447488584,21.82741116751269,21.82741116751269,21.82741116751269
P01008,0.4647887323943662,0.4647887323943662,34.32835820895522,34.32835820895522,34.32835820895522
P02421,0.3717948717948718,0.3717948717948718,26.15384615384615,26.15384615384615,26.15384615384615
P00189,0.4444444444444444,0.4444444444444444,25.352112676056336,25.352112676056336,25.352112676056336
P02093,0.4769230769230769,0.47692307692307695,19.64285714285714,19.64285714285714,19.64285714285714
P00767,0.2022160664819944,0.20221606648199447,28.739002932551315,29.154518950437314,28.57142857142857
P00243,0.3859649122807017,0.38596491228070173,33.333333333333336,32.99999999999999,34.0
P01133,0.4270833333333333,0.4270833333333333,36.04651162790697,36.04651162790697,36.04651162790697
P01925,0.4954954954954955,0.4954954954954955,20.79207920792079,20.79207920792079,20.79207920792079
P01370,0.4361702127659574,0.43617021276595747,23.529411764705888,23.529411764705888,23.529411764705888
P00842,0.33,0.33,40.65934065934066,40.65934065934066,40.65934065934066
P02903,0.5480769230769231,0.5480769230769231,25.773195876288657,25.773195876288657,25.773195876288657
P02165,0.44,0.44,27.192982456140346,27.192982456140346,27.192982456140346
P02346,0.4966442953020134,0.4966442953020134,25.531914893617024,25.531914893617024,25.531914893617024
P02016,0.4132231404958678,0.4132231404958678,31.818181818181824,31.818181818181824,31.818181818181824
P01468,0.4878048780487805,0.4878048780487805,28.000000000000004,28.000000000000004,28.000000000000004
P02565,0.4054054054054054,0.40540540540540543,32.608695652173914,32.608695652173914,32.608695652173914
P00812,0.4868421052631579,0.4868421052631579,22.058823529411764,22.058823529411764,22.058823529411764
P01532,0.2,0.2,50.0,50.0,50.0
P00581,0.4304635761589404,0.4304635761589404,18.11023622047244,18.11023622047244,18.11023622047244
P00384,0.4354838709677419,0.43548387096774194,28.301886792452834,27.77777777777778,29.629629629629626
P01104,0.4761904761904761,0.47619047619047616,27.77777777777778,27.77777777777778,27.77777777777778
P00354,0.4821428571428571,0.48214285714285715,26.530612244897956,26.530612244897956,26.530612244897956
P02657,0.3380281690140845,0.3380281690140845,43.939393939393945,43.939393939393945,43.939393939393945
P01043,0.5,0.5,28.37837837837838,28.37837837837838,28.37837837837838
P02168,0.4328358208955223,0.43283582089552236,30.89430894308943,30.89430894308943,30.89430894308943
P02076,0.3472222222222222,0.3472222222222222,40.32258064516129,40.32258064516129,40.32258064516129
P01494,0.3692307692307692,0.36923076923076925,38.888888888888886,38.888888888888886,38.888888888888886
P01519,0.4423076923076923,0.4423076923076923,19.10112359550562,19.10112359550562,19.10112359550562
P02039,0.4641833810888252,0.46418338108882523,25.0,24.398625429553267,26.80412371134021
P00325,0.4782608695652174,0.4782608695652174,23.376623376623375,22.78481012658228,25.31645569620253
P00291,0.4608695652173913,0.4608695652173913,31.132075471698116,31.132075471698116,31.132075471698116
P02638,0.5,0.5,17.948717948717952,17.948717948717952,17.948717948717952
P01177,0.4305555555555556,0.4305555555555556,29.6875,29.6875,29.6875
P00513,0.4322033898305085,0.4322033898305085,36.03603603603604,36.03603603603604,36.03603603603604
P00456,0.4285714285714285,0.42857142857142855,26.865671641791046,26.470588235294112,27.941176470588236
P02992,0.53125,0.53125,31.868131868131865,31.868131868131865,31.868131868131865
P01659,0.3977272727272727,0.3977272727272727,15.789473684210531,15.789473684210531,15.789473684210531
P02351,0.5579710144927537,0.5579710144927537,19.999999999999996,19.999999999999996,19.999999999999996
P02481,0.4391891891891892,0.4391891891891892,33.82352941176471,33.82352941176471,33.82352941176471
P00544,0.5,0.5,21.250000000000004,20.98765432098766,22.22222222222222
P02249,0.4028776978417266,0.4028776978417266,22.522522522522525,22.522522522522525,22.522522522522525
P01642,0.3424657534246575,0.3424657534246575,50.0,50.0,50.0
P02512,0.4320987654320987,0.43209876543209874,39.473684210526315,39.473684210526315,39.473684210526315
P00786,0.4645669291338583,0.4645669291338583,30.27522935779816,30.27522935779816,30.27522935779816
P02215,0.5151515151515151,0.5151515151515151,15.094339622641506,14.814814814814813,16.666666666666664
P01630,0.336,0.336,39.449541284403665,39.090909090909086,40.0
P01411,0.5054945054945055,0.5054945054945055,12.328767123287676,12.328767123287676,12.328767123287676
P02899,0.4649122807017544,0.4649122807017544,29.807692307692314,29.807692307692314,29.807692307692314
P01923,0.4246575342465753,0.4246575342465753,27.27272727272727,27.27272727272727,27.27272727272727
P02943,0.3764705882352941,0.3764705882352941,30.37037037037037,30.147058823529417,30.88235294117647
P01158,0.3368421052631579,0.3368421052631579,49.397590361445786,48.837209302325576,47.67441860465116
P00635,0.5192307692307693,0.5192307692307693,20.93023255813954,20.93023255813954,20.93023255813954
P00548,0.4263157894736842,0.4263157894736842,30.17751479289941,30.17751479289941,30.17751479289941
P01990,0.3396226415094339,0.33962264150943394,48.97959183673469,48.97959183673469,48.97959183673469
P02479,0.4146341463414634,0.4146341463414634,25.352112676056336,25.174825174825177,25.874125874125873
P00370,0.4260355029585799,0.4260355029585799,33.11258278145696,32.25806451612904,34.83870967741935
P00002,0.3692307692307692,0.36923076923076925,31.372549019607842,31.372549019607842,31.372549019607842
P02586,0.4032258064516129,0.4032258064516129,27.184466019417474,27.184466019417474,27.184466019417474
P01571,0.5363636363636364,0.5363636363636364,27.61904761904762,27.61904761904762,27.61904761904762
P01270,0.4328358208955223,0.43283582089552236,43.939393939393945,43.939393939393945,43.939393939393945
P01250,0.3949579831932773,0.3949579831932773,40.36697247706422,40.36697247706422,40.36697247706422
P00401,0.3839285714285714,0.38392857142857145,34.31372549019608,33.98058252427184,34.95145631067961
P02828,0.4393939393939394,0.4393939393939394,33.333333333333336,33.333333333333336,33.333333333333336
P01276,0.3896103896103896,0.38961038961038963,32.35294117647059,32.35294117647059,32.35294117647059
P01597,0.4895833333333333,0.4895833333333333,16.279069767441857,16.09195402298851,17.24137931034483
P00746,0.410958904109589,0.410958904109589,30.555555555555557,30.555555555555557,30.555555555555557
P00127,0.3623188405797101,0.36231884057971014,40.90909090909091,40.90909090909091,40.90909090909091
P01328,0.3790322580645161,0.3790322580645161,34.25925925925925,34.25925925925925,34.25925925925925
P02736,0.4264705882352941,0.4264705882352941,36.8421052631579,36.8421052631579,36.8421052631579
P02367,0.3372781065088757,0.33727810650887574,43.790849673202615,43.790849673202615,43.790849673202615
P02560,0.4421052631578947,0.4421052631578947,30.58823529411765,30.58823529411765,30.58823529411765
P01129,0.350210970464135,0.350210970464135,34.97536945812808,34.80392156862745,35.29411764705882
P01236,0.4025974025974026,0.4025974025974026,32.83582089552238,32.83582089552238,32.83582089552238
P01632,0.413265306122449,0.413265306122449,24.375000000000004,24.375000000000004,24.375000000000004
P02917,0.4791666666666667,0.4791666666666667,25.0,24.444444444444446,26.66666666666667
P00998,0.3968253968253968,0.3968253968253968,29.629629629629626,29.629629629629626,29.629629629629626
P00275,0.4196428571428571,0.41964285714285715,34.65346534653465,34.65346534653465,34.65346534653465
P01512,0.4166666666666667,0.4166666666666667,18.75,18.75,18.75
P02878,0.4580152671755725,0.4580152671755725,25.83333333333333,25.83333333333333,25.83333333333333
P02793,0.4054054054054054,0.40540540540540543,35.29411764705882,35.29411764705882,35.29411764705882
P01293,0.4390243902439024,0.43902439024390244,12.5,12.5,12.5
P00575,0.4166666666666667,0.4166666666666667,22.857142857142854,22.857142857142854,22.857142857142854
P00176,0.4554455445544554,0.45544554455445546,30.107526881720425,30.107526881720425,30.107526881720425
P01482,0.5915492957746479,0.5915492957746479,29.850746268656714,29.850746268656714,29.850746268656714
P01055,0.4090909090909091,0.4090909090909091,30.909090909090907,30.35714285714286,32.14285714285714
P00249,0.4285714285714285,0.42857142857142855,30.35714285714286,30.35714285714286,30.35714285714286
P00203,0.4545454545454545,0.45454545454545453,18.032786885245898,18.032786885245898,18.032786885245898
P02667,0.4041095890410959,0.4041095890410959,31.967213114754102,31.967213114754102,31.967213114754102
P02363,0.4398148148148148,0.4398148148148148,22.47191011235955,22.47191011235955,22.47191011235955
P00197,0.4352941176470588,0.43529411764705883,26.315789473684216,26.315789473684216,26.315789473684216
P00956,0.35,0.35,26.363636363636367,26.363636363636367,26.363636363636367
P00808,0.265625,0.265625,50.0,50.0,50.0
P00675,0.5540540540540541,0.5540540540540541,21.311475409836067,20.967741935483875,22.580645161290324
P01267,0.410958904109589,0.410958904109589,32.758620689655174,31.666666666666664,35.0
P00860,0.3991596638655462,0.39915966386554624,27.41116751269036,27.27272727272727,27.77777777777778
P02730,0.4382022471910112,0.43820224719101125,21.42857142857143,21.42857142857143,21.42857142857143
P00309,0.4615384615384615,0.46153846153846156,16.666666666666664,16.470588235294116,17.647058823529417
P00903,0.5405405405405406,0.5405405405405406,21.53846153846154,21.53846153846154,21.53846153846154
P01574,0.3846153846153846,0.38461538461538464,41.78082191780822,41.78082191780822,41.78082191780822
P02268,0.3880597014925373,0.3880597014925373,24.52830188679245,24.52830188679245,24.52830188679245
P01302,0.4603960396039604,0.4603960396039604,24.418604651162788,24.277456647398843,24.855491329479772
P02495,0.4171779141104294,0.4171779141104294,28.873239436619713,28.873239436619713,28.873239436619713
P00771,0.4155844155844156,0.4155844155844156,34.285714285714285,34.285714285714285,34.285714285714285
P00953,0.4125,0.4125,35.29411764705882,34.285714285714285,37.142857142857146
P02509,0.4426229508196721,0.4426229508196721,32.49999999999999,32.49999999999999,32.49999999999999
P01802,0.4077669902912621,0.4077669902912621,25.30120481927711,25.30120481927711,25.30120481927711
P01717,0.5901639344262295,0.5901639344262295,18.965517241379317,18.965517241379317,18.965517241379317
P01343,0.4096385542168674,0.40963855421686746,28.169014084507037,28.169014084507037,28.169014084507037
P02490,0.4224137931034483,0.4224137931034483,30.303030303030297,30.303030303030297,30.303030303030297
P00358,0.3866666666666666,0.38666666666666666,43.47826086956522,42.85714285714286,44.285714285714285
P01818,0.3617021276595745,0.3617021276595745,41.32231404958677,41.32231404958677,41.32231404958677
P02503,0.0,0.0,0.0,0.0,0.0
P02383,0.4451219512195122,0.4451219512195122,25.850340136054417,25.850340136054417,25.850340136054417
P00757,0.4736842105263157,0.47368421052631576,26.506024096385538,26.506024096385538,26.506024096385538
P00819,0.0,0.0,0.0,0.0,0.0
P02142,0.4492753623188406,0.4492753623188406,20.967741935483875,20.967741935483875,20.967741935483875
P02418,0.5154639175257731,0.5154639175257731,21.83908045977011,21.83908045977011,21.83908045977011
P00637,0.4356435643564356,0.43564356435643564,24.17582417582418,24.17582417582418,24.17582417582418
P01184,0.4358974358974359,0.4358974358974359,34.66666666666667,34.66666666666667,34.66666666666667
P01324,0.4520547945205479,0.4520547945205479,27.73109243697479,27.73109243697479,27.73109243697479
P02520,0.4431818181818182,0.4431818181818182,39.473684210526315,39.473684210526315,39.473684210526315
P01972,0.527027027027027,0.527027027027027,32.3943661971831,31.944444444444443,33.333333333333336
P01767,0.3720930232558139,0.37209302325581395,33.333333333333336,33.333333333333336,33.333333333333336
P00414,0.5614035087719298,0.5614035087719298,25.92592592592593,25.454545454545453,27.27272727272727
P02035,0.4383561643835616,0.4383561643835616,23.577235772357717,23.577235772357717,23.577235772357717
P02518,0.4461538461538462,0.4461538461538462,36.065573770491795,36.065573770491795,36.065573770491795
P02488,0.5299145299145299,0.5299145299145299,16.161616161616166,16.000000000000004,17.000000000000004
P02684,0.4485981308411215,0.4485981308411215,25.806451612903224,25.806451612903224,25.806451612903224
P01969,0.390625,0.390625,37.93103448275862,37.93103448275862,37.93103448275862
P01457,0.3883495145631068,0.3883495145631068,24.29378531073446,24.157303370786522,24.71910112359551
P02827,0.4629629629629629,0.46296296296296297,23.0,23.0,23.0
P01625,0.4408602150537634,0.44086021505376344,32.55813953488372,32.55813953488372,32.55813953488372
P00043,0.4153846153846154,0.4153846153846154,38.70967741935484,38.70967741935484,38.70967741935484
P00777,0.4,0.4,19.999999999999996,19.999999999999996,19.999999999999996
P00750,0.431578947368421,0.43157894736842106,23.456790123456795,23.456790123456795,23.456790123456795
P01881,0.4567901234567901,0.4567901234567901,29.5774647887324,29.5774647887324,29.5774647887324
P01797,0.4193548387096774,0.41935483870967744,40.243902439024396,40.243902439024396,40.243902439024396
P00971,0.3667953667953668,0.3667953667953668,31.27962085308057,31.27962085308057,31.27962085308057
P01808,0.4558823529411764,0.45588235294117646,36.66666666666667,36.66666666666667,36.66666666666667
P00304,0.4175824175824176,0.4175824175824176,21.739130434782606,21.739130434782606,21.739130434782606
P01226,0.5072463768115942,0.5072463768115942,24.16666666666667,24.16666666666667,24.16666666666667
P01403,0.3876651982378855,0.3876651982378855,21.761658031088082,21.761658031088082,21.761658031088082
P00990,0.5256410256410257,0.5256410256410257,30.136986301369863,30.136986301369863,30.136986301369863
P00034,0.4966887417218543,0.4966887417218543,26.470588235294112,26.470588235294112,26.470588235294112
P01376,0.40625,0.40625,24.51612903225806,24.0506329113924,25.9493670886076
P01112,0.4936708860759494,0.4936708860759494,24.63768115942029,24.63768115942029,24.63768115942029
P02480,0.2681818181818182,0.2681818181818182,34.32835820895522,34.65346534653465,34.15841584158416
P02255,0.5454545454545454,0.5454545454545454,28.8135593220339,28.333333333333332,30.000000000000004
P01581,0.5,0.5,28.57142857142857,28.57142857142857,28.57142857142857
P01723,0.3828125,0.3828125,28.70370370370371,28.44036697247706,29.357798165137616
P02912,0.4032258064516129,0.4032258064516129,30.434782608695656,28.57142857142857,34.693877551020414
P00011,0.231578947368421,0.23157894736842105,38.60182370820668,38.787878787878796,38.48484848484849
P01355,0.5301204819277109,0.5301204819277109,16.176470588235293,16.176470588235293,16.176470588235293
P00339,0.4705882352941176,0.47058823529411764,20.63492063492064,20.63492063492064,20.63492063492064
P02764,0.3851351351351351,0.38513513513513514,34.67741935483871,34.67741935483871,34.67741935483871
P00059,0.3013698630136986,0.3013698630136986,45.3125,45.3125,45.3125
P02091,0.4125,0.4125,36.111111111111114,35.61643835616438,36.986301369863014
P02136,0.3406593406593406,0.34065934065934067,43.0379746835443,43.0379746835443,43.0379746835443
P02590,0.3955696202531645,0.39556962025316456,34.54545454545455,34.42028985507246,34.78260869565217
P01472,0.3592233009708738,0.3592233009708738,32.22222222222222,32.22222222222222,32.22222222222222
P00317,0.423469387755102,0.42346938775510207,26.82926829268293,26.190476190476186,28.57142857142857
P01073,0.4225352112676056,0.4225352112676056,38.33333333333333,38.33333333333333,38.33333333333333
P00913,0.4270833333333333,0.4270833333333333,44.565217391304344,44.565217391304344,44.565217391304344
P01781,0.5064935064935064,0.5064935064935064,35.820895522388064,35.29411764705882,36.76470588235294
P02087,0.3947368421052631,0.39473684210526316,11.764705882352944,11.764705882352944,11.764705882352944
P00801,0.417391304347826,0.41739130434782606,24.489795918367353,24.489795918367353,24.489795918367353
P00251,0.4875,0.4875,17.910447761194025,17.910447761194025,17.910447761194025
P00731,0.3910891089108911,0.3910891089108911,29.824561403508774,29.824561403508774,29.824561403508774
P02095,0.375,0.375,17.037037037037038,16.911764705882348,17.647058823529417
P01846,0.4105263157894737,0.4105263157894737,26.66666666666667,26.66666666666667,26.66666666666667
P00993,0.422077922077922,0.42207792207792205,24.409448818897637,24.031007751937985,25.581395348837212
P01463,0.4823529411764706,0.4823529411764706,26.086956521739136,25.352112676056336,28.169014084507037
P02412,0.4198473282442748,0.4198473282442748,41.880341880341874,41.880341880341874,41.880341880341874
P02551,0.4065040650406504,0.4065040650406504,23.33333333333333,23.076923076923073,24.17582417582418
P01994,0.3684210526315789,0.3684210526315789,16.666666666666664,16.666666666666664,16.666666666666664
P00210,0.4285714285714285,0.42857142857142855,23.750000000000004,23.750000000000004,23.750000000000004
P02919,0.3826086956521739,0.3826086956521739,46.846846846846844,46.846846846846844,46.846846846846844
P00683,0.3793103448275862,0.3793103448275862,34.61538461538461,34.61538461538461,34.61538461538461
P02336,0.4436619718309859,0.44366197183098594,30.645161290322577,30.645161290322577,30.645161290322577
P01428,0.5138888888888888,0.5138888888888888,30.76923076923077,30.76923076923077,30.76923076923077
P01865,0.3818181818181818,0.38181818181818183,31.914893617021278,30.612244897959183,34.693877551020414
P02111,0.3947368421052631,0.39473684210526316,31.313131313131315,31.313131313131315,31.313131313131315
P00476,0.3837209302325581,0.38372093023255816,31.57894736842105,31.57894736842105,31.57894736842105
P01164,0.4065934065934066,0.4065934065934066,44.57831325301205,44.57831325301205,44.57831325301205
P00108,0.3964757709251101,0.3964757709251101,22.47191011235955,22.3463687150838,22.9050279329609
P01018,0.452991452991453,0.452991452991453,30.27522935779816,30.27522935779816,30.27522935779816
P00921,0.4285714285714285,0.42857142857142855,31.775700934579444,31.481481481481477,32.407407407407405
P02102,0.4310344827586206,0.43103448275862066,28.57142857142857,28.57142857142857,28.57142857142857
P00936,0.4024390243902439,0.4024390243902439,26.027397260273975,26.027397260273975,26.027397260273975
P00421,0.4482758620689655,0.4482758620689655,19.999999999999996,19.718309859154925,21.126760563380287
P02743,0.4814814814814814,0.48148148148148145,16.901408450704224,16.901408450704224,16.901408450704224
P01248,0.3982300884955752,0.39823008849557523,27.27272727272727,27.27272727272727,27.27272727272727
P00642,0.4425675675675675,0.44256756756756754,19.999999999999996,19.999999999999996,19.999999999999996
P01369,0.4504504504504504,0.45045045045045046,29.34782608695652,29.34782608695652,29.34782608695652
P01915,0.3962264150943396,0.39622641509433965,23.28767123287672,23.28767123287672,23.28767123287672
P02851,0.3807531380753138,0.3807531380753138,36.32075471698113,36.32075471698113,36.32075471698113
P02712,0.3915343915343915,0.3915343915343915,31.16883116883117,30.967741935483872,31.612903225806456
P01558,0.3733333333333333,0.37333333333333335,35.820895522388064,35.820895522388064,35.820895522388064
P02725,0.390625,0.390625,37.5,37.5,37.5
P01754,0.495575221238938,0.49557522123893805,20.192307692307686,20.192307692307686,20.192307692307686
P02259,0.4888888888888889,0.4888888888888889,21.91780821917808,21.62162162162162,22.972972972972972
P02837,0.4429530201342282,0.4429530201342282,18.699186991869922,18.699186991869922,18.699186991869922
P02529,0.3766233766233766,0.37662337662337664,28.2258064516129,28.2258064516129,28.2258064516129
P00244,0.4513274336283185,0.45132743362831856,21.78217821782178,21.78217821782178,21.78217821782178
P00073,0.4144736842105263,0.4144736842105263,23.4375,23.25581395348837,24.031007751937985
P01313,0.4683544303797468,0.46835443037974683,27.536231884057973,27.536231884057973,27.536231884057973
P01169,0.43125,0.43125,25.20325203252033,25.20325203252033,25.20325203252033
P02012,0.4623655913978494,0.46236559139784944,15.58441558441559,15.58441558441559,15.58441558441559
P00085,0.4710743801652892,0.47107438016528924,27.570093457943923,27.570093457943923,27.570093457943923
P02478,0.3783783783783784,0.3783783783783784,30.6930693069307,30.6930693069307,30.6930693069307
P02428,0.4827586206896552,0.4827586206896552,26.66666666666667,26.66666666666667,26.66666666666667
P00722,0.4645161290322581,0.4645161290322581,33.57142857142858,33.57142857142858,33.57142857142858
P02816,0.5294117647058824,0.5294117647058824,23.611111111111114,23.611111111111114,23.611111111111114
P00335,0.4586466165413533,0.45864661654135336,19.130434782608695,19.130434782608695,19.130434782608695
P02235,0.323943661971831,0.323943661971831,24.770642201834857,24.770642201834857,24.770642201834857
P00541,0.3898305084745763,0.3898305084745763,29.24528301886793,29.24528301886793,29.24528301886793
P01901,0.4606741573033708,0.4606741573033708,19.17808219178082,18.918918918918916,20.270270270270274
P01137,0.4635761589403973,0.46357615894039733,24.087591240875916,24.087591240875916,24.087591240875916
P01790,0.3484848484848485,0.3484848484848485,41.07142857142857,41.07142857142857,41.07142857142857
P02871,0.4436090225563909,0.44360902255639095,24.16666666666667,24.16666666666667,24.16666666666667
P00932,0.4769230769230769,0.47692307692307695,22.522522522522525,22.522522522522525,22.522522522522525
P02137,0.5392156862745098,0.5392156862745098,19.318181818181824,19.318181818181824,19.318181818181824
P01360,0.3829787234042553,0.3829787234042553,32.18390804597702,32.18390804597702,32.18390804597702
P01422,0.3382352941176471,0.3382352941176471,33.944954128440365,33.63636363636363,34.54545454545455
P00725,0.5384615384615384,0.5384615384615384,15.189873417721522,14.814814814814813,17.28395061728395
P00465,0.4067796610169492,0.4067796610169492,32.98969072164949,32.98969072164949,32.98969072164949
P02502,0.4393939393939394,0.4393939393939394,20.560747663551403,20.370370370370374,21.29629629629629
P02773,0.4482758620689655,0.4482758620689655,31.481481481481477,31.481481481481477,31.481481481481477
P01600,0.3863636363636363,0.38636363636363635,23.611111111111114,23.611111111111114,23.611111111111114
P00537,0.4656862745098039,0.46568627450980393,30.687830687830687,30.687830687830687,30.687830687830687
P00588,0.4700854700854701,0.4700854700854701,25.0,24.731182795698924,25.806451612903224
P00630,0.4787234042553192,0.4787234042553192,29.166666666666664,29.166666666666664,29.166666666666664
P02993,0.4375,0.4375,23.17073170731707,23.17073170731707,23.17073170731707
P00140,0.5,0.5,26.984126984126988,26.5625,28.125
P00098,0.3644067796610169,0.3644067796610169,30.841121495327105,30.841121495327105,30.841121495327105
P01011,0.4,0.4,42.307692307692314,41.77215189873418,43.0379746835443
P00239,0.4413145539906103,0.4413145539906103,21.176470588235297,20.809248554913296,22.543352601156073
P01796,0.4432432432432432,0.44324324324324327,30.379746835443033,30.379746835443033,30.379746835443033
P00865,0.4,0.4,37.06896551724138,37.06896551724138,37.06896551724138
P01119,0.4736842105263157,0.47368421052631576,24.305555555555557,23.972602739726025,25.34246575342466
P00533,0.4327485380116959,0.4327485380116959,21.379310344827584,20.945945945945944,22.972972972972972
P01782,0.4525139664804469,0.45251396648044695,15.89403973509934,15.89403973509934,15.89403973509934
P02042,0.4576271186440678,0.4576271186440678,29.411764705882348,28.301886792452834,32.07547169811321
P02688,0.48,0.48,21.739130434782606,21.276595744680847,23.404255319148938
P01289,0.4431818181818182,0.4431818181818182,23.076923076923073,23.076923076923073,23.076923076923073
P01081,0.4551282051282051,0.4551282051282051,34.53237410071942,34.285714285714285,35.0
P01852,0.4320987654320987,0.43209876543209874,29.333333333333332,29.333333333333332,29.333333333333332
P02849,0.4719101123595505,0.47191011235955055,28.947368421052634,28.947368421052634,28.947368421052634
P01806,0.4666666666666667,0.4666666666666667,25.0,25.0,25.0
P00890,0.5,0.5,27.184466019417474,27.184466019417474,27.184466019417474
P00691,0.4024390243902439,0.4024390243902439,19.444444444444443,19.444444444444443,19.444444444444443
P02018,0.4363636363636363,0.43636363636363634,33.684210526315795,33.684210526315795,33.684210526315795
P00295,0.4705882352941176,0.47058823529411764,18.9873417721519,18.9873417721519,18.9873417721519
P00406,0.4375,0.4375,33.87096774193549,33.87096774193549,33.87096774193549
P00988,0.3581081081081081,0.3581081081081081,37.121212121212125,37.121212121212125,37.121212121212125
P00762,0.4803921568627451,0.4803921568627451,15.555555555555555,15.555555555555555,15.555555555555555
P02134,0.288135593220339,0.288135593220339,43.99999999999999,43.99999999999999,43.99999999999999
P02575,0.4719101123595505,0.47191011235955055,22.535211267605636,22.535211267605636,22.535211267605636
P02528,0.5922330097087378,0.5922330097087378,19.10112359550562,19.10112359550562,19.10112359550562
P02642,0.4729729729729729,0.47297297297297297,25.373134328358205,25.373134328358205,25.373134328358205
P00954,0.3787878787878788,0.3787878787878788,23.214285714285708,23.214285714285708,23.214285714285708
P01541,0.4196428571428571,0.41964285714285715,38.541666666666664,38.541666666666664,38.541666666666664
