sample_id,query_hinglish,expected_report_id,retrieved_top1_report_id,retrieved_report_ids,retrieval_top1_hit,retrieval_topk_hit,retrieval_score_top1,top1_evidence_text,retrieved_evidence_text,zero_shot_output,grounded_output,zero_factual,grounded_factual,zero_hallucination,grounded_hallucination
S0001,Chest ke side me fluid jama hai kya please batao? right side me Report me 'pleural effusion' mention hai kya?,R001,R011,R011|R001|R010|R006|R020,0,1,0.7054583024978637,Moderate right pleural effusion with compressive atelectasis.,Moderate right pleural effusion with compressive atelectasis. || Right-sided pleural effusion is present. Heart size is within normal limits.,"Query: Chest ke side me fluid jama hai kya please batao? right side me Report me 'pleural effusion' mention hai kya? Symptoms ke basis par pleural effusion ka possibility lag sakta hai. clinical correlation advised, lekin bina report evidence final confirmation possible nahi hai.",Query: Chest ke side me fluid jama hai kya please batao? right side me Report me 'pleural effusion' mention hai kya? Available report evidence ke hisaab se: Moderate right pleural effusion with compressive atelectasis. Isliye explanation report-grounded hai.,1.0,1.0,0,0
S0002,"Doctor, consolidation ka matlab pneumonia hi hota hai kya? left side lung me Report me 'consolidation' mention hai kya? Aur 'suspicious' ka meaning bhi batao. Thoda simple Hinglish me samjhao.",R002,R002,R002|R010|R017|R008|R006,1,1,0.8257471354802449,"Left lower lobe consolidation is noted, suspicious for pneumonia.","Left lower lobe consolidation is noted, suspicious for pneumonia. || No focal consolidation or pleural effusion.","Query: Doctor, consolidation ka matlab pneumonia hi hota hai kya? left side lung me Report me 'consolidation' mention hai kya? Aur 'suspicious' ka meaning bhi batao. Thoda simple Hinglish me samjhao. Symptoms ke basis par pneumonia ka possibility lag sakta hai. clinical correlation advised, lekin bina report evidence final confirmation possible nahi hai.","Query: Doctor, consolidation ka matlab pneumonia hi hota hai kya? left side lung me Report me 'consolidation' mention hai kya? Aur 'suspicious' ka meaning bhi batao. Thoda simple Hinglish me samjhao. Available report evidence ke hisaab se: Left lower lobe consolidation is noted, suspicious for pneumonia. Isliye explanation report-grounded hai.",1.0,1.0,0,0
S0003,Kya cardiomegaly mention hai aur ye serious hai? condition halka hai kya? Report me 'cardiomegaly' mention hai kya?,R003,R003,R003|R001|R005|R004|R002,1,1,0.4790413337404077,Mild cardiomegaly with pulmonary vascular congestion.,Mild cardiomegaly with pulmonary vascular congestion. || Right-sided pleural effusion is present. Heart size is within normal limits.,"Query: Kya cardiomegaly mention hai aur ye serious hai? condition halka hai kya? Report me 'cardiomegaly' mention hai kya? Symptoms ke basis par cardiomegaly ka possibility lag sakta hai. clinical correlation advised, lekin bina report evidence final confirmation possible nahi hai.",Query: Kya cardiomegaly mention hai aur ye serious hai? condition halka hai kya? Report me 'cardiomegaly' mention hai kya? Available report evidence ke hisaab se: Mild cardiomegaly with pulmonary vascular congestion. Isliye explanation report-grounded hai.,1.0,1.0,0,0
S0004,Kya report me koi serious dikkat nahi hai? Report me 'no acute' mention hai kya? Aur 'cardiopulmonary' ka meaning bhi batao. Thoda simple Hinglish me samjhao.,R004,R004,R004|R013|R020|R010|R005,1,1,0.786986632347107,No acute cardiopulmonary abnormality detected.,No acute cardiopulmonary abnormality detected. || Hyperinflated lungs; no acute infiltrate.,"Query: Kya report me koi serious dikkat nahi hai? Report me 'no acute' mention hai kya? Aur 'cardiopulmonary' ka meaning bhi batao. Thoda simple Hinglish me samjhao. Symptoms ke basis par cardiomegaly ka possibility lag sakta hai. clinical correlation advised, lekin bina report evidence final confirmation possible nahi hai.",Query: Kya report me koi serious dikkat nahi hai? Report me 'no acute' mention hai kya? Aur 'cardiopulmonary' ka meaning bhi batao. Thoda simple Hinglish me samjhao. Available report evidence ke hisaab se: No acute cardiopulmonary abnormality detected. Isliye explanation report-grounded hai.,0.0,0.25,1,0
S0005,Atelectasis ka mention hai kya report me? Report me 'bibasilar' term ka matlab kya hai? Thoda simple Hinglish me samjhao.,R005,R005,R005|R011|R006|R014|R004,1,1,0.4095188868045807,Bibasilar atelectatic changes are seen.,Bibasilar atelectatic changes are seen. || Moderate right pleural effusion with compressive atelectasis.,"Query: Atelectasis ka mention hai kya report me? Report me 'bibasilar' term ka matlab kya hai? Thoda simple Hinglish me samjhao. Symptoms ke basis par atelectasis ka possibility lag sakta hai. clinical correlation advised, lekin bina report evidence final confirmation possible nahi hai.",Query: Atelectasis ka mention hai kya report me? Report me 'bibasilar' term ka matlab kya hai? Thoda simple Hinglish me samjhao. Available report evidence ke hisaab se: Bibasilar atelectatic changes are seen. Isliye explanation report-grounded hai.,1.0,1.0,0,0
S0006,"Please explain: Doctor, right side chhati me pani bhar gaya hai kya? left side me Report me 'atelectasis' mention hai kya?",R006,R011,R011|R006|R014|R007|R002,0,1,0.5258303252855936,Moderate right pleural effusion with compressive atelectasis.,Moderate right pleural effusion with compressive atelectasis. || Small left pleural effusion with adjacent basal atelectasis.,"Query: Please explain: Doctor, right side chhati me pani bhar gaya hai kya? left side me Report me 'atelectasis' mention hai kya? Symptoms ke basis par pleural effusion ka possibility lag sakta hai. clinical correlation advised, lekin bina report evidence final confirmation possible nahi hai.","Query: Please explain: Doctor, right side chhati me pani bhar gaya hai kya? left side me Report me 'atelectasis' mention hai kya? Available report evidence ke hisaab se: Moderate right pleural effusion with compressive atelectasis. Isliye explanation report-grounded hai.",1.0,1.0,0,0
S0007,Please explain: Report ke hisaab se lungs me infection ya pneumonia lag raha hai kya? right side lung me Report me 'infiltrate' mention hai kya?,R007,R007,R007|R013|R019|R008|R016,1,1,0.5470121759176254,"Right upper lobe infiltrate, likely infective etiology.","Right upper lobe infiltrate, likely infective etiology. || Hyperinflated lungs; no acute infiltrate.","Query: Please explain: Report ke hisaab se lungs me infection ya pneumonia lag raha hai kya? right side lung me Report me 'infiltrate' mention hai kya? Symptoms ke basis par pneumonia ka possibility lag sakta hai. clinical correlation advised, lekin bina report evidence final confirmation possible nahi hai.","Query: Please explain: Report ke hisaab se lungs me infection ya pneumonia lag raha hai kya? right side lung me Report me 'infiltrate' mention hai kya? Available report evidence ke hisaab se: Right upper lobe infiltrate, likely infective etiology. Isliye explanation report-grounded hai.",1.0,1.0,0,0
S0008,"Doctor, consolidation ka matlab pneumonia hi hota hai kya? dono side lung me Report me 'pneumonia' mention hai kya? Aur 'opacities' ka meaning bhi batao. Thoda simple Hinglish me samjhao.",R008,R008,R008|R002|R010|R017|R005,1,1,0.6899072281519572,Patchy bilateral opacities consistent with multifocal pneumonia.,"Patchy bilateral opacities consistent with multifocal pneumonia. || Left lower lobe consolidation is noted, suspicious for pneumonia.","Query: Doctor, consolidation ka matlab pneumonia hi hota hai kya? dono side lung me Report me 'pneumonia' mention hai kya? Aur 'opacities' ka meaning bhi batao. Thoda simple Hinglish me samjhao. Symptoms ke basis par pneumonia ka possibility lag sakta hai. clinical correlation advised, lekin bina report evidence final confirmation possible nahi hai.","Query: Doctor, consolidation ka matlab pneumonia hi hota hai kya? dono side lung me Report me 'pneumonia' mention hai kya? Aur 'opacities' ka meaning bhi batao. Thoda simple Hinglish me samjhao. Available report evidence ke hisaab se: Patchy bilateral opacities consistent with multifocal pneumonia. Isliye explanation report-grounded hai.",0.6666666666666666,0.6666666666666666,1,1
S0009,Kya cardiomegaly mention hai aur ye serious hai? condition halka hai kya?,R009,R003,R003|R001|R005|R004|R002,0,0,0.4861120408111148,Mild cardiomegaly with pulmonary vascular congestion.,Mild cardiomegaly with pulmonary vascular congestion. || Right-sided pleural effusion is present. Heart size is within normal limits.,"Query: Kya cardiomegaly mention hai aur ye serious hai? condition halka hai kya? Symptoms ke basis par cardiomegaly ka possibility lag sakta hai. clinical correlation advised, lekin bina report evidence final confirmation possible nahi hai.",Query: Kya cardiomegaly mention hai aur ye serious hai? condition halka hai kya? Available report evidence ke hisaab se: Mild cardiomegaly with pulmonary vascular congestion. Isliye explanation report-grounded hai.,1.0,1.0,0,0
S0010,Report me pleural effusion dikh raha hai kya? Report me 'pleural effusion' mention hai kya? Thoda simple Hinglish me samjhao.,R010,R010,R010|R011|R006|R020|R001,1,1,0.5763525947240683,No focal consolidation or pleural effusion.,No focal consolidation or pleural effusion. || Moderate right pleural effusion with compressive atelectasis.,"Query: Report me pleural effusion dikh raha hai kya? Report me 'pleural effusion' mention hai kya? Thoda simple Hinglish me samjhao. Symptoms ke basis par pleural effusion ka possibility lag sakta hai. clinical correlation advised, lekin bina report evidence final confirmation possible nahi hai.",Query: Report me pleural effusion dikh raha hai kya? Report me 'pleural effusion' mention hai kya? Thoda simple Hinglish me samjhao. Available report evidence ke hisaab se: No focal consolidation or pleural effusion. Isliye explanation report-grounded hai.,1.0,1.0,0,0
S0011,"Please explain: Doctor, right side chhati me pani bhar gaya hai kya? right side me medium level lag raha hai kya? Report me 'atelectasis' mention hai kya? Aur 'compressive' ka meaning bhi batao. Thoda simple Hinglish me samjhao.",R011,R011,R011|R007|R006|R017|R001,1,1,0.6964224457740783,Moderate right pleural effusion with compressive atelectasis.,"Moderate right pleural effusion with compressive atelectasis. || Right upper lobe infiltrate, likely infective etiology.","Query: Please explain: Doctor, right side chhati me pani bhar gaya hai kya? right side me medium level lag raha hai kya? Report me 'atelectasis' mention hai kya? Aur 'compressive' ka meaning bhi batao. Thoda simple Hinglish me samjhao. Symptoms ke basis par pleural effusion ka possibility lag sakta hai. clinical correlation advised, lekin bina report evidence final confirmation possible nahi hai.","Query: Please explain: Doctor, right side chhati me pani bhar gaya hai kya? right side me medium level lag raha hai kya? Report me 'atelectasis' mention hai kya? Aur 'compressive' ka meaning bhi batao. Thoda simple Hinglish me samjhao. Available report evidence ke hisaab se: Moderate right pleural effusion with compressive atelectasis. Isliye explanation report-grounded hai.",1.0,1.0,0,0
S0012,"Doctor, lungs me fluid overload ke signs dikh rahe hai kya? Thoda simple Hinglish me samjhao.",R012,R013,R013|R016|R005|R004|R003,0,0,0.3417960627873738,Hyperinflated lungs; no acute infiltrate.,Hyperinflated lungs; no acute infiltrate. || Heart size is normal. Lungs are clear.,"Query: Doctor, lungs me fluid overload ke signs dikh rahe hai kya? Thoda simple Hinglish me samjhao. Symptoms ke basis par pleural effusion ka possibility lag sakta hai. clinical correlation advised, lekin bina report evidence final confirmation possible nahi hai.","Query: Doctor, lungs me fluid overload ke signs dikh rahe hai kya? Thoda simple Hinglish me samjhao. Available report evidence ke hisaab se: Hyperinflated lungs; no acute infiltrate. Isliye explanation report-grounded hai.",0.0,0.0,1,1
S0013,Please explain: No acute abnormality ka matlab sab normal hai kya? Report me 'no acute' mention hai kya?,R013,R013,R013|R004|R020|R010|R005,1,1,0.6916634273529053,Hyperinflated lungs; no acute infiltrate.,Hyperinflated lungs; no acute infiltrate. || No acute cardiopulmonary abnormality detected.,"Query: Please explain: No acute abnormality ka matlab sab normal hai kya? Report me 'no acute' mention hai kya? Symptoms ke basis par no acute abnormality ka possibility lag sakta hai. clinical correlation advised, lekin bina report evidence final confirmation possible nahi hai.",Query: Please explain: No acute abnormality ka matlab sab normal hai kya? Report me 'no acute' mention hai kya? Available report evidence ke hisaab se: Hyperinflated lungs; no acute infiltrate. Isliye explanation report-grounded hai.,0.25,0.25,0,0
S0014,Lower lung thoda daba hua ya collapse type dikh raha hai kya? left side lower side pe Report me 'atelectasis' mention hai kya? Aur 'basilar' ka meaning bhi batao.,R014,R014,R014|R006|R002|R011|R017,1,1,0.549828962802887,"Left basilar opacity, could represent subsegmental atelectasis.","Left basilar opacity, could represent subsegmental atelectasis. || Small left pleural effusion with adjacent basal atelectasis.","Query: Lower lung thoda daba hua ya collapse type dikh raha hai kya? left side lower side pe Report me 'atelectasis' mention hai kya? Aur 'basilar' ka meaning bhi batao. Symptoms ke basis par atelectasis ka possibility lag sakta hai. clinical correlation advised, lekin bina report evidence final confirmation possible nahi hai.","Query: Lower lung thoda daba hua ya collapse type dikh raha hai kya? left side lower side pe Report me 'atelectasis' mention hai kya? Aur 'basilar' ka meaning bhi batao. Available report evidence ke hisaab se: Left basilar opacity, could represent subsegmental atelectasis. Isliye explanation report-grounded hai.",1.0,1.0,0,0
S0015,"Please explain: Doctor, meri report ka simple Hinglish meaning batao please.",R015,R005,R005|R004|R003|R002|R001,0,0,0.0,Bibasilar atelectatic changes are seen.,Bibasilar atelectatic changes are seen. || No acute cardiopulmonary abnormality detected.,"Query: Please explain: Doctor, meri report ka simple Hinglish meaning batao please. Symptoms ke basis par chest condition ka possibility lag sakta hai. clinical correlation advised, lekin bina report evidence final confirmation possible nahi hai.","Query: Please explain: Doctor, meri report ka simple Hinglish meaning batao please. Available report evidence ke hisaab se: Bibasilar atelectatic changes are seen. Isliye explanation report-grounded hai.",0.25,1.0,0,0
S0016,"Doctor, report mostly normal hai kya confirm karo. Thoda simple Hinglish me samjhao.",R016,R013,R013|R004|R020|R010|R005,0,0,0.6916634273529053,Hyperinflated lungs; no acute infiltrate.,Hyperinflated lungs; no acute infiltrate. || No acute cardiopulmonary abnormality detected.,"Query: Doctor, report mostly normal hai kya confirm karo. Thoda simple Hinglish me samjhao. Symptoms ke basis par no acute abnormality ka possibility lag sakta hai. clinical correlation advised, lekin bina report evidence final confirmation possible nahi hai.","Query: Doctor, report mostly normal hai kya confirm karo. Thoda simple Hinglish me samjhao. Available report evidence ke hisaab se: Hyperinflated lungs; no acute infiltrate. Isliye explanation report-grounded hai.",0.25,0.25,0,0
S0017,Report ke hisaab se lungs me infection ya pneumonia lag raha hai kya? right side lung me kaafi zyada hai kya? Report me 'consolidation' mention hai kya?,R017,R002,R002|R017|R019|R013|R016,0,1,0.4677965283393859,"Left lower lobe consolidation is noted, suspicious for pneumonia.","Left lower lobe consolidation is noted, suspicious for pneumonia. || Dense right lower lobe consolidation with air bronchograms.","Query: Report ke hisaab se lungs me infection ya pneumonia lag raha hai kya? right side lung me kaafi zyada hai kya? Report me 'consolidation' mention hai kya? Symptoms ke basis par pneumonia ka possibility lag sakta hai. clinical correlation advised, lekin bina report evidence final confirmation possible nahi hai.","Query: Report ke hisaab se lungs me infection ya pneumonia lag raha hai kya? right side lung me kaafi zyada hai kya? Report me 'consolidation' mention hai kya? Available report evidence ke hisaab se: Left lower lobe consolidation is noted, suspicious for pneumonia. Isliye explanation report-grounded hai.",1.0,1.0,0,0
S0018,"Please explain: Doctor, lungs me fluid overload ke signs dikh rahe hai kya? halka symptoms hai kya? Report me 'congestion' mention hai kya? Thoda simple Hinglish me samjhao.",R018,R003,R003|R018|R013|R016|R005,0,1,0.3392971709099683,Mild cardiomegaly with pulmonary vascular congestion.,Mild cardiomegaly with pulmonary vascular congestion. || Perihilar interstitial markings suggest mild congestion.,"Query: Please explain: Doctor, lungs me fluid overload ke signs dikh rahe hai kya? halka symptoms hai kya? Report me 'congestion' mention hai kya? Thoda simple Hinglish me samjhao. Symptoms ke basis par pleural effusion ka possibility lag sakta hai. clinical correlation advised, lekin bina report evidence final confirmation possible nahi hai.","Query: Please explain: Doctor, lungs me fluid overload ke signs dikh rahe hai kya? halka symptoms hai kya? Report me 'congestion' mention hai kya? Thoda simple Hinglish me samjhao. Available report evidence ke hisaab se: Mild cardiomegaly with pulmonary vascular congestion. Isliye explanation report-grounded hai.",0.5,0.6666666666666666,1,1
S0019,Please explain: Report ke hisaab se lungs me infection ya pneumonia lag raha hai kya? dono side lung me Report me 'infiltrate' mention hai kya? Aur 'bibasal' ka meaning bhi batao.,R019,R019,R019|R008|R013|R007|R016,1,1,0.6186591921402858,"Small bibasal infiltrates, correlate clinically for infection.","Small bibasal infiltrates, correlate clinically for infection. || Patchy bilateral opacities consistent with multifocal pneumonia.","Query: Please explain: Report ke hisaab se lungs me infection ya pneumonia lag raha hai kya? dono side lung me Report me 'infiltrate' mention hai kya? Aur 'bibasal' ka meaning bhi batao. Symptoms ke basis par pneumonia ka possibility lag sakta hai. clinical correlation advised, lekin bina report evidence final confirmation possible nahi hai.","Query: Please explain: Report ke hisaab se lungs me infection ya pneumonia lag raha hai kya? dono side lung me Report me 'infiltrate' mention hai kya? Aur 'bibasal' ka meaning bhi batao. Available report evidence ke hisaab se: Small bibasal infiltrates, correlate clinically for infection. Isliye explanation report-grounded hai.",1.0,1.0,0,0
S0020,Report me pleural effusion dikh raha hai kya? Report me 'pleural effusion' mention hai kya?,R020,R010,R010|R011|R006|R020|R001,0,1,0.6002842186556921,No focal consolidation or pleural effusion.,No focal consolidation or pleural effusion. || Moderate right pleural effusion with compressive atelectasis.,"Query: Report me pleural effusion dikh raha hai kya? Report me 'pleural effusion' mention hai kya? Symptoms ke basis par pleural effusion ka possibility lag sakta hai. clinical correlation advised, lekin bina report evidence final confirmation possible nahi hai.",Query: Report me pleural effusion dikh raha hai kya? Report me 'pleural effusion' mention hai kya? Available report evidence ke hisaab se: No focal consolidation or pleural effusion. Isliye explanation report-grounded hai.,1.0,1.0,0,0
S0021,Report me pleural effusion dikh raha hai kya? right side me Report me 'pleural effusion' mention hai kya? Aur 'present' ka meaning bhi batao.,R001,R011,R011|R001|R010|R006|R020,0,1,0.6450870640137616,Moderate right pleural effusion with compressive atelectasis.,Moderate right pleural effusion with compressive atelectasis. || Right-sided pleural effusion is present. Heart size is within normal limits.,"Query: Report me pleural effusion dikh raha hai kya? right side me Report me 'pleural effusion' mention hai kya? Aur 'present' ka meaning bhi batao. Symptoms ke basis par pleural effusion ka possibility lag sakta hai. clinical correlation advised, lekin bina report evidence final confirmation possible nahi hai.",Query: Report me pleural effusion dikh raha hai kya? right side me Report me 'pleural effusion' mention hai kya? Aur 'present' ka meaning bhi batao. Available report evidence ke hisaab se: Moderate right pleural effusion with compressive atelectasis. Isliye explanation report-grounded hai.,1.0,1.0,0,0
S0022,"Mujhe khansi aur bukhar hai, kya pneumonia ho sakta hai? left side lung me Report me 'pneumonia' mention hai kya?",R002,R002,R002|R008|R006|R014|R005,1,1,0.5506785182158151,"Left lower lobe consolidation is noted, suspicious for pneumonia.","Left lower lobe consolidation is noted, suspicious for pneumonia. || Patchy bilateral opacities consistent with multifocal pneumonia.","Query: Mujhe khansi aur bukhar hai, kya pneumonia ho sakta hai? left side lung me Report me 'pneumonia' mention hai kya? Symptoms ke basis par pneumonia ka possibility lag sakta hai. infection-related symptoms possible, lekin bina report evidence final confirmation possible nahi hai.","Query: Mujhe khansi aur bukhar hai, kya pneumonia ho sakta hai? left side lung me Report me 'pneumonia' mention hai kya? Available report evidence ke hisaab se: Left lower lobe consolidation is noted, suspicious for pneumonia. Isliye explanation report-grounded hai.",1.0,1.0,0,0
S0023,"Doctor, dil thoda bada dikh raha hai kya X-ray me? condition halka hai kya? Report me 'cardiomegaly' mention hai kya? Aur 'cardiomegaly' ka meaning bhi batao.",R003,R003,R003|R016|R001|R005|R004,1,1,0.4279176115989685,Mild cardiomegaly with pulmonary vascular congestion.,Mild cardiomegaly with pulmonary vascular congestion. || Heart size is normal. Lungs are clear.,"Query: Doctor, dil thoda bada dikh raha hai kya X-ray me? condition halka hai kya? Report me 'cardiomegaly' mention hai kya? Aur 'cardiomegaly' ka meaning bhi batao. Symptoms ke basis par cardiomegaly ka possibility lag sakta hai. clinical correlation advised, lekin bina report evidence final confirmation possible nahi hai.","Query: Doctor, dil thoda bada dikh raha hai kya X-ray me? condition halka hai kya? Report me 'cardiomegaly' mention hai kya? Aur 'cardiomegaly' ka meaning bhi batao. Available report evidence ke hisaab se: Mild cardiomegaly with pulmonary vascular congestion. Isliye explanation report-grounded hai.",1.0,1.0,0,0
S0024,Please explain: No acute abnormality ka matlab sab normal hai kya? Report me 'no acute' mention hai kya? Aur 'cardiopulmonary' ka meaning bhi batao. Thoda simple Hinglish me samjhao.,R004,R004,R004|R013|R020|R010|R005,1,1,0.7573262037401614,No acute cardiopulmonary abnormality detected.,No acute cardiopulmonary abnormality detected. || Hyperinflated lungs; no acute infiltrate.,"Query: Please explain: No acute abnormality ka matlab sab normal hai kya? Report me 'no acute' mention hai kya? Aur 'cardiopulmonary' ka meaning bhi batao. Thoda simple Hinglish me samjhao. Symptoms ke basis par cardiomegaly ka possibility lag sakta hai. clinical correlation advised, lekin bina report evidence final confirmation possible nahi hai.",Query: Please explain: No acute abnormality ka matlab sab normal hai kya? Report me 'no acute' mention hai kya? Aur 'cardiopulmonary' ka meaning bhi batao. Thoda simple Hinglish me samjhao. Available report evidence ke hisaab se: No acute cardiopulmonary abnormality detected. Isliye explanation report-grounded hai.,0.0,0.25,1,0
S0025,"Please explain: Saas lene me problem hai, lungs me kuch collapse jaisa hai kya? Report me 'bibasilar' term ka matlab kya hai?",R005,R005,R005|R013|R016|R004|R003,1,1,0.3941714579217574,Bibasilar atelectatic changes are seen.,Bibasilar atelectatic changes are seen. || Hyperinflated lungs; no acute infiltrate.,"Query: Please explain: Saas lene me problem hai, lungs me kuch collapse jaisa hai kya? Report me 'bibasilar' term ka matlab kya hai? Symptoms ke basis par atelectasis ka possibility lag sakta hai. breathing difficulty needs correlation, lekin bina report evidence final confirmation possible nahi hai.","Query: Please explain: Saas lene me problem hai, lungs me kuch collapse jaisa hai kya? Report me 'bibasilar' term ka matlab kya hai? Available report evidence ke hisaab se: Bibasilar atelectatic changes are seen. Isliye explanation report-grounded hai.",1.0,1.0,0,0
S0026,Report me pleural effusion dikh raha hai kya? left side me Report me 'atelectasis' mention hai kya?,R006,R006,R006|R011|R014|R010|R020,1,1,0.908106773296992,Small left pleural effusion with adjacent basal atelectasis.,Small left pleural effusion with adjacent basal atelectasis. || Moderate right pleural effusion with compressive atelectasis.,"Query: Report me pleural effusion dikh raha hai kya? left side me Report me 'atelectasis' mention hai kya? Symptoms ke basis par pleural effusion ka possibility lag sakta hai. clinical correlation advised, lekin bina report evidence final confirmation possible nahi hai.",Query: Report me pleural effusion dikh raha hai kya? left side me Report me 'atelectasis' mention hai kya? Available report evidence ke hisaab se: Small left pleural effusion with adjacent basal atelectasis. Isliye explanation report-grounded hai.,1.0,1.0,0,0
S0027,"Doctor, consolidation ka matlab pneumonia hi hota hai kya? right side lung me Report me 'infiltrate' mention hai kya? Aur 'infiltrate' ka meaning bhi batao. Thoda simple Hinglish me samjhao.",R007,R007,R007|R002|R017|R013|R008,1,1,0.6102918736139933,"Right upper lobe infiltrate, likely infective etiology.","Right upper lobe infiltrate, likely infective etiology. || Left lower lobe consolidation is noted, suspicious for pneumonia.","Query: Doctor, consolidation ka matlab pneumonia hi hota hai kya? right side lung me Report me 'infiltrate' mention hai kya? Aur 'infiltrate' ka meaning bhi batao. Thoda simple Hinglish me samjhao. Symptoms ke basis par pneumonia ka possibility lag sakta hai. clinical correlation advised, lekin bina report evidence final confirmation possible nahi hai.","Query: Doctor, consolidation ka matlab pneumonia hi hota hai kya? right side lung me Report me 'infiltrate' mention hai kya? Aur 'infiltrate' ka meaning bhi batao. Thoda simple Hinglish me samjhao. Available report evidence ke hisaab se: Right upper lobe infiltrate, likely infective etiology. Isliye explanation report-grounded hai.",0.6666666666666666,0.6666666666666666,1,1
S0028,"Mujhe khansi aur bukhar hai, kya pneumonia ho sakta hai? dono side lung me Report me 'pneumonia' mention hai kya? Aur 'opacities' ka meaning bhi batao. Thoda simple Hinglish me samjhao.",R008,R008,R008|R002|R005|R004|R003,1,1,0.7217571190992991,Patchy bilateral opacities consistent with multifocal pneumonia.,"Patchy bilateral opacities consistent with multifocal pneumonia. || Left lower lobe consolidation is noted, suspicious for pneumonia.","Query: Mujhe khansi aur bukhar hai, kya pneumonia ho sakta hai? dono side lung me Report me 'pneumonia' mention hai kya? Aur 'opacities' ka meaning bhi batao. Thoda simple Hinglish me samjhao. Symptoms ke basis par pneumonia ka possibility lag sakta hai. infection-related symptoms possible, lekin bina report evidence final confirmation possible nahi hai.","Query: Mujhe khansi aur bukhar hai, kya pneumonia ho sakta hai? dono side lung me Report me 'pneumonia' mention hai kya? Aur 'opacities' ka meaning bhi batao. Thoda simple Hinglish me samjhao. Available report evidence ke hisaab se: Patchy bilateral opacities consistent with multifocal pneumonia. Isliye explanation report-grounded hai.",1.0,1.0,0,0
S0029,Please explain: Kya cardiomegaly mention hai aur ye serious hai? condition halka hai kya? Report me 'cardiomediastinal' term ka matlab kya hai? Thoda simple Hinglish me samjhao.,R009,R009,R009|R003|R005|R004|R002,1,1,0.3788047246138254,Cardiomediastinal silhouette is mildly enlarged.,Cardiomediastinal silhouette is mildly enlarged. || Mild cardiomegaly with pulmonary vascular congestion.,"Query: Please explain: Kya cardiomegaly mention hai aur ye serious hai? condition halka hai kya? Report me 'cardiomediastinal' term ka matlab kya hai? Thoda simple Hinglish me samjhao. Symptoms ke basis par cardiomegaly ka possibility lag sakta hai. clinical correlation advised, lekin bina report evidence final confirmation possible nahi hai.",Query: Please explain: Kya cardiomegaly mention hai aur ye serious hai? condition halka hai kya? Report me 'cardiomediastinal' term ka matlab kya hai? Thoda simple Hinglish me samjhao. Available report evidence ke hisaab se: Cardiomediastinal silhouette is mildly enlarged. Isliye explanation report-grounded hai.,1.0,1.0,0,0
S0030,Chest ke side me fluid jama hai kya please batao? Report me 'pleural effusion' mention hai kya? Thoda simple Hinglish me samjhao.,R010,R010,R010|R011|R006|R020|R001,1,1,0.5613952999644809,No focal consolidation or pleural effusion.,No focal consolidation or pleural effusion. || Moderate right pleural effusion with compressive atelectasis.,"Query: Chest ke side me fluid jama hai kya please batao? Report me 'pleural effusion' mention hai kya? Thoda simple Hinglish me samjhao. Symptoms ke basis par pleural effusion ka possibility lag sakta hai. clinical correlation advised, lekin bina report evidence final confirmation possible nahi hai.",Query: Chest ke side me fluid jama hai kya please batao? Report me 'pleural effusion' mention hai kya? Thoda simple Hinglish me samjhao. Available report evidence ke hisaab se: No focal consolidation or pleural effusion. Isliye explanation report-grounded hai.,1.0,1.0,0,0
S0031,"Doctor, right side chhati me pani bhar gaya hai kya? right side me medium level lag raha hai kya? Report me 'atelectasis' mention hai kya? Aur 'compressive' ka meaning bhi batao. Thoda simple Hinglish me samjhao.",R011,R011,R011|R007|R006|R017|R001,1,1,0.6993070611586937,Moderate right pleural effusion with compressive atelectasis.,"Moderate right pleural effusion with compressive atelectasis. || Right upper lobe infiltrate, likely infective etiology.","Query: Doctor, right side chhati me pani bhar gaya hai kya? right side me medium level lag raha hai kya? Report me 'atelectasis' mention hai kya? Aur 'compressive' ka meaning bhi batao. Thoda simple Hinglish me samjhao. Symptoms ke basis par pleural effusion ka possibility lag sakta hai. clinical correlation advised, lekin bina report evidence final confirmation possible nahi hai.","Query: Doctor, right side chhati me pani bhar gaya hai kya? right side me medium level lag raha hai kya? Report me 'atelectasis' mention hai kya? Aur 'compressive' ka meaning bhi batao. Thoda simple Hinglish me samjhao. Available report evidence ke hisaab se: Moderate right pleural effusion with compressive atelectasis. Isliye explanation report-grounded hai.",1.0,1.0,0,0
S0032,Pulmonary congestion ya edema jaisa kuch likha hai kya? Thoda simple Hinglish me samjhao.,R012,R012,R012|R003|R018|R005|R004,1,1,0.5224660170078278,Pulmonary edema pattern with vascular prominence.,Pulmonary edema pattern with vascular prominence. || Mild cardiomegaly with pulmonary vascular congestion.,"Query: Pulmonary congestion ya edema jaisa kuch likha hai kya? Thoda simple Hinglish me samjhao. Symptoms ke basis par chest condition ka possibility lag sakta hai. clinical correlation advised, lekin bina report evidence final confirmation possible nahi hai.",Query: Pulmonary congestion ya edema jaisa kuch likha hai kya? Thoda simple Hinglish me samjhao. Available report evidence ke hisaab se: Pulmonary edema pattern with vascular prominence. Isliye explanation report-grounded hai.,1.0,1.0,0,0
S0033,"Doctor, report mostly normal hai kya confirm karo. Report me 'no acute' mention hai kya? Aur 'hyperinflated' ka meaning bhi batao. Thoda simple Hinglish me samjhao.",R013,R013,R013|R004|R020|R010|R005,1,1,0.7901292872428894,Hyperinflated lungs; no acute infiltrate.,Hyperinflated lungs; no acute infiltrate. || No acute cardiopulmonary abnormality detected.,"Query: Doctor, report mostly normal hai kya confirm karo. Report me 'no acute' mention hai kya? Aur 'hyperinflated' ka meaning bhi batao. Thoda simple Hinglish me samjhao. Symptoms ke basis par no acute abnormality ka possibility lag sakta hai. clinical correlation advised, lekin bina report evidence final confirmation possible nahi hai.","Query: Doctor, report mostly normal hai kya confirm karo. Report me 'no acute' mention hai kya? Aur 'hyperinflated' ka meaning bhi batao. Thoda simple Hinglish me samjhao. Available report evidence ke hisaab se: Hyperinflated lungs; no acute infiltrate. Isliye explanation report-grounded hai.",0.25,0.25,0,0
S0034,"Saas lene me problem hai, lungs me kuch collapse jaisa hai kya? left side lower side pe Report me 'atelectasis' mention hai kya? Aur 'basilar' ka meaning bhi batao. Thoda simple Hinglish me samjhao.",R014,R014,R014|R006|R002|R013|R016,1,1,0.5727198117309146,"Left basilar opacity, could represent subsegmental atelectasis.","Left basilar opacity, could represent subsegmental atelectasis. || Small left pleural effusion with adjacent basal atelectasis.","Query: Saas lene me problem hai, lungs me kuch collapse jaisa hai kya? left side lower side pe Report me 'atelectasis' mention hai kya? Aur 'basilar' ka meaning bhi batao. Thoda simple Hinglish me samjhao. Symptoms ke basis par atelectasis ka possibility lag sakta hai. breathing difficulty needs correlation, lekin bina report evidence final confirmation possible nahi hai.","Query: Saas lene me problem hai, lungs me kuch collapse jaisa hai kya? left side lower side pe Report me 'atelectasis' mention hai kya? Aur 'basilar' ka meaning bhi batao. Thoda simple Hinglish me samjhao. Available report evidence ke hisaab se: Left basilar opacity, could represent subsegmental atelectasis. Isliye explanation report-grounded hai.",1.0,1.0,0,0
S0035,"Please explain: Doctor, meri report ka simple Hinglish meaning batao please. Report me 'thickening' term ka matlab kya hai? Thoda simple Hinglish me samjhao.",R015,R015,R015|R005|R004|R003|R002,1,1,0.3106308069494035,Mild bilateral pleural thickening without active disease.,Mild bilateral pleural thickening without active disease. || Bibasilar atelectatic changes are seen.,"Query: Please explain: Doctor, meri report ka simple Hinglish meaning batao please. Report me 'thickening' term ka matlab kya hai? Thoda simple Hinglish me samjhao. Symptoms ke basis par chest condition ka possibility lag sakta hai. clinical correlation advised, lekin bina report evidence final confirmation possible nahi hai.","Query: Please explain: Doctor, meri report ka simple Hinglish meaning batao please. Report me 'thickening' term ka matlab kya hai? Thoda simple Hinglish me samjhao. Available report evidence ke hisaab se: Mild bilateral pleural thickening without active disease. Isliye explanation report-grounded hai.",0.25,0.25,0,0
S0036,"Doctor, report mostly normal hai kya confirm karo. Thoda simple Hinglish me samjhao.",R016,R013,R013|R004|R020|R010|R005,0,0,0.6916634273529053,Hyperinflated lungs; no acute infiltrate.,Hyperinflated lungs; no acute infiltrate. || No acute cardiopulmonary abnormality detected.,"Query: Doctor, report mostly normal hai kya confirm karo. Thoda simple Hinglish me samjhao. Symptoms ke basis par no acute abnormality ka possibility lag sakta hai. clinical correlation advised, lekin bina report evidence final confirmation possible nahi hai.","Query: Doctor, report mostly normal hai kya confirm karo. Thoda simple Hinglish me samjhao. Available report evidence ke hisaab se: Hyperinflated lungs; no acute infiltrate. Isliye explanation report-grounded hai.",0.25,0.25,0,0
S0037,"Doctor, consolidation ka matlab pneumonia hi hota hai kya? right side lung me kaafi zyada hai kya? Report me 'consolidation' mention hai kya? Thoda simple Hinglish me samjhao.",R017,R002,R002|R017|R010|R008|R011,0,1,0.5493912323315938,"Left lower lobe consolidation is noted, suspicious for pneumonia.","Left lower lobe consolidation is noted, suspicious for pneumonia. || Dense right lower lobe consolidation with air bronchograms.","Query: Doctor, consolidation ka matlab pneumonia hi hota hai kya? right side lung me kaafi zyada hai kya? Report me 'consolidation' mention hai kya? Thoda simple Hinglish me samjhao. Symptoms ke basis par pneumonia ka possibility lag sakta hai. clinical correlation advised, lekin bina report evidence final confirmation possible nahi hai.","Query: Doctor, consolidation ka matlab pneumonia hi hota hai kya? right side lung me kaafi zyada hai kya? Report me 'consolidation' mention hai kya? Thoda simple Hinglish me samjhao. Available report evidence ke hisaab se: Left lower lobe consolidation is noted, suspicious for pneumonia. Isliye explanation report-grounded hai.",1.0,1.0,0,0
S0038,Vascular congestion ka meaning simple me batao. halka symptoms hai kya? Report me 'congestion' mention hai kya?,R018,R003,R003|R018|R012|R005|R004,0,1,0.6786945148614737,Mild cardiomegaly with pulmonary vascular congestion.,Mild cardiomegaly with pulmonary vascular congestion. || Perihilar interstitial markings suggest mild congestion.,"Query: Vascular congestion ka meaning simple me batao. halka symptoms hai kya? Report me 'congestion' mention hai kya? Symptoms ke basis par chest condition ka possibility lag sakta hai. clinical correlation advised, lekin bina report evidence final confirmation possible nahi hai.",Query: Vascular congestion ka meaning simple me batao. halka symptoms hai kya? Report me 'congestion' mention hai kya? Available report evidence ke hisaab se: Mild cardiomegaly with pulmonary vascular congestion. Isliye explanation report-grounded hai.,1.0,1.0,0,0
S0039,"Doctor, consolidation ka matlab pneumonia hi hota hai kya? dono side lung me Report me 'infiltrate' mention hai kya? Aur 'bibasal' ka meaning bhi batao.",R019,R019,R019|R002|R008|R007|R013,1,1,0.4951281629006068,"Small bibasal infiltrates, correlate clinically for infection.","Small bibasal infiltrates, correlate clinically for infection. || Left lower lobe consolidation is noted, suspicious for pneumonia.","Query: Doctor, consolidation ka matlab pneumonia hi hota hai kya? dono side lung me Report me 'infiltrate' mention hai kya? Aur 'bibasal' ka meaning bhi batao. Symptoms ke basis par pneumonia ka possibility lag sakta hai. clinical correlation advised, lekin bina report evidence final confirmation possible nahi hai.","Query: Doctor, consolidation ka matlab pneumonia hi hota hai kya? dono side lung me Report me 'infiltrate' mention hai kya? Aur 'bibasal' ka meaning bhi batao. Available report evidence ke hisaab se: Small bibasal infiltrates, correlate clinically for infection. Isliye explanation report-grounded hai.",0.6666666666666666,0.6666666666666666,1,1
S0040,"Doctor, right side chhati me pani bhar gaya hai kya? Report me 'pleural effusion' mention hai kya?",R020,R011,R011|R001|R010|R006|R020,0,1,0.7162275332670945,Moderate right pleural effusion with compressive atelectasis.,Moderate right pleural effusion with compressive atelectasis. || Right-sided pleural effusion is present. Heart size is within normal limits.,"Query: Doctor, right side chhati me pani bhar gaya hai kya? Report me 'pleural effusion' mention hai kya? Symptoms ke basis par pleural effusion ka possibility lag sakta hai. clinical correlation advised, lekin bina report evidence final confirmation possible nahi hai.","Query: Doctor, right side chhati me pani bhar gaya hai kya? Report me 'pleural effusion' mention hai kya? Available report evidence ke hisaab se: Moderate right pleural effusion with compressive atelectasis. Isliye explanation report-grounded hai.",1.0,1.0,0,0
S0041,Chest ke side me fluid jama hai kya please batao? right side me Report me 'pleural effusion' mention hai kya?,R001,R011,R011|R001|R010|R006|R020,0,1,0.7054583024978637,Moderate right pleural effusion with compressive atelectasis.,Moderate right pleural effusion with compressive atelectasis. || Right-sided pleural effusion is present. Heart size is within normal limits.,"Query: Chest ke side me fluid jama hai kya please batao? right side me Report me 'pleural effusion' mention hai kya? Symptoms ke basis par pleural effusion ka possibility lag sakta hai. clinical correlation advised, lekin bina report evidence final confirmation possible nahi hai.",Query: Chest ke side me fluid jama hai kya please batao? right side me Report me 'pleural effusion' mention hai kya? Available report evidence ke hisaab se: Moderate right pleural effusion with compressive atelectasis. Isliye explanation report-grounded hai.,1.0,1.0,0,0
S0042,"Doctor, consolidation ka matlab pneumonia hi hota hai kya? left side lung me Report me 'pneumonia' mention hai kya?",R002,R002,R002|R008|R010|R006|R014,1,1,0.754439696073532,"Left lower lobe consolidation is noted, suspicious for pneumonia.","Left lower lobe consolidation is noted, suspicious for pneumonia. || Patchy bilateral opacities consistent with multifocal pneumonia.","Query: Doctor, consolidation ka matlab pneumonia hi hota hai kya? left side lung me Report me 'pneumonia' mention hai kya? Symptoms ke basis par pneumonia ka possibility lag sakta hai. clinical correlation advised, lekin bina report evidence final confirmation possible nahi hai.","Query: Doctor, consolidation ka matlab pneumonia hi hota hai kya? left side lung me Report me 'pneumonia' mention hai kya? Available report evidence ke hisaab se: Left lower lobe consolidation is noted, suspicious for pneumonia. Isliye explanation report-grounded hai.",1.0,1.0,0,0
S0043,Heart size badha hua lag raha hai kya report me? condition halka hai kya? Report me 'cardiomegaly' mention hai kya? Aur 'cardiomegaly' ka meaning bhi batao.,R003,R016,R016|R001|R003|R005|R004,0,1,0.4646705912288866,Heart size is normal. Lungs are clear.,Heart size is normal. Lungs are clear. || Right-sided pleural effusion is present. Heart size is within normal limits.,"Query: Heart size badha hua lag raha hai kya report me? condition halka hai kya? Report me 'cardiomegaly' mention hai kya? Aur 'cardiomegaly' ka meaning bhi batao. Symptoms ke basis par cardiomegaly ka possibility lag sakta hai. clinical correlation advised, lekin bina report evidence final confirmation possible nahi hai.",Query: Heart size badha hua lag raha hai kya report me? condition halka hai kya? Report me 'cardiomegaly' mention hai kya? Aur 'cardiomegaly' ka meaning bhi batao. Available report evidence ke hisaab se: Heart size is normal. Isliye explanation report-grounded hai.,1.0,0.5,0,1
S0044,"Doctor, report mostly normal hai kya confirm karo. Report me 'no acute' mention hai kya? Aur 'cardiopulmonary' ka meaning bhi batao. Thoda simple Hinglish me samjhao.",R004,R004,R004|R013|R020|R010|R005,1,1,0.7724142503738404,No acute cardiopulmonary abnormality detected.,No acute cardiopulmonary abnormality detected. || Hyperinflated lungs; no acute infiltrate.,"Query: Doctor, report mostly normal hai kya confirm karo. Report me 'no acute' mention hai kya? Aur 'cardiopulmonary' ka meaning bhi batao. Thoda simple Hinglish me samjhao. Symptoms ke basis par cardiomegaly ka possibility lag sakta hai. clinical correlation advised, lekin bina report evidence final confirmation possible nahi hai.","Query: Doctor, report mostly normal hai kya confirm karo. Report me 'no acute' mention hai kya? Aur 'cardiopulmonary' ka meaning bhi batao. Thoda simple Hinglish me samjhao. Available report evidence ke hisaab se: No acute cardiopulmonary abnormality detected. Isliye explanation report-grounded hai.",0.0,0.25,1,0
S0045,Atelectasis ka mention hai kya report me? Report me 'bibasilar' term ka matlab kya hai? Thoda simple Hinglish me samjhao.,R005,R005,R005|R011|R006|R014|R004,1,1,0.4095188868045807,Bibasilar atelectatic changes are seen.,Bibasilar atelectatic changes are seen. || Moderate right pleural effusion with compressive atelectasis.,"Query: Atelectasis ka mention hai kya report me? Report me 'bibasilar' term ka matlab kya hai? Thoda simple Hinglish me samjhao. Symptoms ke basis par atelectasis ka possibility lag sakta hai. clinical correlation advised, lekin bina report evidence final confirmation possible nahi hai.",Query: Atelectasis ka mention hai kya report me? Report me 'bibasilar' term ka matlab kya hai? Thoda simple Hinglish me samjhao. Available report evidence ke hisaab se: Bibasilar atelectatic changes are seen. Isliye explanation report-grounded hai.,1.0,1.0,0,0
S0046,"Doctor, right side chhati me pani bhar gaya hai kya? left side me Report me 'pleural effusion' mention hai kya? Aur 'adjacent' ka meaning bhi batao.",R006,R006,R006|R011|R001|R010|R020,1,1,0.6543407464027404,Small left pleural effusion with adjacent basal atelectasis.,Small left pleural effusion with adjacent basal atelectasis. || Moderate right pleural effusion with compressive atelectasis.,"Query: Doctor, right side chhati me pani bhar gaya hai kya? left side me Report me 'pleural effusion' mention hai kya? Aur 'adjacent' ka meaning bhi batao. Symptoms ke basis par pleural effusion ka possibility lag sakta hai. clinical correlation advised, lekin bina report evidence final confirmation possible nahi hai.","Query: Doctor, right side chhati me pani bhar gaya hai kya? left side me Report me 'pleural effusion' mention hai kya? Aur 'adjacent' ka meaning bhi batao. Available report evidence ke hisaab se: Small left pleural effusion with adjacent basal atelectasis. Isliye explanation report-grounded hai.",1.0,1.0,0,0
S0047,Please explain: Report ke hisaab se lungs me infection ya pneumonia lag raha hai kya? right side lung me Report me 'infiltrate' mention hai kya? Aur 'infiltrate' ka meaning bhi batao.,R007,R007,R007|R013|R019|R008|R016,1,1,0.5791748713254928,"Right upper lobe infiltrate, likely infective etiology.","Right upper lobe infiltrate, likely infective etiology. || Hyperinflated lungs; no acute infiltrate.","Query: Please explain: Report ke hisaab se lungs me infection ya pneumonia lag raha hai kya? right side lung me Report me 'infiltrate' mention hai kya? Aur 'infiltrate' ka meaning bhi batao. Symptoms ke basis par pneumonia ka possibility lag sakta hai. clinical correlation advised, lekin bina report evidence final confirmation possible nahi hai.","Query: Please explain: Report ke hisaab se lungs me infection ya pneumonia lag raha hai kya? right side lung me Report me 'infiltrate' mention hai kya? Aur 'infiltrate' ka meaning bhi batao. Available report evidence ke hisaab se: Right upper lobe infiltrate, likely infective etiology. Isliye explanation report-grounded hai.",1.0,1.0,0,0
S0048,"Please explain: Doctor, consolidation ka matlab pneumonia hi hota hai kya? dono side lung me Report me 'pneumonia' mention hai kya? Thoda simple Hinglish me samjhao.",R008,R002,R002|R008|R010|R017|R005,0,1,0.5773451848824819,"Left lower lobe consolidation is noted, suspicious for pneumonia.","Left lower lobe consolidation is noted, suspicious for pneumonia. || Patchy bilateral opacities consistent with multifocal pneumonia.","Query: Please explain: Doctor, consolidation ka matlab pneumonia hi hota hai kya? dono side lung me Report me 'pneumonia' mention hai kya? Thoda simple Hinglish me samjhao. Symptoms ke basis par pneumonia ka possibility lag sakta hai. clinical correlation advised, lekin bina report evidence final confirmation possible nahi hai.","Query: Please explain: Doctor, consolidation ka matlab pneumonia hi hota hai kya? dono side lung me Report me 'pneumonia' mention hai kya? Thoda simple Hinglish me samjhao. Available report evidence ke hisaab se: Left lower lobe consolidation is noted, suspicious for pneumonia. Isliye explanation report-grounded hai.",1.0,1.0,0,0
S0049,Heart size badha hua lag raha hai kya report me? condition halka hai kya? Report me 'cardiomediastinal' term ka matlab kya hai? Thoda simple Hinglish me samjhao.,R009,R016,R016|R001|R009|R005|R004,0,1,0.5397993612289429,Heart size is normal. Lungs are clear.,Heart size is normal. Lungs are clear. || Right-sided pleural effusion is present. Heart size is within normal limits.,"Query: Heart size badha hua lag raha hai kya report me? condition halka hai kya? Report me 'cardiomediastinal' term ka matlab kya hai? Thoda simple Hinglish me samjhao. Symptoms ke basis par cardiomegaly ka possibility lag sakta hai. clinical correlation advised, lekin bina report evidence final confirmation possible nahi hai.",Query: Heart size badha hua lag raha hai kya report me? condition halka hai kya? Report me 'cardiomediastinal' term ka matlab kya hai? Thoda simple Hinglish me samjhao. Available report evidence ke hisaab se: Heart size is normal. Isliye explanation report-grounded hai.,1.0,0.5,0,1
S0050,Report me pleural effusion dikh raha hai kya? Report me 'consolidation' mention hai kya?,R010,R010,R010|R011|R006|R020|R001,1,1,0.8355812740325927,No focal consolidation or pleural effusion.,No focal consolidation or pleural effusion. || Moderate right pleural effusion with compressive atelectasis.,"Query: Report me pleural effusion dikh raha hai kya? Report me 'consolidation' mention hai kya? Symptoms ke basis par pleural effusion ka possibility lag sakta hai. clinical correlation advised, lekin bina report evidence final confirmation possible nahi hai.",Query: Report me pleural effusion dikh raha hai kya? Report me 'consolidation' mention hai kya? Available report evidence ke hisaab se: No focal consolidation or pleural effusion. Isliye explanation report-grounded hai.,0.5,1.0,1,0
S0051,"Doctor, right side chhati me pani bhar gaya hai kya? right side me medium level lag raha hai kya? Report me 'pleural effusion' mention hai kya? Thoda simple Hinglish me samjhao.",R011,R011,R011|R001|R010|R006|R020,1,1,0.671258807182312,Moderate right pleural effusion with compressive atelectasis.,Moderate right pleural effusion with compressive atelectasis. || Right-sided pleural effusion is present. Heart size is within normal limits.,"Query: Doctor, right side chhati me pani bhar gaya hai kya? right side me medium level lag raha hai kya? Report me 'pleural effusion' mention hai kya? Thoda simple Hinglish me samjhao. Symptoms ke basis par pleural effusion ka possibility lag sakta hai. clinical correlation advised, lekin bina report evidence final confirmation possible nahi hai.","Query: Doctor, right side chhati me pani bhar gaya hai kya? right side me medium level lag raha hai kya? Report me 'pleural effusion' mention hai kya? Thoda simple Hinglish me samjhao. Available report evidence ke hisaab se: Moderate right pleural effusion with compressive atelectasis. Isliye explanation report-grounded hai.",1.0,1.0,0,0
S0052,"Doctor, lungs me fluid overload ke signs dikh rahe hai kya? Thoda simple Hinglish me samjhao.",R012,R013,R013|R016|R005|R004|R003,0,0,0.3417960627873738,Hyperinflated lungs; no acute infiltrate.,Hyperinflated lungs; no acute infiltrate. || Heart size is normal. Lungs are clear.,"Query: Doctor, lungs me fluid overload ke signs dikh rahe hai kya? Thoda simple Hinglish me samjhao. Symptoms ke basis par pleural effusion ka possibility lag sakta hai. clinical correlation advised, lekin bina report evidence final confirmation possible nahi hai.","Query: Doctor, lungs me fluid overload ke signs dikh rahe hai kya? Thoda simple Hinglish me samjhao. Available report evidence ke hisaab se: Hyperinflated lungs; no acute infiltrate. Isliye explanation report-grounded hai.",0.0,0.0,1,1
S0053,"Please explain: Doctor, report mostly normal hai kya confirm karo. Report me 'no acute' mention hai kya?",R013,R013,R013|R004|R020|R010|R005,1,1,0.6955095811990591,Hyperinflated lungs; no acute infiltrate.,Hyperinflated lungs; no acute infiltrate. || No acute cardiopulmonary abnormality detected.,"Query: Please explain: Doctor, report mostly normal hai kya confirm karo. Report me 'no acute' mention hai kya? Symptoms ke basis par no acute abnormality ka possibility lag sakta hai. clinical correlation advised, lekin bina report evidence final confirmation possible nahi hai.","Query: Please explain: Doctor, report mostly normal hai kya confirm karo. Report me 'no acute' mention hai kya? Available report evidence ke hisaab se: Hyperinflated lungs; no acute infiltrate. Isliye explanation report-grounded hai.",0.25,0.25,0,0
S0054,Lower lung thoda daba hua ya collapse type dikh raha hai kya? left side lower side pe Report me 'atelectasis' mention hai kya? Aur 'basilar' ka meaning bhi batao.,R014,R014,R014|R006|R002|R011|R017,1,1,0.549828962802887,"Left basilar opacity, could represent subsegmental atelectasis.","Left basilar opacity, could represent subsegmental atelectasis. || Small left pleural effusion with adjacent basal atelectasis.","Query: Lower lung thoda daba hua ya collapse type dikh raha hai kya? left side lower side pe Report me 'atelectasis' mention hai kya? Aur 'basilar' ka meaning bhi batao. Symptoms ke basis par atelectasis ka possibility lag sakta hai. clinical correlation advised, lekin bina report evidence final confirmation possible nahi hai.","Query: Lower lung thoda daba hua ya collapse type dikh raha hai kya? left side lower side pe Report me 'atelectasis' mention hai kya? Aur 'basilar' ka meaning bhi batao. Available report evidence ke hisaab se: Left basilar opacity, could represent subsegmental atelectasis. Isliye explanation report-grounded hai.",1.0,1.0,0,0
S0055,"Doctor, meri report ka simple Hinglish meaning batao please. Report me 'thickening' term ka matlab kya hai? Thoda simple Hinglish me samjhao.",R015,R015,R015|R005|R004|R003|R002,1,1,0.3117745977990767,Mild bilateral pleural thickening without active disease.,Mild bilateral pleural thickening without active disease. || Bibasilar atelectatic changes are seen.,"Query: Doctor, meri report ka simple Hinglish meaning batao please. Report me 'thickening' term ka matlab kya hai? Thoda simple Hinglish me samjhao. Symptoms ke basis par chest condition ka possibility lag sakta hai. clinical correlation advised, lekin bina report evidence final confirmation possible nahi hai.","Query: Doctor, meri report ka simple Hinglish meaning batao please. Report me 'thickening' term ka matlab kya hai? Thoda simple Hinglish me samjhao. Available report evidence ke hisaab se: Mild bilateral pleural thickening without active disease. Isliye explanation report-grounded hai.",0.25,0.25,0,0
S0056,"Doctor, report mostly normal hai kya confirm karo.",R016,R013,R013|R004|R020|R010|R005,0,0,0.719441205130683,Hyperinflated lungs; no acute infiltrate.,Hyperinflated lungs; no acute infiltrate. || No acute cardiopulmonary abnormality detected.,"Query: Doctor, report mostly normal hai kya confirm karo. Symptoms ke basis par no acute abnormality ka possibility lag sakta hai. clinical correlation advised, lekin bina report evidence final confirmation possible nahi hai.","Query: Doctor, report mostly normal hai kya confirm karo. Available report evidence ke hisaab se: Hyperinflated lungs; no acute infiltrate. Isliye explanation report-grounded hai.",0.25,0.25,0,0
S0057,"Doctor, consolidation ka matlab pneumonia hi hota hai kya? right side lung me kaafi zyada hai kya? Report me 'consolidation' mention hai kya? Aur 'bronchograms' ka meaning bhi batao.",R017,R017,R017|R002|R010|R008|R011,1,1,0.6098230757496573,Dense right lower lobe consolidation with air bronchograms.,"Dense right lower lobe consolidation with air bronchograms. || Left lower lobe consolidation is noted, suspicious for pneumonia.","Query: Doctor, consolidation ka matlab pneumonia hi hota hai kya? right side lung me kaafi zyada hai kya? Report me 'consolidation' mention hai kya? Aur 'bronchograms' ka meaning bhi batao. Symptoms ke basis par pneumonia ka possibility lag sakta hai. clinical correlation advised, lekin bina report evidence final confirmation possible nahi hai.","Query: Doctor, consolidation ka matlab pneumonia hi hota hai kya? right side lung me kaafi zyada hai kya? Report me 'consolidation' mention hai kya? Aur 'bronchograms' ka meaning bhi batao. Available report evidence ke hisaab se: Dense right lower lobe consolidation with air bronchograms. Isliye explanation report-grounded hai.",0.5,0.5,1,1
S0058,Vascular congestion ka meaning simple me batao. halka symptoms hai kya? Report me 'congestion' mention hai kya? Aur 'perihilar' ka meaning bhi batao.,R018,R003,R003|R018|R012|R005|R004,0,1,0.6151610088348388,Mild cardiomegaly with pulmonary vascular congestion.,Mild cardiomegaly with pulmonary vascular congestion. || Perihilar interstitial markings suggest mild congestion.,"Query: Vascular congestion ka meaning simple me batao. halka symptoms hai kya? Report me 'congestion' mention hai kya? Aur 'perihilar' ka meaning bhi batao. Symptoms ke basis par chest condition ka possibility lag sakta hai. clinical correlation advised, lekin bina report evidence final confirmation possible nahi hai.",Query: Vascular congestion ka meaning simple me batao. halka symptoms hai kya? Report me 'congestion' mention hai kya? Aur 'perihilar' ka meaning bhi batao. Available report evidence ke hisaab se: Mild cardiomegaly with pulmonary vascular congestion. Isliye explanation report-grounded hai.,1.0,1.0,0,0
S0059,"Doctor, consolidation ka matlab pneumonia hi hota hai kya? dono side lung me Report me 'infiltrate' mention hai kya? Aur 'bibasal' ka meaning bhi batao.",R019,R019,R019|R002|R008|R007|R013,1,1,0.4951281629006068,"Small bibasal infiltrates, correlate clinically for infection.","Small bibasal infiltrates, correlate clinically for infection. || Left lower lobe consolidation is noted, suspicious for pneumonia.","Query: Doctor, consolidation ka matlab pneumonia hi hota hai kya? dono side lung me Report me 'infiltrate' mention hai kya? Aur 'bibasal' ka meaning bhi batao. Symptoms ke basis par pneumonia ka possibility lag sakta hai. clinical correlation advised, lekin bina report evidence final confirmation possible nahi hai.","Query: Doctor, consolidation ka matlab pneumonia hi hota hai kya? dono side lung me Report me 'infiltrate' mention hai kya? Aur 'bibasal' ka meaning bhi batao. Available report evidence ke hisaab se: Small bibasal infiltrates, correlate clinically for infection. Isliye explanation report-grounded hai.",0.6666666666666666,0.6666666666666666,1,1
S0060,"Doctor, right side chhati me pani bhar gaya hai kya? Report me 'opacity' mention hai kya? Thoda simple Hinglish me samjhao.",R020,R007,R007|R020|R014|R011|R017,0,1,0.3559025257825851,"Right upper lobe infiltrate, likely infective etiology.","Right upper lobe infiltrate, likely infective etiology. || No pleural effusion, no pneumothorax, no focal opacity.","Query: Doctor, right side chhati me pani bhar gaya hai kya? Report me 'opacity' mention hai kya? Thoda simple Hinglish me samjhao. Symptoms ke basis par pleural effusion ka possibility lag sakta hai. clinical correlation advised, lekin bina report evidence final confirmation possible nahi hai.","Query: Doctor, right side chhati me pani bhar gaya hai kya? Report me 'opacity' mention hai kya? Thoda simple Hinglish me samjhao. Available report evidence ke hisaab se: Right upper lobe infiltrate, likely infective etiology. Isliye explanation report-grounded hai.",0.5,1.0,1,0
S0061,Report me pleural effusion dikh raha hai kya? right side me Report me 'pleural effusion' mention hai kya? Thoda simple Hinglish me samjhao.,R001,R011,R011|R001|R010|R006|R020,0,1,0.6961091053485869,Moderate right pleural effusion with compressive atelectasis.,Moderate right pleural effusion with compressive atelectasis. || Right-sided pleural effusion is present. Heart size is within normal limits.,"Query: Report me pleural effusion dikh raha hai kya? right side me Report me 'pleural effusion' mention hai kya? Thoda simple Hinglish me samjhao. Symptoms ke basis par pleural effusion ka possibility lag sakta hai. clinical correlation advised, lekin bina report evidence final confirmation possible nahi hai.",Query: Report me pleural effusion dikh raha hai kya? right side me Report me 'pleural effusion' mention hai kya? Thoda simple Hinglish me samjhao. Available report evidence ke hisaab se: Moderate right pleural effusion with compressive atelectasis. Isliye explanation report-grounded hai.,1.0,1.0,0,0
S0062,"Mujhe khansi aur bukhar hai, kya pneumonia ho sakta hai? left side lung me Report me 'consolidation' mention hai kya? Aur 'suspicious' ka meaning bhi batao. Thoda simple Hinglish me samjhao.",R002,R002,R002|R008|R010|R006|R014,1,1,0.8367270658016205,"Left lower lobe consolidation is noted, suspicious for pneumonia.","Left lower lobe consolidation is noted, suspicious for pneumonia. || Patchy bilateral opacities consistent with multifocal pneumonia.","Query: Mujhe khansi aur bukhar hai, kya pneumonia ho sakta hai? left side lung me Report me 'consolidation' mention hai kya? Aur 'suspicious' ka meaning bhi batao. Thoda simple Hinglish me samjhao. Symptoms ke basis par pneumonia ka possibility lag sakta hai. infection-related symptoms possible, lekin bina report evidence final confirmation possible nahi hai.","Query: Mujhe khansi aur bukhar hai, kya pneumonia ho sakta hai? left side lung me Report me 'consolidation' mention hai kya? Aur 'suspicious' ka meaning bhi batao. Thoda simple Hinglish me samjhao. Available report evidence ke hisaab se: Left lower lobe consolidation is noted, suspicious for pneumonia. Isliye explanation report-grounded hai.",1.0,1.0,0,0
S0063,Kya cardiomegaly mention hai aur ye serious hai? condition halka hai kya? Report me 'cardiomegaly' mention hai kya? Aur 'cardiomegaly' ka meaning bhi batao.,R003,R003,R003|R001|R005|R004|R002,1,1,0.4705564852555592,Mild cardiomegaly with pulmonary vascular congestion.,Mild cardiomegaly with pulmonary vascular congestion. || Right-sided pleural effusion is present. Heart size is within normal limits.,"Query: Kya cardiomegaly mention hai aur ye serious hai? condition halka hai kya? Report me 'cardiomegaly' mention hai kya? Aur 'cardiomegaly' ka meaning bhi batao. Symptoms ke basis par cardiomegaly ka possibility lag sakta hai. clinical correlation advised, lekin bina report evidence final confirmation possible nahi hai.",Query: Kya cardiomegaly mention hai aur ye serious hai? condition halka hai kya? Report me 'cardiomegaly' mention hai kya? Aur 'cardiomegaly' ka meaning bhi batao. Available report evidence ke hisaab se: Mild cardiomegaly with pulmonary vascular congestion. Isliye explanation report-grounded hai.,1.0,1.0,0,0
S0064,"Doctor, report mostly normal hai kya confirm karo. Report me 'no acute' mention hai kya? Aur 'cardiopulmonary' ka meaning bhi batao. Thoda simple Hinglish me samjhao.",R004,R004,R004|R013|R020|R010|R005,1,1,0.7724142503738404,No acute cardiopulmonary abnormality detected.,No acute cardiopulmonary abnormality detected. || Hyperinflated lungs; no acute infiltrate.,"Query: Doctor, report mostly normal hai kya confirm karo. Report me 'no acute' mention hai kya? Aur 'cardiopulmonary' ka meaning bhi batao. Thoda simple Hinglish me samjhao. Symptoms ke basis par cardiomegaly ka possibility lag sakta hai. clinical correlation advised, lekin bina report evidence final confirmation possible nahi hai.","Query: Doctor, report mostly normal hai kya confirm karo. Report me 'no acute' mention hai kya? Aur 'cardiopulmonary' ka meaning bhi batao. Thoda simple Hinglish me samjhao. Available report evidence ke hisaab se: No acute cardiopulmonary abnormality detected. Isliye explanation report-grounded hai.",0.0,0.25,1,0
S0065,"Please explain: Saas lene me problem hai, lungs me kuch collapse jaisa hai kya? Report me 'bibasilar' term ka matlab kya hai? Thoda simple Hinglish me samjhao.",R005,R005,R005|R013|R016|R004|R003,1,1,0.3902498892943064,Bibasilar atelectatic changes are seen.,Bibasilar atelectatic changes are seen. || Hyperinflated lungs; no acute infiltrate.,"Query: Please explain: Saas lene me problem hai, lungs me kuch collapse jaisa hai kya? Report me 'bibasilar' term ka matlab kya hai? Thoda simple Hinglish me samjhao. Symptoms ke basis par atelectasis ka possibility lag sakta hai. breathing difficulty needs correlation, lekin bina report evidence final confirmation possible nahi hai.","Query: Please explain: Saas lene me problem hai, lungs me kuch collapse jaisa hai kya? Report me 'bibasilar' term ka matlab kya hai? Thoda simple Hinglish me samjhao. Available report evidence ke hisaab se: Bibasilar atelectatic changes are seen. Isliye explanation report-grounded hai.",1.0,1.0,0,0
S0066,"Doctor, right side chhati me pani bhar gaya hai kya? left side me Report me 'pleural effusion' mention hai kya? Thoda simple Hinglish me samjhao.",R006,R011,R011|R006|R001|R010|R020,0,1,0.6338168462117513,Moderate right pleural effusion with compressive atelectasis.,Moderate right pleural effusion with compressive atelectasis. || Small left pleural effusion with adjacent basal atelectasis.,"Query: Doctor, right side chhati me pani bhar gaya hai kya? left side me Report me 'pleural effusion' mention hai kya? Thoda simple Hinglish me samjhao. Symptoms ke basis par pleural effusion ka possibility lag sakta hai. clinical correlation advised, lekin bina report evidence final confirmation possible nahi hai.","Query: Doctor, right side chhati me pani bhar gaya hai kya? left side me Report me 'pleural effusion' mention hai kya? Thoda simple Hinglish me samjhao. Available report evidence ke hisaab se: Moderate right pleural effusion with compressive atelectasis. Isliye explanation report-grounded hai.",1.0,1.0,0,0
S0067,"Mujhe khansi aur bukhar hai, kya pneumonia ho sakta hai? right side lung me Report me 'infiltrate' mention hai kya?",R007,R007,R007|R008|R013|R002|R011,1,1,0.6252681505680083,"Right upper lobe infiltrate, likely infective etiology.","Right upper lobe infiltrate, likely infective etiology. || Patchy bilateral opacities consistent with multifocal pneumonia.","Query: Mujhe khansi aur bukhar hai, kya pneumonia ho sakta hai? right side lung me Report me 'infiltrate' mention hai kya? Symptoms ke basis par pneumonia ka possibility lag sakta hai. infection-related symptoms possible, lekin bina report evidence final confirmation possible nahi hai.","Query: Mujhe khansi aur bukhar hai, kya pneumonia ho sakta hai? right side lung me Report me 'infiltrate' mention hai kya? Available report evidence ke hisaab se: Right upper lobe infiltrate, likely infective etiology. Isliye explanation report-grounded hai.",1.0,1.0,0,0
S0068,"Please explain: Doctor, consolidation ka matlab pneumonia hi hota hai kya? dono side lung me Report me 'pneumonia' mention hai kya? Aur 'opacities' ka meaning bhi batao.",R008,R008,R008|R002|R010|R017|R005,1,1,0.6925587433034723,Patchy bilateral opacities consistent with multifocal pneumonia.,"Patchy bilateral opacities consistent with multifocal pneumonia. || Left lower lobe consolidation is noted, suspicious for pneumonia.","Query: Please explain: Doctor, consolidation ka matlab pneumonia hi hota hai kya? dono side lung me Report me 'pneumonia' mention hai kya? Aur 'opacities' ka meaning bhi batao. Symptoms ke basis par pneumonia ka possibility lag sakta hai. clinical correlation advised, lekin bina report evidence final confirmation possible nahi hai.","Query: Please explain: Doctor, consolidation ka matlab pneumonia hi hota hai kya? dono side lung me Report me 'pneumonia' mention hai kya? Aur 'opacities' ka meaning bhi batao. Available report evidence ke hisaab se: Patchy bilateral opacities consistent with multifocal pneumonia. Isliye explanation report-grounded hai.",0.6666666666666666,0.6666666666666666,1,1
S0069,Heart size badha hua lag raha hai kya report me? condition halka hai kya?,R009,R016,R016|R001|R003|R005|R004,0,0,0.638712576230367,Heart size is normal. Lungs are clear.,Heart size is normal. Lungs are clear. || Right-sided pleural effusion is present. Heart size is within normal limits.,"Query: Heart size badha hua lag raha hai kya report me? condition halka hai kya? Symptoms ke basis par cardiomegaly ka possibility lag sakta hai. clinical correlation advised, lekin bina report evidence final confirmation possible nahi hai.",Query: Heart size badha hua lag raha hai kya report me? condition halka hai kya? Available report evidence ke hisaab se: Heart size is normal. Isliye explanation report-grounded hai.,1.0,0.5,0,1
S0070,"Doctor, right side chhati me pani bhar gaya hai kya? Report me 'consolidation' mention hai kya? Thoda simple Hinglish me samjhao.",R010,R017,R017|R010|R002|R011|R007,0,1,0.5480400264263153,Dense right lower lobe consolidation with air bronchograms.,Dense right lower lobe consolidation with air bronchograms. || No focal consolidation or pleural effusion.,"Query: Doctor, right side chhati me pani bhar gaya hai kya? Report me 'consolidation' mention hai kya? Thoda simple Hinglish me samjhao. Symptoms ke basis par pleural effusion ka possibility lag sakta hai. clinical correlation advised, lekin bina report evidence final confirmation possible nahi hai.","Query: Doctor, right side chhati me pani bhar gaya hai kya? Report me 'consolidation' mention hai kya? Thoda simple Hinglish me samjhao. Available report evidence ke hisaab se: Dense right lower lobe consolidation with air bronchograms. Isliye explanation report-grounded hai.",0.5,1.0,1,0
S0071,Report me pleural effusion dikh raha hai kya? right side me medium level lag raha hai kya? Report me 'pleural effusion' mention hai kya? Aur 'compressive' ka meaning bhi batao. Thoda simple Hinglish me samjhao.,R011,R011,R011|R001|R010|R006|R020,1,1,0.7824838240941365,Moderate right pleural effusion with compressive atelectasis.,Moderate right pleural effusion with compressive atelectasis. || Right-sided pleural effusion is present. Heart size is within normal limits.,"Query: Report me pleural effusion dikh raha hai kya? right side me medium level lag raha hai kya? Report me 'pleural effusion' mention hai kya? Aur 'compressive' ka meaning bhi batao. Thoda simple Hinglish me samjhao. Symptoms ke basis par pleural effusion ka possibility lag sakta hai. clinical correlation advised, lekin bina report evidence final confirmation possible nahi hai.",Query: Report me pleural effusion dikh raha hai kya? right side me medium level lag raha hai kya? Report me 'pleural effusion' mention hai kya? Aur 'compressive' ka meaning bhi batao. Thoda simple Hinglish me samjhao. Available report evidence ke hisaab se: Moderate right pleural effusion with compressive atelectasis. Isliye explanation report-grounded hai.,1.0,1.0,0,0
S0072,Pulmonary congestion ya edema jaisa kuch likha hai kya? Thoda simple Hinglish me samjhao.,R012,R012,R012|R003|R018|R005|R004,1,1,0.5224660170078278,Pulmonary edema pattern with vascular prominence.,Pulmonary edema pattern with vascular prominence. || Mild cardiomegaly with pulmonary vascular congestion.,"Query: Pulmonary congestion ya edema jaisa kuch likha hai kya? Thoda simple Hinglish me samjhao. Symptoms ke basis par chest condition ka possibility lag sakta hai. clinical correlation advised, lekin bina report evidence final confirmation possible nahi hai.",Query: Pulmonary congestion ya edema jaisa kuch likha hai kya? Thoda simple Hinglish me samjhao. Available report evidence ke hisaab se: Pulmonary edema pattern with vascular prominence. Isliye explanation report-grounded hai.,1.0,1.0,0,0
S0073,Kya report me koi serious dikkat nahi hai? Report me 'infiltrate' mention hai kya? Aur 'hyperinflated' ka meaning bhi batao. Thoda simple Hinglish me samjhao.,R013,R013,R013|R007|R005|R004|R003,1,1,0.6373650717735291,Hyperinflated lungs; no acute infiltrate.,"Hyperinflated lungs; no acute infiltrate. || Right upper lobe infiltrate, likely infective etiology.","Query: Kya report me koi serious dikkat nahi hai? Report me 'infiltrate' mention hai kya? Aur 'hyperinflated' ka meaning bhi batao. Thoda simple Hinglish me samjhao. Symptoms ke basis par chest condition ka possibility lag sakta hai. clinical correlation advised, lekin bina report evidence final confirmation possible nahi hai.",Query: Kya report me koi serious dikkat nahi hai? Report me 'infiltrate' mention hai kya? Aur 'hyperinflated' ka meaning bhi batao. Thoda simple Hinglish me samjhao. Available report evidence ke hisaab se: Hyperinflated lungs; no acute infiltrate. Isliye explanation report-grounded hai.,0.0,0.25,1,0
S0074,"Please explain: Saas lene me problem hai, lungs me kuch collapse jaisa hai kya? left side lower side pe Report me 'atelectasis' mention hai kya? Thoda simple Hinglish me samjhao.",R014,R006,R006|R014|R002|R013|R016,0,1,0.4521127862774807,Small left pleural effusion with adjacent basal atelectasis.,"Small left pleural effusion with adjacent basal atelectasis. || Left basilar opacity, could represent subsegmental atelectasis.","Query: Please explain: Saas lene me problem hai, lungs me kuch collapse jaisa hai kya? left side lower side pe Report me 'atelectasis' mention hai kya? Thoda simple Hinglish me samjhao. Symptoms ke basis par atelectasis ka possibility lag sakta hai. breathing difficulty needs correlation, lekin bina report evidence final confirmation possible nahi hai.","Query: Please explain: Saas lene me problem hai, lungs me kuch collapse jaisa hai kya? left side lower side pe Report me 'atelectasis' mention hai kya? Thoda simple Hinglish me samjhao. Available report evidence ke hisaab se: Small left pleural effusion with adjacent basal atelectasis. Isliye explanation report-grounded hai.",1.0,1.0,0,0
S0075,"Doctor, meri report ka simple Hinglish meaning batao please. Report me 'thickening' term ka matlab kya hai? Thoda simple Hinglish me samjhao.",R015,R015,R015|R005|R004|R003|R002,1,1,0.3117745977990767,Mild bilateral pleural thickening without active disease.,Mild bilateral pleural thickening without active disease. || Bibasilar atelectatic changes are seen.,"Query: Doctor, meri report ka simple Hinglish meaning batao please. Report me 'thickening' term ka matlab kya hai? Thoda simple Hinglish me samjhao. Symptoms ke basis par chest condition ka possibility lag sakta hai. clinical correlation advised, lekin bina report evidence final confirmation possible nahi hai.","Query: Doctor, meri report ka simple Hinglish meaning batao please. Report me 'thickening' term ka matlab kya hai? Thoda simple Hinglish me samjhao. Available report evidence ke hisaab se: Mild bilateral pleural thickening without active disease. Isliye explanation report-grounded hai.",0.25,0.25,0,0
S0076,Kya report me koi serious dikkat nahi hai? Thoda simple Hinglish me samjhao.,R016,R005,R005|R004|R003|R002|R001,0,0,0.0,Bibasilar atelectatic changes are seen.,Bibasilar atelectatic changes are seen. || No acute cardiopulmonary abnormality detected.,"Query: Kya report me koi serious dikkat nahi hai? Thoda simple Hinglish me samjhao. Symptoms ke basis par chest condition ka possibility lag sakta hai. clinical correlation advised, lekin bina report evidence final confirmation possible nahi hai.",Query: Kya report me koi serious dikkat nahi hai? Thoda simple Hinglish me samjhao. Available report evidence ke hisaab se: Bibasilar atelectatic changes are seen. Isliye explanation report-grounded hai.,0.25,1.0,0,0
S0077,"Please explain: Doctor, consolidation ka matlab pneumonia hi hota hai kya? right side lung me kaafi zyada hai kya? Report me 'consolidation' mention hai kya? Aur 'bronchograms' ka meaning bhi batao. Thoda simple Hinglish me samjhao.",R017,R017,R017|R002|R010|R008|R011,1,1,0.5995958030223846,Dense right lower lobe consolidation with air bronchograms.,"Dense right lower lobe consolidation with air bronchograms. || Left lower lobe consolidation is noted, suspicious for pneumonia.","Query: Please explain: Doctor, consolidation ka matlab pneumonia hi hota hai kya? right side lung me kaafi zyada hai kya? Report me 'consolidation' mention hai kya? Aur 'bronchograms' ka meaning bhi batao. Thoda simple Hinglish me samjhao. Symptoms ke basis par pneumonia ka possibility lag sakta hai. clinical correlation advised, lekin bina report evidence final confirmation possible nahi hai.","Query: Please explain: Doctor, consolidation ka matlab pneumonia hi hota hai kya? right side lung me kaafi zyada hai kya? Report me 'consolidation' mention hai kya? Aur 'bronchograms' ka meaning bhi batao. Thoda simple Hinglish me samjhao. Available report evidence ke hisaab se: Dense right lower lobe consolidation with air bronchograms. Isliye explanation report-grounded hai.",0.5,0.5,1,1
S0078,Please explain: Pulmonary congestion ya edema jaisa kuch likha hai kya? halka symptoms hai kya? Report me 'congestion' mention hai kya? Aur 'perihilar' ka meaning bhi batao. Thoda simple Hinglish me samjhao.,R018,R018,R018|R003|R012|R005|R004,1,1,0.4673848567559169,Perihilar interstitial markings suggest mild congestion.,Perihilar interstitial markings suggest mild congestion. || Mild cardiomegaly with pulmonary vascular congestion.,"Query: Please explain: Pulmonary congestion ya edema jaisa kuch likha hai kya? halka symptoms hai kya? Report me 'congestion' mention hai kya? Aur 'perihilar' ka meaning bhi batao. Thoda simple Hinglish me samjhao. Symptoms ke basis par chest condition ka possibility lag sakta hai. clinical correlation advised, lekin bina report evidence final confirmation possible nahi hai.",Query: Please explain: Pulmonary congestion ya edema jaisa kuch likha hai kya? halka symptoms hai kya? Report me 'congestion' mention hai kya? Aur 'perihilar' ka meaning bhi batao. Thoda simple Hinglish me samjhao. Available report evidence ke hisaab se: Perihilar interstitial markings suggest mild congestion. Isliye explanation report-grounded hai.,1.0,1.0,0,0
S0079,"Please explain: Mujhe khansi aur bukhar hai, kya pneumonia ho sakta hai? dono side lung me Report me 'infiltrate' mention hai kya? Aur 'bibasal' ka meaning bhi batao.",R019,R019,R019|R008|R007|R013|R002,1,1,0.5121819574159124,"Small bibasal infiltrates, correlate clinically for infection.","Small bibasal infiltrates, correlate clinically for infection. || Patchy bilateral opacities consistent with multifocal pneumonia.","Query: Please explain: Mujhe khansi aur bukhar hai, kya pneumonia ho sakta hai? dono side lung me Report me 'infiltrate' mention hai kya? Aur 'bibasal' ka meaning bhi batao. Symptoms ke basis par pneumonia ka possibility lag sakta hai. infection-related symptoms possible, lekin bina report evidence final confirmation possible nahi hai.","Query: Please explain: Mujhe khansi aur bukhar hai, kya pneumonia ho sakta hai? dono side lung me Report me 'infiltrate' mention hai kya? Aur 'bibasal' ka meaning bhi batao. Available report evidence ke hisaab se: Small bibasal infiltrates, correlate clinically for infection. Isliye explanation report-grounded hai.",1.0,1.0,0,0
S0080,Chest ke side me fluid jama hai kya please batao? Report me 'pleural effusion' mention hai kya? Thoda simple Hinglish me samjhao.,R020,R010,R010|R011|R006|R020|R001,0,1,0.5613952999644809,No focal consolidation or pleural effusion.,No focal consolidation or pleural effusion. || Moderate right pleural effusion with compressive atelectasis.,"Query: Chest ke side me fluid jama hai kya please batao? Report me 'pleural effusion' mention hai kya? Thoda simple Hinglish me samjhao. Symptoms ke basis par pleural effusion ka possibility lag sakta hai. clinical correlation advised, lekin bina report evidence final confirmation possible nahi hai.",Query: Chest ke side me fluid jama hai kya please batao? Report me 'pleural effusion' mention hai kya? Thoda simple Hinglish me samjhao. Available report evidence ke hisaab se: No focal consolidation or pleural effusion. Isliye explanation report-grounded hai.,1.0,1.0,0,0
S0081,"Doctor, right side chhati me pani bhar gaya hai kya? right side me Report me 'pleural effusion' mention hai kya? Thoda simple Hinglish me samjhao.",R001,R011,R011|R001|R010|R006|R020,0,1,0.6830235130646649,Moderate right pleural effusion with compressive atelectasis.,Moderate right pleural effusion with compressive atelectasis. || Right-sided pleural effusion is present. Heart size is within normal limits.,"Query: Doctor, right side chhati me pani bhar gaya hai kya? right side me Report me 'pleural effusion' mention hai kya? Thoda simple Hinglish me samjhao. Symptoms ke basis par pleural effusion ka possibility lag sakta hai. clinical correlation advised, lekin bina report evidence final confirmation possible nahi hai.","Query: Doctor, right side chhati me pani bhar gaya hai kya? right side me Report me 'pleural effusion' mention hai kya? Thoda simple Hinglish me samjhao. Available report evidence ke hisaab se: Moderate right pleural effusion with compressive atelectasis. Isliye explanation report-grounded hai.",1.0,1.0,0,0
S0082,Report ke hisaab se lungs me infection ya pneumonia lag raha hai kya? left side lung me Report me 'consolidation' mention hai kya? Thoda simple Hinglish me samjhao.,R002,R002,R002|R019|R008|R013|R016,1,1,0.6433104505322196,"Left lower lobe consolidation is noted, suspicious for pneumonia.","Left lower lobe consolidation is noted, suspicious for pneumonia. || Small bibasal infiltrates, correlate clinically for infection.","Query: Report ke hisaab se lungs me infection ya pneumonia lag raha hai kya? left side lung me Report me 'consolidation' mention hai kya? Thoda simple Hinglish me samjhao. Symptoms ke basis par pneumonia ka possibility lag sakta hai. clinical correlation advised, lekin bina report evidence final confirmation possible nahi hai.","Query: Report ke hisaab se lungs me infection ya pneumonia lag raha hai kya? left side lung me Report me 'consolidation' mention hai kya? Thoda simple Hinglish me samjhao. Available report evidence ke hisaab se: Left lower lobe consolidation is noted, suspicious for pneumonia. Isliye explanation report-grounded hai.",1.0,1.0,0,0
S0083,Kya cardiomegaly mention hai aur ye serious hai? condition halka hai kya? Report me 'cardiomegaly' mention hai kya? Aur 'cardiomegaly' ka meaning bhi batao.,R003,R003,R003|R001|R005|R004|R002,1,1,0.4705564852555592,Mild cardiomegaly with pulmonary vascular congestion.,Mild cardiomegaly with pulmonary vascular congestion. || Right-sided pleural effusion is present. Heart size is within normal limits.,"Query: Kya cardiomegaly mention hai aur ye serious hai? condition halka hai kya? Report me 'cardiomegaly' mention hai kya? Aur 'cardiomegaly' ka meaning bhi batao. Symptoms ke basis par cardiomegaly ka possibility lag sakta hai. clinical correlation advised, lekin bina report evidence final confirmation possible nahi hai.",Query: Kya cardiomegaly mention hai aur ye serious hai? condition halka hai kya? Report me 'cardiomegaly' mention hai kya? Aur 'cardiomegaly' ka meaning bhi batao. Available report evidence ke hisaab se: Mild cardiomegaly with pulmonary vascular congestion. Isliye explanation report-grounded hai.,1.0,1.0,0,0
S0084,Please explain: No acute abnormality ka matlab sab normal hai kya? Report me 'no acute' mention hai kya? Aur 'cardiopulmonary' ka meaning bhi batao.,R004,R004,R004|R013|R020|R010|R005,1,1,0.7669371877218547,No acute cardiopulmonary abnormality detected.,No acute cardiopulmonary abnormality detected. || Hyperinflated lungs; no acute infiltrate.,"Query: Please explain: No acute abnormality ka matlab sab normal hai kya? Report me 'no acute' mention hai kya? Aur 'cardiopulmonary' ka meaning bhi batao. Symptoms ke basis par cardiomegaly ka possibility lag sakta hai. clinical correlation advised, lekin bina report evidence final confirmation possible nahi hai.",Query: Please explain: No acute abnormality ka matlab sab normal hai kya? Report me 'no acute' mention hai kya? Aur 'cardiopulmonary' ka meaning bhi batao. Available report evidence ke hisaab se: No acute cardiopulmonary abnormality detected. Isliye explanation report-grounded hai.,0.0,0.25,1,0
S0085,"Saas lene me problem hai, lungs me kuch collapse jaisa hai kya? Report me 'bibasilar' term ka matlab kya hai? Thoda simple Hinglish me samjhao.",R005,R005,R005|R013|R016|R004|R003,1,1,0.3920042752592187,Bibasilar atelectatic changes are seen.,Bibasilar atelectatic changes are seen. || Hyperinflated lungs; no acute infiltrate.,"Query: Saas lene me problem hai, lungs me kuch collapse jaisa hai kya? Report me 'bibasilar' term ka matlab kya hai? Thoda simple Hinglish me samjhao. Symptoms ke basis par atelectasis ka possibility lag sakta hai. breathing difficulty needs correlation, lekin bina report evidence final confirmation possible nahi hai.","Query: Saas lene me problem hai, lungs me kuch collapse jaisa hai kya? Report me 'bibasilar' term ka matlab kya hai? Thoda simple Hinglish me samjhao. Available report evidence ke hisaab se: Bibasilar atelectatic changes are seen. Isliye explanation report-grounded hai.",1.0,1.0,0,0
S0086,Chest ke side me fluid jama hai kya please batao? left side me Report me 'atelectasis' mention hai kya? Thoda simple Hinglish me samjhao.,R006,R006,R006|R014|R011|R002|R005,1,1,0.6897880678706698,Small left pleural effusion with adjacent basal atelectasis.,"Small left pleural effusion with adjacent basal atelectasis. || Left basilar opacity, could represent subsegmental atelectasis.","Query: Chest ke side me fluid jama hai kya please batao? left side me Report me 'atelectasis' mention hai kya? Thoda simple Hinglish me samjhao. Symptoms ke basis par pleural effusion ka possibility lag sakta hai. clinical correlation advised, lekin bina report evidence final confirmation possible nahi hai.",Query: Chest ke side me fluid jama hai kya please batao? left side me Report me 'atelectasis' mention hai kya? Thoda simple Hinglish me samjhao. Available report evidence ke hisaab se: Small left pleural effusion with adjacent basal atelectasis. Isliye explanation report-grounded hai.,1.0,1.0,0,0
S0087,"Doctor, consolidation ka matlab pneumonia hi hota hai kya? right side lung me Report me 'infiltrate' mention hai kya? Thoda simple Hinglish me samjhao.",R007,R007,R007|R002|R017|R008|R013,1,1,0.5840631383657455,"Right upper lobe infiltrate, likely infective etiology.","Right upper lobe infiltrate, likely infective etiology. || Left lower lobe consolidation is noted, suspicious for pneumonia.","Query: Doctor, consolidation ka matlab pneumonia hi hota hai kya? right side lung me Report me 'infiltrate' mention hai kya? Thoda simple Hinglish me samjhao. Symptoms ke basis par pneumonia ka possibility lag sakta hai. clinical correlation advised, lekin bina report evidence final confirmation possible nahi hai.","Query: Doctor, consolidation ka matlab pneumonia hi hota hai kya? right side lung me Report me 'infiltrate' mention hai kya? Thoda simple Hinglish me samjhao. Available report evidence ke hisaab se: Right upper lobe infiltrate, likely infective etiology. Isliye explanation report-grounded hai.",0.6666666666666666,0.6666666666666666,1,1
S0088,"Doctor, consolidation ka matlab pneumonia hi hota hai kya? dono side lung me Report me 'pneumonia' mention hai kya? Thoda simple Hinglish me samjhao.",R008,R002,R002|R008|R010|R017|R005,0,1,0.5808539866146288,"Left lower lobe consolidation is noted, suspicious for pneumonia.","Left lower lobe consolidation is noted, suspicious for pneumonia. || Patchy bilateral opacities consistent with multifocal pneumonia.","Query: Doctor, consolidation ka matlab pneumonia hi hota hai kya? dono side lung me Report me 'pneumonia' mention hai kya? Thoda simple Hinglish me samjhao. Symptoms ke basis par pneumonia ka possibility lag sakta hai. clinical correlation advised, lekin bina report evidence final confirmation possible nahi hai.","Query: Doctor, consolidation ka matlab pneumonia hi hota hai kya? dono side lung me Report me 'pneumonia' mention hai kya? Thoda simple Hinglish me samjhao. Available report evidence ke hisaab se: Left lower lobe consolidation is noted, suspicious for pneumonia. Isliye explanation report-grounded hai.",1.0,1.0,0,0
S0089,"Doctor, dil thoda bada dikh raha hai kya X-ray me? condition halka hai kya? Report me 'cardiomediastinal' term ka matlab kya hai? Thoda simple Hinglish me samjhao.",R009,R009,R009|R016|R001|R005|R004,1,1,0.3946960985660553,Cardiomediastinal silhouette is mildly enlarged.,Cardiomediastinal silhouette is mildly enlarged. || Heart size is normal. Lungs are clear.,"Query: Doctor, dil thoda bada dikh raha hai kya X-ray me? condition halka hai kya? Report me 'cardiomediastinal' term ka matlab kya hai? Thoda simple Hinglish me samjhao. Symptoms ke basis par cardiomegaly ka possibility lag sakta hai. clinical correlation advised, lekin bina report evidence final confirmation possible nahi hai.","Query: Doctor, dil thoda bada dikh raha hai kya X-ray me? condition halka hai kya? Report me 'cardiomediastinal' term ka matlab kya hai? Thoda simple Hinglish me samjhao. Available report evidence ke hisaab se: Cardiomediastinal silhouette is mildly enlarged. Isliye explanation report-grounded hai.",1.0,1.0,0,0
S0090,Please explain: Report me pleural effusion dikh raha hai kya? Report me 'pleural effusion' mention hai kya? Thoda simple Hinglish me samjhao.,R010,R010,R010|R011|R006|R020|R001,1,1,0.5691730777422587,No focal consolidation or pleural effusion.,No focal consolidation or pleural effusion. || Moderate right pleural effusion with compressive atelectasis.,"Query: Please explain: Report me pleural effusion dikh raha hai kya? Report me 'pleural effusion' mention hai kya? Thoda simple Hinglish me samjhao. Symptoms ke basis par pleural effusion ka possibility lag sakta hai. clinical correlation advised, lekin bina report evidence final confirmation possible nahi hai.",Query: Please explain: Report me pleural effusion dikh raha hai kya? Report me 'pleural effusion' mention hai kya? Thoda simple Hinglish me samjhao. Available report evidence ke hisaab se: No focal consolidation or pleural effusion. Isliye explanation report-grounded hai.,1.0,1.0,0,0
S0091,Please explain: Chest ke side me fluid jama hai kya please batao? right side me medium level lag raha hai kya? Report me 'atelectasis' mention hai kya? Aur 'compressive' ka meaning bhi batao.,R011,R011,R011|R006|R014|R007|R017,1,1,0.8373339664936065,Moderate right pleural effusion with compressive atelectasis.,Moderate right pleural effusion with compressive atelectasis. || Small left pleural effusion with adjacent basal atelectasis.,"Query: Please explain: Chest ke side me fluid jama hai kya please batao? right side me medium level lag raha hai kya? Report me 'atelectasis' mention hai kya? Aur 'compressive' ka meaning bhi batao. Symptoms ke basis par pleural effusion ka possibility lag sakta hai. clinical correlation advised, lekin bina report evidence final confirmation possible nahi hai.",Query: Please explain: Chest ke side me fluid jama hai kya please batao? right side me medium level lag raha hai kya? Report me 'atelectasis' mention hai kya? Aur 'compressive' ka meaning bhi batao. Available report evidence ke hisaab se: Moderate right pleural effusion with compressive atelectasis. Isliye explanation report-grounded hai.,1.0,1.0,0,0
S0092,Vascular congestion ka meaning simple me batao.,R012,R003,R003|R012|R018|R005|R004,0,1,0.7420553874969482,Mild cardiomegaly with pulmonary vascular congestion.,Mild cardiomegaly with pulmonary vascular congestion. || Pulmonary edema pattern with vascular prominence.,"Query: Vascular congestion ka meaning simple me batao. Symptoms ke basis par chest condition ka possibility lag sakta hai. clinical correlation advised, lekin bina report evidence final confirmation possible nahi hai.",Query: Vascular congestion ka meaning simple me batao. Available report evidence ke hisaab se: Mild cardiomegaly with pulmonary vascular congestion. Isliye explanation report-grounded hai.,1.0,1.0,0,0
S0093,No acute abnormality ka matlab sab normal hai kya? Report me 'infiltrate' mention hai kya? Thoda simple Hinglish me samjhao.,R013,R013,R013|R004|R020|R007|R010,1,1,0.9005212576249066,Hyperinflated lungs; no acute infiltrate.,Hyperinflated lungs; no acute infiltrate. || No acute cardiopulmonary abnormality detected.,"Query: No acute abnormality ka matlab sab normal hai kya? Report me 'infiltrate' mention hai kya? Thoda simple Hinglish me samjhao. Symptoms ke basis par no acute abnormality ka possibility lag sakta hai. clinical correlation advised, lekin bina report evidence final confirmation possible nahi hai.",Query: No acute abnormality ka matlab sab normal hai kya? Report me 'infiltrate' mention hai kya? Thoda simple Hinglish me samjhao. Available report evidence ke hisaab se: Hyperinflated lungs; no acute infiltrate. Isliye explanation report-grounded hai.,0.0,0.25,1,0
S0094,Lower lung thoda daba hua ya collapse type dikh raha hai kya? left side lower side pe Report me 'atelectasis' mention hai kya? Aur 'basilar' ka meaning bhi batao.,R014,R014,R014|R006|R002|R011|R017,1,1,0.549828962802887,"Left basilar opacity, could represent subsegmental atelectasis.","Left basilar opacity, could represent subsegmental atelectasis. || Small left pleural effusion with adjacent basal atelectasis.","Query: Lower lung thoda daba hua ya collapse type dikh raha hai kya? left side lower side pe Report me 'atelectasis' mention hai kya? Aur 'basilar' ka meaning bhi batao. Symptoms ke basis par atelectasis ka possibility lag sakta hai. clinical correlation advised, lekin bina report evidence final confirmation possible nahi hai.","Query: Lower lung thoda daba hua ya collapse type dikh raha hai kya? left side lower side pe Report me 'atelectasis' mention hai kya? Aur 'basilar' ka meaning bhi batao. Available report evidence ke hisaab se: Left basilar opacity, could represent subsegmental atelectasis. Isliye explanation report-grounded hai.",1.0,1.0,0,0
S0095,"Doctor, meri report ka simple Hinglish meaning batao please.",R015,R005,R005|R004|R003|R002|R001,0,0,0.0,Bibasilar atelectatic changes are seen.,Bibasilar atelectatic changes are seen. || No acute cardiopulmonary abnormality detected.,"Query: Doctor, meri report ka simple Hinglish meaning batao please. Symptoms ke basis par chest condition ka possibility lag sakta hai. clinical correlation advised, lekin bina report evidence final confirmation possible nahi hai.","Query: Doctor, meri report ka simple Hinglish meaning batao please. Available report evidence ke hisaab se: Bibasilar atelectatic changes are seen. Isliye explanation report-grounded hai.",0.25,1.0,0,0
S0096,"Doctor, report mostly normal hai kya confirm karo. Thoda simple Hinglish me samjhao.",R016,R013,R013|R004|R020|R010|R005,0,0,0.6916634273529053,Hyperinflated lungs; no acute infiltrate.,Hyperinflated lungs; no acute infiltrate. || No acute cardiopulmonary abnormality detected.,"Query: Doctor, report mostly normal hai kya confirm karo. Thoda simple Hinglish me samjhao. Symptoms ke basis par no acute abnormality ka possibility lag sakta hai. clinical correlation advised, lekin bina report evidence final confirmation possible nahi hai.","Query: Doctor, report mostly normal hai kya confirm karo. Thoda simple Hinglish me samjhao. Available report evidence ke hisaab se: Hyperinflated lungs; no acute infiltrate. Isliye explanation report-grounded hai.",0.25,0.25,0,0
S0097,Please explain: Report ke hisaab se lungs me infection ya pneumonia lag raha hai kya? right side lung me kaafi zyada hai kya? Report me 'consolidation' mention hai kya? Aur 'bronchograms' ka meaning bhi batao. Thoda simple Hinglish me samjhao.,R017,R017,R017|R002|R019|R013|R016,1,1,0.5142048358917236,Dense right lower lobe consolidation with air bronchograms.,"Dense right lower lobe consolidation with air bronchograms. || Left lower lobe consolidation is noted, suspicious for pneumonia.","Query: Please explain: Report ke hisaab se lungs me infection ya pneumonia lag raha hai kya? right side lung me kaafi zyada hai kya? Report me 'consolidation' mention hai kya? Aur 'bronchograms' ka meaning bhi batao. Thoda simple Hinglish me samjhao. Symptoms ke basis par pneumonia ka possibility lag sakta hai. clinical correlation advised, lekin bina report evidence final confirmation possible nahi hai.",Query: Please explain: Report ke hisaab se lungs me infection ya pneumonia lag raha hai kya? right side lung me kaafi zyada hai kya? Report me 'consolidation' mention hai kya? Aur 'bronchograms' ka meaning bhi batao. Thoda simple Hinglish me samjhao. Available report evidence ke hisaab se: Dense right lower lobe consolidation with air bronchograms. Isliye explanation report-grounded hai.,0.5,0.5,1,1
S0098,Vascular congestion ka meaning simple me batao. halka symptoms hai kya? Report me 'congestion' mention hai kya? Aur 'perihilar' ka meaning bhi batao.,R018,R003,R003|R018|R012|R005|R004,0,1,0.6151610088348388,Mild cardiomegaly with pulmonary vascular congestion.,Mild cardiomegaly with pulmonary vascular congestion. || Perihilar interstitial markings suggest mild congestion.,"Query: Vascular congestion ka meaning simple me batao. halka symptoms hai kya? Report me 'congestion' mention hai kya? Aur 'perihilar' ka meaning bhi batao. Symptoms ke basis par chest condition ka possibility lag sakta hai. clinical correlation advised, lekin bina report evidence final confirmation possible nahi hai.",Query: Vascular congestion ka meaning simple me batao. halka symptoms hai kya? Report me 'congestion' mention hai kya? Aur 'perihilar' ka meaning bhi batao. Available report evidence ke hisaab se: Mild cardiomegaly with pulmonary vascular congestion. Isliye explanation report-grounded hai.,1.0,1.0,0,0
S0099,"Doctor, consolidation ka matlab pneumonia hi hota hai kya? dono side lung me Report me 'infiltrate' mention hai kya? Thoda simple Hinglish me samjhao.",R019,R002,R002|R008|R007|R013|R010,0,0,0.5265734732151032,"Left lower lobe consolidation is noted, suspicious for pneumonia.","Left lower lobe consolidation is noted, suspicious for pneumonia. || Patchy bilateral opacities consistent with multifocal pneumonia.","Query: Doctor, consolidation ka matlab pneumonia hi hota hai kya? dono side lung me Report me 'infiltrate' mention hai kya? Thoda simple Hinglish me samjhao. Symptoms ke basis par pneumonia ka possibility lag sakta hai. clinical correlation advised, lekin bina report evidence final confirmation possible nahi hai.","Query: Doctor, consolidation ka matlab pneumonia hi hota hai kya? dono side lung me Report me 'infiltrate' mention hai kya? Thoda simple Hinglish me samjhao. Available report evidence ke hisaab se: Left lower lobe consolidation is noted, suspicious for pneumonia. Isliye explanation report-grounded hai.",0.6666666666666666,0.6666666666666666,1,1
S0100,Report me pleural effusion dikh raha hai kya? Report me 'pleural effusion' mention hai kya? Aur 'pneumothorax' ka meaning bhi batao.,R020,R020,R020|R010|R011|R006|R001,1,1,0.6157170557975769,"No pleural effusion, no pneumothorax, no focal opacity.","No pleural effusion, no pneumothorax, no focal opacity. || No focal consolidation or pleural effusion.","Query: Report me pleural effusion dikh raha hai kya? Report me 'pleural effusion' mention hai kya? Aur 'pneumothorax' ka meaning bhi batao. Symptoms ke basis par pleural effusion ka possibility lag sakta hai. clinical correlation advised, lekin bina report evidence final confirmation possible nahi hai.","Query: Report me pleural effusion dikh raha hai kya? Report me 'pleural effusion' mention hai kya? Aur 'pneumothorax' ka meaning bhi batao. Available report evidence ke hisaab se: No pleural effusion, no pneumothorax, no focal opacity. Isliye explanation report-grounded hai.",0.0,0.25,1,0
S0101,Report me pleural effusion dikh raha hai kya? right side me Report me 'pleural effusion' mention hai kya? Thoda simple Hinglish me samjhao.,R001,R011,R011|R001|R010|R006|R020,0,1,0.6961090755462646,Moderate right pleural effusion with compressive atelectasis.,Moderate right pleural effusion with compressive atelectasis. || Right-sided pleural effusion is present. Heart size is within normal limits.,"Query: Report me pleural effusion dikh raha hai kya? right side me Report me 'pleural effusion' mention hai kya? Thoda simple Hinglish me samjhao. Symptoms ke basis par pleural effusion ka possibility lag sakta hai. clinical correlation advised, lekin bina report evidence final confirmation possible nahi hai.",Query: Report me pleural effusion dikh raha hai kya? right side me Report me 'pleural effusion' mention hai kya? Thoda simple Hinglish me samjhao. Available report evidence ke hisaab se: Moderate right pleural effusion with compressive atelectasis. Isliye explanation report-grounded hai.,1.0,1.0,0,0
S0102,"Doctor, consolidation ka matlab pneumonia hi hota hai kya? left side lung me Report me 'pneumonia' mention hai kya?",R002,R002,R002|R008|R010|R006|R014,1,1,0.754439696073532,"Left lower lobe consolidation is noted, suspicious for pneumonia.","Left lower lobe consolidation is noted, suspicious for pneumonia. || Patchy bilateral opacities consistent with multifocal pneumonia.","Query: Doctor, consolidation ka matlab pneumonia hi hota hai kya? left side lung me Report me 'pneumonia' mention hai kya? Symptoms ke basis par pneumonia ka possibility lag sakta hai. clinical correlation advised, lekin bina report evidence final confirmation possible nahi hai.","Query: Doctor, consolidation ka matlab pneumonia hi hota hai kya? left side lung me Report me 'pneumonia' mention hai kya? Available report evidence ke hisaab se: Left lower lobe consolidation is noted, suspicious for pneumonia. Isliye explanation report-grounded hai.",1.0,1.0,0,0
S0103,Please explain: Heart size badha hua lag raha hai kya report me? condition halka hai kya? Report me 'cardiomegaly' mention hai kya? Aur 'cardiomegaly' ka meaning bhi batao.,R003,R016,R016|R001|R003|R005|R004,0,1,0.4611618192990621,Heart size is normal. Lungs are clear.,Heart size is normal. Lungs are clear. || Right-sided pleural effusion is present. Heart size is within normal limits.,"Query: Please explain: Heart size badha hua lag raha hai kya report me? condition halka hai kya? Report me 'cardiomegaly' mention hai kya? Aur 'cardiomegaly' ka meaning bhi batao. Symptoms ke basis par cardiomegaly ka possibility lag sakta hai. clinical correlation advised, lekin bina report evidence final confirmation possible nahi hai.",Query: Please explain: Heart size badha hua lag raha hai kya report me? condition halka hai kya? Report me 'cardiomegaly' mention hai kya? Aur 'cardiomegaly' ka meaning bhi batao. Available report evidence ke hisaab se: Heart size is normal. Isliye explanation report-grounded hai.,1.0,0.5,0,1
S0104,"Please explain: Doctor, report mostly normal hai kya confirm karo. Report me 'no acute' mention hai kya?",R004,R013,R013|R004|R020|R010|R005,0,1,0.6955095811990591,Hyperinflated lungs; no acute infiltrate.,Hyperinflated lungs; no acute infiltrate. || No acute cardiopulmonary abnormality detected.,"Query: Please explain: Doctor, report mostly normal hai kya confirm karo. Report me 'no acute' mention hai kya? Symptoms ke basis par no acute abnormality ka possibility lag sakta hai. clinical correlation advised, lekin bina report evidence final confirmation possible nahi hai.","Query: Please explain: Doctor, report mostly normal hai kya confirm karo. Report me 'no acute' mention hai kya? Available report evidence ke hisaab se: Hyperinflated lungs; no acute infiltrate. Isliye explanation report-grounded hai.",0.25,0.25,0,0
S0105,Atelectasis ka mention hai kya report me?,R005,R011,R011|R006|R014|R005|R004,0,1,0.4257612061500549,Moderate right pleural effusion with compressive atelectasis.,Moderate right pleural effusion with compressive atelectasis. || Small left pleural effusion with adjacent basal atelectasis.,"Query: Atelectasis ka mention hai kya report me? Symptoms ke basis par atelectasis ka possibility lag sakta hai. clinical correlation advised, lekin bina report evidence final confirmation possible nahi hai.",Query: Atelectasis ka mention hai kya report me? Available report evidence ke hisaab se: Moderate right pleural effusion with compressive atelectasis. Isliye explanation report-grounded hai.,1.0,1.0,0,0
S0106,Chest ke side me fluid jama hai kya please batao? left side me Report me 'atelectasis' mention hai kya? Aur 'adjacent' ka meaning bhi batao. Thoda simple Hinglish me samjhao.,R006,R006,R006|R014|R011|R002|R005,1,1,0.8089523615007814,Small left pleural effusion with adjacent basal atelectasis.,"Small left pleural effusion with adjacent basal atelectasis. || Left basilar opacity, could represent subsegmental atelectasis.","Query: Chest ke side me fluid jama hai kya please batao? left side me Report me 'atelectasis' mention hai kya? Aur 'adjacent' ka meaning bhi batao. Thoda simple Hinglish me samjhao. Symptoms ke basis par pleural effusion ka possibility lag sakta hai. clinical correlation advised, lekin bina report evidence final confirmation possible nahi hai.",Query: Chest ke side me fluid jama hai kya please batao? left side me Report me 'atelectasis' mention hai kya? Aur 'adjacent' ka meaning bhi batao. Thoda simple Hinglish me samjhao. Available report evidence ke hisaab se: Small left pleural effusion with adjacent basal atelectasis. Isliye explanation report-grounded hai.,1.0,1.0,0,0
S0107,"Please explain: Doctor, consolidation ka matlab pneumonia hi hota hai kya? right side lung me Report me 'infiltrate' mention hai kya? Aur 'infiltrate' ka meaning bhi batao. Thoda simple Hinglish me samjhao.",R007,R007,R007|R002|R017|R013|R008,1,1,0.6080482838704035,"Right upper lobe infiltrate, likely infective etiology.","Right upper lobe infiltrate, likely infective etiology. || Left lower lobe consolidation is noted, suspicious for pneumonia.","Query: Please explain: Doctor, consolidation ka matlab pneumonia hi hota hai kya? right side lung me Report me 'infiltrate' mention hai kya? Aur 'infiltrate' ka meaning bhi batao. Thoda simple Hinglish me samjhao. Symptoms ke basis par pneumonia ka possibility lag sakta hai. clinical correlation advised, lekin bina report evidence final confirmation possible nahi hai.","Query: Please explain: Doctor, consolidation ka matlab pneumonia hi hota hai kya? right side lung me Report me 'infiltrate' mention hai kya? Aur 'infiltrate' ka meaning bhi batao. Thoda simple Hinglish me samjhao. Available report evidence ke hisaab se: Right upper lobe infiltrate, likely infective etiology. Isliye explanation report-grounded hai.",0.6666666666666666,0.6666666666666666,1,1
S0108,"Please explain: Doctor, consolidation ka matlab pneumonia hi hota hai kya? dono side lung me Report me 'pneumonia' mention hai kya? Thoda simple Hinglish me samjhao.",R008,R002,R002|R008|R010|R017|R005,0,1,0.5773451848824819,"Left lower lobe consolidation is noted, suspicious for pneumonia.","Left lower lobe consolidation is noted, suspicious for pneumonia. || Patchy bilateral opacities consistent with multifocal pneumonia.","Query: Please explain: Doctor, consolidation ka matlab pneumonia hi hota hai kya? dono side lung me Report me 'pneumonia' mention hai kya? Thoda simple Hinglish me samjhao. Symptoms ke basis par pneumonia ka possibility lag sakta hai. clinical correlation advised, lekin bina report evidence final confirmation possible nahi hai.","Query: Please explain: Doctor, consolidation ka matlab pneumonia hi hota hai kya? dono side lung me Report me 'pneumonia' mention hai kya? Thoda simple Hinglish me samjhao. Available report evidence ke hisaab se: Left lower lobe consolidation is noted, suspicious for pneumonia. Isliye explanation report-grounded hai.",1.0,1.0,0,0
S0109,Kya cardiomegaly mention hai aur ye serious hai? condition halka hai kya? Report me 'cardiomediastinal' term ka matlab kya hai? Thoda simple Hinglish me samjhao.,R009,R009,R009|R003|R005|R004|R002,1,1,0.3805591105787377,Cardiomediastinal silhouette is mildly enlarged.,Cardiomediastinal silhouette is mildly enlarged. || Mild cardiomegaly with pulmonary vascular congestion.,"Query: Kya cardiomegaly mention hai aur ye serious hai? condition halka hai kya? Report me 'cardiomediastinal' term ka matlab kya hai? Thoda simple Hinglish me samjhao. Symptoms ke basis par cardiomegaly ka possibility lag sakta hai. clinical correlation advised, lekin bina report evidence final confirmation possible nahi hai.",Query: Kya cardiomegaly mention hai aur ye serious hai? condition halka hai kya? Report me 'cardiomediastinal' term ka matlab kya hai? Thoda simple Hinglish me samjhao. Available report evidence ke hisaab se: Cardiomediastinal silhouette is mildly enlarged. Isliye explanation report-grounded hai.,1.0,1.0,0,0
S0110,Report me pleural effusion dikh raha hai kya? Report me 'consolidation' mention hai kya?,R010,R010,R010|R011|R006|R020|R001,1,1,0.8355812740325927,No focal consolidation or pleural effusion.,No focal consolidation or pleural effusion. || Moderate right pleural effusion with compressive atelectasis.,"Query: Report me pleural effusion dikh raha hai kya? Report me 'consolidation' mention hai kya? Symptoms ke basis par pleural effusion ka possibility lag sakta hai. clinical correlation advised, lekin bina report evidence final confirmation possible nahi hai.",Query: Report me pleural effusion dikh raha hai kya? Report me 'consolidation' mention hai kya? Available report evidence ke hisaab se: No focal consolidation or pleural effusion. Isliye explanation report-grounded hai.,0.5,1.0,1,0
S0111,Report me pleural effusion dikh raha hai kya? right side me medium level lag raha hai kya? Report me 'atelectasis' mention hai kya? Thoda simple Hinglish me samjhao.,R011,R011,R011|R006|R001|R010|R020,1,1,0.8986967823379918,Moderate right pleural effusion with compressive atelectasis.,Moderate right pleural effusion with compressive atelectasis. || Small left pleural effusion with adjacent basal atelectasis.,"Query: Report me pleural effusion dikh raha hai kya? right side me medium level lag raha hai kya? Report me 'atelectasis' mention hai kya? Thoda simple Hinglish me samjhao. Symptoms ke basis par pleural effusion ka possibility lag sakta hai. clinical correlation advised, lekin bina report evidence final confirmation possible nahi hai.",Query: Report me pleural effusion dikh raha hai kya? right side me medium level lag raha hai kya? Report me 'atelectasis' mention hai kya? Thoda simple Hinglish me samjhao. Available report evidence ke hisaab se: Moderate right pleural effusion with compressive atelectasis. Isliye explanation report-grounded hai.,1.0,1.0,0,0
S0112,Pulmonary congestion ya edema jaisa kuch likha hai kya?,R012,R012,R012|R003|R018|R005|R004,1,1,0.5502437947856055,Pulmonary edema pattern with vascular prominence.,Pulmonary edema pattern with vascular prominence. || Mild cardiomegaly with pulmonary vascular congestion.,"Query: Pulmonary congestion ya edema jaisa kuch likha hai kya? Symptoms ke basis par chest condition ka possibility lag sakta hai. clinical correlation advised, lekin bina report evidence final confirmation possible nahi hai.",Query: Pulmonary congestion ya edema jaisa kuch likha hai kya? Available report evidence ke hisaab se: Pulmonary edema pattern with vascular prominence. Isliye explanation report-grounded hai.,1.0,1.0,0,0
S0113,No acute abnormality ka matlab sab normal hai kya? Report me 'no acute' mention hai kya?,R013,R013,R013|R004|R020|R010|R005,1,1,0.6999967606862386,Hyperinflated lungs; no acute infiltrate.,Hyperinflated lungs; no acute infiltrate. || No acute cardiopulmonary abnormality detected.,"Query: No acute abnormality ka matlab sab normal hai kya? Report me 'no acute' mention hai kya? Symptoms ke basis par no acute abnormality ka possibility lag sakta hai. clinical correlation advised, lekin bina report evidence final confirmation possible nahi hai.",Query: No acute abnormality ka matlab sab normal hai kya? Report me 'no acute' mention hai kya? Available report evidence ke hisaab se: Hyperinflated lungs; no acute infiltrate. Isliye explanation report-grounded hai.,0.25,0.25,0,0
S0114,Atelectasis ka mention hai kya report me? left side lower side pe Report me 'opacity' mention hai kya? Aur 'basilar' ka meaning bhi batao. Thoda simple Hinglish me samjhao.,R014,R014,R014|R006|R002|R020|R017,1,1,0.8347187749544779,"Left basilar opacity, could represent subsegmental atelectasis.","Left basilar opacity, could represent subsegmental atelectasis. || Small left pleural effusion with adjacent basal atelectasis.","Query: Atelectasis ka mention hai kya report me? left side lower side pe Report me 'opacity' mention hai kya? Aur 'basilar' ka meaning bhi batao. Thoda simple Hinglish me samjhao. Symptoms ke basis par atelectasis ka possibility lag sakta hai. clinical correlation advised, lekin bina report evidence final confirmation possible nahi hai.","Query: Atelectasis ka mention hai kya report me? left side lower side pe Report me 'opacity' mention hai kya? Aur 'basilar' ka meaning bhi batao. Thoda simple Hinglish me samjhao. Available report evidence ke hisaab se: Left basilar opacity, could represent subsegmental atelectasis. Isliye explanation report-grounded hai.",1.0,1.0,0,0
S0115,"Doctor, meri report ka simple Hinglish meaning batao please. Report me 'thickening' term ka matlab kya hai? Thoda simple Hinglish me samjhao.",R015,R015,R015|R005|R004|R003|R002,1,1,0.3117745977990767,Mild bilateral pleural thickening without active disease.,Mild bilateral pleural thickening without active disease. || Bibasilar atelectatic changes are seen.,"Query: Doctor, meri report ka simple Hinglish meaning batao please. Report me 'thickening' term ka matlab kya hai? Thoda simple Hinglish me samjhao. Symptoms ke basis par chest condition ka possibility lag sakta hai. clinical correlation advised, lekin bina report evidence final confirmation possible nahi hai.","Query: Doctor, meri report ka simple Hinglish meaning batao please. Report me 'thickening' term ka matlab kya hai? Thoda simple Hinglish me samjhao. Available report evidence ke hisaab se: Mild bilateral pleural thickening without active disease. Isliye explanation report-grounded hai.",0.25,0.25,0,0
S0116,Kya report me koi serious dikkat nahi hai? Thoda simple Hinglish me samjhao.,R016,R005,R005|R004|R003|R002|R001,0,0,0.0,Bibasilar atelectatic changes are seen.,Bibasilar atelectatic changes are seen. || No acute cardiopulmonary abnormality detected.,"Query: Kya report me koi serious dikkat nahi hai? Thoda simple Hinglish me samjhao. Symptoms ke basis par chest condition ka possibility lag sakta hai. clinical correlation advised, lekin bina report evidence final confirmation possible nahi hai.",Query: Kya report me koi serious dikkat nahi hai? Thoda simple Hinglish me samjhao. Available report evidence ke hisaab se: Bibasilar atelectatic changes are seen. Isliye explanation report-grounded hai.,0.25,1.0,0,0
S0117,Please explain: Report ke hisaab se lungs me infection ya pneumonia lag raha hai kya? right side lung me kaafi zyada hai kya? Report me 'consolidation' mention hai kya? Aur 'bronchograms' ka meaning bhi batao. Thoda simple Hinglish me samjhao.,R017,R017,R017|R002|R019|R013|R016,1,1,0.5142048358917236,Dense right lower lobe consolidation with air bronchograms.,"Dense right lower lobe consolidation with air bronchograms. || Left lower lobe consolidation is noted, suspicious for pneumonia.","Query: Please explain: Report ke hisaab se lungs me infection ya pneumonia lag raha hai kya? right side lung me kaafi zyada hai kya? Report me 'consolidation' mention hai kya? Aur 'bronchograms' ka meaning bhi batao. Thoda simple Hinglish me samjhao. Symptoms ke basis par pneumonia ka possibility lag sakta hai. clinical correlation advised, lekin bina report evidence final confirmation possible nahi hai.",Query: Please explain: Report ke hisaab se lungs me infection ya pneumonia lag raha hai kya? right side lung me kaafi zyada hai kya? Report me 'consolidation' mention hai kya? Aur 'bronchograms' ka meaning bhi batao. Thoda simple Hinglish me samjhao. Available report evidence ke hisaab se: Dense right lower lobe consolidation with air bronchograms. Isliye explanation report-grounded hai.,0.5,0.5,1,1
S0118,Pulmonary congestion ya edema jaisa kuch likha hai kya? halka symptoms hai kya? Report me 'congestion' mention hai kya?,R018,R003,R003|R012|R018|R005|R004,0,1,0.5109848809242249,Mild cardiomegaly with pulmonary vascular congestion.,Mild cardiomegaly with pulmonary vascular congestion. || Pulmonary edema pattern with vascular prominence.,"Query: Pulmonary congestion ya edema jaisa kuch likha hai kya? halka symptoms hai kya? Report me 'congestion' mention hai kya? Symptoms ke basis par chest condition ka possibility lag sakta hai. clinical correlation advised, lekin bina report evidence final confirmation possible nahi hai.",Query: Pulmonary congestion ya edema jaisa kuch likha hai kya? halka symptoms hai kya? Report me 'congestion' mention hai kya? Available report evidence ke hisaab se: Mild cardiomegaly with pulmonary vascular congestion. Isliye explanation report-grounded hai.,1.0,1.0,0,0
S0119,Please explain: Report ke hisaab se lungs me infection ya pneumonia lag raha hai kya? dono side lung me Report me 'infiltrate' mention hai kya? Aur 'bibasal' ka meaning bhi batao. Thoda simple Hinglish me samjhao.,R019,R019,R019|R008|R013|R007|R016,1,1,0.6150694485505421,"Small bibasal infiltrates, correlate clinically for infection.","Small bibasal infiltrates, correlate clinically for infection. || Patchy bilateral opacities consistent with multifocal pneumonia.","Query: Please explain: Report ke hisaab se lungs me infection ya pneumonia lag raha hai kya? dono side lung me Report me 'infiltrate' mention hai kya? Aur 'bibasal' ka meaning bhi batao. Thoda simple Hinglish me samjhao. Symptoms ke basis par pneumonia ka possibility lag sakta hai. clinical correlation advised, lekin bina report evidence final confirmation possible nahi hai.","Query: Please explain: Report ke hisaab se lungs me infection ya pneumonia lag raha hai kya? dono side lung me Report me 'infiltrate' mention hai kya? Aur 'bibasal' ka meaning bhi batao. Thoda simple Hinglish me samjhao. Available report evidence ke hisaab se: Small bibasal infiltrates, correlate clinically for infection. Isliye explanation report-grounded hai.",1.0,1.0,0,0
S0120,Chest ke side me fluid jama hai kya please batao? Report me 'pleural effusion' mention hai kya? Aur 'pneumothorax' ka meaning bhi batao. Thoda simple Hinglish me samjhao.,R020,R020,R020|R010|R011|R006|R001,1,1,0.604167062199634,"No pleural effusion, no pneumothorax, no focal opacity.","No pleural effusion, no pneumothorax, no focal opacity. || No focal consolidation or pleural effusion.","Query: Chest ke side me fluid jama hai kya please batao? Report me 'pleural effusion' mention hai kya? Aur 'pneumothorax' ka meaning bhi batao. Thoda simple Hinglish me samjhao. Symptoms ke basis par pleural effusion ka possibility lag sakta hai. clinical correlation advised, lekin bina report evidence final confirmation possible nahi hai.","Query: Chest ke side me fluid jama hai kya please batao? Report me 'pleural effusion' mention hai kya? Aur 'pneumothorax' ka meaning bhi batao. Thoda simple Hinglish me samjhao. Available report evidence ke hisaab se: No pleural effusion, no pneumothorax, no focal opacity. Isliye explanation report-grounded hai.",0.0,0.0,1,1
S0121,"Doctor, right side chhati me pani bhar gaya hai kya? right side me Report me 'pleural effusion' mention hai kya?",R001,R011,R011|R001|R010|R006|R020,0,1,0.7020280379515428,Moderate right pleural effusion with compressive atelectasis.,Moderate right pleural effusion with compressive atelectasis. || Right-sided pleural effusion is present. Heart size is within normal limits.,"Query: Doctor, right side chhati me pani bhar gaya hai kya? right side me Report me 'pleural effusion' mention hai kya? Symptoms ke basis par pleural effusion ka possibility lag sakta hai. clinical correlation advised, lekin bina report evidence final confirmation possible nahi hai.","Query: Doctor, right side chhati me pani bhar gaya hai kya? right side me Report me 'pleural effusion' mention hai kya? Available report evidence ke hisaab se: Moderate right pleural effusion with compressive atelectasis. Isliye explanation report-grounded hai.",1.0,1.0,0,0
S0122,Please explain: Report ke hisaab se lungs me infection ya pneumonia lag raha hai kya? left side lung me Report me 'pneumonia' mention hai kya?,R002,R002,R002|R008|R019|R013|R016,1,1,0.4754561577972613,"Left lower lobe consolidation is noted, suspicious for pneumonia.","Left lower lobe consolidation is noted, suspicious for pneumonia. || Patchy bilateral opacities consistent with multifocal pneumonia.","Query: Please explain: Report ke hisaab se lungs me infection ya pneumonia lag raha hai kya? left side lung me Report me 'pneumonia' mention hai kya? Symptoms ke basis par pneumonia ka possibility lag sakta hai. clinical correlation advised, lekin bina report evidence final confirmation possible nahi hai.","Query: Please explain: Report ke hisaab se lungs me infection ya pneumonia lag raha hai kya? left side lung me Report me 'pneumonia' mention hai kya? Available report evidence ke hisaab se: Left lower lobe consolidation is noted, suspicious for pneumonia. Isliye explanation report-grounded hai.",1.0,1.0,0,0
S0123,Kya cardiomegaly mention hai aur ye serious hai? condition halka hai kya? Report me 'congestion' mention hai kya? Aur 'cardiomegaly' ka meaning bhi batao. Thoda simple Hinglish me samjhao.,R003,R003,R003|R018|R005|R004|R002,1,1,0.6979497313499451,Mild cardiomegaly with pulmonary vascular congestion.,Mild cardiomegaly with pulmonary vascular congestion. || Perihilar interstitial markings suggest mild congestion.,"Query: Kya cardiomegaly mention hai aur ye serious hai? condition halka hai kya? Report me 'congestion' mention hai kya? Aur 'cardiomegaly' ka meaning bhi batao. Thoda simple Hinglish me samjhao. Symptoms ke basis par cardiomegaly ka possibility lag sakta hai. clinical correlation advised, lekin bina report evidence final confirmation possible nahi hai.",Query: Kya cardiomegaly mention hai aur ye serious hai? condition halka hai kya? Report me 'congestion' mention hai kya? Aur 'cardiomegaly' ka meaning bhi batao. Thoda simple Hinglish me samjhao. Available report evidence ke hisaab se: Mild cardiomegaly with pulmonary vascular congestion. Isliye explanation report-grounded hai.,1.0,1.0,0,0
S0124,Please explain: Kya report me koi serious dikkat nahi hai? Report me 'no acute' mention hai kya? Thoda simple Hinglish me samjhao.,R004,R013,R013|R004|R020|R010|R005,0,1,0.6828398979411405,Hyperinflated lungs; no acute infiltrate.,Hyperinflated lungs; no acute infiltrate. || No acute cardiopulmonary abnormality detected.,"Query: Please explain: Kya report me koi serious dikkat nahi hai? Report me 'no acute' mention hai kya? Thoda simple Hinglish me samjhao. Symptoms ke basis par no acute abnormality ka possibility lag sakta hai. clinical correlation advised, lekin bina report evidence final confirmation possible nahi hai.",Query: Please explain: Kya report me koi serious dikkat nahi hai? Report me 'no acute' mention hai kya? Thoda simple Hinglish me samjhao. Available report evidence ke hisaab se: Hyperinflated lungs; no acute infiltrate. Isliye explanation report-grounded hai.,0.25,0.25,0,0
S0125,Please explain: Atelectasis ka mention hai kya report me?,R005,R011,R011|R006|R014|R005|R004,0,1,0.4146500950389438,Moderate right pleural effusion with compressive atelectasis.,Moderate right pleural effusion with compressive atelectasis. || Small left pleural effusion with adjacent basal atelectasis.,"Query: Please explain: Atelectasis ka mention hai kya report me? Symptoms ke basis par atelectasis ka possibility lag sakta hai. clinical correlation advised, lekin bina report evidence final confirmation possible nahi hai.",Query: Please explain: Atelectasis ka mention hai kya report me? Available report evidence ke hisaab se: Moderate right pleural effusion with compressive atelectasis. Isliye explanation report-grounded hai.,1.0,1.0,0,0
S0126,"Doctor, right side chhati me pani bhar gaya hai kya? left side me Report me 'pleural effusion' mention hai kya? Aur 'adjacent' ka meaning bhi batao.",R006,R006,R006|R011|R001|R010|R020,1,1,0.6543407464027404,Small left pleural effusion with adjacent basal atelectasis.,Small left pleural effusion with adjacent basal atelectasis. || Moderate right pleural effusion with compressive atelectasis.,"Query: Doctor, right side chhati me pani bhar gaya hai kya? left side me Report me 'pleural effusion' mention hai kya? Aur 'adjacent' ka meaning bhi batao. Symptoms ke basis par pleural effusion ka possibility lag sakta hai. clinical correlation advised, lekin bina report evidence final confirmation possible nahi hai.","Query: Doctor, right side chhati me pani bhar gaya hai kya? left side me Report me 'pleural effusion' mention hai kya? Aur 'adjacent' ka meaning bhi batao. Available report evidence ke hisaab se: Small left pleural effusion with adjacent basal atelectasis. Isliye explanation report-grounded hai.",1.0,1.0,0,0
S0127,"Mujhe khansi aur bukhar hai, kya pneumonia ho sakta hai? right side lung me Report me 'infiltrate' mention hai kya? Thoda simple Hinglish me samjhao.",R007,R007,R007|R008|R013|R002|R011,1,1,0.6165181505680084,"Right upper lobe infiltrate, likely infective etiology.","Right upper lobe infiltrate, likely infective etiology. || Patchy bilateral opacities consistent with multifocal pneumonia.","Query: Mujhe khansi aur bukhar hai, kya pneumonia ho sakta hai? right side lung me Report me 'infiltrate' mention hai kya? Thoda simple Hinglish me samjhao. Symptoms ke basis par pneumonia ka possibility lag sakta hai. infection-related symptoms possible, lekin bina report evidence final confirmation possible nahi hai.","Query: Mujhe khansi aur bukhar hai, kya pneumonia ho sakta hai? right side lung me Report me 'infiltrate' mention hai kya? Thoda simple Hinglish me samjhao. Available report evidence ke hisaab se: Right upper lobe infiltrate, likely infective etiology. Isliye explanation report-grounded hai.",1.0,1.0,0,0
S0128,"Mujhe khansi aur bukhar hai, kya pneumonia ho sakta hai? dono side lung me Report me 'pneumonia' mention hai kya? Aur 'opacities' ka meaning bhi batao. Thoda simple Hinglish me samjhao.",R008,R008,R008|R002|R005|R004|R003,1,1,0.7217571190992991,Patchy bilateral opacities consistent with multifocal pneumonia.,"Patchy bilateral opacities consistent with multifocal pneumonia. || Left lower lobe consolidation is noted, suspicious for pneumonia.","Query: Mujhe khansi aur bukhar hai, kya pneumonia ho sakta hai? dono side lung me Report me 'pneumonia' mention hai kya? Aur 'opacities' ka meaning bhi batao. Thoda simple Hinglish me samjhao. Symptoms ke basis par pneumonia ka possibility lag sakta hai. infection-related symptoms possible, lekin bina report evidence final confirmation possible nahi hai.","Query: Mujhe khansi aur bukhar hai, kya pneumonia ho sakta hai? dono side lung me Report me 'pneumonia' mention hai kya? Aur 'opacities' ka meaning bhi batao. Thoda simple Hinglish me samjhao. Available report evidence ke hisaab se: Patchy bilateral opacities consistent with multifocal pneumonia. Isliye explanation report-grounded hai.",1.0,1.0,0,0
S0129,"Please explain: Doctor, dil thoda bada dikh raha hai kya X-ray me? condition halka hai kya? Report me 'cardiomediastinal' term ka matlab kya hai? Thoda simple Hinglish me samjhao.",R009,R009,R009|R016|R001|R005|R004,1,1,0.3931051894751462,Cardiomediastinal silhouette is mildly enlarged.,Cardiomediastinal silhouette is mildly enlarged. || Heart size is normal. Lungs are clear.,"Query: Please explain: Doctor, dil thoda bada dikh raha hai kya X-ray me? condition halka hai kya? Report me 'cardiomediastinal' term ka matlab kya hai? Thoda simple Hinglish me samjhao. Symptoms ke basis par cardiomegaly ka possibility lag sakta hai. clinical correlation advised, lekin bina report evidence final confirmation possible nahi hai.","Query: Please explain: Doctor, dil thoda bada dikh raha hai kya X-ray me? condition halka hai kya? Report me 'cardiomediastinal' term ka matlab kya hai? Thoda simple Hinglish me samjhao. Available report evidence ke hisaab se: Cardiomediastinal silhouette is mildly enlarged. Isliye explanation report-grounded hai.",1.0,1.0,0,0
S0130,"Doctor, right side chhati me pani bhar gaya hai kya? Report me 'consolidation' mention hai kya?",R010,R017,R017|R010|R002|R011|R007,0,1,0.5626233597596486,Dense right lower lobe consolidation with air bronchograms.,Dense right lower lobe consolidation with air bronchograms. || No focal consolidation or pleural effusion.,"Query: Doctor, right side chhati me pani bhar gaya hai kya? Report me 'consolidation' mention hai kya? Symptoms ke basis par pleural effusion ka possibility lag sakta hai. clinical correlation advised, lekin bina report evidence final confirmation possible nahi hai.","Query: Doctor, right side chhati me pani bhar gaya hai kya? Report me 'consolidation' mention hai kya? Available report evidence ke hisaab se: Dense right lower lobe consolidation with air bronchograms. Isliye explanation report-grounded hai.",0.5,1.0,1,0
S0131,Report me pleural effusion dikh raha hai kya? right side me medium level lag raha hai kya? Report me 'atelectasis' mention hai kya? Thoda simple Hinglish me samjhao.,R011,R011,R011|R006|R001|R010|R020,1,1,0.8986967823379918,Moderate right pleural effusion with compressive atelectasis.,Moderate right pleural effusion with compressive atelectasis. || Small left pleural effusion with adjacent basal atelectasis.,"Query: Report me pleural effusion dikh raha hai kya? right side me medium level lag raha hai kya? Report me 'atelectasis' mention hai kya? Thoda simple Hinglish me samjhao. Symptoms ke basis par pleural effusion ka possibility lag sakta hai. clinical correlation advised, lekin bina report evidence final confirmation possible nahi hai.",Query: Report me pleural effusion dikh raha hai kya? right side me medium level lag raha hai kya? Report me 'atelectasis' mention hai kya? Thoda simple Hinglish me samjhao. Available report evidence ke hisaab se: Moderate right pleural effusion with compressive atelectasis. Isliye explanation report-grounded hai.,1.0,1.0,0,0
S0132,Vascular congestion ka meaning simple me batao. Report me 'pulmonary' term ka matlab kya hai?,R012,R003,R003|R012|R018|R005|R004,0,1,0.7968189567785997,Mild cardiomegaly with pulmonary vascular congestion.,Mild cardiomegaly with pulmonary vascular congestion. || Pulmonary edema pattern with vascular prominence.,"Query: Vascular congestion ka meaning simple me batao. Report me 'pulmonary' term ka matlab kya hai? Symptoms ke basis par chest condition ka possibility lag sakta hai. clinical correlation advised, lekin bina report evidence final confirmation possible nahi hai.",Query: Vascular congestion ka meaning simple me batao. Report me 'pulmonary' term ka matlab kya hai? Available report evidence ke hisaab se: Mild cardiomegaly with pulmonary vascular congestion. Isliye explanation report-grounded hai.,1.0,1.0,0,0
S0133,No acute abnormality ka matlab sab normal hai kya? Report me 'infiltrate' mention hai kya? Aur 'hyperinflated' ka meaning bhi batao. Thoda simple Hinglish me samjhao.,R013,R013,R013|R004|R020|R007|R010,1,1,0.9926733886111866,Hyperinflated lungs; no acute infiltrate.,Hyperinflated lungs; no acute infiltrate. || No acute cardiopulmonary abnormality detected.,"Query: No acute abnormality ka matlab sab normal hai kya? Report me 'infiltrate' mention hai kya? Aur 'hyperinflated' ka meaning bhi batao. Thoda simple Hinglish me samjhao. Symptoms ke basis par no acute abnormality ka possibility lag sakta hai. clinical correlation advised, lekin bina report evidence final confirmation possible nahi hai.",Query: No acute abnormality ka matlab sab normal hai kya? Report me 'infiltrate' mention hai kya? Aur 'hyperinflated' ka meaning bhi batao. Thoda simple Hinglish me samjhao. Available report evidence ke hisaab se: Hyperinflated lungs; no acute infiltrate. Isliye explanation report-grounded hai.,0.0,0.25,1,0
S0134,Lower lung thoda daba hua ya collapse type dikh raha hai kya? left side lower side pe Report me 'opacity' mention hai kya? Aur 'basilar' ka meaning bhi batao.,R014,R014,R014|R002|R006|R020|R017,1,1,0.6842657740116119,"Left basilar opacity, could represent subsegmental atelectasis.","Left basilar opacity, could represent subsegmental atelectasis. || Left lower lobe consolidation is noted, suspicious for pneumonia.","Query: Lower lung thoda daba hua ya collapse type dikh raha hai kya? left side lower side pe Report me 'opacity' mention hai kya? Aur 'basilar' ka meaning bhi batao. Symptoms ke basis par atelectasis ka possibility lag sakta hai. clinical correlation advised, lekin bina report evidence final confirmation possible nahi hai.","Query: Lower lung thoda daba hua ya collapse type dikh raha hai kya? left side lower side pe Report me 'opacity' mention hai kya? Aur 'basilar' ka meaning bhi batao. Available report evidence ke hisaab se: Left basilar opacity, could represent subsegmental atelectasis. Isliye explanation report-grounded hai.",1.0,1.0,0,0
S0135,"Doctor, meri report ka simple Hinglish meaning batao please.",R015,R005,R005|R004|R003|R002|R001,0,0,0.0,Bibasilar atelectatic changes are seen.,Bibasilar atelectatic changes are seen. || No acute cardiopulmonary abnormality detected.,"Query: Doctor, meri report ka simple Hinglish meaning batao please. Symptoms ke basis par chest condition ka possibility lag sakta hai. clinical correlation advised, lekin bina report evidence final confirmation possible nahi hai.","Query: Doctor, meri report ka simple Hinglish meaning batao please. Available report evidence ke hisaab se: Bibasilar atelectatic changes are seen. Isliye explanation report-grounded hai.",0.25,1.0,0,0
S0136,No acute abnormality ka matlab sab normal hai kya? Thoda simple Hinglish me samjhao.,R016,R013,R013|R004|R020|R010|R005,0,0,0.6916634273529053,Hyperinflated lungs; no acute infiltrate.,Hyperinflated lungs; no acute infiltrate. || No acute cardiopulmonary abnormality detected.,"Query: No acute abnormality ka matlab sab normal hai kya? Thoda simple Hinglish me samjhao. Symptoms ke basis par no acute abnormality ka possibility lag sakta hai. clinical correlation advised, lekin bina report evidence final confirmation possible nahi hai.",Query: No acute abnormality ka matlab sab normal hai kya? Thoda simple Hinglish me samjhao. Available report evidence ke hisaab se: Hyperinflated lungs; no acute infiltrate. Isliye explanation report-grounded hai.,0.25,0.25,0,0
S0137,Please explain: Report ke hisaab se lungs me infection ya pneumonia lag raha hai kya? right side lung me kaafi zyada hai kya? Report me 'consolidation' mention hai kya? Thoda simple Hinglish me samjhao.,R017,R002,R002|R017|R019|R013|R016,0,1,0.4597195903613017,"Left lower lobe consolidation is noted, suspicious for pneumonia.","Left lower lobe consolidation is noted, suspicious for pneumonia. || Dense right lower lobe consolidation with air bronchograms.","Query: Please explain: Report ke hisaab se lungs me infection ya pneumonia lag raha hai kya? right side lung me kaafi zyada hai kya? Report me 'consolidation' mention hai kya? Thoda simple Hinglish me samjhao. Symptoms ke basis par pneumonia ka possibility lag sakta hai. clinical correlation advised, lekin bina report evidence final confirmation possible nahi hai.","Query: Please explain: Report ke hisaab se lungs me infection ya pneumonia lag raha hai kya? right side lung me kaafi zyada hai kya? Report me 'consolidation' mention hai kya? Thoda simple Hinglish me samjhao. Available report evidence ke hisaab se: Left lower lobe consolidation is noted, suspicious for pneumonia. Isliye explanation report-grounded hai.",1.0,1.0,0,0
S0138,"Doctor, lungs me fluid overload ke signs dikh rahe hai kya? halka symptoms hai kya? Report me 'congestion' mention hai kya? Thoda simple Hinglish me samjhao.",R018,R003,R003|R018|R013|R016|R005,0,1,0.3408880800008774,Mild cardiomegaly with pulmonary vascular congestion.,Mild cardiomegaly with pulmonary vascular congestion. || Perihilar interstitial markings suggest mild congestion.,"Query: Doctor, lungs me fluid overload ke signs dikh rahe hai kya? halka symptoms hai kya? Report me 'congestion' mention hai kya? Thoda simple Hinglish me samjhao. Symptoms ke basis par pleural effusion ka possibility lag sakta hai. clinical correlation advised, lekin bina report evidence final confirmation possible nahi hai.","Query: Doctor, lungs me fluid overload ke signs dikh rahe hai kya? halka symptoms hai kya? Report me 'congestion' mention hai kya? Thoda simple Hinglish me samjhao. Available report evidence ke hisaab se: Mild cardiomegaly with pulmonary vascular congestion. Isliye explanation report-grounded hai.",0.5,0.6666666666666666,1,1
S0139,Please explain: Report ke hisaab se lungs me infection ya pneumonia lag raha hai kya? dono side lung me Report me 'infiltrate' mention hai kya? Aur 'bibasal' ka meaning bhi batao.,R019,R019,R019|R008|R013|R007|R016,1,1,0.6186591921402858,"Small bibasal infiltrates, correlate clinically for infection.","Small bibasal infiltrates, correlate clinically for infection. || Patchy bilateral opacities consistent with multifocal pneumonia.","Query: Please explain: Report ke hisaab se lungs me infection ya pneumonia lag raha hai kya? dono side lung me Report me 'infiltrate' mention hai kya? Aur 'bibasal' ka meaning bhi batao. Symptoms ke basis par pneumonia ka possibility lag sakta hai. clinical correlation advised, lekin bina report evidence final confirmation possible nahi hai.","Query: Please explain: Report ke hisaab se lungs me infection ya pneumonia lag raha hai kya? dono side lung me Report me 'infiltrate' mention hai kya? Aur 'bibasal' ka meaning bhi batao. Available report evidence ke hisaab se: Small bibasal infiltrates, correlate clinically for infection. Isliye explanation report-grounded hai.",1.0,1.0,0,0
S0140,"Doctor, right side chhati me pani bhar gaya hai kya? Report me 'opacity' mention hai kya? Aur 'pneumothorax' ka meaning bhi batao. Thoda simple Hinglish me samjhao.",R020,R020,R020|R007|R014|R011|R017,1,1,0.4900572257692163,"No pleural effusion, no pneumothorax, no focal opacity.","No pleural effusion, no pneumothorax, no focal opacity. || Right upper lobe infiltrate, likely infective etiology.","Query: Doctor, right side chhati me pani bhar gaya hai kya? Report me 'opacity' mention hai kya? Aur 'pneumothorax' ka meaning bhi batao. Thoda simple Hinglish me samjhao. Symptoms ke basis par pleural effusion ka possibility lag sakta hai. clinical correlation advised, lekin bina report evidence final confirmation possible nahi hai.","Query: Doctor, right side chhati me pani bhar gaya hai kya? Report me 'opacity' mention hai kya? Aur 'pneumothorax' ka meaning bhi batao. Thoda simple Hinglish me samjhao. Available report evidence ke hisaab se: No pleural effusion, no pneumothorax, no focal opacity. Isliye explanation report-grounded hai.",0.0,0.25,1,0
S0141,Please explain: Report me pleural effusion dikh raha hai kya? right side me Report me 'pleural effusion' mention hai kya?,R001,R011,R011|R001|R010|R006|R020,0,1,0.7068783063154954,Moderate right pleural effusion with compressive atelectasis.,Moderate right pleural effusion with compressive atelectasis. || Right-sided pleural effusion is present. Heart size is within normal limits.,"Query: Please explain: Report me pleural effusion dikh raha hai kya? right side me Report me 'pleural effusion' mention hai kya? Symptoms ke basis par pleural effusion ka possibility lag sakta hai. clinical correlation advised, lekin bina report evidence final confirmation possible nahi hai.",Query: Please explain: Report me pleural effusion dikh raha hai kya? right side me Report me 'pleural effusion' mention hai kya? Available report evidence ke hisaab se: Moderate right pleural effusion with compressive atelectasis. Isliye explanation report-grounded hai.,1.0,1.0,0,0
S0142,Report ke hisaab se lungs me infection ya pneumonia lag raha hai kya? left side lung me Report me 'pneumonia' mention hai kya? Aur 'suspicious' ka meaning bhi batao. Thoda simple Hinglish me samjhao.,R002,R002,R002|R008|R019|R013|R016,1,1,0.5668849640422396,"Left lower lobe consolidation is noted, suspicious for pneumonia.","Left lower lobe consolidation is noted, suspicious for pneumonia. || Patchy bilateral opacities consistent with multifocal pneumonia.","Query: Report ke hisaab se lungs me infection ya pneumonia lag raha hai kya? left side lung me Report me 'pneumonia' mention hai kya? Aur 'suspicious' ka meaning bhi batao. Thoda simple Hinglish me samjhao. Symptoms ke basis par pneumonia ka possibility lag sakta hai. clinical correlation advised, lekin bina report evidence final confirmation possible nahi hai.","Query: Report ke hisaab se lungs me infection ya pneumonia lag raha hai kya? left side lung me Report me 'pneumonia' mention hai kya? Aur 'suspicious' ka meaning bhi batao. Thoda simple Hinglish me samjhao. Available report evidence ke hisaab se: Left lower lobe consolidation is noted, suspicious for pneumonia. Isliye explanation report-grounded hai.",1.0,1.0,0,0
S0143,Heart size badha hua lag raha hai kya report me? condition halka hai kya? Report me 'cardiomegaly' mention hai kya? Thoda simple Hinglish me samjhao.,R003,R016,R016|R001|R003|R005|R004,0,1,0.5436882501178317,Heart size is normal. Lungs are clear.,Heart size is normal. Lungs are clear. || Right-sided pleural effusion is present. Heart size is within normal limits.,"Query: Heart size badha hua lag raha hai kya report me? condition halka hai kya? Report me 'cardiomegaly' mention hai kya? Thoda simple Hinglish me samjhao. Symptoms ke basis par cardiomegaly ka possibility lag sakta hai. clinical correlation advised, lekin bina report evidence final confirmation possible nahi hai.",Query: Heart size badha hua lag raha hai kya report me? condition halka hai kya? Report me 'cardiomegaly' mention hai kya? Thoda simple Hinglish me samjhao. Available report evidence ke hisaab se: Heart size is normal. Isliye explanation report-grounded hai.,1.0,0.5,0,1
S0144,Please explain: Kya report me koi serious dikkat nahi hai? Report me 'no acute' mention hai kya? Aur 'cardiopulmonary' ka meaning bhi batao.,R004,R004,R004|R013|R020|R010|R005,1,1,0.7922497902418437,No acute cardiopulmonary abnormality detected.,No acute cardiopulmonary abnormality detected. || Hyperinflated lungs; no acute infiltrate.,"Query: Please explain: Kya report me koi serious dikkat nahi hai? Report me 'no acute' mention hai kya? Aur 'cardiopulmonary' ka meaning bhi batao. Symptoms ke basis par cardiomegaly ka possibility lag sakta hai. clinical correlation advised, lekin bina report evidence final confirmation possible nahi hai.",Query: Please explain: Kya report me koi serious dikkat nahi hai? Report me 'no acute' mention hai kya? Aur 'cardiopulmonary' ka meaning bhi batao. Available report evidence ke hisaab se: No acute cardiopulmonary abnormality detected. Isliye explanation report-grounded hai.,0.0,0.25,1,0
S0145,"Saas lene me problem hai, lungs me kuch collapse jaisa hai kya?",R005,R013,R013|R016|R005|R004|R003,0,1,0.3534627294540405,Hyperinflated lungs; no acute infiltrate.,Hyperinflated lungs; no acute infiltrate. || Heart size is normal. Lungs are clear.,"Query: Saas lene me problem hai, lungs me kuch collapse jaisa hai kya? Symptoms ke basis par atelectasis ka possibility lag sakta hai. breathing difficulty needs correlation, lekin bina report evidence final confirmation possible nahi hai.","Query: Saas lene me problem hai, lungs me kuch collapse jaisa hai kya? Available report evidence ke hisaab se: Hyperinflated lungs; no acute infiltrate. Isliye explanation report-grounded hai.",0.0,0.0,1,1
S0146,Chest ke side me fluid jama hai kya please batao? left side me Report me 'atelectasis' mention hai kya? Thoda simple Hinglish me samjhao.,R006,R006,R006|R014|R011|R002|R005,1,1,0.6897880678706698,Small left pleural effusion with adjacent basal atelectasis.,"Small left pleural effusion with adjacent basal atelectasis. || Left basilar opacity, could represent subsegmental atelectasis.","Query: Chest ke side me fluid jama hai kya please batao? left side me Report me 'atelectasis' mention hai kya? Thoda simple Hinglish me samjhao. Symptoms ke basis par pleural effusion ka possibility lag sakta hai. clinical correlation advised, lekin bina report evidence final confirmation possible nahi hai.",Query: Chest ke side me fluid jama hai kya please batao? left side me Report me 'atelectasis' mention hai kya? Thoda simple Hinglish me samjhao. Available report evidence ke hisaab se: Small left pleural effusion with adjacent basal atelectasis. Isliye explanation report-grounded hai.,1.0,1.0,0,0
S0147,"Doctor, consolidation ka matlab pneumonia hi hota hai kya? right side lung me Report me 'infiltrate' mention hai kya?",R007,R007,R007|R002|R017|R008|R013,1,1,0.5928131383657455,"Right upper lobe infiltrate, likely infective etiology.","Right upper lobe infiltrate, likely infective etiology. || Left lower lobe consolidation is noted, suspicious for pneumonia.","Query: Doctor, consolidation ka matlab pneumonia hi hota hai kya? right side lung me Report me 'infiltrate' mention hai kya? Symptoms ke basis par pneumonia ka possibility lag sakta hai. clinical correlation advised, lekin bina report evidence final confirmation possible nahi hai.","Query: Doctor, consolidation ka matlab pneumonia hi hota hai kya? right side lung me Report me 'infiltrate' mention hai kya? Available report evidence ke hisaab se: Right upper lobe infiltrate, likely infective etiology. Isliye explanation report-grounded hai.",0.6666666666666666,0.6666666666666666,1,1
S0148,"Mujhe khansi aur bukhar hai, kya pneumonia ho sakta hai? dono side lung me Report me 'pneumonia' mention hai kya? Aur 'opacities' ka meaning bhi batao.",R008,R008,R008|R002|R005|R004|R003,1,1,0.7275904524326324,Patchy bilateral opacities consistent with multifocal pneumonia.,"Patchy bilateral opacities consistent with multifocal pneumonia. || Left lower lobe consolidation is noted, suspicious for pneumonia.","Query: Mujhe khansi aur bukhar hai, kya pneumonia ho sakta hai? dono side lung me Report me 'pneumonia' mention hai kya? Aur 'opacities' ka meaning bhi batao. Symptoms ke basis par pneumonia ka possibility lag sakta hai. infection-related symptoms possible, lekin bina report evidence final confirmation possible nahi hai.","Query: Mujhe khansi aur bukhar hai, kya pneumonia ho sakta hai? dono side lung me Report me 'pneumonia' mention hai kya? Aur 'opacities' ka meaning bhi batao. Available report evidence ke hisaab se: Patchy bilateral opacities consistent with multifocal pneumonia. Isliye explanation report-grounded hai.",1.0,1.0,0,0
S0149,"Doctor, dil thoda bada dikh raha hai kya X-ray me? condition halka hai kya?",R009,R016,R016|R001|R005|R004|R003,0,0,0.294966725508372,Heart size is normal. Lungs are clear.,Heart size is normal. Lungs are clear. || Right-sided pleural effusion is present. Heart size is within normal limits.,"Query: Doctor, dil thoda bada dikh raha hai kya X-ray me? condition halka hai kya? Symptoms ke basis par cardiomegaly ka possibility lag sakta hai. clinical correlation advised, lekin bina report evidence final confirmation possible nahi hai.","Query: Doctor, dil thoda bada dikh raha hai kya X-ray me? condition halka hai kya? Available report evidence ke hisaab se: Heart size is normal. Isliye explanation report-grounded hai.",1.0,0.5,0,1
S0150,Please explain: Chest ke side me fluid jama hai kya please batao? Report me 'consolidation' mention hai kya? Thoda simple Hinglish me samjhao.,R010,R010,R010|R017|R002|R005|R004,1,1,0.5399058153894213,No focal consolidation or pleural effusion.,No focal consolidation or pleural effusion. || Dense right lower lobe consolidation with air bronchograms.,"Query: Please explain: Chest ke side me fluid jama hai kya please batao? Report me 'consolidation' mention hai kya? Thoda simple Hinglish me samjhao. Symptoms ke basis par pleural effusion ka possibility lag sakta hai. clinical correlation advised, lekin bina report evidence final confirmation possible nahi hai.",Query: Please explain: Chest ke side me fluid jama hai kya please batao? Report me 'consolidation' mention hai kya? Thoda simple Hinglish me samjhao. Available report evidence ke hisaab se: No focal consolidation or pleural effusion. Isliye explanation report-grounded hai.,0.5,1.0,1,0
