pair_id,condition,similarity_score,match_quality,hinglish_query,zero_shot_output,grounded_output,zero_factual,grounded_factual,zero_hallucination,grounded_hallucination,factual_gain,halluc_reduction
P01973,skin_rash,0.474,medium,"Meri beti ko ek rash hai jo theek nahi ho raha hai. Hydrocortisone cream help nahi karti. Pehle humne socha ki ye soap se contact dermatitis hai, lekin uska koi bhi karan nahi hai. Uski image attached","Aapki beti ki rash ke liye pehle to aapko doctor ki salah leni chahiye, unhone kuchh karan socha hoga ki Pancreatic Cancer ke liye blood test karwaya jaye. Lekin aapko tension lena chahiye ya nahi, ye doctor ke baad hi pata chalega. Rash aur Pancreatic Cancer ke beech mein koi direct connection nahi hai, lekin kuchh cases mein cancer ke symptoms mein skin problems bhi ho sakte hain. Aapko apne doctor se poora discussion karna chahiye aur unke instructions follow karna chahiye.","Aapki beti ki rash ke liye hum koi specific karan nahi bata sakte kyunki humare paas uske bare mein koi information nahi hai. Lekin hum yeh keh sakte hain ki scabies ek aam parasitic infection hai jo intense pruritus aur papulovesicular eruption ka karan ban sakta hai. Aapki beti ki rash ke liye doctor ne pancreatic cancer ke liye blood test karne ki salah di hai, lekin hum yeh confirm nahi kar sakte ki rash aur pancreatic cancer ke beech koi connection hai ya nahi. Aapko apne doctor se baat karni chahiye aur unke salah par chalna chahiye.",0.5,0.75,0.5,0.25,0.25,0.25
P02314,skin_rash,0.5886,high,"Meri lower legs par horrible red raised flaky itchy rash shuru hui, jisse hive like rash on my thighs par progress hua, phir hives ne upper arms, back and forearms tak spread kiya. Sabko bahut khujli ","Aapko 3 mahine se ye rash hai, aur wo hive like rash thighs se lekar upper arms, back, aur forearms tak spread ho gaya hai, aur aapko khujli hoti hai. Aapka ANA test negative aaya hai, isliye lupus ka chance kam hai. Aapki umra 64 saal hai, aur aapko roz 10mg citalopram lena hota hai, lekin ye rash ke saath koi direct connection nahi hai. Aapko dermatologist se milna chahiye, woh aapki skin ko dekhkar proper diagnosis aur treatment suggest kar sakte hain.","Aapki symptoms ko dekhkar, mujhe lagta hai ki aapki bimari chikungunya fever ki wajah se ho sakti hai, jaise ki clinical evidence mein bataya gaya hai. Lekin, aapke symptoms mein kuchh alag baat hai, jaise ki aapke face par inflammation aur hives. Hum yeh confirm nahi kar sakte ki aapki bimari chikungunya hai ya nahi, kyunki aapke test results aur symptoms puri tarah se match nahi kar rahe hain. Aapko apne doctor se milna chahiye aur apne symptoms ke baare mein aur discuss karna chahiye.",1.0,1.0,0.0,0.0,0.0,0.0
P02108,skin_rash,0.4553,medium," Meri hatheli par ek daana hai jo exczema ki tarah lag raha hai, mujhe iss daane ko ek mahine ya do mahine se hai. Kya ye HIV rash ho sakta hai? Maine bahut saare exczema creams aur hydrocortisone try","Aapka daana exczema ki tarah lagta hai, lekin HIV rash bhi ek sambhavana hai. Lekin sirf ek daana hone se HIV rash ka pata nahin chalta, iske liye doctor se milna zaroori hai. Aapne jo creams aur hydrocortisone try kiye hain, unse sirf itching mein madad mil rahi hai, isliye doctor se consult karna chahiye taaki woh aapko sahi diagnosis aur treatment de saken. Aapko apne daane ki image doctor ko dikhaani chahiye taaki woh iska sahi pata lagaa sakein.","Aapki skin par jo daana hai, uske baare mein hum confirm nahi kar sakte ki ye HIV rash hai ya nahi, kyunki clinical evidence mein iske baare mein koi jankari nahi di gayi hai. Aapke symptoms, jaise ki laal daana, khujli, aur brown color mein badalna, exczema ki tarah lagte hain, lekin hum iske liye koi confirmation nahi de sakte. Aapko ek dermatologist se milna chahiye jo aapki skin ko dekhkar sahi diagnosis aur treatment de sakta hai.",0.0,0.0,1.0,1.0,0.0,0.0
P02011,skin_rash,0.4533,medium,Mujhe lagbhag ek saal se upper body par ek ajeeb sa rash ho raha hai. Ye rash exercise ya garmi se badh jaata hai aur shower karne ke baad bhi. Lekin kabhi kabhi kam ho jaata hai lekin kabhi bhi bilku,"Aapko ek saal se upper body par rash ho raha hai, jo exercise, garmi, aur shower ke baad badh jaata hai. Aapne cortisone cream try ki hai lekin usse koi faayda nahi hua, aur blood work bhi normal aaya hai. Raat ko aapki skin garam, sukhi, aur bechain lagti hai, ye ek dry skin ya eczema ki samasya ho sakti hai. Aapne Gluten khaana band kar diya tha lekin koi faayda nahi hua, ab aap Allergist se milne ka intezaar kar rahe hain, unse milne ke baad hi sahi diagnosis aur treatment pata chalega.","Main aapki skin rash ke baare mein kuch nahi keh sakta kyunki clinical evidence mein iske baare mein koi jankari nahi hai. Lekin main yeh keh sakta hoon ki patient ke pass ""mechanic's hand"" ki problem thi, jismein skin rough aur cracked hoti hai. Lekin aapki skin rash ki wajah ya ilaaj ke baare mein main kuch nahi keh sakta kyunki clinical evidence mein iske baare mein koi jankari nahi hai. Aapko apne doctor se milna chahiye jo aapki skin rash ki jaanch kar sake aur sahi ilaaj sujhaye.",0.5,1.0,0.5,0.0,0.5,0.5
P00102,skin_rash,0.5531,high,"Mere bacche ki umar 2 saal 4 mahine hai, uske right arm side ki skin mein kuch takleef hai, paediatrician ne kaha hai ki ye kisi tarah ki viral infection hain, agar zarurat pade to caladryl aur atarax","Bacche ki skin mein takleef ho rahi hai, yeh viral infection ho sakta hai, jaise ki doctor ne kaha hai. Caladryl aur atarax syrup se khujli se raahat mil sakti hai, lekin ilaj ka samay har bacche ke liye alag-alag hota hai. 3 din mein abhi tak koi sudhar nahi hua hai, to shayad thoda aur samay lagega, lekin aapko doctor se milna chahiye taaki ve iski jaanch kar sakein aur aage ka ilaj bata sakein.","Main aapki bacchi ki condition ke baare mein kuchh nahi keh sakta kyunki clinical evidence sirf mere patient ki condition ke baare mein hai, jo ki 48 saal ki mahila hai. Main ismein aapki bacchi ki umar aur uske symptoms ke baare mein kuchh nahi jaanta. Aapko apne paediatrician se sampark karna chahiye jo aapki bacchi ki dekhbhal kar rahe hain.",0.0,0.25,1.0,0.0,0.25,1.0
P02065,skin_rash,0.5262,high,"Well pehle toh main 17 saal ka hoon karib 6 1 aur 160 hoon lekin mere chest par 3 ajeeb rash spots hain pehle woh itna zyada noticeable nahi tha lekin maine usko khujlaya aur wo scab ho gaya, ab us ja","Aapko 3 ajeeb rash spots hain chest par, jo pehle itne noticeable nahi the, lekin ab scab ho gaye hain aur us area mein thoda sa darker bhi hai. Ye ek skin infection ya allergy ka symptom ho sakta hai, jaise ki eczema ya dermatitis. Aapko ek dermatologist se consult karna chahiye, woh aapko proper diagnosis aur treatment de sakte hain. Aapko apne skin ko moisturize karna chahiye aur us area ko zyada khujlane se bachna chahiye.","Aapki skin par jo rash spots hain, wo interconnected, erythematous, scaly, erosive patches, papules aur tiny vesicles ho sakte hain, jaise ki clinical evidence mein describe kiya gaya hai. Lekin aapki umar aur height weight ka mention hai, jo clinical evidence se match nahi karta, isliye hum aapki condition ko confirm nahi kar sakte. Aapko doctor se consult karna chahiye jo aapki specific condition ko evaluate kar sake.",0.25,0.6666666666666666,0.75,0.3333333333333333,0.41666666666666663,0.4166666666666667
P01366,skin_rash,0.4732,medium,"Mere peeche poore bahut se ganthe hain, jinhe nazar aana mushkil hai jab tak main apni peeth ko stretch na karun: Doctor, image aap tak pahucha di hai woh neeche attach ki gayi hai. Inko dard toh nahi","Aapki chinta samajh mein aati hai, lekin aapko tension lena nahin chahiye. Aapke bataye gaye lakshanon se lagta hai ki ye lipoma ho sakte hain, jo ki stored fat cells hote hain, ya phir fibromas bhi ho sakte hain. Aapko ek specialist doctor se milna chahiye, jaise ki dermatologist ya general surgeon, jo aapki sthiti ka acche se pata laga sake aur aapko sahi salah de sake. Unse aap apni chinta aur sawal poonch sakte hain aur aapko relief milega.","Aapki chinta samajh mein aati hai, lekin mere paas aapke bare mein koi jaankari nahin hai, sirf ek 80 saal ke Japanese male ke bare mein jaankari hai. Unke pass lung tumour tha aur unke shareer mein kai anya tumours the, lekin aapke bare mein kuchh nahin pata chalta. Main aapko yeh nahin keh sakta ki aapke ganthe kya hain ya kyon hain, aapko apne doctor se milna chahiye jo aapki jaankari ke saath aapko sahi salah de sakta hai.",1.0,1.0,0.0,0.0,0.0,0.0
P02048,skin_rash,0.4404,medium,"Mujhe pichle kuch mahine se peeche, chhati, pait par ek fine rash ho raha hai, theek ho jata hai, phir wapas aa jata hai. Fir pait, peeth, pet, upari baho mein skin discoloration hai jo ek white disco","Aapko pichle kuch mahino se rash aa raha hai, jo theek ho jata hai phir wapas aa jata hai, isse lagta hai ki yeh koi allergic reaction ho sakta hai ya phir koi skin infection. Aapke pait, peeth, pet, aur upari baho mein white discoloration hai, yeh bhi koi skin condition ho sakti hai. Thakan aur neeche pet mein dard hone ki wajah koi internal issue bhi ho sakta hai, jaise ki digestion problem ya phir koi aur samasya. Aapko doctor se milna chahiye, woh aapki jaanch karke sahi diagnosis aur treatment bata sakte hain.","Aapke symptoms ko dekhkar, mujhe lagta hai ki yeh aapki pehle ki PRP ya PPK ki wajah se nahi ho raha hai, kyunki aapke pehle ke biopsy reports mein PRP ya PPK ki pushti hui thi. Lekin ab aapke liver ki samasya, jaise ki PBC, ki wajah se yeh ho sakta hai. Aapke liver enzyme levels pehle bhi badhe the, aur ab aapne antimitochondrial antibodies bhi develop kiye hain, jo ki PBC ki pushti karte hain. Mujhe lagta hai ki aapko apne hepatologist se milna chahiye aur unse apne symptoms ke baare mein baat karni chahiye.",0.0,0.25,1.0,0.0,0.25,1.0
P00709,skin_rash,0.5408,high,"Hi there I am radiologist,MD. Mere daddy ko chronic idiopatik allergy and nasal polyps hai. Aur aaj unki skin par sudden diffused erytematous rashes ho gaye hain aur unhone kuch cetyrizine liya hai le","Namaste doctor sahab, aapke daddy ki condition sunke lagta hai ki unhein allergic reaction ho raha hai. Shivering aur allergy ke beech relation ho sakta hai, kyunki allergy ke douran body mein histamine release hota hai, jo shivering aur anya symptoms ka kaaran ban sakta hai. Aapne cetyrizine diya hai, lekin agar symptoms abhi bhi continue ho rahe hain to doctor se milna zaroori hai. Kripya unhein jaldi se doctor ke paas le jayein, taaki unki proper diagnosis aur treatment ho sake.","Main aapki baat samajh raha hoon, lekin mere paas aapke daddy ki specific medical history ya image nahi hai. Clinical evidence ke hisaab se, hum sirf ek 30-year-old female patient ki case study ko dekhe hain, jismein atopic dermatitis, psoriasis, aur ACD ki history thi. Is case mein, patient ko tattoo ke baad severe cutaneous reaction hua tha, lekin ismein shivering ka koi zikr nahi hai. Main is baat ko confirm nahi kar sakta ki shivering aur allergy ke beech koi specific relation hai ya nahi, kyunki mere paas iske liye koi clinical evidence nahi hai. Aapko apne daddy ko ek doctor ke paas le jana chahiye jo unki specific condition ko evaluate kar sake.",0.0,0.5,1.0,0.5,0.5,0.5
P02340,skin_rash,0.5183,high,"Maine kaafi der se soch rahi thi ki iska karan kya ho sakta hai,par mere chest aur upper back par ek daane ki tarah dikh raha hai. Mai ek female hu aur woh mere breasts par bhi hai. Isme thode-se laal","Aapko jo daane ki tarah dikh raha hai, woh ek skin condition ho sakta hai, jaise ki eczema ya dermatitis. Laal daag aur dry skin bhi iske lakshan ho sakte hain. Aapko doctor se milna chahiye, woh aapko proper diagnosis aur treatment de sakte hain. Aapko koi bhi cream ya lotion use karne se pehle doctor ki salah leni chahiye, taaki aapko sahi treatment mil sake.","Aapki symptoms ko dekhkar, mujhe lagta hai ki yeh ek skin related issue ho sakta hai, lekin main confirm nahi kar sakta ki yeh kaunsa disease hai. Aapke description ke hisab se, yeh ek reddish patch ya daane ki tarah dikh raha hai, jo skin pe dry ho jaata hai aur skin peel ho jaati hai. Lekin aapke case mein, maine clinical evidence mein dekha hai ki patient ko itchy reddish patch aur vesicles thi, jo ulcer mein badal gayi thi, lekin aapko khujli nahi hai. Isliye, main aapko yeh nahi keh sakta ki aapko bhi wahi disease hai, kyunki aapke symptoms thode alag hain. Aapko doctor se milna chahiye aur unse apni symptoms ke baare mein discuss karna chahiye.",0.0,1.0,1.0,0.0,1.0,1.0
P02175,skin_rash,0.3438,low,Mere kaan peeche keechad hai jo is hafte hi hai. Wo ek kan se shuru hua aur phir agle din dusre kan tak gaya... kuch din ho gaye hain aur maine unhe touch karne se bachane ki koshish ki hai. Lekin mai,"Aapke kaan ke peeche keechad aur khujli ho rahi hai, yeh ek common problem hai, lekin aapki skin ki image dekhne ke baad hi kuchh keh sakte hain. Aapne jo bataaya hai, usse lagta hai ki yeh ek fungal infection ya allergic reaction ho sakta hai, jo aapke headphones ke kaaran ho raha hai. Aapko apne doctor se milna chahiye, woh aapki skin ko dekhkar hi sahi diagnosis kar sakte hain aur treatment bata sakte hain. Aap apne doctor se poonchh sakti hain ki kya aapke headphones ko saaf karna aur kaan ke aas-paas ki skin ko dry rakhna chahiye.","Main aapki samasya ko samajh sakta hoon, lekin mere paas aapke kaan kee problem ke baare mein koi clinical evidence nahi hai. Aapki file mein sirf 12 saal ke ladke ke baare mein information hai, jismein uske chehre par ek growth aur port-wine stains ke baare mein bataya gaya hai. Main aapki skin problem ke baare mein kuch nahi keh sakta kyunki yeh information mere paas nahi hai. Aapko apne doctor se milna chahiye jo aapki samasya ko dekhkar sahi diagnosis aur treatment de sakta hai.",0.0,1.0,1.0,0.0,1.0,1.0
P02300,skin_rash,0.4319,medium," Hi mera naam Connie hai. Mujhe mere skin mein kuch issue hai, pichle 4 mahino se severe rash hai. Bahut itching hoti hai aur skin par chote chote laal daane hote hain jo suj jaate hain. Thoda sa kam ","Connie ji, aapki skin mein jo issue hai, wo ek chronic condition lagta hai, jaise ki eczema ya dermatitis. Aapke symptoms, jaise ki severe rash, itching, aur laal daane, is tarah ki conditions mein common hote hain. Garam paani se thoda relief milna bhi possible hai, lekin aapko ek dermatologist se consult karna chahiye taaki aapki skin ki proper diagnosis ho sake. Aapke honthon ki sukhapan aur flakes bhi is condition ka hissa ho sakte hain.","Connie ji, aapki symptoms ko dekhkar, mujhe lagta hai ki aapki problem skin ki hai, lekin humne aapke previous case mein kuch specific allergies ya skin conditions ke baare mein kuch nahi pata chala. Aapke previous incident mein, aapne kitchen shears se apne haath ko puncture kiya tha, aur uske baad aapko infection ki symptoms thi, lekin ab aapke symptoms kuch alag hain. Hum yeh confirm nahi kar sakte ki aapki current symptoms kis wajah se hain, kyunki humare paas iske liye koi specific evidence nahi hai. Aapko shayad ek dermatologist se consult karna chahiye jo aapki skin ki problem ko better diagnose kar sake.",0.3333333333333333,0.5,0.6666666666666666,0.5,0.16666666666666669,0.16666666666666663
P00982,skin_rash,0.4703,medium,"Annoyances pichle 5 saal se chal rahe hain. Maine khud ko treat kiya hai lice infest, rat aur dust mite ke hisab se..chronic description hai. Mainey frequent rug shampooing, spraying, fumigation try k","Aapko pichle 5 saal se ye annoyances ho rahe hain, aur aapne khud ko lice infest, rat aur dust mite ke hisab se treat kiya hai. Aapne frequent rug shampooing, spraying, fumigation, laundry karke soap add karke, garam tumble-dry bhi kiya hai, lekin phir bhi itching ho raha hai, especially waist ke aas paas aur palms and soles mein. Ye symptoms kisi bhi skin infection ya allergy ke baare mein hospital tests negative show kar rahe hain, isliye humein aur investigation karne ki zarurat hai. Aapke efforts se 90% problem control ho gayi hai, lekin ab humein ye dekhna hoga ki aapko kya aur karna hoga.","Beta, aapke symptoms ko dekhkar, mujhe lagta hai ki aapki problem vaginal discharge ki wajah se ho sakti hai, jaise ki pehle 5 saal ki ladki ki case mein tha. Usmein bhi watery foul-smelling vaginal discharge tha, aur ulcers bhi the. Lekin aapke case mein, itne details nahi hain, toh main confirm nahi kar sakta. Aapke itching aur burning ke symptoms bhi similar hain, lekin main yeh nahi keh sakta ki aapki problem bhi same hai. Aapko aur tests karwane pad sakte hain, jaise ki vaginal discharge ka culture, ya phir pelvic ultrasound.",0.6666666666666666,1.0,0.3333333333333333,0.0,0.33333333333333337,0.3333333333333333
P02098,skin_rash,0.4409,medium,Mera naam Savitha hai aur main 24 saal ki hoon. Pichle Monday mere friend ne mujhe SKIN LITE cream recommend ki thi aur maine use bandhtri dinon tak istemal kiya. Ab meri skin poori tarah se kharab ho,"Savitha ji, aapko skin lite cream bandh karna chahiye tha, kyunki usne aapki skin ko nuksan pahunchaya hai. Ab aap Johnsons cream istemaal kar rahi hain, toh thodi der tak uska istemal karte rahiye, lekin agar khujli aur laal nishan waise hi rahe toh doctor se milna zaroori hai. Aapko apni skin ko thoda araam dena chahiye, aur koi bhi naya cream istemaal karne se pehle doctor ki salah leni chahiye.","Savitha ji, aapki problem humari clinical evidence se match nahi karti hai. Humari evidence mein hyaluronic acid filler ke baad Mycobacterium abscessus infection ka case hai, lekin aapne SKIN LITE cream ka istemal kiya hai. Hum aapki cream ke bare mein kuchh nahi keh sakte kyunki humari evidence mein iska zikr nahi hai. Aapko apne doctor se milna chahiye jo aapki skin ki problem ko dekhkar sahi salah de sakta hai.",0.25,1.0,0.0,0.0,0.75,0.0
P02046,skin_rash,0.4471,medium,HI. Mai apne skin par kis type ki infection hai ye determine karne ki koshish kar raha hoon. Mere haath aur pairon par rashes ho gaye hain. Ye bohot khujli wale hai aur kabhi-kabhi ooze bhi ho jate ha,"Aapke skin par rashes hain, ye ek infection ho sakti hai, jaise ki fungal infection ya allergic reaction. Aapko khujli, dard, aur ooze bhi ho raha hai, isse pata chalta hai ki ye ek serious infection ho sakti hai. Aap ghar par thanda compress laga sakte hain aur coconut oil ya aloe vera gel lagane se aapko relief mil sakta hai. Aap doctor se milo, ve aapko proper diagnosis aur treatment denge, aur aapko antibiotics ya cream prescribe kar sakte hain.","Aapke symptoms ko dekhkar, mujhe lagta hai ki aapke paas koi skin condition hai, lekin main confirm nahi kar sakta ki ye kaunsa infection hai. Clinical evidence ke mutabiq, patient ko PSEK ki diagnosis mili thi, lekin aapke haath aur pairon par rashes hone ki koi information nahi hai. Aapko doctor se consult karna chahiye, aur unke dwara diagnosis ke baad hi koi ilaj suggest kiya ja sakta hai. Ghar ke upay ke bare mein bhi doctor se hi puchhna chahiye, kyunki humein is case mein koi specific ghar ke upay ki information nahi mili.",0.25,0.0,0.75,1.0,-0.25,-0.25
P02875,skin_rash,0.5231,high,"Hello doctor, mujhe lagta hai mujhe balanitis hai, itching ki wajah se mere penis foreskin par rashes ho gaye hain. Please doctor, dekhiye is vartaman condition ko neeche, mujhe foreskin ko retract ka","Balanitis ke lakshan aapke description se match ho rahe hain, lekin humein yeh confirm karna hoga ki yeh balanitis hai ya koi aur infection. Aapke foreskin par rashes, itching, aur inflammation ho sakta hai kisi infection ya allergy ke karan. Aapko ek qualified doctor se milna chahiye jo aapka proper examination kar sake aur agar zarurat ho to antibiotics ya cream prescribe kar sake. Foreskin ko retract karne mein dikkat aur rubber band jaisa structure bhi ek chinta ka vishay hai, isliye jaldi se doctor se milna zaroori hai.","Bhai sahab, aapke symptoms ko dekhkar lagta hai ki aapko balanitis ho sakta hai, lekin hum yeh confirm nahi kar sakte kyunki aapke case mein iska koi zikr nahi hai. Lekin aapke penis par multiple ulcers aur erythematous plaques pahle se hi the, jo secondary syphilis ke lakshan hain. Aapko pahle se hi benzathine G penicillin injection diya gaya tha, jo syphilis ke liye effective hai. Aapke foreskin ke symptoms ko dekhne ke liye aur diagnosis ke liye aapko doctor se milna hoga.",0.6,1.0,0.4,0.0,0.4,0.4
P02241,skin_rash,0.464,medium,"Mere haatho aur pairo par laal pink rang ka rash hain, ellenbo aur ghutnon ke creases mein aur kuch oval shape ke hain, kuch chote circular hain, kuch jaise ke bites lagte hain dusre to jaise kuch ais","Aapke haatho aur pairo par jo rash hain, wo kai cheezon ki wajah se ho sakte hain, jaise ki allergy, infection ya skin ki koi bimari. Aapne jo oval shape ke aur circular spots bataye hain, wo ek tarah ke eczema ya dermatitis ho sakte hain. Kabhi kabhi garam lagne ki wajah se ye bhi ho sakta hai ki aapke skin mein koi inflammation ho raha hai. Aapko doctor se milna chahiye taaki wo aapki skin ko dekhkar sahi diagnosis kar sakein.","Aapke haatho aur pairo par jo laal pink rang ka rash hai, yeh Erythema elevatum diutinum (EED) ke lakshan hain. Aapke rash ki tarah, EED mein bhi multiple tender erythematous papules aur firm nodules ho sakte hain. Aapke rash ki wajah se khujli aur garami bhi ho sakti hai, lekin hum iske liye koi specific ilaaj nahi de sakte hain kyunki aapki image humne nahi dekhi hai. Aapko doctor se milna chahiye jo aapki sthiti ka purn mulyankan kar sake.",0.4,0.75,0.6,0.25,0.35,0.35
P02106,skin_rash,0.3712,medium,"Hey, mere peeth aur chhati ke kuch hisso par aur mere sharir ke aur kuch hisso par bhi mujhe khaarish hui hai. Garmi isse aur bhi bura kar deti hai. Yeh dard ya khaarish nahi hoti hai. Yeh bhure se la","Aapko jo khaarish hai, woh ek tarah ki twacha ki samasya lagti hai, jise hum skin rash ya allergic reaction kehte hain. Garmi se iska bura hona aur rang bhure se laal hone ka bhi possibility hai. Yeh ek saal se chal raha hai, toh shayad yeh kisi chronic condition ki wajah se ho sakta hai, jaise ki eczema ya dermatitis. Aapko ek dermatologist se milna chahiye, woh aapki twacha ko dekhkar sahi diagnosis aur treatment bata sakte hain.","Aapko jo khaarish hai, woh shayad aapke seborrheic keratosis ke karan ho sakti hai, kyunki aapke medical history mein yeh mention hai. Yeh ek prakar ki twacha ki samasya hai jo umar ke saath badh sakti hai. Lekin main iske alawa aur kuchh nahin keh sakta kyunki aapke image ko dekhne ke liye main yahan capable nahin hoon. Aapko apne doctor se milna chahiye jo aapki twacha ki samasya ko dekhkar sahi diagnosis aur treatment de sakta hai.",0.0,0.25,1.0,0.0,0.25,1.0
P02519,skin_rash,0.5123,high,Hi main apne haath aur baaon par lagbhag 4 saal se Betnovate 1/5 cream use kar rahi hoon ek eczema/psoriasis type rash ke ilaj ke liye. Mereko abhi haal hi mein dikkat ho rahi hai ki uss jagah ki pigm,"Aapki samasya samajh mein aayi, Betnovate cream ka lambe samay tak upyog karne se skin ki pigmentation par asar pad sakta hai. Aapne cream lagana band kar diya hai, jo ki ek accha kadam hai, ab aapko thoda sabr karna hoga, kyunki skin ko recover hone mein samay lagta hai. Pigmentation dobara aane ki sambhavna hai, lekin yeh puri tarah se recover hone mein kuch mahine ya saal lag sakte hain. Aapko apne doctor se milna chahiye, woh aapko iske liye upyukt salah aur treatment de sakte hain.","Meri patient, aapki samasya ko dekhte hue, main yeh keh sakta hoon ki aapki pigmentation ki samasya ka karan Betnovate cream ka lambe samay tak upyog ho sakta hai. Lekin, clinical evidence mein is baat ka koi ullekh nahi hai ki pigmentation ki samasya kitne samay tak rahegi ya yeh permanent hai ya nahi. Isliye, main is baat ka confirmation nahi kar sakta. Aapko apne doctor se milna chahiye jo aapki samasya ko dekhkar aapko sahi salah de sakta hai.",0.25,0.25,0.0,0.0,0.0,0.0
P02274,skin_rash,0.4995,medium,"Mere andar ki jaangh aur armpits par aur mere aarthi aur kamar ke aas paas aur taaang ke bich mein 2 hafton se daane hain. Mujhe soyi nahi jaati,itni khujli hoti hai. Mere doctor ne kaha tha ki ye cha","Aapko 2 hafton se daane ho rahe hain aur khujli bhi bahut ho rahi hai, ye samajh mein aaya. Aapne doctor se baat ki thi, lekin abhi tak kuch farak nahi pada. Aapne lotion aur deodorant use karna band kar diya hai, jo ki theek hai. Ab aapko ek dermatologist se milna chahiye, woh aapki skin ko dekhkar sahi diagnosis aur treatment bata sakte hain.","Aapke symptoms aur clinical evidence ke basis par, main is nishkarsh par nahin pahunch sakta ki aapke andar ki jaangh, armpits, aarthi, kamar ke aas paas, aur taaang ke bich mein daane hone ka koi sambandh hai aapke pehle wale EO exposure se. Clinical evidence sirf aapke right foot ke burn ke baare mein batata hai, aur aapke naye symptoms ke liye koi specific information nahin hai. Mujhe lagta hai ki aapko apne doctor se phir se milna chahiye aur apne naye symptoms ke baare mein discuss karna chahiye.",0.25,0.25,0.0,0.0,0.0,0.0
P01759,skin_rash,0.4523,medium,"Hi I hope koi meri madad kar sakta hai, basically do hafte pehle mere naak ke dono taraf aur mathewala area pe rash type ka kuch ho raha hai. Ye mere skin ko naak ke aas paas red aur flaky bana deta h","Aapko naak ke aas paas red aur flaky skin ho raha hai, ye ek common problem hai jo dry skin, allergies, ya phir kisi medication ke side effect ke karan ho sakta hai. Aapne Tetralysal liya hai, toh shayad ye uska side effect ho sakta hai, lekin hume yeh confirm karne ke liye doctor se baat karni hogi. Aapne sahi kiya ki aap area ko chune se bach rahe hain, kyunki ye skin ko aur bhi irritate kar sakta hai. Aap apne doctor se baat karein aur unse puchhein ki kya aapke liye koi specific treatment hai, shayad unke paas koi cream ya lotion ho jo aapke skin ko soothe kar sake.","Main aapki madad karne ki koshish karunga, lekin mujhe lagta hai ki aapki samasya aur clinical evidence mein koi connection nahi hai. Aapke symptoms naak ke aas paas red aur flaky skin ke baare mein hain, jabki clinical evidence mein trunk aur arm par itchy lesion ke baare mein bataya gaya hai. Main iske baare mein confirm nahi kar sakta ki ye treatable hai ya nahi, kyunki aapki samasya clinical evidence se match nahi karti. Aapko apne doctor se phir se consult karna chahiye.",1.0,1.0,0.0,0.0,0.0,0.0
P02473,skin_rash,0.4182,medium,"Prabhujee, mujhe meri left nipple par wart jaisa ek vridhi ka vikaas hua hai, woh nipple ki hi rangat ka hai. Woh nipple ke aadhe se kam bada hai. Koi dard, koi nikalna nahi hai. Mujhe bahut tez eczem","Beti, aapko jo wart jaisa vridhi dekha hai, woh shayad ek harmless growth ho sakta hai, lekin humein iski pouchh-paarchh ke liye doctor se milna chahiye. Aapke eczema ki wajah se nipple par chamdi phatne aur khun nikalne ki samasya ho sakti hai, isliye aapko apni chamdi ki dekhbhal karni chahiye. Aapko doctor se milne ke liye appointment lena chahiye, taaki woh aapki jaanch kar sakein aur aapko sahi salah de sakein. Aapko apni chamdi ki dekhbhal ke liye moisturizer ka istemal karna chahiye aur nipple par koi bhi tezi se lagane wala cheez istamal na karein.","Meri behen, aapki nipple par wali vridhi ke baare mein main kuchh nahi keh sakta hoon kyunki humare paas iske baare mein koi clinical evidence nahi hai. Aapki eczema ki samasya bhi hai, lekin humare paas iske baare mein bhi koi specific information nahi hai. Main sirf itna keh sakta hoon ki aapko apne doctor se milna chahiye jo aapki samasya ko dekhkar sahi diagnosis aur treatment de sakta hai. Humare paas jo clinical evidence hai, woh sirf us 46 saal ki mahila ki baat karti hai jiske face par ek nonhealing lesion tha, jiska koi connection aapki samasya se nahi hai.",0.0,0.5,1.0,0.5,0.5,0.5
P02729,skin_rash,0.4497,medium,"Namaste doctor,Haal hi mein mujhe halka sa gale me dard ho raha hai. Dard ko halki dawa se thik karne par asar dikhta hai. Do din se mere skin mein kuch issue ho raha hai aur aaj se mere muh mein bhi ","Namaste, aapke symptoms ko dekhkar toh yeh kehna mushkil hai ki yeh HIV ke symptoms hain ya nahi. Aapke paas bukhar ya thakan nahi hai, jo ki HIV ke common symptoms hain. Aapki skin aur muh ke issues hormone imbalance se judi ho sakti hain, jaise aapne khud socha hai. Lekin aapko ek doctor se milna chahiye jo aapki jaanch karke sahi diagnosis de sakta hai, kyunki yeh symptoms kai cheezon se ho sakte hain. Aapko ek appointment lena chahiye aur apne symptoms ko detail mein batana chahiye.","Namaste patient, aapke symptoms ko dekhkar, hum yeh confirm nahi kar sakte ki aapko HIV hai ya nahi, kyunki clinical evidence mein aapke bare mein koi jankari nahi hai. Lekin, clinical evidence ke anusar, ek 56 saal ke patient ko fever, sore throat, aur shoulder joint mein dard tha, aur unka HIV test negative tha. Aapke paas fever ya thakan nahi hai, lekin aapke skin aur muh mein issue ho raha hai, iske liye aapko apne doctor se milna chahiye aur unse apne symptoms ke bare mein charcha karni chahiye.",0.25,1.0,0.0,0.0,0.75,0.0
P02454,skin_rash,0.3663,medium,"Mere haath, baazu, gardan par khujli hai, aur kam se kam mere pairon par hai. Ye khujli subahon mein kaafi kam ho jaati hai aur dheere dheere badh jaati hai, shaam tak bahut hi kharab ho jati hai. Kya","Aapki khujli ki samasya cortisol levels se sambandhit ho sakti hai, lekin yeh kehne ke liye aur bhi tests aur evaluation ki zarurat hai. Aapki sukhi twacha aur bachpan mein eczema ka hona bhi ismein ek role play kar sakta hai. Aapke sar dard ki samasya bhi iske sath judi hui lagti hai, shaayad stress ya anya karan ismein shaamil ho sakte hain. Aapko doctor se milna chahiye taaki woh aapki poori tarah se jaanch kar sakein aur sahi ilaaj sujha sakein.","Aapke symptoms ko dekhkar, mujhe lagta hai ki yeh khujli aur sukhi twacha cortisol levels se directly sambandhit nahi hai, kyunki clinical evidence mein aapke cortisol levels ke baare mein koi jankari nahi di gayi hai. Aapke pichle medical history mein eczema tha, lekin wo resolve ho gaya tha, aur abhi aapko chronic sar dard hai, lekin iske aur aapke current symptoms ke beech koi direct connection nahi hai. Mujhe lagta hai ki aapko apne doctor se milna chahiye aur apne symptoms ke baare mein unse discuss karna chahiye, taaki unki sahi wajah pata chal sake.",1.0,1.0,0.0,0.0,0.0,0.0
P02194,skin_rash,0.5054,high,"Mere husband, beta aur mein sab bimaari se theek ho rahe hain jismein fever, cough, aches aur nasal congestion shaamil the. Mere husband aur beta ko kisi bhi treatment ke bina theek ho gaya hai lekin ","Aapke symptoms sunne mein lagta hai ki aapko koi viral infection tha, jismein fever, cough, aches aur nasal congestion the. Ab aapke haathon, kandhon aur kaano ke aas paas rash ho gaya hai, ye ek viral rash ho sakta hai, jo ki kai viral infections ke baad dikhai deta hai. Ye rash usually apne aap thik ho jata hai, lekin agar ye jaldi thik nahi hota hai ya aur bhi symptoms badh jaate hain, to doctor se consult karna zaroori hai. Aapko apne doctor se milna chahiye taaki ve aapki jaanch kar sakein aur agar zarurat ho to treatment bhi de saken.","Main aapki image ko dekh nahin sakta, lekin aapke symptoms ke baare mein batana chahta hoon ki clinical evidence mein aapke husband aur beta ke symptoms ka zikr nahin hai. Is evidence mein sirf 17 saal ke ladke ke abdominal pain aur bloody stools ke baare mein bataya gaya hai. Main is baat ka confirmation nahin kar sakta ki aapka rash usual viral 'bug' ke saath common hai ya nahin, kyunki is evidence mein aapke symptoms ka zikr nahin hai.",0.6,0.6666666666666666,0.4,0.3333333333333333,0.06666666666666665,0.06666666666666671
P00130,skin_rash,0.4889,medium,"Mera pota 2 aur adhe saal ka hai, usne achanak apne skin ko khujlane shuru kar diya hai aur sone ke samay uncomfortable ho raha hai. Meri desh mein 4 baje hai. Jab maine check kiya to uske thighs, but","Aapke pota ke symptoms dekhte hue, lagta hai ki usko koi skin allergy ya infection ho sakta hai, jisse rashes aur khujli ho rahi hai. Aapne Tandigyl syrup diya hai, lekin main yeh salah deta hoon ki aap apne pota ko ek pediatrician ke paas le jayein, taaki unki proper check-up ho sake. Pediatrician aapke pota ki skin ko check karke, uske symptoms ko dekhte hue, koi specific treatment suggest kar sakte hain. Aapko apne pota ko thoda araam karne dena chahiye aur uske skin ko thoda thanda rakhein, taaki usko relief mil sake.","Aapke bete ke symptoms, jaise ki khujla aur rashes, is clinical evidence mein nahi bataye gaye hain. Is evidence mein sirf ek 46 saal ki Chinese mahila ki case study hai, jismein uske left waist par blisters the. Hum is case se aapke bete ke symptoms ka sambandh nahi jod sakte. Aapko apne bete ko ek dermatologist ke paas le jana chahiye, jo uske symptoms ka proper diagnosis aur treatment kar sake.",0.0,0.0,1.0,1.0,0.0,0.0
P01850,skin_rash,0.4021,medium," Hi, mujhe haal hi mein kuch hafton se aankhon ke aas-pass ki twacha mein problem hai. Twacha ka rang gehra ho gaya hai, twacha bahut sookhi/itchy aur flakey hai subah mein. Mujhe penis par bhi ek laa","Aapki problem sunke lagta hai ki aapko ek skin condition ho sakta hai, jaise ki eczema ya dermatitis. Aankhon ke aas-pass ki twacha mein dryness aur itchiness aam symptoms hain, aur penis par laal daane bhi isi tarah ki condition ka lakshan ho sakta hai. Dono problems ek hi wajah se ho sakti hai, jaise ki allergy ya skin sensitivity. Main aapko salah deta hoon ki aap apne GP se phir se consult karein aur unse poochhein ki kya unhe lagta hai ki dono problems related hain ya nahi.","Main aapki twacha aur penis ke issues ke baare mein kuch nahi keh sakta kyunki clinical evidence mein iske baare mein koi jankari nahi hai. Clinical evidence sirf aapke abdominal pain, bloody stools, aur sigmoid polyp ke baare mein batata hai. Mujhe lagta hai ki aapko apne local GP se phir se consult karna chahiye ya kisi dermatologist se milna chahiye jo aapki twacha aur penis ke issues ko dekh sake.",0.0,1.0,1.0,0.0,1.0,1.0
P00141,skin_rash,0.4814,medium,"Hi, mere 8 saal ke bete ke haatho (including palms) aur paao (including bottom) par kuch samasya hai. Usko last Friday ko kuch spots the, lekin aaj unki sankhya bahut zyada hai. Usko gale mein swallow","Aapke bete ke symptoms dekhte hue, yeh ek viral infection ho sakta hai, jaise ki hand, foot, and mouth disease. Ismein gale mein dard aur nak ke niche gland swollen hona bhi common hai. Flu jaisa mahsus hona bhi ismein shamil ho sakta hai. Aapko chinta honi chahiye, lekin turant doctor se consult karna zaroori hai, taaki sahi diagnosis aur treatment ho sake.","Aapke bete ke symptoms, jaise ki dizziness, jaundice, aur ecchymoses/petechiae, yeh sab ek bade bimari ka sanket ho sakte hain. Unke pichle 2 mahine ke fatigue aur nausea ke baare mein bhi pata chala hai. Lekin aapke bete ke symptoms ko dekhkar, toh yeh lagta hai ki yeh koi coagulopathy ki samasya ho sakti hai, jaise ki acquired TTP. Aapko chinta honi chahiye aur turant doctor se sampark karna chahiye.",0.3333333333333333,1.0,0.6666666666666666,0.0,0.6666666666666667,0.6666666666666666
P01965,skin_rash,0.533,high,"Mujhe esr 16 hai, wbc 14300 hai jisme lymphocytes aur neutrophils kam hai, 86.7. Mujhe kamzor, sunn padna, joint pain, neck pain, meri skin mein kuch issue hai, meri sgot, sgpt slightly high hai. Main","Aapke symptoms bahut saare hain, jaise ki kamzor mehsoos karna, sunn padna, joint pain, neck pain, aur skin issues. Aapke blood test ke results se pata chalta hai ki aapke WBC mein lymphocytes aur neutrophils kam hain, jo ki kisi infection ya autoimmune disorder ka sanket ho sakta hai. Scleroderma ka sandeh hona bhi ek possibility hai, kyunki aapke skin mein issues hain aur aap steroids le rahe hain. Aapko apne doctor se baat karni chahiye ki aapke symptoms aur test results ko lekar kya karna chahiye.","Aapke symptoms aur test results ko dekhkar, mujhe lagta hai ki aapko bhi shayad sarcoidosis ho sakta hai, kyunki aapke WBC aur lymphocytes ki count kam hai, jo ki clinical evidence mein bhi dekha gaya tha. Lekin, main yeh confirm nahi kar sakta ki aapko sachmuch sarcoidosis hai ya nahi, kyunki clinical evidence mein aapke specific test results nahi diye gaye hain. Aapke dermatologist ka scleroderma ka sandeh bhi ho sakta hai, lekin mujhe iske liye aur information chahiye. Aapko apne doctor se poora checkup karwana chahiye.",0.5,0.25,0.5,0.0,-0.25,0.5
P01170,skin_rash,0.5434,high,"Hello doctor, ek relative ko pitting pedal o with itching aur inflamation ka samasya hai aur sight bhi bahut bura hai. Kripya doctor, dekhiye is vartaman condition ko. Wo liver chirrosis aur kuchh ais","Chalo, aapke relative ki samasya ko dekhte hain. Pitting pedal edema, itching, aur inflammation liver ki kharabi ke lakshan ho sakte hain, aur agar liver cirrhosis aur ascites hai to ye bahut serious ho sakta hai. Dawaon se kuchh had tak control ho sakta hai, lekin liver transplant ki zarurat bhi ho sakti hai, yeh doctor ki salah se hi pata chalega. Unhe jaldi se doctor ki salah leni chahiye, taaki unki condition ko theek se evaluate kiya ja sake.","Main aapke relative ki condition ko dekhkar keh sakta hoon ki clinical evidence mein aisa koi case nahi hai jo aapke relative ki condition se match karta ho. Clinical evidence sirf ek 74-year-old patient ke baare mein baat karta hai jo ESRD se pareshan tha aur jiske paas PD catheter site infection thi. Ismein liver cirrhosis ya ascites ka koi zikr nahi hai. Isliye, main yeh confirm nahi kar sakta ki aapke relative ko sirf dawaon se stable ho sakta hai ya use liver transplant karwana hoga. Aapko apne relative ko ek doctor ke paas le jana chahiye jo unki condition ko dekhkar sahi diagnosis aur treatment de sakta hai.",1.0,0.0,0.0,1.0,-1.0,-1.0
P00852,skin_rash,0.4676,medium,"Hi, mujhe haal hi mein meri vulvar skin par ek infection ho gaya hai. Kripya doctor, dekhiye is vartaman condition ko. Maine ek gynae ki paas jaake checkup karwaya aur usne kaha ki ye sirf ek skin dis","Aapki samasya sunke lagta hai ki aapko vulvar skin infection ho gaya hai. Aapne jo bataya ki aapne apne partner ke saath physical contact kiya tha, lekin sexual intercourse nahi hua tha, toh isse ye infection ho sakta hai agar aapke partner ke paas koi infection tha. Aapke masturbation karne se bhi skin par irritation ho sakti hai, lekin ye infection ke liye direct cause nahi hai. Aapko apne doctor se poora sach batana chahiye taaki ve aapki samasya ko theek se samajh sakein aur sahi treatment de sakein.","Meri patient, aapki symptoms ko dekhkar, mujhe lagta hai ki aapki skin lesions ka koi direct connection aapke sexual activities se nahi hai. Clinical evidence mein koi bhi information nahi hai jo yeh suggest kare ki aapki skin disease ka koi link hai aapke sexual activities se. Aapke symptoms ko dekhkar, yeh lagta hai ki aapki skin lesions ek skin disease ki wajah se ho sakte hain, jaise ki polyarteritis nodosa (PAN) ya panniculitis, lekin hum iska confirmation nahi kar sakte kyunki aapki specific condition ka koi data nahi hai. Aapko apne doctor se poora checkup karwana chahiye aur unse apni concerns discuss karni chahiye.",1.0,1.0,0.0,0.0,0.0,0.0
P02013,skin_rash,0.4352,medium," Hi Dr. Samuel, Mera naam Jamkt hai aur mujhe ye dakarb hai, ye meri haathon par shuru hui thi, ye scabies ki tarah itchy nahi hai, lekin mujhe aisa lagta hai ki meri skin se chote chote ande nikal ra","Jamkt ji, aapke symptoms sunke lagta hai ki aapko koi skin infection ho sakta hai. Aapne jo bataya ki aapko skin se chote chote ande nikalne jaise lagta hai, ye ek parasitic infection ka lakshan ho sakta hai, lekin scabies ki tarah itchy nahi hai to ye thoda confusing hai. Aapne antibiotic ointment aur namak se dhone ki koshish ki hai, lekin ye badhta ja raha hai, to shayad aapko doctor se milna chahiye taaki unke paas aapki proper checkup ho sake. Aapki image dekhne ke baad hi kuchh aur bata sakte hain, lekin pehle aap doctor se milo.","Jamkt, aapki samasya ka description sunke lagta hai ki aapko kuch nodules ya abscesses ho sakte hain, lekin main confirm nahi kar sakta ki ye scabies hai ya nahi. Clinical evidence ke hisab se, hyaluronic acid filler ke baad Mycobacterium abscessus infection ho sakta hai, jiske symptoms aapke match karte hain. Lekin aapke haathon par shuru hone ki baat aur ande nikalne ki feeling ko main clinical evidence se relate nahi kar sakta. Aapko doctor ke paas jaana chahiye aur proper diagnosis karana chahiye.",1.0,1.0,0.0,0.0,0.0,0.0
P02114,skin_rash,0.5024,high,Mere skin ke alag-alag hisson mein ek rash hai aur maine alag-alag treatments try kiye hai lekin abhi tak koi theek nahi hua hai. Mujhe isse last June se hai. Kya aap please help kar sakte hain. Mujhe,"Aapko skin rash hai, aur aapne bahut saare treatments try kiye hai, lekin abhi tak koi fayda nahi hua hai. Aapne steroids, creams, itching pills, aur biopsy bhi karwayi hai, lekin abhi tak koi sahi jawaab nahi mila hai. Mujhe lagta hai ki aapko ek dermatologist se milna chahiye, jo aapki skin ki problem ko achhe se samajh sake aur aapko sahi treatment de sake. Aapko apni diet, lifestyle, aur environment ko bhi check karna chahiye, kyunki kabhi-kabhi ye bhi skin rash ka kaaran ban sakte hain. Aapko sabr karna chahiye, hum milke aapki problem ko solve karne ki koshish karenge.","Aapke skin problem ke baare mein sunke dukh hua. Aapne steroids, creams, itching pills try kiye hain, lekin koi fayda nahi hua. Ek patient ko psoriasis thi aur unhone bhi methylprednisolone injection liya tha, jiske baad unka condition aur bhi bigad gaya tha. Unhe Ayurvedic treatment diya gaya tha, jisme Rasmanikya, Arogyavardhini Vati, Kaishora Guggulu, Khadirarista, Panchatikta Ghrita, aur Jatyadi Taila shaamil the. Unhe 3 mahine mein complete remission mil gayi thi. Lekin aapke case ko dekhne ke liye aur information chahiye, toh aapko doctor se milna chahiye.",0.5,1.0,0.5,0.0,0.5,0.5
P02452,skin_rash,0.4822,medium,Hi Dr. Hope aap achhe honge. Kal maine apne face ke chote se hisse par raw garlic lagaya (apne acne par) aur maine ise 15 minutes tak rehne diya. Kuch ghanto baad mujhe dard mehsoos hua aur mere skin ,"Namaste, aapko kaisa mehsoos ho raha hai? Raw garlic ka skin par lagana kabhi kabhi irritation aur rash ka kaaran ban sakta hai, lekin yeh zyada tar permanent nahi hota. Aapko thoda patience rakhna hoga, aur dheere dheere yeh laalapan chala jayega. Aap thoda aaram karein, aur agar dard bahut zyada ho toh aap thoda cold compress bhi try kar sakte hain.","Main aapko bata sakta hoon ki aapke patient ke case mein, herpes zoster ki diagnosis hui thi, lekin aapke current query ke baare mein kuchh bhi clinical evidence mein nahin hai. Hum is baat ko confirm nahin kar sakte ki aapke skin par raw garlic lagane se jo rash hua hai, vah hamesha ke liye rahega ya dheere dheere chala jayega. Aapko yeh bata sakta hoon ki patient ko herpes zoster ki diagnosis hui thi, lekin aapke current query ke liye alag se dermatologist se consult karna chahiye.",1.0,1.0,0.0,0.0,0.0,0.0
P00419,skin_rash,0.5518,high,Mere 3 saal ke bete raat me abhi bhi diapers pehenta hai. Achanak se uske haath ke upar ki skin aur pair ki jhuri ke beech ek laal group of bumps aa gaya hai aur wo unhe scratching kar raha hai. Kya y,"Aapke bete ke haath aur pair ke beech laal bumps aa gaye hain, yeh diaper rash ho sakta hai, lekin scratching ke karan infection bhi ho sakta hai. Agar yeh bumps badh rahe hain ya bahut jaldi scratch ho rahe hain, to yeh koi serious samasya bhi ho sakti hai. Aapko apne bete ko ek pediatrician ke paas le jana chahiye, woh iske bare mein achhe se jaankari de sakte hain. Woh possibly kuch cream ya ointment prescribe kar sakte hain, ya phir kuch aur test karne ke liye kah sakte hain.","Aapke bete ke symptoms ko dekhkar, hum yeh confirm nahi kar sakte ki yeh diaper rash hai ya kuch serious hai, kyunki clinical evidence mein aapke bete ke bare mein koi information nahi hai. Lekin, hum yeh keh sakte hain ki patient jiske bare mein clinical evidence hai, usmein bhi skin lesions aur swelling ki problem thi, lekin uska cause amoxicillin consumption aur ayurvedic medication tha. Aapke bete ke liye, hum recommend karte hain ki aap doctor se consult karein taaki unke symptoms ka sahi diagnosis ho sake.",0.0,0.6666666666666666,1.0,0.3333333333333333,0.6666666666666666,0.6666666666666667
P02375,skin_rash,0.3854,medium," Hello... Last weekend humne sweet corn pick kiya tha, mere haath aur pairon par khujli si ho gayi hai. Main ne to usse mad ke tarah itch kiya! Kuch jagah par lal aur ubhar si hai, dusre jagah par haa","Aapko khujli aur lal imliyan ho gayi hain, yeh contact dermatitis ya allergic reaction ho sakta hai, jaise ki sweet corn ke karan. Aapne oral antihistamines aur topical cortisol cream liya hai, lekin agar aaram nahi mila toh doctor se milna chahiye, woh aapko proper diagnosis aur treatment de sakte hain. Bugs crawling wala feeling bhi ek common symptom hai, jise formication kehte hain, yeh anxiety ya skin irritation ke karan bhi ho sakta hai. Doctor se milne se pehle aap apni skin ko thanda rakhein aur itching se bachne ki koshish karein.","Main aapki problem samajh raha hoon, lekin mujhe lagta hai ki aapki issue mere paas di gayi clinical evidence se related nahi hai. Aapki khujli aur itching ki problem ke liye main koi specific treatment ya diagnosis nahi de sakta, kyunki mere paas di gayi evidence sirf hyaluronic acid filler injection ke baad Mycobacterium abscessus infection ke case ko cover karti hai. Mujhe lagta hai ki aapko ek dermatologist se consult karna chahiye jo aapki specific problem ko dekhkar sahi diagnosis aur treatment de sakta hai.",0.6666666666666666,1.0,0.3333333333333333,0.0,0.33333333333333337,0.3333333333333333
P02174,skin_rash,0.4236,medium,Hello... Mera naam asha hai.. Mujhe apni skin se ek problem hai. Jab mai suraj ya kisi bhi tarah ki garmi mein rehti hoon (cooking karte samay ya kuch aur aise hi) toh jahaan exposed area hota hai wah,"Asha ji, aapki problem sunke lagta hai ki aapko sunburn ya heat rash ho sakta hai. Jab aap garmi mein rehti hain toh aapki skin par redness aur rash aa jaata hai, aur baad mein itching shuru ho jaati hai. Aapko ek dermatologist se milna chahiye, ve aapki skin ki jaanch karke aapko sahi dawa aur upay bata sakte hain. Aapko apni skin ko dhup se bachana chahiye aur sunscreen ka istemal karna chahiye.","Asha ji, aapki problem ko dekhne ke liye maine clinical evidence padha, lekin aapki problem ke baare mein kuchh specific information nahi mila. Aapki skin ki problem ko lekar main kuchh confirm nahi kar sakta, kyunki clinical evidence mein aapki problem se related koi jankari nahi hai. Main sirf itna keh sakta hoon ki aapko ek dermatologist se consult karna chahiye, jo aapki skin ki problem ko dekhkar sahi diagnosis aur treatment de sakta hai.",0.6666666666666666,0.25,0.3333333333333333,0.0,-0.41666666666666663,0.3333333333333333
P01918,skin_rash,0.4657,medium,"Mere haath par ek bahut choti si slightly raised rash hai jismein black hair-like specs hain. Ye rub off nahi ho rahi hai aur ""tweezed""out nahi ho sakti hai. Almost ingrained in my skin lagti hai. Is ","Aapke haath par jo rash hai, vo poison ivy ka black spot nahi lagta hai, kyunki usmein tar-like appearance hoti hai aur aapne bataya ki itch nahi ho rahi hai. Yeh hibiscus plant se judi fungus-like bumps ho sakti hai, lekin mujhe lagta hai ki yeh koi embedded hair ya ingrown hair ho sakta hai, jo skin mein andar chala gaya hai. Aapko doctor se milna chahiye, taaki ve iski proper diagnosis kar sakein. Ve aapko iske baare mein aur bata payenge aur koi treatment bhi suggest kar sakte hain.","Main aapko bata sakta hoon ki clinical evidence mein koi information nahi hai jo aapke haath par choti si rash ke baare mein batati hai. Aapki symptoms, jaise ki black hair-like specs aur slightly raised rash, clinical evidence mein describe nahi hui hai. Isliye, main confirm nahi kar sakta ki ye black spot poison ivy hai ya kuch aur. Aapko ek dermatologist se consult karna chahiye jo aapki specific symptoms ko dekhkar diagnosis kar sake.",0.0,0.0,1.0,1.0,0.0,0.0
P02741,skin_rash,0.5181,high,"Hi doctor, Mujhe apne private parts par kuch growth hai. Voh bade thread jaise rashes lagte hain. Maine urine test karaya tha infections ke liye, aur result negative aaya tha. Maine skin culture test ","Aapko private parts par fungal infection hai, isliye aap antifungal drugs le rahe hain, yeh theek hai. Lekin aapne antibiotics bhi liye hai, lekin unka koi fayda nahi hua, yeh bhi samajh mein aata hai kyunki antibiotics fungal infection par kaam nahi karte. Aap antifungal drugs ko regular lete rahein aur agar symptoms badhte hain ya nahi sudarte hain, to doctor se phir se consult karein. Aapko apne doctor se poora ilaaj karana chahiye, woh aapko sahi salah de sakte hain.","Aapke symptoms Erythema Dyschromicum Perstans (EDP) ke similar lagte hain, jo ek rare acquired idiopathic hypermelanosis hai. Aapke rash ki description bhi EDP ke symptoms se match karti hai, jaise ki hyperpigmented, greyish skin lesions. Lekin, main yeh confirm nahi kar sakta ki aapka rash EDP hai ya nahi, kyunki clinical evidence mein aapke case ki specific details nahi hain. Aapko apne doctor se consult karna chahiye jo aapke case ko personally jaante hain.",0.5,1.0,0.5,0.0,0.5,0.5
P01937,skin_rash,0.5867,high,"Mere 48 saal ho gaye hain aur mujhe 4 din tak flu tha jisme temp 102.5 tha.kuch din baad temp normal ho jane ke baad mere elbows aur knees par ek rash aa gaya hai, jiske skin garm aur khujli kar rahi ","Aapko 48 saal ho gaye hain aur aapko pehle flu tha, ab aapke elbows aur knees par rash aa gaya hai, jo ki garm aur khujli kar raha hai. Ye rash sunburn ki tarah dikhta hai aur aapke arms tak spread ho raha hai, iske saath-saath aapke joints bhi arthritic jaise feel ho rahe hain. Aapko doctor se milna chahiye, kyunki ye symptoms kisi viral infection ya autoimmune disorder ka sanket ho sakte hain. Doctor aapki proper check-up karenge aur aapko sahi treatment denge. Aapko wait nahi karna chahiye, jaldi doctor se milne jana chahiye.","Aapke symptoms ke baare mein, main aapko bata sakta hoon ki aapke clinical evidence mein skin rash ka zikr nahi hai, isliye main iske baare mein kuch confirm nahi kar sakta. Lekin aapke initial symptoms mein fever, headache, dry cough, aur generalized body pain shaamil the, lekin skin rash ka zikr nahi tha. Aapke joints ke dard ke baare mein bhi kuch nahi likha hai. Aapko apne doctor se milna chahiye jo aapki current condition ko dekhkar aapko sahi salah de sakta hai.",0.6666666666666666,1.0,0.3333333333333333,0.0,0.33333333333333337,0.3333333333333333
P02425,skin_rash,0.5195,high,"Mai hamare ghar ke ek hisse par kaam kar raha tha aur uss hisse mein heating nahi hai aur temperature 50 degrees tak pahuncha hai, doosre din wahan kaam karne ke baad mai bahut thande ho gaya tha aur ","Aapko lagta hai ki thande hone ke karan aapko ye problem ho rahi hai, lekin ab ye thik nahi ho raha hai. Mujhe lagta hai ki aapko shayad frostbite ya cold burn ho sakta hai, ya phir aapki skin mein koi irritation ho sakti hai. Aapko apni skin ko garam pani se saaf karna chahiye aur koi moisturizer lagana chahiye, aur agar ye problem badhti hai to doctor se milna chahiye. Aapko apne kapde bhi thode loose pehne chahiye taaki aapki skin ko thoda araam mile.","Aapke skin condition ke baare mein humne padha hai, lekin aapke abhi ke symptoms ke liye hum kuchh specific nahi keh sakte kyunki clinical evidence mein aapke abhi ke situation ke baare mein kuchh nahi hai. Aapke pass pehle se hi erythrodermia congenitalis ichthyosiformis bullosa of Brocq hai, jiske liye aapko specific treatment diya gaya tha, lekin abhi ke burning sensation aur reddish skin ke liye hum kuchh nahi keh sakte. Aapko apne doctor se milna chahiye jo aapke abhi ke symptoms ko dekhkar kuchh specific advice de sakte hain.",0.25,0.0,0.0,1.0,-0.25,-1.0
P02356,skin_rash,0.4843,medium,"Hi, mujhe abhi ek sardi hai. Har baar jab mujhe sardi ya pet flu hota hai, mujhe chest, stomach, back, neck aur scalp par rash ho jata hai. Mujhe rash tab tak pareshan nahi karta jab tak wo gayab na h","Aapki sardi ke saath skin par rash hone ki samasya ho sakti hai viral exanthem ke karan, jo ki ek aam reaction hai jab sharir mein koi viral infection hota hai. Yeh rash aapke chest, stomach, back, neck aur scalp par ho sakta hai, aur yeh kabhi-kabhi khujli bhi kar sakta hai. Aapki skin ki khushki bhi iske saath ho sakti hai, kyunki viral infection se skin ki moisture barbad ho sakti hai. Aapko apne doctor se milna chahiye taaki woh aapki skin ki jaanch kar sakein aur aapko sahi ilaaj de sakein.","Aapki skin par jo reaction ho raha hai, uska description aapne diya hai, lekin mujhe aapki specific condition ke baare mein kuchh bhi confirm nahi kar sakte kyunki aapki details clinical evidence mein nahi hai. Lekin, hum yeh keh sakte hain ki aapki skin par jo khujli aur rash ho raha hai, wo kisi allergic reaction ya mast cell degranulation ki wajah se ho sakta hai, jaise ki bullous mastocytosis mein hota hai. Aapko apne doctor se milna chahiye jo aapki specific condition ko diagnose kar sake aur suitable treatment provide kar sake.",0.0,0.0,1.0,1.0,0.0,0.0
P02302,skin_rash,0.4009,medium,Mere pati ko unke kandhe mein problem thi....Torn rotator cuff...ek hafte tak Naproxin liya....Sahi ho gaya aur ab wo apni bhuja utha sakta hai....lekin pichle hafte se usne notice kiya hai ki uske ax,"Aapke pati ko pehle torn rotator cuff ki problem thi, aur ab unhein axilla mein laal aur khujli wali rash ho gayi hai. Ye rash pehle garmi ke chote lagte the, lekin ab phail rahi hai, isliye yeh zaroori hai ki aap doctor se milen. Cortisone cream aur oral Benadryl ka use karne se kuchh araam mil sakta hai, lekin yeh samasya ki jad tak nahin pahunchti. Aapko doctor se milna chahiye taaki ve is rash ki sahi wajah jaan sakein aur sahi ilaaj sujha sakein.","Main aapki problem samajh raha hoon, lekin mujhe khed hai ki clinical evidence mein aapke kandhe ki problem ya axilla mein rash ke bare mein kuchh nahin hai. Hum iske baare mein kuchh nahin keh sakte hain kyunki yeh clinical evidence mein nahin hai. Aapko apne doctor se milna chahiye jo aapki puri medical history jaanta hai aur aapki problem ka sahi diagnosis kar sakta hai.",0.0,0.0,1.0,1.0,0.0,0.0
P02277,skin_rash,0.4158,medium,Hello Sir. Mere paas do baar Salmon fish thi aur ek din ya do din baad mere ungliyon par rashes ho gaya aur ungliyan suj gayi. Iska karan kya ho sakta hai. Rashes ne ek rough layer of skin banaya hai ,"Aapko salmon fish khane ke baad rashes aur sujan aaya hai, yeh ek allergic reaction ho sakta hai. Kabhi-kabhi kuch khadya padarthon se allergy hoti hai, jisse aisa reaction hota hai. Aapko doctor se milna chahiye, woh aapki jaanch karke sahi salah de sakte hain. Aapko apni image bhi doctor ko dikhani chahiye, taaki woh aapki sthiti ko acche se samajh sake.","Aapki problem humare patient ke symptoms se milati-julati nahin hai, kyunki humare patient ke paas chehre aur kohni par erythematous patches the, lekin aapke paas ungliyon par rashes hain. Hum yeh confirm nahi kar sakte ki aapki problem kya hai, kyunki humare clinical evidence mein aisi koi information nahin hai. Aapko doctor se milna chahiye, taaki aapki problem ka sahi diagnosis ho sake.",0.0,0.5,1.0,0.5,0.5,0.5
P00147,skin_rash,0.5863,high,"Mera baby boy 11 months ka hai. Pichle 3 hafte se usko rash ho raha hai (jaise ki mosquito bite ki tarah hai jisme chote chote dots se shuru ho kar black pigment mark chodte hain, jo aam taur par ek d","Aapke baby boy ko jo rash ho raha hai, vah kai karanon se ho sakta hai, jaise ki allergy, infection ya skin irritation. Mosquito bite ki tarah dikhne wale rash ke liye, humein yeh bhi sochna hoga ki kya aapke ghar mein mosquitoes hain ya nahi. Aapko apne baby ko doctor ke paas le jana chahiye, taaki unki proper check-up ho sake aur sahi diagnosis aur treatment mil sake. Doctor se milne se pehle, aap apne baby ko koi bhi cream ya medicine na dein, kyunki vah diagnosis ko affect kar sakti hai.","Main aapki chinta ko samajh sakta hoon, lekin mujhe aapke baby boy ke bare mein kuchh specific information nahin mil saki hai clinical evidence se. Is evidence mein sirf ek 13 saal ki ladki ki case study hai, jismein upper lip ki deformity aur blepharochalasis ki baat kari gayi hai. Main aapke baby boy ke rash ke karan ke baare mein kuchh nahin kah sakta hoon, kyunki is evidence mein is tarah ke symptoms ki koi jaankari nahin hai. Aapko apne baby boy ko ek pediatrician ke paas le jana chahiye taaki unki samasya ka sahi pata lagaya ja sake.",0.0,0.0,1.0,1.0,0.0,0.0
P01268,skin_rash,0.4551,medium,Mujhe chote chote katte ho rahe hain jo machar ke katne jaise lagte hain but machar nahi hain aas paas. Kuch minutes ke andar ye chote bomb ki tarah ubhar aate hain. Main Benadryl aur cold compress la,"Aapko jo chote chote katte ho rahe hain, ye koi allergic reaction ho sakta hai, lekin aapne toh kaha ki aapki allergy ki history nahi hai. Aapne jo Benadryl aur cold compress lagaya, ye sahi kiya, lekin agar ye baar baar ho raha hai toh aapko doctor se milna chahiye. Aapke ghar mein koi hidden allergen ho sakta hai, jaise ki dust mites ya koi aur cheez. Aap apne ghar ko acchi tarah se saaf kijiye aur dekhiye ki kya farak padta hai.","Aapke symptoms ko dekhkar, mujhe lagta hai ki yeh information mere paas available clinical evidence se match nahi karti. Aapke patient ke case se, aapke symptoms ko relate nahi kiya ja sakta. Aapke patient ke case mein, fever, back pain, dyspnea, aur weight loss jaise symptoms the, lekin aapke symptoms alag hain. Main aapke symptoms ki wajah ko confirm nahi kar sakta kyunki clinical evidence isse related nahi hai. Aapko apne doctor se milna chahiye jo aapke symptoms ko dekhkar sahi diagnosis aur treatment de sakte hain.",0.0,1.0,1.0,0.0,1.0,1.0
P00181,skin_rash,0.524,high,"Namaste Doctor,
Mere 3 mahine ke baby ko bahut sukha twacha hai jisme lal rashes aur safed patches hai, puri body par. Pediatrician ne Atogla cream prescribe kiya tha, jiske pahle dinon mein accha res","Namaste, aapki chhoti baby ki twacha ki samasya sunke chinta ho rahi hai. Atopic eczema ke liye steroid-free moisturiser ka istemal karna zaroori hai, isliye aapko ek aisa moisturiser dhoondhna hoga jo gentle ho aur steroid-free ho. Aapko coconut oil ya olive oil jaise natural moisturiser try kar sakte hain, ya phir aap doctor se puch sakte hain ki woh koi specific steroid-free moisturiser recommend kar sakte hain. Eczema ke liye regular moisturising bahut zaroori hai, isliye aapko apni baby ki twacha ko regularly moisturise karna chahiye.","Namaste, aapke sawal ka jawab dena mushkil hai kyunki clinical evidence mein aapke baby ke bare mein koi jaankari nahi hai. Diye gaye clinical evidence mein 8 mahine ke bachche ki skin lesions ki jaankari hai, lekin aapke 3 mahine ke baby ke bare mein kuch nahi likha hai. Hum is vishesh maamle mein koi salah nahi de sakte, kyunki humein aapke baby ke bare mein paryapt jaankari nahi hai. Aapko apne pediatrician ya dermatologist se phir se salah leni chahiye.",0.0,1.0,1.0,0.0,1.0,1.0
P02081,skin_rash,0.436,medium,"Mera matlab hai ki main apni grandmother ke sath hoon aur wo is picnic me kaam kar rahi hai, isliye bahar bahut garmi hai. Uske dono taango ke andar upar red rash hai...jaise ki khoon skin ke neeche b","Aapki grandmother ko lagta hai ki garmi ke karan ye rash ho raha hai, lekin hume iske baare meh thoda aur pata karna hoga. Ye rash heat rash ya sunburn ka lakshan ho sakta hai, lekin exact diagnosis ke liye doctor se milna zaroori hai. Aap unhe thoda cool place meh baithne ke liye kah sakte hain aur cold compress lagane ke liye bhi kah sakte hain, shayad isse aram mile. Doctor se milne ke baad hi sahi ilaaj ho payega, toh aap unhe jaldi se doctor ke paas le jayein.","Aapki grandmother ke symptoms dekhte hue, lagta hai ki uske paas fluid-filled, painful, nonpruritic lesions hain, jo ki bilateral hand aur feet par hain. Ye lesions reddish-raised hain aur unke upper back aur face par bhi hain. Clinical evidence ke mutabik, ye lesions amoxicillin consumption ke baad shuru huye hain, lekin hum yeh confirm nahi kar sakte ki ye exact wajah hai. Aapki grandmother ko doctor ke paas jaana chahiye taaki unke symptoms ka sahi diagnosis ho sake aur unke liye sahi treatment diya ja sake.",0.0,1.0,1.0,0.0,1.0,1.0
P03002,skin_rash,0.5033,high,"Hello doctor, meri behen ke skin par kuch ajeeb sa rashes hai. Kripya dekhein is vartaman condition ko neeche. The problem panch saal pehle shuru hui. Lekin ab ye badh rahi hai. Hum samajh nahi pa rah","Behen ji ke skin par rashes dekhne ke liye maine abhi picture nahi dekhi, lekin aapko pata hai ki rashes ke kaafi saare reasons ho sakte hain, jaise ki allergy, infection ya koi bhi skin condition. Panch saal pehle shuru hone wale rashes ko dekhkar lagta hai ki ye koi chronic condition ho sakti hai, jaise ki eczema ya psoriasis. Aap mujhe picture upload karke dikhayein, toh main aapko thoda aur guide kar sakta hoon.","Behen ji ka rash dekha hai, toh lagta hai ki ye ek flesh-red plaque hai jo 3.5x2.5 cm size ka hai, aur ye left occipital scalp par hai. Ismein mild pruritus bhi hai, aur ye dhire-dhire badh raha hai. Hum yeh confirm nahi kar sakte ki aapki behen ka rash bhi same hai, lekin clinical evidence ke hisab se, yeh ek EP (eccrine poroma) ya BCC (basal cell carcinoma) ho sakta hai, lekin aapki behen ka rash dekhne ke liye aur details chahiye.",0.25,1.0,0.75,0.0,0.75,0.75
P02557,skin_rash,0.4887,medium,Mere best friend ko 4 din se uski inner thigh par rash tha aur ab ye uske private region tak phail gaya hai. Saath hi ye dard bhi kar raha hai. Uske infected area mein black bumps hain. Usne sirf pani,"Aapki best friend ko jo rash hai, wo koi skin infection ho sakti hai, jaise ki fungal infection ya allergic reaction. Black bumps ke saath dard bhi ho raha hai, isliye yeh thoda serious lagta hai. Main aapko salah deta hoon ki aap apni friend ko ek dermatologist ya doctor ke paas le jayein, taaki unhe sahi diagnosis aur treatment mil sake. Doctor sahi pata laga payenge ki yeh infection kya hai aur kaise treat karna hai.","Meri patient, aapke best friend ki condition humari clinical evidence se match nahi karti. Humari evidence mein patient ko 3 saal se blisters the, lekin unhein koi dard ya pruritus nahi tha. Aapke friend ki condition mein dard aur black bumps hain, jo humari evidence mein nahi hai. Hum yeh confirm nahi kar sakte ki yeh kya hai, lekin yeh lagta hai ki yeh koi alag condition ho sakti hai. Aapke friend ko doctor ke paas jaana chahiye taaki unki condition ka sahi diagnosis ho sake.",0.0,0.0,1.0,1.0,0.0,0.0
P02789,skin_rash,0.5426,high,"Hello doctor, maine three months ago unprotected sex kiya tha. Maine herpes ke alawa sare tests karwaye the aur sabhi negative aaye hai. Encounter ke baad har ek se do hafte mein mujhe red rashes aur ","Aapko red rashes aur small red dots ho rahe hain, lekin khujli nahi hoti, isse lagta hai ki ye koi allergic reaction ya irritation ho sakti hai. Aapne herpes ke alawa sabhi tests karwaye hain aur sabhi negative aaye hain, isliye herpes ki sambhavana kam hai. Aapko penis ki dryness aur badbu ki problem bhi hai, iske liye aapko koi moisturizer ya lubricant use karna chahiye, aur saaf-safai ka dhyan rakhna chahiye. Aapko ek baar phir se doctor se milna chahiye aur apni symptoms ko detail mein batana chahiye, taaki unhe aapki problem ko theek se samajh sake.","Main aapki symptoms ko dekhkar keh sakta hoon ki aapke pass di gayi clinical evidence se hum aapke red rashes aur small red dots ke baare mein kuchh bhi confirm nahi kar sakte. Aapke symptoms herpes jaise lagte hain, lekin aapne bataya hai ki aapke herpes test negative aaye hain. Hum is maamle mein aur adhik jaankari ke bina kuchh bhi keh nahi sakte. Aapko apne doctor se milna chahiye aur unse apni sari symptoms ke baare mein baat karni chahiye.",0.25,0.3333333333333333,0.75,0.6666666666666666,0.08333333333333331,0.08333333333333337
P01922,skin_rash,0.4486,medium,Mere kandhon par aur thoda neeche ek rash hai. Wo pimples ki tarah lag raha hai. Mujhe iski takriban 5 din se hai. Main cortisone aur bendryl ka istemal kiya lekin ab bhi hai. Iski image niche attach ,"Aapke kandhon par rash aur gharshan jaise aapshan ho sakte hain kisi allergic reaction ke karan, jaise ki aapne plants ya kisi cheez se takraaye ho. Aapne jo cortisone aur bendryl ka istemal kiya hai, wo thoda aaram dila sakta hai, lekin agar problem ab bhi hai to humein iski wajah jaanne ki zaroorat hai. Aapke camping par jaane ke baad ye samasya hone ki sambhavna hai, shayad aapne kisi plant ya insect se takraaye ho. Aapko ek dermatologist se milna chahiye, wo aapki skin ko dekhkar sahi diagnosis aur treatment bata sakte hain.","Aapke symptoms ko dekhkar, mujhe lagta hai ki yeh ek skin reaction ho sakta hai, lekin main iski exact wajah confirm nahi kar sakta kyunki aapki details clinical evidence me nahi hai. Aapne bataya ki aapko cortisone aur bendryl ka istemal kiya lekin ab bhi rash hai, aur aapko puri skin me gharshan jaise aapshan mahsoos ho rahe hain. Aapko plants aur cheezon se allergy hai, isliye yeh bhi ek sambhavna hai, lekin mujhe iske liye aur information chahiye. Aapko doctor se milna chahiye taaki unki madad se aapki exact problem pata chal sake.",0.5,0.5,0.5,0.5,0.0,0.0
P02369,skin_rash,0.4,medium,Mujhe ek rash hua hai jo wahan nikalta hai jahan par mein sabse zyada swear karta hoon. Meri pasli ke nichle hisse aur gardan ke peeche. Agar mein ise khujlata hoon to yeh phail jata hai aur thoda khu,"Aapko ek rash hua hai jo aapke pasli ke neeche aur gardan ke peeche hai, aur yeh khujlata hai. Yeh rash pehle laal tha, phir brown ho gaya, yeh possible hai ki yeh heat rash ho sakta hai, kyunki aapne bataya ki aapke area mein garmi ka asar pada tha. Aapko kisi dermatologist se milna chahiye taaki woh aapki skin ko dekhkar sahi diagnosis kar sakein. Aapko apni skin ko saaf rakhna chahiye aur koi bhi naya product use karne se pehle test karna chahiye.","Main aapki samasya ko samajhne ki koshish kar raha hoon, lekin mujhe clinical evidence mein aapke rash ke baare mein koi jaankari nahi mili. Clinical evidence sirf us patient ke baare mein hai jo abdominal pain aur nausea ke saath hospital aaya tha, aur uske baad unki mrityu ho gayi. Is evidence se hum aapke rash ke baare mein kuch nahi keh sakte. Agar aap apne rash ke baare mein jaankari chahte hain, to aapko apne doctor se sampark karna chahiye.",0.0,0.5,1.0,0.5,0.5,0.5
P02507,skin_rash,0.4681,medium,"Hello doctors, pehle toh aapko samay aur seva ke liye dhanyavad. mujhe haal hi mein ek raised blotchy rash ho raha hai jo khujli karne wala hai aur rang halka laal/pinkish hai (main african american h","Namaste, aapki chinta samajh mein aati hai, lekin pehle toh yeh samajhna zaroori hai ki rash aur lymp node ki sujan ke kai karan ho sakte hain. HIV ek sambhavna hai, lekin yeh bhi ho sakta hai ki yeh koi aur infection ya allergic reaction ho. Aapke symptoms, jaise ki rash aur kabhi kabhi sore throat, kai cheezon se related ho sakte hain. Hum aapko yeh salah denge ki aap ek doctor se milo aur apne symptoms ke baare mein detail mein baat karo, taaki unhe aapki sthiti ko acche se samajhne ka mauka mile.","Namaste, aapki chinta ko samajh rahe hain, lekin humein aapki rash aur HIV ke bare mein kuchh bhi clinical evidence nahi mila hai. Aapki file mein sirf Rosai-Dorfman disease (RDD) ki diagnosis hai, jismein generalized lymphadenopathy, fever, aur weakness shaamil hain. Aapke symptoms jo aapne bataye hain, unka humein is file mein koi connection nahi mila hai. Agar aapke paas aur koi sawal hai ya information chahiye, toh humein puchhein.",0.0,0.6666666666666666,1.0,0.3333333333333333,0.6666666666666666,0.6666666666666667
P02021,skin_rash,0.4738,medium,"Mere paas do tarah ke skin problems hain. Pehla tarah hai, dono kalaiyon par laal jagah hai, dusra tarah hai, ek rash aur sujan har elbow se shuru ho kar har bazo tak hai. Kisi bhi tarah ki khujli nah","Jane Ross, aapke skin problems ke baare mein sun kar lagta hai ki aapko ek tarah ki allergic reaction ya inflammation ho sakti hai. Dono kalaiyon par laal jagah aur bazo par sujan wale dane garm mehsoos hone ke karan, yeh ek chronic condition ho sakti hai. Aapko ek dermatologist se milna chahiye jo aapki skin ko dekh kar sahi diagnosis aur treatment batayenge. Aapko koi bhi medicine ya cream lagane se pehle doctor ki salah leni chahiye.","Jane Ross, aapke symptoms ko dekhkar, mujhe lagta hai ki aapke paas hyperkeratosis ki problem ho sakti hai, jaise ki clinical evidence mein hyperkeratosis of palms and soles ka zikr hai. Lekin aapke elbow par rash aur sujan ke baare mein, main kuchh confirm nahi kar sakta, kyunki clinical evidence mein is tarah ki koi specific information nahi hai. Aapke symptoms ko aur acchi tarah se samajhne ke liye, aur adhik jaankari ki zaroorat hai.",0.0,0.0,1.0,1.0,0.0,0.0
P02240,skin_rash,0.5182,high,"Mujhe h.pylori ka antibiotics ka treatment khatam karne wala hai jiski maine 7 din tak liya hai, ye hai metronidazole 400mg, amoxicillin 500mg aur omeprazole 20mg. Mera problem ye hai ki mere skin mei","Aapko 7 din tak antibiotics liye hai, lekin abhi bhi skin mein issues hai, ye thoda chinta ka vishay hai. Hives aur itchy eyes ho sakte hain antibiotic ke side effect ke karan, ya phir H. pylori infection abhi puri tarah se clear nahi hua hai. Aapko apne doctor se milna chahiye, woh aapki skin ki issues ko dekhkar aur aapki overall condition ko check karke hi kuch aur advice de sakte hain.","Mujhe aapki image nahi dekh sakte, lekin aapke symptoms ke baare mein baat kar sakte hain. Aapke skin issues, hives, aur itchy eyes ho sakte hain allergic reaction ke karan, lekin clinical evidence mein iske baare mein kuch nahi likha hai. Hum is case mein sirf renal dysfunction aur anti-tuberculosis treatment ke baare mein jaante hain, H.pylori ka antibiotics ka treatment ke baare mein kuch nahi jaante. Mujhe lagta hai ki aapko apne doctor se baat karni chahiye jo aapko treatment de rahe hain, ve aapke symptoms ke baare mein behtar jaante honge.",0.5,0.5,0.5,0.5,0.0,0.0
P00120,skin_rash,0.5623,high,"Mere 14 mahine ke bacche ke haathon aur gaal par rash hai. Please doctor, vartaman condition ko dekhein niche. Wo chote se safed ya skin coloured raised dots jaise lagte hain. Mein use apne haath ko k","Bilkul, aapka baccha 14 mahine ka hai aur uske haathon aur gaal par rash hai, yeh choti choti safed ya skin coloured raised dots jaise lagte hain. Yeh keede nahi ho sakte, lekin yeh ek allergy ya viral infection ho sakta hai. Aapko apne bacche ko ek pediatrician ke paas le jana chahiye, woh iske peeche ki wajah ko jaan kar sahi ilaaj de payenge. Deworming ki zaroorat ho ya nahi, yeh bhi doctor hi decide kar sakte hain. Aapko apne bacche ko turant doctor ke paas le jana chahiye.","Aapke bacche ke haathon aur gaal par rash ke baare mein, mujhe clinical evidence mein iske baare mein kuch nahi mila. Lekin aapke paas di gayi jaankari ke anusaar, yeh keede ki wajah se ho sakta hai, lekin hum yeh confirm nahi kar sakte kyunki aapke bacche ke baare mein humein koi jaankari nahi di gayi hai. Aapke bacche ko doctor ke paas le jayein, taaki unki vartaman sthiti ka pata chal sake.",0.4,0.0,0.6,1.0,-0.4,-0.4
P01384,skin_rash,0.5067,high,"Hi dr. Samuel mujhe kuch samay se mere skin ke problems ho rahe hain, mujhe chinta ho rahi hai kyunki ye din ba din badh rahi hai. Mere arms and neck par prickly heat type ki problem hoti hai, mere be","Aapki skin ki problems sunke lagta hai ki aapko kuch allergies ya skin conditions ho sakti hain. Prickly heat arms and neck par hota hai, toh shayad aapko heat rash ya miliaria ho sakta hai, aur belly, thighs, aur legs par eczema jaisa rash ho sakta hai, jo ki itching karta hai. Thigh par protruding sore lump ka pata lagaane ke liye hume aur details chahiye, lekin shayad ye koi boil ya abscess ho sakta hai, ya phir koi aur skin condition. Aapko doctor se milna chahiye, jo aapki skin ko check karke sahi diagnosis aur treatment de sakta hai.","Beta, aapke symptoms ko dekhkar, mujhe lagta hai ki aapke paas bullous mastocytosis ho sakta hai, jismein skin par blisters aur itching hoti hai. Aapke arms, neck, belly, thighs, aur legs par jo prickly heat type ki problem aur ezema jaisa rash hai, wo is condition ke symptoms ho sakte hain. Lekin, aapke thigh par jo protruding sore lump hai, uske bare mein mujhe clinical evidence mein koi information nahin mila, isliye main iske bare mein kuch nahin keh sakta.",0.4,0.3333333333333333,0.6,0.6666666666666666,-0.06666666666666671,-0.06666666666666665
P02222,skin_rash,0.4885,medium,Mere paon ke upar ek aisa rash hai jo ab mere ankhon aur taangon mein fail gaya hai. mainly chhote gehre brown spots hai lekin kuch neem spots meerge ho gaye hain. unhe itchiness ya dard bilkul bhi na,"Aapke paon, aankhon aur taangon par ye brown spots ho sakte hain koi skin condition jaise ki melasma ya pigmentation, lekin aapke paon sujhne ki wajah kuch aur ho sakti hai. Aapko doctor se milna chahiye taaki wo aapki jaanch kar sakein aur sahi diagnosis kar sakein. Aapko koi bhi dard ya itchiness nahi hai, lekin phir bhi doctor se milna zaroori hai taaki aapko sahi ilaaj mil sake. Aapko apne paon ki sujhne ki wajah bhi pata chal sakti hai, jaise ki koi infection ya allergy. Doctor se milne se pehle aap apne paon ko saaf rakhein aur koi bhi cream ya lotion lagane se pehle doctor ki salah lein.","Aapke rash ke baare mein, main aapko bata sakta hoon ki aapke symptoms mujhe patient ki file mein likhe hue symptoms se milte hain, jaise ki skin color small palpable lesion jo gradually badhta hai aur ring shape ban jata hai. Lekin aapke paon sujhne ke baare mein, main kuchh confirm nahi kar sakta kyunki clinical evidence mein iske baare mein koi jankari nahi hai. Aapke rash ke liye, doctor ne topical steroid prescribe kiya tha, lekin patient ko six weeks ke baad koi improvement nahi hua tha.",0.3333333333333333,0.5,0.6666666666666666,0.5,0.16666666666666669,0.16666666666666663
P02689,skin_rash,0.499,medium,"नमस्ते डॉक्टर, मैं HIV पॉजिटिव हूँ। ये दिनों मेरे लिंग की आड़े की तरफ खुजली हो रही है (कभी-कभी बहुत ज्यादा।) मैं ART पर हूँ। लेकिन, इन दिनों लिंग की आड़ा इंफेक्शन से डर लग रहा है। मेरी आड़ा सख्त, लाल,","नमस्ते सर, मैं समझता हूँ कि आपको लिंग की आड़े की तरफ खुजली और इंफेक्शन की समस्या हो रही है। ART पर होने के बावजूद, आपको यह समस्या हो सकती है क्योंकि HIV पॉजिटिव लोगों में इम्यून सिस्टम कमजोर होता है, जिससे इंफेक्शन का खतरा बढ़ जाता है। मैं आपको सलाह दूंगा कि आप अपने डॉक्टर से मिलें और उन्हें अपनी समस्या के बारे में बताएं, वे आपको उचित इलाज और सलाह दे पाएंगे। कृपया अपने डॉक्टर से मिलने से पहले मैस्टरबेशन और अन्य गतिविधियों से बचने की कोशिश करें।","नमस्ते सर, आपकी समस्या को देखते हुए, मैं कह सकता हूँ कि आपके लक्षण सेकेंडरी सिफिलिस के समान हो सकते हैं, जैसा कि हमारे पिछले मरीज में देखा गया था। उन्हें भी लिंग पर अल्सर और लाल चकत्ते थे। लेकिन, मैं यह कन्फर्म नहीं कर सकता कि आपको भी सिफिलिस है या नहीं, क्योंकि आपके मामले की जानकारी नहीं है। मैं आपको सलाह दूंगा कि आप अपने डॉक्टर से मिलें और अपने लक्षणों के बारे में चर्चा करें, ताकि उन्हें आपकी सही तरीके से जांच और इलाज किया जा सके।",0.25,0.25,0.0,0.0,0.0,0.0
P02517,skin_rash,0.4994,medium,"Mera problem ye hai ki mai army me hu, mai bahut kaam karta hu supply ke liye, agar mai PT ke baad bahut jyada workout karu to baad me mujhe itchy rash ho jata hai. Ye random tarike se bhi hota hai ja","Aapko itchy rash ho raha hai workout ke baad aur kabhi-kabhi random tarike se bhi, isse lagta hai ki aapko koi allergic reaction ho sakta hai ya phir aapke skin mein koi sensitivity hai. Moderate hot shower ke baad bhi ye problem ho rahi hai, isse pata chalta hai ki aapke skin ko koi irritant ho sakta hai. Aapke neck par dry asking spots hone ka bhi mention kiya hai, isse lagta hai ki aapko dry skin ki problem bhi ho sakti hai. Aapko ek dermatologist se consult karna chahiye, ve aapki skin ko properly check karke aapko sahi diagnosis aur treatment bata sakte hain.","Aapka problem humare clinical evidence se match nahi karta hai. Aapne jo symptoms bataye hai, wo humare patient ke symptoms se alag hain. Humare patient ko chemical exposure ke karan burn aur skin damage hua tha, lekin aapke symptoms itchy rash, dry skin spots, aur unke random occurrence ke baare mein hain. Hum aapke symptoms ke baare mein confirm nahi kar sakte kyunki humare clinical evidence mein aise symptoms ka zikr nahi hai.",0.0,0.0,1.0,1.0,0.0,0.0
P02051,skin_rash,0.5062,high,"Mujhe mere pith par, shoulders par, breast ke neeche, aur groin par rash hai, jiske saath mere kandho aur bra area mein jalan aur dard hai, saath hi meri poore sharir par skin peeling ho rahi hai. Mer","Aapko rash, jalan, aur dard ho raha hai, jo ki kai sambhavnaon ko darshata hai. Yeh ek allergic reaction, skin infection, ya autoimmune disorder ho sakta hai. Aapne hydroxychloroquine 200 mg liya hai, lekin main iske bare mein aur jaankari ke bina kuchh nahin kah sakta. Aapko ek dermatologist ya doctor se milna chahiye jo aapki sthiti ka uchit mulyankan kar sake. Aapne attach kiya gaya image bhi unhe dikhaayein, taaki ve aapko sahi diagnosis aur upchar de saken.","Aapke symptoms, jaise ki rash, jalan, dard, aur skin peeling, scabies ke lakshan ho sakte hain, lekin main iska confirmation nahin kar sakta kyunki aapke symptoms aur image ke baare mein mujhe pata nahin hai. Scabies mein intense pruritus hota hai, jo raat mein badh jata hai, aur yeh ek parasitic infection hai jo Sarcoptes Scabiei mite ke karan hota hai. Aapko skin scraping karwana chahiye aur microscopy se mite ki presence check karni chahiye, lekin main aapke specific case ke baare mein kuchh nahin keh sakta. Hydroxychloroquine 200 mg ka upyog scabies ke liye nahin kiya jata hai, scabies ke liye topical sulfur 10% ointment ka upyog kiya jata hai.",1.0,1.0,0.0,0.0,0.0,0.0
P02120,skin_rash,0.4672,medium,Hamari family mein sabhi log Malarone le rahe hain kyun ki hum malaria ke potential wale ek island par gaye the. Hum sabko alag alag types ke rashes ho gaye hain. Ek to thigh ke piche (dardnak aur do ,"Aapke rash ke baare mein sunke chinta ho rahi hai. Malarone ek antimalarial dawai hai, aur kabhi-kabhi ye dawai skin reactions cause kar sakti hai, jaise ki rashes. Lekin, aapke rash ka pattern dekhkar, yeh bhi ho sakta hai ki yeh sun exposure ya allergic reaction se ho, ya phir koi fungal infection jaise ringworm ya scabies. Main aapko salah deta hoon ki aap ek dermatologist se consult karein, taaki woh aapke rash ko dekhkar sahi diagnosis kar sakein.","Aapke symptoms ko dekhkar, mujhe lagta hai ki ye dawai se ya suraj se nahi hai, kyunki aapke family ke sabhi log alag-alag types ke rashes ho gaye hain. Lekin, clinical evidence ke hisaab se, aapke symptoms ARPC (Acquired Reactive Perforating Collagenosis) ke symptoms se milte hain, jaise ki keratotic papules aur itching. Lekin, hum ye confirm nahi kar sakte ki ye image aapke symptoms ki sahi tasveer hai ya nahi, isliye hume aur adhik jaankari ki zaroorat hai. Ringworm ya scabies ke bare mein, hum kuch nahi keh sakte kyunki clinical evidence ismein iske bare mein kuch nahi kaha gaya hai.",0.0,0.75,1.0,0.25,0.75,0.75
P02227,skin_rash,0.4459,medium,"Mere torso par aur thode par legs par rash hai. Itna bura nahi hai, par red blotches hai jo bahut khujli karte hain. Maine haali mein bounce dryer sheets use kiye hai pehli baar. Internet par maine de","Aapko torso aur legs par rash hai, aur aapne haali mein Bounce dryer sheets use kiye hai, toh shayad yeh uska reaction ho sakta hai. Benadryl aapke liye kaam kar sakta hai, lekin pehle aapko doctor se consult karna chahiye. Aapko Benadryl allergy kaam karne wala tablet lena chahiye, jaise ki Benadryl Allergy Ultratab. Lekin, aapko yeh bhi dhyan rakhna chahiye ki khujli ke liye calamine lotion ya hydrocortisone cream bhi use kar sakte hain.","Aapke symptoms mere paas diye gaye clinical evidence se match nahi karte hain. Clinical evidence mein patient ko ARPC (Acquired Reactive Perforating Collagenosis) diagnose kiya gaya hai, lekin aapke symptoms alag hain. Main aapko confirm nahi kar sakta ki Bounce dryer sheets se rash ho sakta hai ya nahi, kyunki iska koi mention clinical evidence mein nahi hai. Benadryl ke bare mein bhi koi information nahi hai, isliye main aapko koi suggestion nahi de sakta. Aapko apne doctor se consult karna chahiye.",0.0,0.5,1.0,0.5,0.5,0.5
P00081,skin_rash,0.528,high,"Meri 4 saal ki beti ke ek haath par aur peeth ke piche (gale ka neeche) ek chota sa patch hai. Wo thoda red aur bumpy hai, aur ek chote se black center jaisa dikhta hai. Kripya dekhein is vartaman con","Beti ko yeh rash achanak se kaise aa gaya, yeh samajhna zaroori hai. Lagta hai ki yeh ek insect bite ya allergic reaction ho sakta hai, jo raat ko hua hoga. Aapko doctor se milna chahiye, woh iske baare mein aur jaankari de sakte hain aur agar zarurat ho toh treatment bhi suggest kar sakte hain. Aapko uske haath aur peeth ko saaf rakhte hue, koi cream ya lotion lagane se pehle doctor ki salah leni chahiye.","Main aapki beti ki condition ko dekhne ke liye yahaan hoon, lekin mujhe clinical evidence mein aapki beti ki condition ke baare mein kuchh nahi mila. Diye gaye clinical evidence mein ek 80 saal ki mahila ki skin lesion ke baare mein bataya gaya hai, jo aapki beti ki condition se alag lagti hai. Main is vartaman condition ko confirm nahi kar sakta kyunki mujhe iske liye koi clinical evidence nahi mila.",0.0,1.0,1.0,0.0,1.0,1.0
P02524,skin_rash,0.4435,medium,"Mere pati ke skin par chotein hai, jo ek rash ke roop mein shuru hui aur baad mein itching wali bumps ban gayi. Aaj usne mujhe bataya ki jab usne ek bum ko khujate hue dekha to usme se ek bahut hi pat","Aapke pati ke skin par jo chotein aur bumps hain, wo kisi allergy ya infection ke karan ho sakte hain. Jab usne bum ko khujaya aur usme se safed baal nikla, to yeh ek parasitic infection jaise ringworm ya scabies ka lakshan ho sakta hai. Aapke pati ko doctor ke paas jana chahiye, taaki unki skin ko achhe se check kiya ja sake aur sahi ilaj diya ja sake. Main aapki email id note kar leta hoon, lekin aapko jaldi se doctor se milna chahiye.","Aapke pati ki skin problem ka description sunke, mujhe lagta hai ki yeh ek psoriasis ki condition ho sakti hai, jaise ki clinical evidence mein bataya gaya hai. Lekin, clinical evidence mein aise symptoms ka zikr nahi hai jaise ki aapne bataya hai, jaise ki safed baal ya cotton ball jaisa dikha. Main is vartaman condition ko confirm nahi kar sakta, kyunki clinical evidence ispar koi jaankari nahi deti. Aapko apne pati ko ek doctor ke paas le jana chahiye jo is condition ka proper diagnosis aur treatment kar sake.",0.0,0.25,1.0,0.0,0.25,1.0
P02295,skin_rash,0.5278,high,"Mujhe swimming pool aur hot tub mai jaane se ek skin rash,hota hai, laal daane aur itching hoti hai. Pool jaane band kar diya hai lekin rash har baar vapas ho jaati hai jab seemit roop se dur ho jaati","Aapko swimming pool aur hot tub jaane se skin rash ho raha hai, ye chlorine ya chemical ke reaction se ho sakta hai. Aapne doctor se cream liya hai, lekin rash vapas aa rahi hai, isliye aapko apne doctor se phir se baat karni chahiye. Aapne laundry detergent ke bare mein bhi bataya, lekin ye bhi ho sakta hai ki aapke kapde dhone ke baad detergent ka residue aapke skin par aa raha hai. Aap apne doctor se yeh bhi pooch sakte hain ki kya aapko koi aur precautions leni chahiye.","Aapki problem swimming pool aur hot tub se judi hai, lekin clinical evidence mein iske baare mein kuchh nahin hai. Hum is baat ko confirm nahi kar sakte ki aapki skin rash pool ya hot tub se judi hai ya nahin. Aapki patient ki file mein jo information hai, vah mesotherapy ke baad foreign body granuloma ki baat karti hai, lekin aapki problem ke baare mein kuchh nahin hai. Aapko apne doctor se baat karni chahiye jo aapki cream aur lotion prescribe kiya hai, unse aapko apni problem ke baare mein aur information mil sakti hai.",0.0,0.0,1.0,1.0,0.0,0.0
P02577,skin_rash,0.5331,high,"Mere inner left thigh par mujhe, jispar main vishvas karta hoon, ek rash hai. Mere left thigh aur scrotum ke beech wale mulayam area mein irritation hai, pasine se chamakta hua hai (puss hai) aur bahu","Aapke symptoms sunke lagta hai ki yeh ek fungal ya bacterial infection ho sakta hai, lekin STI/STD bhi possibility hai. Aapne jo irritation, pus, aur bad smell bataya hai, yeh sab symptoms ek infection ki taraf ishara karte hain. Main aapko salah deta hoon ki aap doctor se milo aur proper check-up karwayo, kyunki sirf doctor hi aapki condition ko theek se diagnose kar sakte hain. Aapko testing karwana zaroori hai, lekin aapko darne ki zarurat nahi hai, hum aapki problem ko solve karne mein aapki madad karenge.","Main aapko bata sakta hoon ki aapki current condition ke baare mein humein koi information nahi mila hai clinical evidence mein. Aapki left thigh aur scrotum ke beech wale area ki irritation, pus, aur bad smell ke baare mein koi jankari nahi hai. Hum iske baare mein kuch bhi confirm nahi kar sakte. Aapko yeh check karwana chahiye ki yeh kya hai, lekin hum iske liye koi specific advice nahi de sakte kyunki humare paas iske baare mein koi data nahi hai. Aapko doctor se milna chahiye jo aapki current condition ko check kar sake.",0.0,0.25,1.0,0.0,0.25,1.0
P02568,skin_rash,0.4851,medium,"Mere pati ke foreskin ke aspaas ek redish rash hai jise unhone blood pressure medication amlopidine se joda hai. Ye rash dard nahi karta hai, lekin lal dikhta hai, aur vo keh rahe hain ki ye khujli ho","Aapke pati ke symptoms dekhte hue, ye ek allergic reaction ya skin infection ho sakta hai, jo unki blood pressure medication se juda hua hai. Redish rash aur khujli hone ke karan, yeast infection bhi ek possibility hai, lekin iske liye proper diagnosis ki zarurat hai. Aapke pati ko family doc se milna chahiye, taaki unke symptoms ko properly check kiya ja sake aur sahi treatment diya ja sake. Monistat try karna chahiye, lekin pehle doctor ki salah lena zaruri hai.","Main aapki problem ko samajh raha hoon, lekin mujhe yeh kehna hai ki clinical evidence mein aapke symptoms ka koi zikr nahi hai. Hum yeh confirm nahi kar sakte ki aapka rash yeast infection hai ya nahi, kyunki ismein aise koi information nahi hai. Aapko apne family doctor se milna chahiye aur unse apni problem ke baare mein discuss karna chahiye, taaki ve aapki condition ko theek se diagnose kar sakein aur sahi treatment provide kar sakein.",0.5,0.5,0.5,0.5,0.0,0.0
P02180,skin_rash,0.454,medium,"Hi Dr. Samuel, Haal mein mere haathon par skin hives, raised, pink, itchy rash ho rahe hain. Mujhe lag raha hai ki ye seafood ki allergy se ho raha hai. Mujhe drug store se antihistamine lena hai. Wah","Aapko pata lagana hai ki ye hives contact se hai ya food se, toh aapko apne daily routine aur diet ko dekha padega. Aapne jo seafood ki allergy ka doubt bataya hai, uske basis par aapko ek antihistamine lena chahiye jo allergic reactions ko control kar sake, jaise ki diphenhydramine ya loratadine. Aapko drug store par advice leni chahiye ki kaun sa antihistamine aapke liye suitable hai. Aur, aapko ye bhi dhyan rakhna hai ki agar aapko breathing difficulty ya face, tongue, ya throat mein swelling ho, toh turant doctor ko dikhaana chahiye.","Main aapki image dekh raha hoon, lekin mujhe clinical evidence mein aapke symptoms ke baare mein kuchh nahi mila. Aapke paas jo hives, raised, pink, itchy rash hai, wo clinical evidence mein describe nahi kiya gaya hai. Main iske baare mein kuchh confirm nahi kar sakta. Aapko doctor se milna chahiye jo aapke symptoms ko dekhkar sahi diagnosis aur treatment suggest kar sake.",0.0,0.0,1.0,1.0,0.0,0.0
P02260,skin_rash,0.5256,high,"Mere beti ko is tarah ke raised blotches hai unki skin par, kuch rashes ki tarah lagte hai aur kuch bug bite ki tarah. Unhone koi abnormal food nahi khaya hai jo iska karan ho sakta tha aur kal wo bah","Aapki beti ko jo raised blotches hai, wo kai cheezon ki wajah se ho sakte hain, jaise ki allergy, infection ya skin irritation. Bug bite ya rashes ki tarah lagne wale ye blotches kabhi-kabhi heat rash ya contact dermatitis bhi ho sakte hain. Aapko chahiye ki aap apni beti ko ek doctor ke paas le jayein, taaki unka proper check-up ho sake aur sahi diagnosis kiya ja sake. Doctor aapki beti ki skin ko dekhkar aur uske symptoms ko samajhkar hi sahi treatment suggest kar sakte hain.","Beti ko jo rashes ya blotches hain, unka description Erythema elevatum diutinum (EED) jaisa nahi lagta hai, kyunki EED mein multiple painful red raised lesions hoti hain jo palms aur legs par aati hain, aur aapki beti ki image mein yeh sab details clear nahi hain. Hum yeh confirm nahi kar sakte ki yeh EED hai ya kuch aur, kyunki humare paas uski poori medical history aur examination details nahi hain. Aapko apni beti ko ek doctor ke paas le jana chahiye taaki unka proper diagnosis aur treatment ho sake.",0.25,0.75,0.75,0.25,0.5,0.5
P02459,skin_rash,0.3764,medium,"Hi, main Hawaii mein rehti hoon. Humne haal hi mein ek 12 din ka trip Wyo & Montana par kiya tha jahan bahut thand aur sukha hua tha. Uske antim din mujhe neeche ki peeth par ek rash patch se uth gaya","Aapko lagta hai ki yeh rash aapke lambi yatra ke dauran hua hai, khaskar aapne apni leg ko bahut ragadne ki wajah se. Yeh ek prakaar ki allergic reaction ya friction ki wajah se ho sakta hai. Aapke umar aur yatra ke dauran hone wale khichav ke karan bhi isme yogdan ho sakta hai. Main aapko salah deta hoon ki aap apne doctor se milo, woh iske baare mein aur achhe se jaankari de sakte hain.","Main aapki samasya ko samajhne ki koshish kar raha hoon, lekin mujhe lagta hai ki aapki samasya ka varnan karne wale clinical evidence mein nahin hai. Aapne jo bataya hai, usmein Mr X ke bare mein jaankaari thi, jo ki pulmonary tuberculosis aur HIV se peedit tha. Aapki samasya ka varnan ismein nahin hai, isliye main iske baare mein kuchh nahin kah sakta.",0.5,0.25,0.5,0.0,-0.25,0.5
P01993,skin_rash,0.547,high,"Mujhe Dengue ka diagnose hua hai 10 din pehle aur ab mere platelet count normal ho gaya hai aur fever bhi nahi hai. Current count 293 hai. Mere arms, legs, neck par bright red rashes ho rahi hai aur w","Dengue ke baad aisi rashes ho sakti hai, lekin yeh zaroori hai ki aap doctor se consult karein. Anti-allergic tablets jaise Avil ya Allegra le sakte hai, lekin pehle doctor ki salah lena zaroori hai. Aapko yeh bhi pata hona chahiye ki kya yeh rashes kisi aur cheez ki wajah se ho rahi hai, jaise ki allergy ya koi aur infection. Doctor se milne ke baad hi koi medicine lena shuru karein.","Aapke symptoms ko dekhkar, mujhe lagta hai ki aapke rash ka koi connection dengue se nahi hai, kyunki clinical evidence mein koi mention nahi hai ki patient ko dengue hua tha. Aapke rash ki wajah kuch aur ho sakti hai, lekin is case mein, patient ko PLEVA diagnose hua tha. Aapke liye anti-allergic tablet lena safe hai ya nahi, iske liye main confirm nahi kar sakta, kyunki clinical evidence mein iske bare mein koi information nahi hai. Aapko apne doctor se consult karna chahiye.",0.6666666666666666,0.5,0.3333333333333333,0.5,-0.16666666666666663,-0.16666666666666669
P02460,skin_rash,0.4785,medium,"Hindi: Namaste doctor, mere pas ek sawaal hai jahan pe mere skin pe rashes aur itching ke baare mein hai. Peechle teen hafte se mujhe bahut jyada itching ho rahi hai mere pair, haath aur taango mein, ","Namaste, aapki skin pe rashes aur itching ke liye kai tarah ke creams aur lotions uplabdh hain. Aapko hydrocortisone cream ya calamine lotion try karna chahiye, ye dono itching ko kam karne mein madadgar ho sakte hain. Aapko apne skin par thoda sa cream ya lotion lagakar test karna chahiye, agar aapko koi side effect mehsoos ho to turant rok dena chahiye. Aapko koi bhi product use karne se pehle thoda sa patience rakhna hoga, kyunki inke results dikhone mein thoda samay lag sakta hai.",[API_ERROR],1.0,0.25,0.0,0.0,-0.75,0.0
P02206,skin_rash,0.3907,medium,Do saal pehle mere chehre par laal chakte ho gaye. Mene skin specialist ke pass gaya. Unhone mujhe momate creem di aur kaha ki ise regular use karo. Uske baad se mein roz is creem ka istemal kar raha ,"Aapke chehre par laal chakte hone ki samasya hai, aur aapne skin specialist se consult kiya tha. Unhone aapko momate cream di thi, jo ki ek steroid cream hai, jo ki skin ki inflammation ko kam karne mein madad karti hai. Aapke case mein, yeh cream aapke liye effective hai, lekin aapko yeh cream regular use karna pad raha hai, nahi to chakte phir se ho jaate hain. Aapko apne skin specialist se phir se consult karna chahiye, taaki ve aapki samasya ko aur achhe se samajh sakein aur aapko proper guidance de sakein.",[API_ERROR],0.0,0.25,1.0,0.0,0.25,1.0
P01951,skin_rash,0.401,medium,"Mujhe chehre par ""rash"" hai jo shuru mein ek lal pimple cluster ki tarah hota hai, jo ek clear substance release karta hai aur dheere dheere crust ho jata hai aur flake ho jata hai. Jab ye ""heals"" ho ",[API_ERROR],[API_ERROR],0.25,0.25,0.0,0.0,0.0,0.0
P02585,skin_rash,0.4083,medium,"Hello, lagbhag 2 mahine pehle mere andar ki jaangh par ek round laal aur sujan wala bohot khujli wala circle dikha. Us samay mujhe uti ke liye antibiotics liye the. Mene us jagah ko lotrimin jock itch","Aapko 2 mahine pehle uti ke liye antibiotics liye the, aur usi samay aapki jaangh par ek round laal aur sujan wala circle dikha, jo ki khujli wala tha. Aapne usse lotrimin jock itch cream se treat kiya, jisse khujli, sujan aur laalapan kam ho gaya. Ab voh jagah sukh gayi skin ki tarah lagti hai, aur ek bruise ki tarah dikhti hai, yeh ek fungal infection ka nishan ho sakta hai, lekin yeh bhi ho sakta hai ki yeh skin ki koi aur samasya ho. Aapko ek dermatologist se milna chahiye, woh aapki skin ko dekhkar sahi diagnosis aur treatment bata payenge.",[API_ERROR],0.3333333333333333,0.25,0.6666666666666666,0.0,-0.08333333333333331,0.6666666666666666
P01657,skin_rash,0.5035,high,"Hello, uh mujhe samajh nahi aa raha hai ki kaise kahun, mujhe chinta hai ki mujhe breast cancer ho sakta hai, main clinic jaane ke liye bahut sharmati hoon... mere nipple ke upar ek ganth hai, choti m",[API_ERROR],[API_ERROR],0.25,0.25,0.0,0.0,0.0,0.0
P02858,skin_rash,0.4649,medium,"Hello doctor, mujhe lagbhag teen hafte pehle kuch problem hui thi meri skin mein. Mujhe antibiotics di gayi thi aur doctor ne kaha tha ki mujhe is jagah ko saaf rakhe aur anti-fungal cream lagayein. S",[API_ERROR],[API_ERROR],0.25,0.25,0.0,0.0,0.0,0.0
P02080,skin_rash,0.4669,medium,"Red hai aur itching kar raha hai aur mujhe irritate kar raha hai, lekin maine sab koshish ki hai ise ignore karne ki. Lekin ab mere left arm par ek spot hai jo mere shoulder par wale spot jaisa hai. Y",[API_ERROR],[API_ERROR],0.25,0.25,0.0,0.0,0.0,0.0
P00183,skin_rash,0.5342,high,"Mere poti ki skin dry hai aur uske legs par aur hair par whitish discoloration ki patches hai aur uski scalp bhi dry hai. Please doctor, dekhiye is vartaman condition ko. Humne usko beach par le jane ","Aapki beti ki skin dry hai aur uske legs par aur hair par whitish discoloration ki patches hai, ye shayad eczema ho sakta hai, kyunki aapne bataya ki dono parents ki history me eczema ki hai. Beach par jaane ke baad ye problem jyada dikhayi de raha hai, shayad waha ke environment ya sun exposure uski skin ko affect kar raha hai. Aapko ek pediatrician se milna chahiye, wo iske bare mein aapko better advise de sakte hain. Aap apni beti ko moisturizer lagate rahein aur uski skin ko hydrate rakhein, ye uski dry skin ko thoda relief de sakta hai.",[API_ERROR],1.0,0.25,0.0,0.0,-0.75,0.0
P02514,skin_rash,0.3757,medium,"Hi,Main alcohol peene ke baad apne chest par ek laal daaghoo wale rashes paata hoon, aur bhi emotional situations mein jaise jab main udas, gussa ya tanav mein hoon. Mujhe skin par aasani se laal nish",[API_ERROR],[API_ERROR],0.25,0.25,0.0,0.0,0.0,0.0
P01971,skin_rash,0.5982,high,"Mere hath ke peeche 3 mahine se kuch rashes hai, jo ek taraf ho rahe hain. Ye khujli ya dard nahi karta hai lekin aabhi tak gayab nahi hua hai. Shayad ye thoda phel raha hai. Uska image neeche attache",[API_ERROR],[API_ERROR],0.25,0.25,0.0,0.0,0.0,0.0
P01724,skin_rash,0.4861,medium,"Good Morning Dr. Mein 40 saal ka hoon. Mein RA positive hoon aur mujhe autoimmune disorder bhi hai. Mein Wysolone 15 mg se shuru kiya, phir 10 mg, 7.5 aur abhi 5 mg dosage par hoon. HCQS 200, Folitrax",[API_ERROR],[API_ERROR],0.25,0.25,0.0,0.0,0.0,0.0
P02036,skin_rash,0.5465,high,Meri beti ko is red oval scaly rash ko ab 4 mahine ho gaye hain. Ye ringworm jaisa lagta hai lekin aisa nahi hai. Hum dermatologist ke paas gaye the aur unhone biopsy karwayi. Abhi tak humein result n,[API_ERROR],[API_ERROR],0.25,0.25,0.0,0.0,0.0,0.0
P01794,skin_rash,0.555,high,"Hi doctor, main 24 saal ka hoon. Teen mahine pehle mujhe viral conjuctivitis hua tha, lekin do hafte baad sab theek ho gaya tha, phir meri aankhon ki drishti dhundhli ho gayi, tab mere doctor ne mujhe",[API_ERROR],[API_ERROR],0.25,0.25,0.0,0.0,0.0,0.0
P02647,skin_rash,0.5451,high,"Namaste doctor, mujhe kuch dino pehle total hip replacement surgery hui hai. Kal se mere torso, back, buttocks aur legs pe ek rash develop ho raha hai. Kripya doctor, niche diye hue vartaman condition",[API_ERROR],[API_ERROR],0.25,0.25,0.0,0.0,0.0,0.0
P02564,skin_rash,0.4782,medium,Mai 49 saal ki mahila hoon. Meri zindagi mein ab tak kabhi bhi chehre ki twacha se sambandhit koi problem nahi hui thi. Mujhe kisi chiz se allergy nahi hoti hai. Lotions badalne se meri twacha par kab,"Aapki twacha par laal rashes aa gaye hain, yeh kisi allergy ya irritation ke kaaran ho sakta hai. Aapne jo laxative liya tha, usse bhi yeh reaction ho sakta hai, kyunki kuchh medicines ya substances se skin par asar pad sakta hai. Ab aap us laxative ka sevan band kar chuki hain, to shayad rashes apne aap thik ho jayenge, lekin agar yeh rashes aur bhi badh jayen ya khujli honi shuru ho jaye, to doctor se milna zaroori hai. Aapko kuchh din wait karna chahiye aur dekhen ki kya rashes thik hote hain.",[API_ERROR],0.0,0.25,1.0,0.0,0.25,1.0
P01709,skin_rash,0.5866,high,"Mujhe saans lene mein takleef hai, mere left inner chest mein dard hai. Mere haatho par ek rash hai jo golakar hai aur jiski skin dry hai. Iska image neeche attach kiya gaya hai...april mein mujhe lun",[API_ERROR],[API_ERROR],0.25,0.25,0.0,0.0,0.0,0.0
P00403,skin_rash,0.5227,high,Mere paas do aur adhe saal ka ek beta hai jo abhi tak diapers mein hai aur uske penis ke aas paas ki skin par chote chote laal pimples ki tarah ke dane aa rahe hain. Kya ye uske urine se irritation ki,[API_ERROR],[API_ERROR],0.25,0.25,0.0,0.0,0.0,0.0
P00149,skin_rash,0.5216,high,"Mere 4 saal ki beti ko kuch samasya hai meri skin mein, pichle hafte wo gp ke paas gayi thi kyunki usko cough thi aur usne kaha tha ki shayad usko asthma aur chest infection ho sakte hain, isliye usko",[API_ERROR],[API_ERROR],0.25,0.25,0.0,0.0,0.0,0.0
P02328,skin_rash,0.4405,medium,"Mujhe ek baar baar aane wala rash hai jo meri gaal aur gardan par hi hota hai, mujhe lagta tha ki ye wheat ke skin products ke karan hai lekin ye bohat regularly ho raha hai aur mein bohat careful hoo",[API_ERROR],[API_ERROR],0.25,0.25,0.0,0.0,0.0,0.0
P00818,skin_rash,0.4884,medium,"Mere bete ko kuch dino se bimari hai. Usko ek rash hai aur uske private area ke paas skin pealing ho rahi hai. Kripya doctor, dekhiye is vartaman condition ko. Woh ek burning bright orange wee ke kara","Bête ko jo rash aur skin peeling ho rahi hai, yeh kai cheezon ki wajah se ho sakta hai, jaise ki allergy, infection ya koi skin condition. Burning bright orange urine ka karan bhi kai ho sakta hai, jaise ki dehydration ya koi urinary tract infection. Aapko doctor ke saath wait karna hoga, jab tak test results nahi aate, hum kuch confirm nahi keh sakte. Aap apne bete ko pani piyane ke liye kahein aur doctor ke instructions follow karein.",[API_ERROR],0.6666666666666666,0.25,0.3333333333333333,0.0,-0.41666666666666663,0.3333333333333333
P01591,skin_rash,0.4871,medium,"Mere haath lagatar khujli karte hain, aur jab main unhe khujata hoon toh meri skin mein ek chote se ho elevations issue sa aa jata hai. Doctor, iske liye image neeche attach hai. Thodi der baad bahut ",[API_ERROR],[API_ERROR],0.25,0.25,0.0,0.0,0.0,0.0
P02145,skin_rash,0.5579,high,"Mujhe ek rash hai, mere doctor ne skin scrapping karke kaha ki ye fungal ya bacterial nahi hai. Ye mere poore sharir par raised round welts hai jo itching karte hain aur gayab nahi hote. Mai isse 5 ma",[API_ERROR],[API_ERROR],0.25,0.25,0.0,0.0,0.0,0.0
P02463,skin_rash,0.5232,high,"Mere bete ke chest aur shoulders par red dry patches ho gaye hain, jo round shape ke hain. Unki sirf kuch hain, lekin wo unke normal body/skin area se alag hain. Hum swim karte hain, sun screen bhi la",[API_ERROR],[API_ERROR],0.25,0.25,0.0,0.0,0.0,0.0
P02358,skin_rash,0.5979,high,"Mujhe ek bahut khujli wala rash hai, jo mere scalp, lower back, shoulders aur elbows par develop hota hai. Mere dermatologist ne socha ki shayad ye dermatitis herpetiformis ho sakta hai. Sabhi tests n",[API_ERROR],[API_ERROR],0.25,0.25,0.0,0.0,0.0,0.0
P02192,skin_rash,0.4102,medium,Mujhe char hafte se mera sharir ke alag alag hisso me khujli aur daane ho rahe hain. Ye daane khujli karti hai aur agar main unhe khujlata hoon to ye phailne lagte hai. Meri skin dry hai aur maine vit,[API_ERROR],[API_ERROR],0.25,0.25,0.0,0.0,0.0,0.0
P01775,skin_rash,0.3728,medium,Maine ek hafte pehle pahadon mein ek pani ka dhakka kha liya aur meri boots ke andar sab bhig gaya. Agli subah utha aur mere paon ke andar aur talvon par ek kharish thi jo tuti hui khoon ke nason ki t,[API_ERROR],[API_ERROR],0.25,0.25,0.0,0.0,0.0,0.0
P02090,skin_rash,0.5126,high,Main 20 saal ki single ladki hoon aur kabhi bhi kisi se sexual contact nahi hua hai. Lekin mujhe chinta hai kyunki meri private area ab lal ho gayi hai. Ye last week mujhe periods ke time shuru hua th,[API_ERROR],[API_ERROR],0.25,0.25,0.0,0.0,0.0,0.0
P00110,skin_rash,0.4445,medium,"Mere 21 mahine ke bacche ki skin red raised rash ho jaati hai, lagta hai ki ye cinnamon toast khane ke baad hota hai lekin hum soch rahe hain ki iska kaaran sugar free syrup bhi ho sakta hai. Ye sugar","Bacche ko jo rash ho raha hai, wo shayad allergy ki wajah se ho sakta hai, khaskar cinnamon toast ya sugar free syrup ke baad. Aapko sugar free products dene se pehle thoda sa test karna chahiye, jaise ki thoda sa amount dekar dekhein ki koi reaction hoti hai ya nahi. Agar rash hoti hai toh use andar se harm ho sakti hai, jaise ki digestive issues ya aur bhi samasyaein. Aapko apne bacche ko ek safe aur controlled environment mein rakhte hue, sugar free products ko introduce karna chahiye, aur agar problem bani rahe toh doctor se milna chahiye.",[API_ERROR],0.0,0.25,1.0,0.0,0.25,1.0
P00101,skin_rash,0.5299,high,Mere 8 mahine ke beti ko kuch din pehle 39.1C ka temperature tha. Humne use humare doctor ke paas le gaye..unhone diagnosis kiya ki ye ek virus hai. Uska temperature ab normal ho gaya hai lekin uske p,[API_ERROR],[API_ERROR],0.25,0.25,0.0,0.0,0.0,0.0
P02322,skin_rash,0.5391,high,"Haal hi mein mere sarir par ek khujli breakout hua hai, jo skin eruption aur papule/blister ki tarha hai mere sarir par, especially mere torso par. Doctor initially samajh rahe the ki ye allergy ki wa",[API_ERROR],[API_ERROR],0.25,0.25,0.0,0.0,0.0,0.0
P02074,skin_rash,0.5124,high,Mujhe bahut saare skin tags ho rahe hain aur pichle 4-5 din se wo meri gardan tak aane lag rahe hain. Ye almost ek brown rash ki tarah hai jisme area mein skin tags noticeable hote hain. Main 69 saal ,[API_ERROR],[API_ERROR],0.25,0.25,0.0,0.0,0.0,0.0
P01589,neck_swelling,0.5476,high," Hi, mujhe abhi kuch din pehle ek severe lung infection hua tha aur ab usse mukti mili hai. Mere pass asthma bhi hai. Aaj mujhe apni gardan ke right side par sujan wala ek lymph node mila hai, Doctor ",[API_ERROR],[API_ERROR],0.25,0.25,0.0,0.0,0.0,0.0
P01555,neck_swelling,0.5505,high,Kya main apne neck ke side pe ek lump ke liye internal med specialist ke paas jaun? Mujhe bahut chinta ho rahi hai kyunki wo badh raha hai aur mujhe left side pe aur ek lump bhi notice ho raha hai. Au,"Aapko internal med specialist ke paas zaroor jaana chahiye, kyunki neck mein lump hone ki kai wajah ho sakti hain, jaise ki infection, allergy ya koi aur samasya. Aapke left side pe ek aur lump hone aur neck ke peeche ki skin mein problem hone ki wajah se yeh sabhi cheezein related ho sakti hain. Doctor aapki jaanch karke hi sahi wajah pata kar payenge, isliye aap unse milne jayein aur apni sabhi symptoms unhein bataayein. Aapko chinta karne ki zarurat nahi hai, lekin doctor ki salah lena zaroori hai.",[API_ERROR],0.3333333333333333,0.25,0.6666666666666666,0.0,-0.08333333333333331,0.6666666666666666
P01339,neck_swelling,0.5648,high,"Mai 5ft 4 186 lbs hoon, right side mai stiff aur painful neck se shuru hua, ab mere peeche upar ki taraf ek swollen lump hai neck ke just below. Doctor, kripya patient ki image dekhe, kuch issue hai m",[API_ERROR],[API_ERROR],0.25,0.25,0.0,0.0,0.0,0.0
P01536,neck_swelling,0.5869,high,Mujhe ek saal se jugular vein ke niche aur collar bone ke upar ek ganth hai. Ek saal pehle mujhe biopsy hui thi jisme lymph node cells aur regular cells dikhe. Ganth abhi bhi hai aur strenuous swimmin,[API_ERROR],[API_ERROR],0.25,0.25,0.0,0.0,0.0,0.0
P01627,neck_swelling,0.393,medium," Hi, haal hi mein maine apne peeth, maathe aur jaanghon par kuch gaanth payi hai...maine internet par padha hai aur pata chala hai ki ye ek benign tumor hai jise lipoma bhi kehte hain. Use kee image n",[API_ERROR],[API_ERROR],0.25,0.25,0.0,0.0,0.0,0.0
P01800,neck_swelling,0.6297,high,"Hello doctor, I have swelling in the neck and tested in the laboratory about three years ago. They say I have a problem with my thyroid and I need to consult a doctor. Unfortunately, we do not get a c",[API_ERROR],[API_ERROR],0.25,0.25,0.0,0.0,0.0,0.0
P00692,neck_swelling,0.4175,medium,"Toh maine aaj se ek hafta pehle ek wisdom tooth nikalwaya tha... Mujhe bahut iccha hai ki main uss taraf chew karo aur aise hi kuch karo, lekin main abhi tak uska dhyaan rakhta hoon... Mera samasya ye",[API_ERROR],[API_ERROR],0.25,0.25,0.0,0.0,0.0,0.0
P02662,neck_swelling,0.5262,high," Namaste doctor, Mera sawal hypothetical hai. Agar kisi ko stroke ke karan brain damage ho gaya hai, toh kya koi tarika hai jisse hum ye determine kar sake ki brain ke transmitters ya neurotransmitter","Namaste, aapka sawal bahut hi interesting hai. Brain damage ke baad neurotransmitters ko check karne ke liye kai tests available hain, jaise ki MRI, CT scan, aur PET scan. In tests se hum brain ke kisi specific area mein damage ko dekh sakte hain, lekin neurotransmitters ko directly check karne ke liye koi specific test nahi hai. Aapne attach kiya hua image dekhne ke liye dhanyavad, lekin mujhe lagta hai ki usse humein specific diagnosis nahi mil sakti.",[API_ERROR],0.25,0.25,0.0,0.0,0.0,0.0
P00794,neck_swelling,0.5727,high,"Karib ek saal pehle maine apne wisdom teeth aur molar (right side par) nikalwaye the. Molar ke tukde ho gaye the. Uske baad se, mere right side of neck par ek ajeeb si sensation hai. Kripya doctor, ne",[API_ERROR],[API_ERROR],0.25,0.25,0.0,0.0,0.0,0.0
P02603,neck_swelling,0.5336,high,"Namaste doctor, main 22 saal ka hoon. Mujhe last two months se apne gardan ke beech mein sujan hai. Kripya see something happened on neck below. Mere paas thyroid nahi hai aur maine ise do mahine pehl",[API_ERROR],[API_ERROR],0.25,0.25,0.0,0.0,0.0,0.0
P01687,neck_swelling,0.4703,medium,"Mere pichle kuch mahino se dhyaan diya hai ki mere gardan ke kareeb dono clavicles ke upar, nazook sujan hai, woh dard nahi karti hai aur main dekhti hoon ki jab main vyayam karta hoon, toh woh badh j",[API_ERROR],[API_ERROR],0.25,0.25,0.0,0.0,0.0,0.0
P01582,neck_swelling,0.6252,high,"Hi, mere neck par ek bada lymph node hai jo ek mahine pehle notice hua hai, ye dard nahi kar raha hai. Latest blood test mein meri uric acid level elevated hai. Doctor dekhiye patient ki image neeche,",[API_ERROR],[API_ERROR],0.25,0.25,0.0,0.0,0.0,0.0
P00405,neck_swelling,0.4206,medium,"Meri beti abhi hamare metal bed frame par gir gayi aur uske naak aur gaal ke beech aur bhujh mein takra gayi. Wo thoda suj gaya hai aur skin ke peeche bruising lag raha hai. Please dekhe, neeche attac","Beti ko chot lagne ke baad sujan aur bruising aana normal hai, lekin humein uske symptoms pe nazaron rakhna chahiye. Agar usko bahut dard ho raha hai ya sujan badh raha hai, to hum doctor se consult kar sakte hain. Aapne ice rakha hai, jo sahi hai, aur usko sohne dena bhi theek hai, lekin raat mein agar usko bahut dard ho ya uska sujan badhe, to hum doctor ko dikha sakte hain.",[API_ERROR],0.25,0.25,0.0,0.0,0.0,0.0
P01297,neck_swelling,0.5107,high,"8 din pehle mein office se ghar aaya aur jab car se utra to mere kaan ke neeche, mere gale ke niche ek laal, kadak ganth dikhi.Meri neck ki image dekh lo doctor, mere gale mein kuch problem hai. Ganth",[API_ERROR],[API_ERROR],0.25,0.25,0.0,0.0,0.0,0.0
P00213,neck_swelling,0.5161,high,Hi humne toh mujhe is ajeeb se vibrating shaking ki problem ho rahi hai meri neck ke back mein aur main ise apne head aur jaw mein bhi feel karti hoon aur kabhi kabhi apne body ke through bhi kyunki m,[API_ERROR],[API_ERROR],0.25,0.25,0.0,0.0,0.0,0.0
P01584,neck_swelling,0.4545,medium,"Mujhe apne gardan ke baye taraf ek ganth hai. Doctor, kripya niche diye gaye patient ki image dekhein, mere gardan me kuch samasya hai. Ye dardrahit hai aur bada ya chota dikhayi nahi deta hai. Mujhe ",[API_ERROR],[API_ERROR],0.25,0.25,0.0,0.0,0.0,0.0
P01811,neck_swelling,0.5217,high,"Namaste, doctor, Mere paas ke symptoms hain bad cold ya strep throat, itchy eyes aur throat lekin cough nahi hai. Mere tonsils to nahi hain, lekin lag raha hai ki mere throat ke ek taraf whitish puffi",[API_ERROR],[API_ERROR],0.25,0.25,0.0,0.0,0.0,0.0
P01613,neck_swelling,0.4501,medium,"Mujhe mere gardan ke paas, collarbone ke upar, ek dardnak ganth hai, agar main ise chhoo ya apni gardan hilao toh dard hota hai aur andar ek chhota sa sakht ganth hai. Doctor please dekhiye patient ki","Aapko gardan ke paas dardnak ganth hai, yeh chinta ka vishay hai. Aapne bataya ki yeh sujan roz roz kam hoti hai, lekin phir bhi aapko chinta hai. Aapko flu shot aur TDAP shot lage hue hain, isse yeh ho sakta hai ki yeh vaccination ke reaction ke karan ho raha hai. Main aapko salah deta hoon ki aap apne doctor se milo, woh aapki jaanch karke sahi diagnosis aur treatment bata sakte hain. Aapko shaant rehna chahiye, doctor se milne ke baad hi sahi pata chalega ki aapko kya problem hai.",[API_ERROR],0.25,0.25,0.0,0.0,0.0,0.0
P00698,neck_swelling,0.6016,high,"Mere ma ka umar 82 saal hai, 20 saal se diabetes hai aur wo humasulin 30/70 mixtard par hai- approx 20 unit daily + usko tripple artery bypass ho chuki hai to usko heart condition hai with erythemia +",[API_ERROR],[API_ERROR],0.25,0.25,0.0,0.0,0.0,0.0
P01334,neck_swelling,0.5627,high,Mujhe Pulmonary TB hai. 2.5 mahine tak AKT4 course liya hai aur uske baad continuously RCinex450 le raha hoon. 8 mahine se RCinex le raha hoon. Ab mujhe test karvana hai aur TB tablet ko stop karna ha,[API_ERROR],[API_ERROR],0.25,0.25,0.0,0.0,0.0,0.0
P01322,neck_swelling,0.4352,medium,"Namaste, mujhe meri 9 saal ki beti ke baare mein chinta ho rahi hai. Uske gardan mein dard wale ganthe ho gayi hain. Wahan sujan bhi hai. Doctor, kripya patient ki tasveer ko neeche dekhiye jo mere ga",[API_ERROR],[API_ERROR],0.25,0.25,0.0,0.0,0.0,0.0
P00211,neck_swelling,0.4908,medium,"Mere neeche ka haddi, left side, tender hai - skin nahi hai - teeth nahi hai - tissue hai, main samajhta hoon. Swelling nahi hai. Mujhe laga ki ye daant ho sakte hain, lekin maine haal hi mein dentist",[API_ERROR],[API_ERROR],0.25,0.25,0.0,0.0,0.0,0.0
P00948,neck_swelling,0.5583,high,"Hi! Mere left neck pe tb hai, mujhe last 14 months se treatment chal raha hai, pehle 7-8 months mein positive response aaraha tha lekin jab treatment close karne wala tha tab dobara swelling ho gayi h",[API_ERROR],[API_ERROR],0.25,0.25,0.0,0.0,0.0,0.0
P01698,neck_swelling,0.6068,high,Main 42 saal ki female hoon. Mene 2007 me 1 mahine tak AKT 3 liya aur 6 mahine tak AKT 4 liya tha. Mujhe TB ka diagnosis hua tha jab meri left neck me lymph node sujan hui thi aur mujhe surgery karwan,"Aapko chinta karne ki zarurat nahin hai, lekin aapko doctor se milna chahiye. Aapne pehle TB ka ilaaj karwaya tha, toh ab dard hone ki wajah kuch aur bhi ho sakti hai, jaise ki surgery ki jagah par inflammation ya infection. Aapko apne doctor ko dikhaana chahiye, wo aapki jaanch karenge aur phir pata chalega ki kya problem hai. Aapko darne ki zarurat nahin, lekin sahi samay par doctor ki salah lena zaruri hai.",[API_ERROR],0.0,0.25,1.0,0.0,0.25,1.0
P01406,neck_swelling,0.6095,high,"Main 25 saal ka hoon, lagbhag 5'11"" ki height hai aur weight lagbhag 189 lbs hai aur mere thighs, abdomen, love handles, lower back aur neck mein kuch lumps hain. Doctor, please look at the image of p",[API_ERROR],[API_ERROR],0.25,0.25,0.0,0.0,0.0,0.0
P01522,neck_swelling,0.4967,medium,"Mere gale ke left hand side, collar bone ke paas ek mutthi jaisi grand hai. Wo hamesha move hota rehta hai. Kabhi-kabhi wo bone ke piche chala jata hai. Kabhi-kabhi ise bone par mehsoos hota hai aur k",[API_ERROR],[API_ERROR],0.25,0.25,0.0,0.0,0.0,0.0
P00671,neck_swelling,0.5293,high,"Mujhe right side pe 1 daant aur left side pe 1 daant nikalwane pada, mujhe dhyaan pada ki mere gardan aur left arm mein bahut dard hota hai aur meri baazu ke neeche double size ka soojan hai. Mein doc",[API_ERROR],[API_ERROR],0.25,0.25,0.0,0.0,0.0,0.0
P00567,mouth_ulcers,0.4178,medium,"Mujhe pichle kuch saalo se apne munh mein kuch pareshani aa rahi hai... munh mein, gale mein bhari pan aur haddi mein dard. Maine sab cheezo ke liye test karwaye hai (kuch bhi life threatening nahi ha",[API_ERROR],[API_ERROR],0.25,0.25,0.0,0.0,0.0,0.0
P00657,mouth_ulcers,0.5713,high,"Mujhe inner ear infection hai, often mouth mein infection hota hai, Please dekhein affected area ki image doctor below. Meri lungs mein long history hai congestion ki aur haal hi mein mere skines mein","Aapko inner ear infection hai, aur mouth mein bhi infection hota hai, yeh dono cheezein ek doosre se related ho sakti hain. Aapki lungs mein congestion ki history aur skin mein granuloma annulare ki diagnosis, yeh sabhi cheezen ek complex health issue ka hissa ho sakti hain. Humein aapki skin ki image dekhni chahiye aur aapke symptoms ko aur detail mein samajhna chahiye. Aapko koi specific treatment ya medication le rahi hain ya nahi, yeh bhi puchhna zaroori hai.",[API_ERROR],0.0,0.25,1.0,0.0,0.25,1.0
P00608,mouth_ulcers,0.492,medium," Namaste kripya meri madad karein, meri paanch saal ke bete ko mouth ulcers aur red gums hai aur wo pasina baha raha hai lekin sardard mehsoos kar raha hai, wo kuch dino se kuch bhi nahi kha raha hai ",[API_ERROR],[API_ERROR],0.25,0.25,0.0,0.0,0.0,0.0
P01204,mouth_ulcers,0.5578,high,"Meri maa, age 48, Hepatitis C se suffer kar rahi hain. Uski liver bhi infected hai, isliye usko interferon therapy ke liye advice nahi kiya gaya. Ab woh occasionally temperature hota hai, aur uski sto",[API_ERROR],[API_ERROR],0.25,0.25,0.0,0.0,0.0,0.0
P01138,mouth_ulcers,0.4794,medium,"Mujhe kuch mahine se weight loss ho raha hai, waise hi khane par, lekin mere moonh mein recurring issue bhi hai. Please doctor, dekhiye is moonh ko neeche, lekin mein fruit aur veg enough kha rahi hoo",[API_ERROR],[API_ERROR],0.25,0.25,0.0,0.0,0.0,0.0
P00583,mouth_ulcers,0.5075,high,"Meri upper back ke daanto ke peeche dono taraf laal, suj gaya aur dard kar raha hai, jaise ki ulcers hain. Kripya dekhein affected area doctor ke image ko neeche. Ye TMJ mein jaata hai aur meri muh kh",[API_ERROR],[API_ERROR],0.25,0.25,0.0,0.0,0.0,0.0
P00250,mouth_ulcers,0.3743,medium,"Hi there, haal hi mein mere pati aur mujhe kuch samasya ho gayi hai hamare moo ke andar aur extreme thakan bhi hai. Ye chale telhaan ek hafta se zyada samay tak rahe hain aur poora jeebh ko cover kar ",[API_ERROR],[API_ERROR],0.25,0.25,0.0,0.0,0.0,0.0
P00218,mouth_ulcers,0.593,high,Mere 3 saal ki beti ko dermatomyosis ka diagnosis hua hai aur unhe pediatric rhuemetologist ki dekh rekh mein hai. Aaj raat humne unke jeebh par daag dikhaye - mujhe pata hai ki ye bimari muh mein ulc,"Bilkul, main samajh sakta hoon ki aapki beti ki dermatomyositis ki wajah se aap chintit hain. Jeebh par daag dekhne ke baad, humein yeh check karna hoga ki yeh daag koi infection toh nahi hai. Main aapki beti ki mouth ko dekhoonga aur phir pediatric rheumatologist se baat karne ki zaroorat hai, taaki hum yeh confirm kar sakein ki yeh ulcer unki condition se related hai ya nahi. Aapko chinta nahin karni chahiye, hum iska pata lagaenge.",[API_ERROR],0.0,0.25,1.0,0.0,0.25,1.0
P00930,mouth_ulcers,0.3803,medium,Meri aap se request hai ki aap ye mere liye solve kar dein please. Mere jeebh suji hui lagti hai aur jalan hoti hai kyuki us par kuchh safed baddi aur hard spots hain. Mere munh mein ulcers/spots hain,[API_ERROR],[API_ERROR],0.25,0.25,0.0,0.0,0.0,0.0
P00595,mouth_ulcers,0.5083,high,6 1/2 saal ke bacche ki white line photoshop par doctor ke naam se padi hai. Bacche ka mutant strain laga hai. Test by karne par nikla hai ki theef 60% jyada infective hai.Medicines abhibhi karade. Me,[API_ERROR],[API_ERROR],0.25,0.25,0.0,0.0,0.0,0.0
P01205,mouth_ulcers,0.4632,medium,"Mere dost ko alcoholic liver disease hai, uski pet bahut suj gayi hai, uske aankhon aur twacha peela hai aur aisa lagta hai ki uski jibh se khoon leak ho raha hai. Please doctor dekhiye munh ke andar ",[API_ERROR],[API_ERROR],0.25,0.25,0.0,0.0,0.0,0.0
P00615,mouth_ulcers,0.5085,high,"Mere aakh ke andar ek aisa jaisa feel hota hai jo mere jeebh se hil sakta hai, shuru mein mujhe laga ki yeh ek ulcer hai kyun ki dard ek ulcer ki tarah hi lagta hai, aur jab main khana khata hoon tab ","Aapke aakh ke andar jo dard ho raha hai, woh ek ulcer ki tarah lagta hai, lekin aapki jeebh se hilne ki baat sunke lagta hai ki yeh shayad ek mucocele ho sakta hai. Mucocele ek tarah ki cyst hoti hai jo mucous membrane mein ban sakti hai, jisse aisa feel hota hai ki woh hil sakta hai. Aapko ek dentist ya ENT specialist se milna chahiye, woh iske baare mein aur bata payenge. Aapko koi chinta nahi karni chahiye, lekin jaldi se doctor se milna zaroori hai.",[API_ERROR],1.0,0.25,0.0,0.0,-0.75,0.0
P00428,mouth_ulcers,0.4735,medium,"Hi,Maine haal hi mein 2 neeche ke daant (pre molars) nikalwaye, lagbhag 2 hafte pehle aur ek socket mein normal blood clot formation nahi hui, iska result hai ki waha par ek chota sa hole bana reh gay",[API_ERROR],[API_ERROR],0.25,0.25,0.0,0.0,0.0,0.0
P01084,mouth_ulcers,0.494,medium,"good morning. last Thursday maine ek doctor ko dekha aur usne kaha ki mere paas chhale hain, Please doctor, see the mouth below kidney infection aur usne mujhe nausea aur pain ke liye injections diye.",[API_ERROR],[API_ERROR],0.25,0.25,0.0,0.0,0.0,0.0
P02731,mouth_ulcers,0.4468,medium,"Hallo doctor, mujhe pichle chaar raat se roz 101 degree fever ho raha hai. Do din pehle, mere scrotum par kuch safed daag aa gaye aur mere muh mein bahut saare ulcer ho gaye. Mujhe yeh nahi pata ki wo",[API_ERROR],[API_ERROR],0.25,0.25,0.0,0.0,0.0,0.0
P00240,mouth_ulcers,0.42,medium,"2 din pehle mere ek daant ke aas paas sujan aa gayi thi, aur dusre din mere sare gums suj gaye aur mujhe thand lagne lagi, lekin mere badan mein bhi jalan ho rahi hai aur mere jeebh ke tip par ek lal ",[API_ERROR],[API_ERROR],0.25,0.25,0.0,0.0,0.0,0.0
P00023,mouth_ulcers,0.5043,high,"Mere 21 saal ke bete ko mouth me kai canker sores hai jo 5 din pehle shuru hue hai (pehle kabhi nahi the). Usko ab bhi ek pounding headache hai. Mouth pain ko ease karne ke liye oral gel ke alawa, use","Bête ko mouth me canker sores aur pounding headache ho raha hai, yeh dono cheezein ek doosre se related ho sakti hain. Canker sores ke karan mouth me dard hota hai, jo headache ko bhi trigger kar sakta hai. Aapke bete ko hydrogen peroxide se swish karna band karna chahiye, kyunki yeh dard ko aur bhi badha sakta hai. Unhein oral gel ka istemal karna chahiye aur agar dard aur headache jari rahe to doctor se milna chahiye.",[API_ERROR],0.0,0.25,1.0,0.0,0.25,1.0
P00217,mouth_ulcers,0.5319,high,"Mere 8 hafte ke bacche ko pura din man nahi lag raha hai, aur wo ek bottle khatam nahi kar pa rahi hai, aadhe raste se hi wo rok deti hai kyun ki use takleef hoti hai. Uske muh mein chote saare safed ",[API_ERROR],[API_ERROR],0.25,0.25,0.0,0.0,0.0,0.0
P02756,mouth_ulcers,0.5128,high," Hi doctor,maine 20 din pehle sex kiya tha aur condom tut gaya tha. Is haftemein mujhe halka flu jaisa lag raha hai, jaise ki sore throat aur aaj mere muh mein kuch problem hai. Flu symptoms aur muh m",[API_ERROR],[API_ERROR],0.25,0.25,0.0,0.0,0.0,0.0
P00555,lip_swelling,0.4217,medium,"Maine haal hi mein apne pet ke molars ke pas, masudo aur hontho mein ek chhote se group ke sapekte giraavatvale safed dardnahi karte dane ka pata lagaya hai. Kripya dekhiye doctor affected area ki ima",[API_ERROR],[API_ERROR],0.25,0.25,0.0,0.0,0.0,0.0
P01693,lip_swelling,0.4596,medium,Maine aaj subah apne upper lip ke thode si sujan ke saath utha. Maine ek Benadryl liya aur turant hi sujan kam hone lagi. Maine church mein bhi gaya aur ghar aane se pehle meri lip ka left side suj ga,[API_ERROR],[API_ERROR],0.25,0.25,0.0,0.0,0.0,0.0
P00495,lip_swelling,0.5726,high,"Mujhe ek tooth par root canal ho chuka hai - lower left side..... usse pehle mujhe swelling and numbness thi.Kripya doctor, neeche di gayi image dekhe jo affected area hai. Mujhe ek antibiotic diya ga","Aapko root canal ke baad numbness ho raha hai, ye thoda chinta ka vishay hai. Numbness hone ka karan shaayad nerve ko thoda nuksaan ho sakta hai, ya phir antibiotic ka effect abhi tak baaki ho sakta hai. Aapko doctor se milna chahiye, woh aapko sahi salah de sakte hain. Doctor aapko check karenge aur phir bataenge ki ye numbness kitne din tak rahegi.",[API_ERROR],0.25,0.25,0.0,0.0,0.0,0.0
P00489,lip_swelling,0.5105,high,Mujhe is month ki shuruwat mein apne wisdom teeth nikalwaye the aur neeche ke dant infected the. Nikalne ke baad unka bhayanak tezi se theek ho gaya tha aur sab kuch theek tha par aaj subah jab mein u,[API_ERROR],[API_ERROR],0.25,0.25,0.0,0.0,0.0,0.0
P00431,lip_swelling,0.6082,high,"Mere second molar from the back me kuch saal pehle chhip gaya tha aur do pieces of that tooth bhi toot gaye hain, so only the front half remains. Mujhe lagta hai ki usmein infection hua hai jo thanksg",[API_ERROR],[API_ERROR],0.25,0.25,0.0,0.0,0.0,0.0
P00265,lip_swelling,0.5382,high,"Meri 9 saal ki beti do din pehle uthi, uski thodi si right cheek suj gayi thi, phir kal vo uthi to uski thodi si left cheek suj gayi ab raat ko jab maine uski taraf dekha to uski upper lip suj gayi ha",[API_ERROR],[API_ERROR],0.25,0.25,0.0,0.0,0.0,0.0
P00795,lip_swelling,0.5441,high,"Tabla broken tooth ke upar medium marble size ka ball hai, plus lips ke skin above teeth on the same side of mouth suj gayi hai aur ""hanging over"" teeth. Kripya dekhein is affected area ka image docto","Aapko pehle dentist ke paas jaana chahiye, kyunki broken tooth aur uske upar marble size ka ball hai, jo infection ka karan ban sakta hai. Cheek sore hone aur nausea hone ke karan bhi urgent attention ki zarurat hai. Aap 2 weeks tak wait nahi kar sakti, kyunki infection aur bhi badh sakta hai. Aapko jaldi se dentist ke paas jaakar proper diagnosis aur treatment lena chahiye, aur agar zarurat ho to antibiotics bhi le sakte hain. Hot drinks aur saaf mouth, ibuprofen se temporary relief mil sakta hai, lekin permanent solution ke liye doctor ki salah leni chahiye.",[API_ERROR],0.0,0.25,1.0,0.0,0.25,1.0
P00554,lip_swelling,0.4311,medium,"Mujhe lagta hai mujhe 3 hafte pehle lip par kaanta lag gaya tha, pehle us par khujli hui fir wo suj gaya aur fir wo puss nikalne laga. Maine usse daba kar puss nikala aur fir peroxide aur alcohol laga",[API_ERROR],[API_ERROR],0.25,0.25,0.0,0.0,0.0,0.0
P00279,lip_swelling,0.4366,medium,"Mere lower gum and lip mein Listerine jisme peroxide tha ka use karne ke kuch hafte baad mujhe jalan ka ehsaas hua. Please doctor, dekhiye is vartaman condition ko. Kuch dikha nahi, bas gum mein thodi",[API_ERROR],[API_ERROR],0.25,0.25,0.0,0.0,0.0,0.0
P00980,lip_swelling,0.4238,medium,"Mere hoth hafte ke shuruvat mein kuch chote chote bumps se start huye. Cheezein dheere dheere kharab hone lagi aur ab mere upper aur lower hont suj gaye hain, laal hai, kabhi kabhi khujli hoti hai. Do",[API_ERROR],[API_ERROR],0.25,0.25,0.0,0.0,0.0,0.0
P00572,lip_swelling,0.495,medium,Namaste mujhe mouth sores ke baare mein ek sawaal hai. Maine friday ko apne family doctor ke paas jaaya par unhone mere sores par bilkul dhyan nahi diya kyun ki mujhe fever tha aur mere tonsils swolle,[API_ERROR],[API_ERROR],0.25,0.25,0.0,0.0,0.0,0.0
P00741,lip_swelling,0.4695,medium,"Hi Dr A, maine kal ek dentist ke paas filling ke liye gaya tha aur usne mujhe do baar mouth mein injection diya tha aur kuch ghanto baad meri hoth me sujhan hone laga tha aur ab bahut bada hai lekin w","Aapko kal dentist ke paas gaye the aur ab aapki hoth mein sujhan ho gayi hai, ye samajh mein aaya. Sujhan ke kai karan ho sakte hain, jaise ki injection ke baad allergy ya infection. Aapko ek antihistamine ya antibiotic cream try karna chahiye, lekin sabse pehle aapko apne dentist se baat karni chahiye, kyunki wo aapki situation ko behtar samajh sakte hain. Aapko chinta nahi karni chahiye, lekin agar sujhan badhta hai to aapko turant doctor se milna chahiye.",[API_ERROR],0.0,0.25,1.0,0.0,0.25,1.0
P00511,lip_swelling,0.5059,high,"Mujhe 4 din pehle front tooth pe upward motion mein chot lagi, dard hua hai zarur lekin thoda sa kam hone ke bajaye aur bhi badh gaya aur mere honth, gaal aur naak ke niche suj gaya hai. Kripya doctor",[API_ERROR],[API_ERROR],0.25,0.25,0.0,0.0,0.0,0.0
P00540,lip_swelling,0.4404,medium,Friday aur Saturday ko mujhe bahut tej dard hua tha daant mein jo shayad ek nerve ke marne aur gale se nikalne ki wajah se tha (sirf barf ki paani hi madad kar rahi thi.) Kal raat daant ka dard gayab ,[API_ERROR],[API_ERROR],0.25,0.25,0.0,0.0,0.0,0.0
P00543,lip_swelling,0.5161,high,Mein teen din pehle  sidewalk par gir gaya tha aur apne chehre pe gir gaya tha. Mere upper lip ke swelling kam ho gaye hain lekin meri andar wali upper lip pe ek bada sore hai aur jab mein girne ke da,[API_ERROR],[API_ERROR],0.25,0.25,0.0,0.0,0.0,0.0
P00274,lip_swelling,0.4994,medium,Mere 5 saal ke bacche ko subah se low fever tha aur sham ko high ho gaya. Maine use baby tylenol diya aur uska fever 99 tak gir gaya. Raat ko wo bhookha hokar utha par uski achi bhukh thi lekin uske a,[API_ERROR],[API_ERROR],0.25,0.25,0.0,0.0,0.0,0.0
P00535,lip_swelling,0.489,medium,"Hi, mere lower left wisdom tooth ko 7 din pehle nikal liya gaya tha. Abhi day 8 ka subah hai. Sab kuch acche se heal ho raha hai lekin mere lower lip, chin aur dant abhi bhi bahut suj gaye hain (sujan",[API_ERROR],[API_ERROR],0.25,0.25,0.0,0.0,0.0,0.0
P00284,lip_swelling,0.5756,high,"Mujhe apne munh mein kuch samasya aa rahi hai, tingling lips aur tongue hai. Ek persisting cough hai, bahut kam mucus hai, aur ab jab main coughing spell mein hoti hoon toh mujhe left side of my head ","Aapki samasya sunke lagta hai ki aapko kuch respiratory issue ho sakta hai, jaise ki bronchitis ya phir postnasal drip. Tingling lips aur tongue ka ho sakta hai ki aapko allergy ya phir acid reflux ki samasya ho. Aur left side of head mein dard ho sakta hai ki aapko sinusitis ya phir ear infection ho. Aapko rest karna chahiye, garam pani peena chahiye, aur agar symptoms aur bhi badhte hain toh doctor se milna chahiye.",[API_ERROR],0.0,0.25,1.0,0.0,0.25,1.0
P00022,lip_swelling,0.487,medium,"Main roz floss karta hoon aur kam se kam do baar brush karta hoon, main apni dental hygiene par bahut dhyaan deta hoon kyunki mujhe weak teeth hai. Lekin kal raat floss karte samay mere masudon mein b",[API_ERROR],[API_ERROR],0.25,0.25,0.0,0.0,0.0,0.0
P02701,swollen_tonsils,0.5549,high,"Hello doctor, Main ek 16 saal ki ladki hoon, 5 feet ki height hai aur lagbhag 65 kg ka weight hai. Kuch dino se mere gale ke saare lymph nodes suj gaye hain, tez dard wala gale aur tonsils hain jisko ",[API_ERROR],[API_ERROR],0.25,0.25,0.0,0.0,0.0,0.0
P00748,swollen_tonsils,0.5311,high,"Hi, Justin yahan hoon. Mujhe saalo se suj gaya ulva aur suj gaye lymph tonsils hai, lag raha hai ki ab internal scar tissue ke knots hain, ear ke piche ki taraf pretty big. Left side mein neck aur joi",[API_ERROR],[API_ERROR],0.25,0.25,0.0,0.0,0.0,0.0
P00772,swollen_tonsils,0.507,high,Hi Dr Bhatti kuch mahino se mere mouh mein ek aisa infection hai lag raha hai. Mere wisdom teeth ke pass ek taraf hard lumps hain. Ye lumps gum aur cheek combine hone wali jagah par sthit lagte hain. ,[API_ERROR],[API_ERROR],0.25,0.25,0.0,0.0,0.0,0.0
P02898,swollen_tonsils,0.5312,high,"Namaste doctor, mujhe jaanna hai ki mujhe kya karna chahiye. Main chaar din se bimaar hoon. Mere do tonsils hain (left side pe maine white spots notice kiye hain). Please doctor, dekhiye is vartaman s","Namaste, aapki sthiti sunke lagta hai ki aapko koi viral infection ho sakta hai, jaise ki flu ya tonsillitis. Aapke symptoms, jaise ki bukhar, sharir dard, aur thand lagne, is baat ki taraf ishara karte hain. Main aapko salah deta hoon ki aap garam paani peeyein, aur agar aapki sthiti mein sudhar nahi hota hai to doctor se milne jayein. Aapko antibiotics ya koi dusri medication ki zaroorat ho sakti hai, isliye doctor ki salah lena zaroori hai.",[API_ERROR],0.0,0.25,1.0,0.0,0.25,1.0
P01187,swollen_tonsils,0.5522,high,"I hilately, tonsillitus hua hai, strep throat se hui hui takleef ki wajah se jisme mononucleosis bhi hai, mere tonsils ki puss nikali gyi hai aur mai koanti-biotics ka heavy flush diya gya hai for inf",[API_ERROR],[API_ERROR],0.25,0.25,0.0,0.0,0.0,0.0
P00779,swollen_tonsils,0.5692,high,"Kya cough and heart palpitations jud sakte hain. 24 saal, 5ft, 200 lbs. Jan mei beemar hui thi aur mujhe bataya gaya ki ye sab chal raha hai. Iske symptoms lagbhag ek mahine tak rahe aur tab se mere t",[API_ERROR],[API_ERROR],0.25,0.25,0.0,0.0,0.0,0.0
P00950,swollen_tonsils,0.5112,high,"Mujhe 36 saal ki umra hai. Jab main chhoti thi tab mujhe kai baar strep throat ho gaya tha, lekin pichle dus saal se mujhe ye nahi hua hai. Haal hi mein mere tonsils par ek infection hua hai jismein w",[API_ERROR],[API_ERROR],0.25,0.25,0.0,0.0,0.0,0.0
P00005,swollen_tonsils,0.544,high,"Mera beta 13 saal ka hai aur pichle 2 ya 3 saalon se lagatar wahi bimari ho rahi hai....sore throat and tonsils,achy legs, low grade fever aur hamesha vomiting up mucus karta hai. Ye har couple of mon",[API_ERROR],[API_ERROR],0.25,0.25,0.0,0.0,0.0,0.0
P00749,swollen_tonsils,0.4799,medium,"Hello..Mujhe ek hafta pehle ek lower broken molar extract karwaya gaya tha. Socket mein kal se infection ho gaya hai aur mere throat ke ek taraf, jisme tonsil pe white patches hai, strep throat ki tar",[API_ERROR],[API_ERROR],0.25,0.25,0.0,0.0,0.0,0.0
P02873,swollen_tonsils,0.5645,high,"Hello doctor, main ek 33 saal ka purush hoon jiske pas koi mahatvapurn medical history nahi hai, sirf essential tremors ko Inderal 120 mg aur anxiety ko Venlafaxine 75 mg se treat kiya gaya hai. Teen ",[API_ERROR],[API_ERROR],0.25,0.25,0.0,0.0,0.0,0.0
P00778,swollen_tonsils,0.5665,high,"Mai ek 27 saal ki mahila hoon aur mujhe tonsillitis ka diagnosis hua hai. Maine ek hafte ka penicillin course shuru kiya hai aur mere symptoms hain sore throat, enlarged aur pus covered tonsils, swoll","Tonsillitis ke symptoms aapko ho rahe hain, jaise ki sore throat, bukhar, aur gardan mein swelling. Raat ko pasina bahana bhi ek common symptom hai is condition mein. Heart murmur ka pata lagaana ek alag baat hai, lekin kabhi-kabhi infection ke karan heart murmur jyada sunai de sakta hai, especially agar aapki immune system thodi weak hai. Aapko apne doctor se phir se baat karni chahiye ki ye dono correlated hain ya nahi, aur ve aapko proper guidance de sakte hain.",[API_ERROR],0.3333333333333333,0.25,0.6666666666666666,0.0,-0.08333333333333331,0.6666666666666666
P01826,swollen_tonsils,0.5327,high,"Hello doctor, I have ek sore throat since yesterday. There is also ek slight fever of 37.4. Mujhe lagta hai ki meri swollen tonsil ho sakti hai. I had taken juices aur gargled with warm water with sal",[API_ERROR],[API_ERROR],0.25,0.25,0.0,0.0,0.0,0.0
P00027,swollen_tonsils,0.4721,medium,"Mujhe apne do neeche ke wisdom teeth extraction karwaye the kal ki date mein, isliye ki wo impacted the....aaj ki date mein mein emergencyvisit par dentist ke paas gaya kyun ke raat ko unbearable pain",[API_ERROR],[API_ERROR],0.25,0.25,0.0,0.0,0.0,0.0
P01462,swollen_tonsils,0.479,medium,"Mujhe ek 5 saal ka bachcha hai, aur pichle 2 dino se uske sir par kai bade ganthe ho gayi hain.Bina kisi girne ya chot ke ye sudden appearance ko samjhane ke liye. Uski kaan ke peeche ke lymph nodes b",[API_ERROR],[API_ERROR],0.25,0.25,0.0,0.0,0.0,0.0
P01444,swollen_tonsils,0.4696,medium,"Mujhe jab khaate samay gala me ek gadda mehsus hota hai. Doctor, kripya patient ke tonsils ki image dekhein neeche. Mujhe isse dard nahi hota. Mujhe saans lene mein koi pareshani nahi hoti. Raat ko au",[API_ERROR],[API_ERROR],0.25,0.25,0.0,0.0,0.0,0.0
P01598,swollen_tonsils,0.5564,high,"Mere pati ko lagatar low grade fever, chills, cold feet and hands ki problem hai aur unke tonsils bhi suj gaye hain, coughing, Doctor kripya patient ke tonsils ke image ko below mein dekhe, unko bhi t","Aapke pati ki symptoms dekhte hue, lagta hai ki unhein koi infection ho sakta hai, jaise ki viral ya bacterial infection. Tonsils mein sujan, coughing, aur low grade fever ye sab symptoms iski taraf ishara karte hain. Back ki skin ki sensitivity aur kaan ke peeche gath bhi kisi underlying infection ya inflammation ka saboot ho sakta hai. Main aapko salah deta hoon ki aap apne pati ko ek doctor ke paas le jayein, taaki unki proper diagnosis ho sake aur sahi treatment mil sake.",[API_ERROR],0.16666666666666666,0.25,0.8333333333333334,0.0,0.08333333333333334,0.8333333333333334
P00922,swollen_tonsils,0.4524,medium,"Hello, main male 30 years ka hoon. Mujhe 2 hafte pehle csw ke saath surakshit sex hua tha. Koi breakage ya slippage nahi thi. Uske baad hi mujhe constant urine karne ki aadat si pad gayi thi. Mujhe sa",[API_ERROR],[API_ERROR],0.25,0.25,0.0,0.0,0.0,0.0
P01895,foot_swelling,0.5084,high," Namaste doctor, mujhe apne father ke health ke baare mein puchna hai. Unhone kai saalon tak 2-3 pags liqour peene ka aadat rakha tha. Abhi haal hi mein unko high blood pressure ho gaya hai. Unke dono",[API_ERROR],[API_ERROR],0.25,0.25,0.0,0.0,0.0,0.0
P01540,foot_swelling,0.6114,high,"22 saal ki hai; 5 4 ki height hai; 174lbs ka wajan hai; diabetes, heart disease aur auto immune diseases: MS aur lupus ki family history hai. Mere paon ke samne ek chota, hard lump hai. Doctor, kripya",[API_ERROR],[API_ERROR],0.25,0.25,0.0,0.0,0.0,0.0
P00327,foot_swelling,0.4561,medium,"Mera beta, 11/19/14 ko 5 saal ka ho jayega, kareeb 5-6 weeks se ye kah raha hai ki use ungliyon me tickling ho rahi hai. Koi zahirai sharirik anormality nahi hai, koi excessive sweating nahi hai, kisi",[API_ERROR],[API_ERROR],0.25,0.25,0.0,0.0,0.0,0.0
P00323,foot_swelling,0.362,medium,"Mere 2 saal ki beti coffee table se kood gayi. Wo turant ro padi aur apne paer par poora wajan nahi rakhti. Jab wo thoda sa pressure apply karti hai, toh wo ajeeb chalne lagti hai...apni badi toe ya i",[API_ERROR],[API_ERROR],0.25,0.25,0.0,0.0,0.0,0.0
P00868,foot_swelling,0.4502,medium,Mujhe yesterday issi time ek bee ne kaat liya tha. Mujhe mere pad ki sole ke center mein kaat liya tha. Please dekhiye mere foot par something ho gaya hai.Night tak to sab theek tha jab mujhe pata cha,"Bee kaatne ke baad sujna aur dard hona normal hai, lekin itni der tak sujna thoda chinta ka vishay ho sakta hai. Aapne benadryl liya hai, jo ki allergic reaction ko kam karne mein madad karta hai, lekin agar aapko breathing mein dikkat ya heart rate badh raha hai toh turant doctor se milna chahiye. Aapko apne foot par ice pack lagane ki koshish karni chahiye, aur agar sujna aur dard badhta hai toh doctor se milna zaroori hai.",[API_ERROR],0.0,0.25,1.0,0.0,0.25,1.0
P00446,foot_swelling,0.563,high,"Pichle do din se things swollen ho rahi hain. Do din pehle main utha aur mere right foot ke bottom par pain aur itchiness hua, kuch ghanto baad wo chala gaya phir left foot par hua. Agla din main utha",[API_ERROR],[API_ERROR],0.25,0.25,0.0,0.0,0.0,0.0
P02733,foot_swelling,0.561,high,"Hindi: Namaste doctor, main 60 saal ka hoon, vajan 44 kg hai, height 5.6 hai, pichle 25 saal se diabetes hai, 80 din se low carbohydrate diet par hoon, ab diabetes ke liye koi dawa nahi le raha hoon. ",[API_ERROR],[API_ERROR],0.25,0.25,0.0,0.0,0.0,0.0
P00460,foot_swelling,0.502,high,"Meri maa 83 saal ki hai. Unki haal hi mein pair mein ek ulcer ki wajah se hospital mein admit hona pada hai. Jab se hospital mein hai, unki taange suj gayi hain aur haath bhi suj gaye hain aur rakta b",[API_ERROR],[API_ERROR],0.25,0.25,0.0,0.0,0.0,0.0
P01474,foot_swelling,0.5105,high,"Main kaam kar raha tha, truck chala raha tha aur mere jangh ke bahar door handle se ragad aur takrane lagi. Doctor, kripya neeche patient ki tasveer dekhein. Thodi der baad, ek bahut bada skin colored","Aapko lagta hai ki truck ke door handle se ragadne ke baad aapke jangh par ek lump aa gaya hai. Yeh lump pehle skin colored tha, phir uska rang lal ho gaya, aur ab usmein khujli bhi ho rahi hai. Yeh ek hematoma ya swelling ho sakta hai, lekin humein iske baare mein aur jaankari chahiye. Aapko doctor se milna chahiye taaki woh iski jaanch kar sakein aur sahi ilaaj sujha sakein.",[API_ERROR],0.6666666666666666,0.25,0.3333333333333333,0.0,-0.41666666666666663,0.3333333333333333
P00872,foot_swelling,0.4772,medium,"Hi, pichle kuch mahino se mere pairon ke talwo mein different areas mein bahut khujli ho rahi hai. Fir suddenly wo bahut khujli hone lagte hain aur suj jaate hain, red ho jate hain, making it really p",[API_ERROR],[API_ERROR],0.25,0.25,0.0,0.0,0.0,0.0
P02744,foot_swelling,0.5317,high," Hello doctor, mere paon par ek kutte ne scratch kiya tha. Isliye maine apne upper arm mein tetanus injection liya, jiske baad mere upper arm mein dard aur sujan ho rahi hai, jo char din tak jari rahi",[API_ERROR],[API_ERROR],0.25,0.25,0.0,0.0,0.0,0.0
P01064,foot_swelling,0.4801,medium,"Mujhe lag bag 7 hafte pehle paon ke upar wale hisse par ek bone spur aur cyst nikalne ke liye surgery hui thi. Ye theek tha jab tak ki 2 hafte pehle, 5 hafte post surgery, mujhe infection ho gaya. Mai",[API_ERROR],[API_ERROR],0.25,0.25,0.0,0.0,0.0,0.0
P01521,foot_swelling,0.3922,medium,Kal mere pair par baseball ki size ke 3 bharela huye huye welts nikal aaye.They were bahut itchy aur laal hue aur numb bhi ho gaye. Lagbhag 3 ghante baad wo gayab ho gaye. Aaj firse mujhe same cheez h,[API_ERROR],[API_ERROR],0.25,0.25,0.0,0.0,0.0,0.0
P01683,foot_swelling,0.5875,high,"Main abhi asthma/COPD ke liye treatment ho raha hoon. Mera undiagnosed condition, howerver, ye hai ki meri right lower leg, foot aur especially instep bahut bloated hai. Kal maine us area mein ultraso","Aapki right lower leg, foot aur instep mein swelling hai, aur ultrasound mein clot nahi dikha, ye ek acchi baat hai. Ab blood work ke results ka intezaar karna hoga, kyunki ve kuch aur underlying conditions ko reveal kar sakte hain. Aapko apne doctor se poonchhna chahiye ki kya aapke asthma/COPD ke treatment se ye swelling related ho sakta hai ya koi aur reason ho sakta hai. Aapko apne symptoms ko closely monitor karna chahiye aur doctor ke saath follow-up karna chahiye.",[API_ERROR],1.0,0.25,0.0,0.0,-0.75,0.0
P01381,foot_swelling,0.5196,high," Hi, main 25 saal ka hoon aur haal hi mein mere lower back mein ek bump aa gaya hai jo kabhi-kabhi tanav mehsus hota hai. Mere left foot mein sujhan ke episodes ke saath saath mere legs, shin aur peni",[API_ERROR],[API_ERROR],0.25,0.25,0.0,0.0,0.0,0.0
P00452,foot_swelling,0.4963,medium,"hi, Mujhe mere left foot par sujan hai...aur lagbhag ek mahina ho gaya hai. Main insulin lete hue diabetic hoon. Blood pressure ki tablets bhi leta hoon. Sujan kabhi kam ho jati hai, lekin thodi der b",[API_ERROR],[API_ERROR],0.25,0.25,0.0,0.0,0.0,0.0
P01394,foot_swelling,0.562,high,Mai ek 29 saal ki mahila hoon. Mai Italian hoon lekin February 2010 se Australia mein reh rahi hoon. Mera wajan 70 kg hai aur meri zindagi mein teen baar broncho pneumonia hui hai (jab mai 3 saal ki t,[API_ERROR],[API_ERROR],0.25,0.25,0.0,0.0,0.0,0.0
P02780,hand_lump,0.5262,high,"Namaste doctor, maine saat hafto pehle ek running competition mein gir gaya tha (race ke ant mei), aur uske baad knee me dard, sujan aur chalne me dikkat hone lagi. Fir maine X-ray karwaya jisme fract",[API_ERROR],[API_ERROR],0.25,0.25,0.0,0.0,0.0,0.0
P00320,hand_lump,0.4995,medium,"Meri 15 mahine ki beti ke haath ki uski ring finger ke base par ek ""gath"" hai. Humne X-ray karwayi thi aur hume bataya gaya tha ki vo fractured ya dislocated nahi hai. Please doctor, dekhiye is vartam","Aapki beti ki ring finger ke base par gath hai, aur X-ray report mein fractured ya dislocated nahi hai, isse pata chalta hai ki haath mein koi badi chot nahi lagi hai. Doctor ne kaha hai ki ye ""extra bone"" jaisa dikhta hai, lekin hume specialist ki report ka wait karna chahiye taaki sahi diagnosis ho sake. Yeh ek ""sesamoid bone"" ya ""accessory bone"" ho sakta hai, jo kabhi-kabhi bachchon mein dekha jata hai. Aap specialist se milne ke baad hi sahi pata chalega ki ye kya hai aur iske liye kya karna chahiye.",[API_ERROR],0.5,0.25,0.5,0.0,-0.25,0.5
P01373,hand_lump,0.5563,high,"Namaste. Ye Lejeesh bol raha hai. 24 saal ka hu, mard hu, 180 cm lamba, 83 kg vajan hai. Koi badi bimari nahi hai. Piles ki thodi problem hai, shayad meri khan-pan aur raaton me naasamay neend ki waja",[API_ERROR],[API_ERROR],0.25,0.25,0.0,0.0,0.0,0.0
P01588,hand_lump,0.4698,medium,Hello! Aaj raat maine apni kohni ke niche ek chote se dard na dene wale ganth ko notice kiya hai. Ye ek mungfali ke size ki hai aur bilkul bhi dard nahi karti. Aaj raat mujhe bhi menstruation start hu,[API_ERROR],[API_ERROR],0.25,0.25,0.0,0.0,0.0,0.0
P01300,hand_lump,0.4896,medium,"Kal, mere haath ke upar (mujhe mere kalayi se lagbhag 2.5 inch door) ek ganth dikhayi di. Doctor vah iske liye image dekh sakta hai jo neeche attached hai. Koi dikhayi nahi de rahi hai, lekin ganth ko","Aapke haath par ganth dikhna aur dard hona chinta ka vishay hai. Aapne khoon diya tha, toh shayad yeh usse related ho sakta hai, lekin humein iske liye doctor ki salah leni chahiye. Aapko doctor se milna chahiye, woh aapki jaanch karke bata payenge ki yeh kya hai aur kyun hua hai. Doctor aapki image dekhkar bhi kuchh pata kar sakte hain. Aapko shaanti rakhte hue doctor ki salah leni chahiye.",[API_ERROR],0.25,0.25,0.0,0.0,0.0,0.0
P01319,hand_lump,0.4789,medium,"Mujhe kai hafte se right hand ke piche, wrist par ek ganth hai aur wo bahut, bahut dard deti hai. Doctor, uski image neeche attach ki gayi hai. Ab mera anguthe ke base par, haath ke andar ek sujan naj",[API_ERROR],[API_ERROR],0.25,0.25,0.0,0.0,0.0,0.0
P01499,hand_lump,0.5377,high,"Mere left arm ke niche mere arm pit se 3 inch neeche ek gaanth hai. Mujhe niche tak dard ho raha hai. Mere haath tak pahunchti hai. Doctor, uska image neeche attach hai. Kabhi kabhi bahut bura hota ha",[API_ERROR],[API_ERROR],0.25,0.25,0.0,0.0,0.0,0.0
P00472,hand_lump,0.5028,high,"Mai wednesday ko dopahar mein apne doctor ke paas gaya aur apni blood pressure check karwayi, cuff bahut tight tha, jab pump kiya gaya toh CMA ne ise aur bhi tighter pump kiya, toh usko thoda dard hua",[API_ERROR],[API_ERROR],0.25,0.25,0.0,0.0,0.0,0.0
P01565,hand_lump,0.5655,high,"Mujhe mere left arm mein ek bada gaanth hai, jahan wo jhukti hai, wo sakht aur dardnaak hai. Ek doctor ne kaha ki wo mulayam hai aur kuch chinta karne ki baat nahi hai, ab mujhe dusri taraf ek aur gaa",[API_ERROR],[API_ERROR],0.25,0.25,0.0,0.0,0.0,0.0
P01271,hand_lump,0.5085,high,"Mere 7 saal ki beti gir gayi thi kal aur ab uske wrist par ek gaanth hai. Doctor uski image neeche attached hai. Ye kya ho sakta hai? Hi, meri 7 saal ki beti gir gayi thi kal aur ab uske wrist par ek ","Aapki beti ki wrist par gaanth aa gayi hai, yeh shayad chot lagne se ho sakta hai. Kabhi-kabhi aise chot se swelling ya gaanth aa jata hai, lekin yeh bhi ho sakta hai ki yeh fracture ho. Aapko doctor se milna chahiye, woh uski proper check-up karenge aur pata chalenge ki yeh kya hai. Doctor shayad uski X-ray ya anya test karwa sakte hain. Aapko jaldi se doctor se milna chahiye taaki aapki beti ko sahi ilaaj mil sake.",[API_ERROR],0.0,0.25,1.0,0.0,0.25,1.0
P01473,hand_lump,0.5692,high,"Jab main apne desk par typing kar raha tha, mujhe apne left wrist par ek garmahat mehsoos hui aur jab maine niche dekha toh ek ganth ban rahi thi. Doctor, uske liye image below attach kar di gayi hai.",[API_ERROR],[API_ERROR],0.25,0.25,0.0,0.0,0.0,0.0
P01417,hand_lump,0.5891,high,"Abhi meri pointer finger par 3 ganthe mili hain, dono ganthe ek dusre ke directly opposite hai. Doctor, uski image attached hai down below aur right above the last knuckle on my left hand (below finge",[API_ERROR],[API_ERROR],0.25,0.25,0.0,0.0,0.0,0.0
P01604,hand_lump,0.5714,high,"Hello there mujhe breast pain hai aur mere breast mein 2 ganth hai dono ganth hil sakti hai. Ek ganth choti hai aur wo ganth mujhe dard kar rahi hai. Aur mujhe shoulder pain, neck pain aur hand pain b",[API_ERROR],[API_ERROR],0.25,0.25,0.0,0.0,0.0,0.0
P01332,hand_lump,0.4406,medium,"Hi, kya main abhi aapke swasthya sawal ka jawab de sakta hoon? Kripya apna sawal yahan likhein...inside forearm ke upar elbow crease ke upar ek ganth hai. Doctor, uske liye wala image neeche attach ki",[API_ERROR],[API_ERROR],0.25,0.25,0.0,0.0,0.0,0.0
P01245,hand_lump,0.6173,high,Mujhe 2015 mein right hand ke cancer ko amputation of middle finger se remove kar diya gaya hai. Ab mere haath mein ek mass hai jisme ek Large marble hai jo move karta hai aur dard hota hai. Kripya pa,"Aapko chinta honi chahiye, kyunki aapke haath mein ek mass hai jo move karta hai aur dard hota hai, yeh koi serious problem ho sakti hai. Aapko apne doctor se jaldi se jaldi contact karna chahiye aur apne symptoms ke baare mein unhe batana chahiye. Blood work aur CT scan ke results aane tak intezaar karna chahiye, lekin agar aapko bahut dard ho raha hai toh aapko jaldi se jaldi doctor se milna chahiye. Aapke pichle cancer ki history ke karan bhi yeh problem serious ho sakti hai, isliye jaldi se jaldi doctor se milna zaroori hai.",[API_ERROR],1.0,0.25,0.0,0.0,-0.75,0.0
P01733,hand_lump,0.511,high,"Mera haalchal, maine kal kuch mdma li thi aur aaj mere haath mein thoda swelling hai, red skin hai, forehead par bumps hai aur lips suj gaye hain. Mujhe ye janna hai ki kya mujhe allergy hai aur kya y",[API_ERROR],[API_ERROR],0.25,0.25,0.0,0.0,0.0,0.0
P01803,swollen_eye,0.4578,medium,"Hello doctor, Mujhe pichle ek hafte se sujhe aur sukhe aankhe hai aur halaanke pichle do din se aankho mein dard bhi ho raha hai. Meri aankhe jaldi thak jati hai aur main laptop screen ko lambi der ta",[API_ERROR],[API_ERROR],0.25,0.25,0.0,0.0,0.0,0.0
P02866,swollen_eye,0.4862,medium,"Pyare doctor,
Mere ank ke beech me kuch mahine se chota sa boil tha. Fir vo gayab ho gaya aur dusra boil same eye (right eye) ke bahar ke kone mein dikhai diya aur dheere dheere badhta aur chhota ho r",[API_ERROR],[API_ERROR],0.25,0.25,0.0,0.0,0.0,0.0
P01377,swollen_eye,0.5051,high,"Hi, meri 10 mahine ki bacchi ko pichle hafte bukhar aur flu tha. Aur lagbhag teen din pehle maine notice kiya ki uske left eye ke bahar ke kone mein ek chota sa gaanth hai. Doctor, kripya patient ki a",[API_ERROR],[API_ERROR],0.25,0.25,0.0,0.0,0.0,0.0
P02687,swollen_eye,0.5307,high,"Hi doctor,Main ek 48 saal ka purush hoon. Meri aankhon aur mere pupil ke aas pas ke pure area laal ho gaya hai. Ye mujhe bahut dard de raha hai. Maine doctor ke paas gaya tha aur mujhe conjunctivitis ",[API_ERROR],[API_ERROR],0.25,0.25,0.0,0.0,0.0,0.0
P00060,swollen_eye,0.5717,high,"Kya ek sujha hua gaal conjuntivitis ka sign ho sakta hai. Mere bete ke left eye par ek chota sty hai jo kal dikha hain. Please doctor, dekhiye is ankhon ko neeche. Maine use garm gila kapde se saaf ki","Aapke bete ke symptoms dekhkar lagta hai ki conjuntivitis ho sakta hai, lekin sujha hua gaal kai baar kisi aur infection ya allergy ka bhi sign ho sakta hai. Aapne jo garm compress kiya hai, wo sahi hai, lekin ab humein iske peeche ki wajah jaanne ki zaroorat hai. Mujhe lagta hai ki aapko ek doctor se milna chahiye jo aapke bete ki ankhon ko achhe se check kar sake. Conjuntivitis ke ilawa, sty bhi kisi aur infection ka sign ho sakta hai, isliye doctor ki salah lena zaroori hai.",[API_ERROR],0.5,0.25,0.5,0.0,-0.25,0.5
P02751,swollen_eye,0.532,high,"Hello doctor,उस का चित्र नीचे  attach कर दिया गया है। मुझे कुछ स्वास्थ्य सम्बन्धी चिंताएं हैं। मैं 47 साल का हूँ। मैं आंगिनाओं वाली दवाएं लेता हूँ। आखिरकार, मुझे पेट के दर्द के साथ पीठ के नीचे के दर्द",[API_ERROR],[API_ERROR],0.25,0.25,0.0,0.0,0.0,0.0
P02806,swollen_eye,0.4169,medium,"Namaste doctor,Meri beti ko meri doosre bacche ne wooden swing se sir par lagaya tha. Wo sir ke upar, eyebrow aur temple ke beech lagi hai. Wo theek se behave kar rahi hai. Bahut suj gayi aur khoon bh",[API_ERROR],[API_ERROR],0.25,0.25,0.0,0.0,0.0,0.0
P02745,swollen_eye,0.5704,high,"Hello doctor, Mere left eye ke cornea ke pass conjunctiva par ek yellowish bump hai. Jagne ke baad, dono aankhon mein redness hai, especially the bump ke aas-paas. Aur dono aankhon mein, naak ki taraf",[API_ERROR],[API_ERROR],0.25,0.25,0.0,0.0,0.0,0.0
P00372,swollen_eye,0.491,medium,"Mere pass ek 12 saal ka ladka hai jiski skiing karne ke dauran serious sunburn ho gaya tha kal. Iski aankhen itni suj gai thi ki lotion apply karne ke baad iss kism ki problems hui jo gaalv hai, ki us",[API_ERROR],[API_ERROR],0.25,0.25,0.0,0.0,0.0,0.0
P01024,swollen_eye,0.4976,medium,Hi mujhe lagbhag 6 hafte pehle mono ka diagnosis hua tha....main abhi bhi bahut thaka hua aur gumsum hoon lekin meri mukhya chinta hai meri chehre ke right side aur dono aankhon ki dheere dheere badht,[API_ERROR],[API_ERROR],0.25,0.25,0.0,0.0,0.0,0.0
P02964,swollen_eye,0.539,high,"Hi doctor, mujhe past 48 hours se toothache hai. Iski wajah se mere chehre ka right side puri tarah suj gaya hai. Toothache ab khatam ho gayi hai, lekin sujan badh rahi hai aur ab aankh wale area par ","Aapko toothache ke saath chehre ki sujan ho rahi hai, yeh kabhi-kabhi infection ki wajah se hota hai. Aapne heat aur ice apply kiya hai, lekin ab aapko thoda rest aur cold compress try karna chahiye. Aapko ek baar antibiotic aur pain killer lena chahiye, lekin yeh sirf doctor ki salah par hi lena chahiye. Aaj ke event ke liye aap thoda turmeric milk ya garam paani peene ki koshish kijiye, shayad aapko thoda relief mile.",[API_ERROR],1.0,0.25,0.0,0.0,-0.75,0.0
P00368,swollen_eye,0.5116,high,Mere 9 mahine ke bacche ko teesre din se sardi ki problem hai (saaf mucus) aur aankhon mein paani hai (koi laalima nahi hai). Wo pareshan ya uncomfortable nahi lag raha hai. Jab wo saans leta hai toh ,[API_ERROR],[API_ERROR],0.25,0.25,0.0,0.0,0.0,0.0
P00733,swollen_eye,0.5203,high,"Hi, mere paas ek broken tooth hai jiski wajah se mujhe shayad do din pehle meri Zubaan kat gayi thi. Ab meri Zubaan suj gayi hai, meri throat severely irritated hai, mere chehre ke right side mein kaa",[API_ERROR],[API_ERROR],0.25,0.25,0.0,0.0,0.0,0.0
P02597,swollen_eye,0.4658,medium,"Namaste doctor, mere pitaji ko kal cataract surgery hui thi. Unke sugar levels surgery se pehle theek the. Aaj unhe swelling ke karan 2 ml Dexa injection diya gaya hai unki aankh mein. Kripya doctor, ",[API_ERROR],[API_ERROR],0.25,0.25,0.0,0.0,0.0,0.0
P00041,swollen_eye,0.5438,high,"Mera beta 7 saal ka hai. Usko headache, sore body, throat pain hai aur uske eyes glassy hain.Please doctor, dekhiye ye eyes ko neeche.Wo kal thoda jor se gir gaya tha. Uska appetite ache hai. Uske eye","Aapke beta ke symptoms dekhkar lagta hai ki usko fever ho sakta hai, ya phir koi chota sa infection hai. Girne se bhi headache aur body pain ho sakta hai, lekin eyes glassy hone aur sunken lagne ka reason pata karna zaroori hai. Aapko apne beta ko ek pediatrician ke paas le jana chahiye, wo uski proper check-up karenge aur phir advice denge. Doktor se milne ke baad hi sahi diagnosis aur treatment pata chalega.",[API_ERROR],1.0,0.25,0.0,0.0,-0.75,0.0
P00807,knee_swelling,0.5162,high,Mujhe high blood pressure 169/90 aur vericose veins hai. Haal hi mein meri ghutne mein dard hona shuru hua hai aur meri taang suj gayi hai. Maine meri taang ko upar uthaya aur heating pad use kiya. Su,[API_ERROR],[API_ERROR],0.25,0.25,0.0,0.0,0.0,0.0
P02728,knee_swelling,0.4734,medium,"Hi doctor, maine CSW ke saath sex kiya tha. Sex ke dauran, usne apne yoni ko mere ling ke samne ragad diya. Mujhe aisa laga ki ling samay ke liye uski yoni mein ghus gaya. Fir maine turant ek condom p",[API_ERROR],[API_ERROR],0.25,0.25,0.0,0.0,0.0,0.0
P01475,knee_swelling,0.5843,high,"Mujhe apni ghutno mein bahut tez dard hai, Doctor kripya niche diye gaye image par nazar karen, left knee ke peeche meniscus surgery 16 mahine pehle hui thi, yeh ghutna sujh gaya hai, jiska size ek th",[API_ERROR],[API_ERROR],0.25,0.25,0.0,0.0,0.0,0.0
P01817,knee_swelling,0.5648,high," Hi doctor, mere papa 50 saal ke hain. Unke left knee mein sujan hai aur kuch liquid knee se nikal raha hai. Unhone ek orthopedic doctor se consult kiya hai aur doctor ne unhe kuch tests aur dawaiyan ",[API_ERROR],[API_ERROR],0.25,0.25,0.0,0.0,0.0,0.0
P01003,knee_swelling,0.4755,medium,Mera naam Dr Rangadhar hai....Meri Mother in Law ko miled elephantiasis hai.Pehle...2-3 months pehle ye bahut jyada problematic nahi tha...par last 2-3 months se ye bahut jyada kharab ho gaya hai. Unk,"Dr. Rangadhar, aapki mother-in-law ko elephantiasis hai, jo ki ek serious condition hai. Ye filariasis ke kaaran hota hai, jo ki mosquito ke kaatne se spread hota hai. Unki knees mein swelling aur pain ke liye, unhein doctor se milna chahiye, jo ki proper diagnosis aur treatment kar sake, jaise ki antibiotics ya surgery. Aap unhein jaldi se doctor ke paas le jayein, taaki unki condition ko control kiya ja sake.",[API_ERROR],1.0,0.25,0.0,0.0,-0.75,0.0
P02677,knee_swelling,0.52,high,"Hello doctor,Since yesterday, main bahut thaki hui hoon, aur mere pairon mein sujan hai. Yeh ek halki sujan lag rahi hai, lekin mujhe dar lag raha hai. Mene swelling ki tasveerein bhi attach ki hui ha",[API_ERROR],[API_ERROR],0.25,0.25,0.0,0.0,0.0,0.0
P01611,knee_swelling,0.5851,high,"Mujhe lagbhag ek mahine pehle apne right knee ke andar ek strong jhatka laga tha aur usne mere ankle bone par ek hard lump chhod diya hai, jisse football kick karne par aur jab main ise chuhta hoon, d",[API_ERROR],[API_ERROR],0.25,0.25,0.0,0.0,0.0,0.0
P01492,knee_swelling,0.5177,high,"Dard mein pulsa, jhunjhuni sa mehsoos hota hai, right leg ke taraf ek golak hai, dard ghutne tak hai, jahaan par golak hai wahaan bhi aur peeche ki taraf se leg ke nichle hisse tak. Mahino ke dauraan ",[API_ERROR],[API_ERROR],0.25,0.25,0.0,0.0,0.0,0.0
P01526,knee_swelling,0.5178,high,"Mujhe do weeks pehle neeche ki taraf kaanpne wale hisse ko bahut zor se mara tha, bahut dard tha, haalaki maine ibuprofen liya, usko thanda kiya, aur use elevated rakha. Iss samay swelling gayab ho ga",[API_ERROR],[API_ERROR],0.25,0.25,0.0,0.0,0.0,0.0
P01258,knee_swelling,0.6589,high,Hi For quite some time I ve had a sore leg with tenderness to the touch on the outer side of my right knee and swelling on my leg just below the knee with a knot in it. Doctor aap patient ke legs ki k,"Aapki leg ki samasya sunke, lagta hai ki yeh koi chronic pain ya inflammation ho sakta hai, jaise ki tendonitis ya bursitis. Outer side of knee mein tenderness hone ke karan, yeh bhi ho sakta hai ki aapko iliotibial (IT) band syndrome hai. Cortisone injection ke baad bhi symptoms rahe hone ke karan, humein aapki aur jankari chahiye, lekin shayad aapko physiotherapy ya exercise ki zaroorat ho sakti hai. Aapko doctor se milke proper diagnosis karwana chahiye.",[API_ERROR],0.5,0.25,0.5,0.0,-0.25,0.5
P01329,knee_swelling,0.5619,high,"Hie Mai ek 26 saal ka ladka hoon aur maine apne right knee ke daaye taraf ek hard pea size lump ka pata lagaya hai jo lagbhag 1 cm ka hai! Yah bilkul dard nahi karta, maine abhi tak ise dekha nahi hai",[API_ERROR],[API_ERROR],0.25,0.25,0.0,0.0,0.0,0.0
P01209,edema,0.5599,high," Namaste! Mera naam Nisar hai. Main 57 saal ka hoon. Mujhe hepatitus C hai 26 February 2009 se. Mujhe ye symptoms hai: Pait mein sujan ka hona (ascites), pairon mein sujan ke karan  Doctor, please loo",[API_ERROR],[API_ERROR],0.25,0.25,0.0,0.0,0.0,0.0
P02864,edema,0.5622,high,"Namaste doctor,A 23 saal ke ladke ko bike accident mein lag gaya, uska sar ka back side pe gir gaya tha, CT scan reports ke anusar mild cerebral hai.Please doctor, is vartaman haalat ko neeche dekhe. ",[API_ERROR],[API_ERROR],0.25,0.25,0.0,0.0,0.0,0.0
P01691,edema,0.5223,high,"Main Sandhya hoon, 22 saal ki hoon, aur female hoon. Bangalore, India se hoon. Main ek MBBS student hoon. Mujhe ek mahine se chest pain ho rahi hai. Retro-sternal hai, squeezing type ki, aur intermitt","Sandhya ji, aapki symptoms sunke lagta hai ki aapko kuch cardiac issues ho sakti hai, lekin humein iske liye aur details chahiye. Aapko retro-sternal chest pain ho rahi hai jo squeezing type ki hai, aur lying down aur deep breathing par aggravate hoti hai, yeh ek concerning symptom hai. Aapko pitting type ki pedal edema bhi hai, jo heart failure ka ek sign ho sakta hai. Aapko ek cardiologist se consult karna chahiye, woh aapki proper diagnosis aur treatment kar sakte hain.",[API_ERROR],0.5,0.25,0.5,0.0,-0.25,0.5
P02633,edema,0.5755,high,"Namaste doctor, Meri patni 6 mahine ki garbhavastha me hai. Ab tak, unko feotal movements mehsus nahi ho rahe hain. Unki recent ultrasound me placenta previa dikha raha hai. Unhe pet me dard ho raha h",[API_ERROR],[API_ERROR],0.25,0.25,0.0,0.0,0.0,0.0
P02566,edema,0.492,medium,"Mere pair ke pure neeche ka hissa blistering rash se bhara hua hai, jo khujli aur jalan hoti hai aur phat kar straw rang ka fluid ooze karta hai. Mere pass koi allergy ka itihas nahi hai aur mujhe anj",[API_ERROR],[API_ERROR],0.25,0.25,0.0,0.0,0.0,0.0
P00975,edema,0.5288,high,"Mera right foot hai jisme great toe draining hua hai kyunki wo infected hai, wo ab bahut accha dikhta hai kyunki uspe ek calis tha jo burst kar gaya hai. Ab mera foot bahut saara fluid bahar push kar ",[API_ERROR],[API_ERROR],0.25,0.25,0.0,0.0,0.0,0.0
P01116,edema,0.505,high,"Mera doctor ne mujhe 3 saal tak Lasix aur potassium diya thakan aur pulmonary ke khatre ke karan. Please doctor, dekhiye is vartaman condition ko. Main aakhirkar khud se nearly a year ago ise chhod di",[API_ERROR],[API_ERROR],0.25,0.25,0.0,0.0,0.0,0.0
P02953,edema,0.568,high,"Hello doctor,Mujhe kal chemotherapy port removal ke liye blood workup karwaya gaya tha. Mere creatinine level tab 1.9 mg/dL tha, aur usse pehle woh normal range mein tha. Ek din pehle mujhe kaafi kam ",[API_ERROR],[API_ERROR],0.25,0.25,0.0,0.0,0.0,0.0
P00802,edema,0.5577,high,"Mere pitaji ko 10 saal se hypertension hai aur ve 8 saal pahle amlodipine chalu kar diye the, ek mahine pehle vo gambhir sir dard mehsoos kar rahe the aur unke physician ne unhe cinazine aur aspirin d","Aapke pitaji ko hypertension hai aur ve amlodipine le rahe hain, aur ab unhe cinazine aur aspirin bhi diya gaya hai. Dono vasodilators hain, isliye contraindication ka khatra ho sakta hai, khaaskar ki unhe peripheral artery disease bhi hai. Unke physician se baat karna zaroori hai, kyunki ve unke medical history ko jaante hain aur unhe sahi salah de sakte hain. Aapke pitaji ko apne physician se poochhna chahiye ki kya dono medicines saath mein lene se koi problem ho sakti hai.",[API_ERROR],0.25,0.25,0.0,0.0,0.0,0.0
P00434,edema,0.5044,high,"Mai 64 saal ki hoon, 5'3"" lambai hai, aur mera wazan 190 lbs hai. Mere 9 din pehle ek car hadse mein chot lag gayi aur mujhe concussion ho gayi. Mere husband keh rahe hai ki mujhe kuch din se badboo a",[API_ERROR],[API_ERROR],0.25,0.25,0.0,0.0,0.0,0.0
P01148,edema,0.4693,medium,"Hi main Sujata hu, 69 saal ki mahila, India se. Main DM type 2 IDDM hu pichle 25 saal se. Humalog TDS aur Lantus raat ko 11 baje le rahi hu. Mere S. urea aur S. Creatinine level badhne lage the aur bl",[API_ERROR],[API_ERROR],0.25,0.25,0.0,0.0,0.0,0.0
P00906,eye_redness,0.4836,medium,"Toh main ek 24 saal ka ladka hoon jo burlington ontario mein rehta hai aur last past week se mere aankh ke aas paas redness hai (jiske wajah se khujli hoti hai). Please doctor, aankhon ko dekhein. Aur",[API_ERROR],[API_ERROR],0.25,0.25,0.0,0.0,0.0,0.0
P02831,eye_redness,0.4943,medium,"Namaste doctor, main apne bhai ke taraf se ye sawal puch rahi hoon. Unki umar 37 saal hai, unki lambai 5' 7"" hai aur wajan lagbhag 70 kg hai. Unko koi dawai nahi chal rahi hai. Unka vyavasay ciwala va",[API_ERROR],[API_ERROR],0.25,0.25,0.0,0.0,0.0,0.0
P01215,eye_redness,0.4095,medium,"Mera naam Casey hai, mujhe lagbhag 2 saal pehle pbc ka diagnosis hua tha aur main ursidol par chal rahi hoon ~ mujhe hamesha yaad nahi rehta ki main 3 doses leti hoon, lekin mujhe achha feel hota hai ",[API_ERROR],[API_ERROR],0.25,0.25,0.0,0.0,0.0,0.0
P03012,eye_redness,0.5584,high,"Hi doctor, mujhe 35 saal ka hoon, koi dil ke problem nahi hai, koi dawai nahi le raha hoon, koi janne wali sujan nahi, abnormal body temperature nahi hai, koi allergies nahi hai kabhi. Raat ko, sirf 3","Aapko raat mein kam neend aa rahi hai aur pasine ki samasya ho rahi hai, jo ki stress, anxiety ya hormonal imbalance ka karan ho sakta hai. Aapki aankhein red ho rahi hain, yeh dehydration ya allergies ka bhi karan ho sakta hai, lekin aapne kaha ki aapko allergies nahi hai. Aapko apni lifestyle mein thoda badlav karna chahiye, jaise ki exercise, meditation, aur achhi neend ki aadatein. Aapko ek specialist se milna chahiye, woh aapki samasya ka sahi karan pata kar payenge.",[API_ERROR],1.0,0.25,0.0,0.0,-0.75,0.0
P02625,eye_redness,0.4738,medium,"Hello doctor,Kya Omnacortil aur Wysolone tablets ke side effects hai. Mein last year se daily 10 mg kisi ek ki istemal kar raha hoon, aankhon mein redness ki wajah se, aur ab mujhe obesity ki problem ",[API_ERROR],[API_ERROR],0.25,0.25,0.0,0.0,0.0,0.0
P02860,eye_redness,0.5247,high,"Mujhe kuch health issues hai jinhe mein address karna chahta hoon. Mujhe depression hai, fatigue hai, low energy hai, tiredness hai, aur jab main subah uthata hoon toh red eyes hote hain. Please docto",[API_ERROR],[API_ERROR],0.25,0.25,0.0,0.0,0.0,0.0
P01812,eye_redness,0.4297,medium,"Hello doctor, Mere aankhon mein redness hai. Maine Tetryzoline ka upyog shuru kiya, lekin koi asar nahi hua. Redness pichle do hafte se badh gayi hai. Aankhon mein sukhepan, khujli aur kabhi-kabhi aan",[API_ERROR],[API_ERROR],0.25,0.25,0.0,0.0,0.0,0.0
P00961,eye_redness,0.5384,high," Namaste, meri 4 saal ki beti ne apne left eye ko bilkul laal dekha aur discharge sticky hai. Please doctor, dekhiye inhein niche aankhon mein. Usko kuch dino se sardi hai aur wo kaan dard ki shikayat","Namaste, aapki beti ki aankh mein laalapan aur sticky discharge dekhkar lagta hai ki usko conjunctivitis ho sakta hai, ya phir sardi ke karan aankh mein infection ho sakta hai. Kaan dard bhi sardi ke karan ho sakta hai, lekin doctor se milne ke baad hi sahi pata chalega. Aapko doctor ke paas le jaane ka faisla bilkul sahi hai, woh aapki beti ki aankh aur kaan ko check karke sahi diagnosis aur treatment bata sakte hain. Doctor se poonchhne par pata chalega ki kya usko antibiotics ki zarurat hai ya koi aur treatment.",[API_ERROR],0.0,0.25,1.0,0.0,0.25,1.0
P03007,eye_redness,0.4773,medium,"Namaste doctor, mein kal se bimaar ho gaya hoon aur lagta hai ki haalat aur bhi kharab ho rahi hai, mein mushkil se jaga hoon saka. Mujhe flu ke lakshan hai: muscles aur joints mein tej dard, aankhon ",[API_ERROR],[API_ERROR],0.25,0.25,0.0,0.0,0.0,0.0
P01251,skin_growth,0.6344,high,"Mujhe 4 chemo treatments hue hain, aur 31 radiation treatments hue hain, carcinoma of the left lung ke liye, jo 30th Oct. ko khatam hue. Ab mere left breast ke nipple ke peechhe ek ganth hai, aur mere",[API_ERROR],[API_ERROR],0.25,0.25,0.0,0.0,0.0,0.0
P00178,skin_growth,0.5219,high,"Hello meri 13 mahine ki baby girl ke gum se ek aise skin tag hai jo uski molar ki growth ke wajah se latk rahi hai. Mai use sujha dekh rahi hoon aur usko bukhar bhi hai, lekin usne apne shots aur than",[API_ERROR],[API_ERROR],0.25,0.25,0.0,0.0,0.0,0.0
P01662,skin_growth,0.5258,high,"CT scan normal hai. I blacked out aur apni head ko counter top pe lagaya hai shayad, jisme ek bahut bada lump hai, hand size ka. 10 din ke baad abhi bhi lump hai par wo chota ho gaya hai. Bruising are",[API_ERROR],[API_ERROR],0.25,0.25,0.0,0.0,0.0,0.0
P02691,skin_growth,0.492,medium,"Hello doctor, mujhe 10 din pehle basketball khelte waqt groin me bahut tez kneed lagi thi. Dard zyada der tak nahi hota, zyada pareshani nahi hoti hai. Iski image attached hai neeche. Mere left testic",[API_ERROR],[API_ERROR],0.25,0.25,0.0,0.0,0.0,0.0
P00172,skin_growth,0.5175,high,"Mera beta 8 saal ka hai and maine dekha hai ki uske right tip of his nose par extra skin grow kar rahi hai. Please doctor, dekhiye is vartaman condition ko. Mujhe lag raha tha ki ye ek wart hai isliye","Aapka beta 8 saal ka hai aur uske nose par extra skin grow ho rahi hai, ye samasya dekhne mein aati hai. Aapne pehle doctor se baat ki thi aur phir dermatologist ke paas bhi gaye, lekin scissors se katne ke baad bhi ye fir se grow ho rahi hai. Ho sakta hai ki ye extra skin grow hi ho, lekin dermatologist se phir se consult karna chahiye, shayad woh aur koi treatment suggest kar sakte hain. Aapko phir se dermatologist ke paas jana chahiye aur unse is bare mein baat karni chahiye.",[API_ERROR],0.25,0.25,0.0,0.0,0.0,0.0
P02762,skin_growth,0.487,medium,"Hi doctor, mere neck par ek chhota mole hai jiske sujan aur soojhan lag raha hai. Ye lagbhag nau hafte pehle hua tha. Mujhe lagta hai ki mere necklace ne use irritate kiya hai. Sujan kam ho gayi hai. ",[API_ERROR],[API_ERROR],0.25,0.25,0.0,0.0,0.0,0.0
P01354,skin_growth,0.4373,medium,Mera kuchh hafte pehle mai ne apni kohni se ek chhote-se kadak brown guda nikala tha. Kripya patient ki skin ki image dekhen niche. Mujhe kuch saalon se us jagah ke neeche ek kadak gath laga tha aur m,[API_ERROR],[API_ERROR],0.25,0.25,0.0,0.0,0.0,0.0
P01385,skin_growth,0.5343,high,Mere clitoris pichle kuch mahino se uncomfortable ho raha hai. Mere annual checkup kam se kam chaar mahine pehle hi hua tha. Aur mere urine mein bacteria the. Sexual activity ki wajah se mere clitoris,[API_ERROR],[API_ERROR],0.25,0.25,0.0,0.0,0.0,0.0
P00159,skin_irritation,0.5202,high,"Mere baby ko garmi mein bahar le jane par skin par red large spots ho jate hain, kya mujhe chinta karne ki zaroorat hai. Please doctor dekhiye is vartaman condition ko. Wo heat rash ki tarah raised na","Aapke baby ko garmi mein skin par red large spots ho rahe hain, yeh heat rash ya allergy ki wajah se ho sakta hai. Lekin aapne bataya ki wo raised nahi hote hain aur unka rang kala hai, isliye hume thoda aur pata lagaana hoga. Aapko chinta karne ki zaroorat nahi hai, lekin hume iske baare mein aur jaanne ke liye aapko doctor se milne ki salah denge. Doctor aapke baby ki jaanch karke sahi diagnosis aur treatment bata sakte hain.",[API_ERROR],0.3333333333333333,0.25,0.6666666666666666,0.0,-0.08333333333333331,0.6666666666666666
P00815,skin_irritation,0.4549,medium,"Kahaan se shuru karein. Lakshan ne pichle 9 mahino mein steady tareeke se badh gaye/ghat gaye(humein = ho raha tha). Stress, psychosomatic, etc. ki wajah se blame kar raha tha, jab tak ki mujhe pata n",[API_ERROR],[API_ERROR],0.25,0.25,0.0,0.0,0.0,0.0
P03001,skin_irritation,0.487,medium,"Hello doctor, Teen mahine se ab tak, 21 din ke antibiotics course ke baad, mere meatus par lalima hai aur glans par halki lalima hai aur kabhi kabhi foreskin mein irritation hoti hai.Pure vartaman con",[API_ERROR],[API_ERROR],0.25,0.25,0.0,0.0,0.0,0.0
P02907,skin_irritation,0.4464,medium,"Namaste doctor, main ek 32 saal ka purush hoon. Pichle mahine shaadi ho gayi thi. Shaadi ke baad roz sex karne laga hoon. Ab mere ling ke supare ke andar ki chamdi ka rang kaala ho gaya hai aur wahaan",[API_ERROR],[API_ERROR],0.25,0.25,0.0,0.0,0.0,0.0
P01107,skin_irritation,0.4967,medium,"Mujhe khujli hoti hai lekin koi rash nahi hai. Please doctor, vartaman sthiti ko dekhein. Pehle mere waterworks mein problem aayi thi aur kidney stones bhi hain, mere kidneys mein tenderness bhi hai t","Aapko khujli ho rahi hai lekin koi rash nahi hai, yeh thoda confusing hai. Aapke kidney stones aur tenderness ke symptoms ko dekhkar, shayad yeh kidney ki problem se related ho sakta hai, lekin scabies ka bhi dhyan rakhna zaroori hai kyunki aap nursing home mein kaam karti hain. Humein aapki aur details puchhni padengi, jaise ki khujli kitne din se ho rahi hai aur kya aapne koi naya medicine ya cream use ki hai. Aapko ek dermatologist ya kidney specialist se milna chahiye, taaki unke paas aapki poori jaankari ho aur ve aapko sahi salah de saken.",[API_ERROR],0.5,0.25,0.5,0.0,-0.25,0.5
P02887,skin_irritation,0.4596,medium,Main bahut uncomfortable feel kiya jab doctor ne mere penis ki skin ko peeche dhakka diya. Unhone ek lotion prescribe kiya aur mujhe regularly penis ki skin ko peeche dhakka karne ko aur use paani se ,[API_ERROR],[API_ERROR],0.25,0.25,0.0,0.0,0.0,0.0
P00888,skin_irritation,0.5507,high,"Main 45 saal ki hoon, meri height 5'6"" hai aur weight 160 hai. Mujhe vulva area mein thoda irritation hai. Please doctor, dekhiye is vartaman condition ko. Mujhe sex nahi hota, main divorced hoon. Muj",[API_ERROR],[API_ERROR],0.25,0.25,0.0,0.0,0.0,0.0
P01829,skin_dryness,0.5006,high,Mere hont bahut jyada sookh rahe hain. Ye chaloo hua hai tab se jab maine apni TB ki dawa band kar di hai. Skin doctor ne mujhe last time bhi ek ointment diya tha lekin ye problem dobara ho gayi hai. ,[API_ERROR],[API_ERROR],0.25,0.25,0.0,0.0,0.0,0.0
P02505,skin_dryness,0.5181,high,"Mujhe kal Mantoux test karaya gaya tha aur mere hain right hand side ke niche chin ke area mein ek rash ho gaya hai, raat ko chota tha lekin ab badhne lag gaya hai. Ye bahut jyada lal nahi hai, jaisa ",[API_ERROR],[API_ERROR],0.25,0.25,0.0,0.0,0.0,0.0
P01838,skin_dryness,0.5233,high,"Main 21 saal ki ladki hoon, sexually active nahi hoon. Mujhe itchiness ho rahi hai mons pubis aur mere thigh send hips ke aas paas ki skin mein. Iske saath saath, dryness bhi hai. Iska image neeche at","Aapko mons pubis aur thigh ke aas paas ki skin mein itchiness aur dryness ho rahi hai, aur ek hard lump bhi hai jo red aur painful hai. Ye symptoms fungal infection, jaise ki jock itch, ya bacterial infection, jaise ki folliculitis, ka lakshan ho sakte hain. Aapko apne doctor se milna chahiye, woh aapki skin ko dekhkar sahi diagnosis kar sakte hain. Aapko koi bhi cream ya medicine use karne se pehle doctor ki salah leni chahiye. Aap apne doctor ko jaldi se milne ka appointment lein, aur unse apni skin ki problem ke baare mein discuss karein.",[API_ERROR],0.2857142857142857,0.25,0.7142857142857143,0.0,-0.0357142857142857,0.7142857142857143
P02676,skin_dryness,0.5659,high,"Helo doctor, main 30 male hoon. Mujhe central diabetes insipidus hai pichle teen saal se. Meri saari body, skin aur mucous membranes jaise penis glans, naak, nostrils aur aankhein bohot sukhi hai aur ",[API_ERROR],[API_ERROR],0.25,0.25,0.0,0.0,0.0,0.0
P01904,skin_dryness,0.4562,medium,"Maine aaj hi apne pariwar ke doctor ke paas jaana tha aur mujhe excema jaise rashes ya psoriasis jaisi ek samasya hai. Maaf kijiye, mujhe in medical names ko spell karna nahi aata. Iski image neeche a",[API_ERROR],[API_ERROR],0.25,0.25,0.0,0.0,0.0,0.0
P01862,skin_dryness,0.519,high,"Hi there, yeh abhi tak about 8 months mein fourth time hai jab ye ho raha hai. Meri skin shoulders se knees tak dry ho jati hai pehle phir wo scaling start ho jati hai. Iska image neeche attached hai.",[API_ERROR],[API_ERROR],0.25,0.25,0.0,0.0,0.0,0.0
P02844,dry_scalp,0.4699,medium,"Hello doctor, Mere baal pichle saal se sukhe aur tutne lag gaye hain, lekin mujhe lagta hai ki main apne baal pehle se hi gir raha hoon. Mere scalp par seborrheic dermatitis hai, Please doctor, neeche",[API_ERROR],[API_ERROR],0.25,0.25,0.0,0.0,0.0,0.0
P02717,dry_scalp,0.4724,medium,"Hi doctor,Aaj maine facial dryness, dandruff, boils aur dry scalp ke liye ek dermatologist ke paas visit kiya. Mujhe Episoft cleansing lotion, Cetaphil cream, Fusirose lotion aur 8X shampoo prescribe ","Fusirose lotion ki jagah aap Fucidin cream use kar sakte hain, lekin yeh dhyan rakhein ki Fucidin cream antibiotic hai, toh iska use sirf chhote area par karein aur doctor ki salah se hi. Aapko pata hona chahiye ki Fusirose lotion aur Fucidin cream dono alag-alag tarike se kaam karte hain, isliye agar aapko koi side effect ho toh turant doctor se sampark karein. Aap apne dermatologist se bhi baat kar sakte hain ki Fucidin cream sahi substitute hai ya nahi.",[API_ERROR],0.25,0.25,0.0,0.0,0.0,0.0
P01568,dry_scalp,0.4099,medium,"Namaste, mera naam Shannon hai aur mai sirf 16 saal ki hoon. Main kaam par tha aur main store room mein tha jab maine upar wale shelf se kuch haatho ke towel pakadne ki koshish ki, tab shelf mere sar ",[API_ERROR],[API_ERROR],0.25,0.25,0.0,0.0,0.0,0.0
P01875,dry_scalp,0.4567,medium," Hello doctor, mein 17 saal ki ladki hoon. Mere baal 2 saal se gir rahe hain aur ye rokne ka koi asar nahi ho raha hai. Mene apna hormonal test karwaya tha aur sab kuch normal hai. Mere scalp mein dar",[API_ERROR],[API_ERROR],0.25,0.25,0.0,0.0,0.0,0.0
