pair_id,condition,similarity_score,match_quality,zero_shot_output,grounded_output,zero_factual,grounded_factual,zero_hallucination,grounded_hallucination,factual_gain,halluc_reduction
P01555,neck_swelling,0.5505,high,"Arre bhai, main tumhare dar ke liye kuchh aisa nahi kahunga, lekin tumhara description sunke, main soch raha hoon ki tumhara neck ke side pe lump aur anya symptoms thyroid ke sambandh ho sakte hain. Thyroid ke kuchh tumor bahut badh sakte hain aur neck ke peeche ki skin mein bhi symptoms ho sakte hain. Main tumhe internal med specialist ke paas jaane ke liye kahaunga, woh tumhare symptoms ko dekhkar aur test karke hi sahi tareeke se diagnosis kar payenge.","Bhai, main aapko yeh batana chahta hoon ki FDG-PET scan ke dauran, aapke neck ke peeche ki cervical lymphadenopathy (lymph nodes) mein koi bhi problem ya hypermetabolic activity nahin dekhi gayi thi. Lekin, aapke neck ke side pe ek lump ho raha hai, iske liye humein zaroori hai ki aapko ek naya MRI ya CT scan karwaya jaye. 

Aapko chinta mat karna, hum aapke saath hain. Hum aapke case ko detail mein dekhein aur phir hi aapko koi vishesh treatment ya advice dijiye.",1.0,1.0,0.0,0.0,0.0,0.0
P01565,hand_lump,0.5655,high,"Bhai, aapka gaanth bahut tezi se badh raha hai, isliye main aapko ek orthopedic specialist (orthopedic visheshagya) se milne ki salah deta hoon. Vah aapko apne gaanth ke liye behtar tareeke se treatment kar sakte hain. Aapko ek orthopedic specialist se milne ke liye apne doctor se bhi baat karna chahiye, woh aapko ek appointment di sakte hain.","Bhai, tumhare case mein complex comminuted metacarpal fractures hain, jismein significant bone loss hai. Iska treatment karna zaroori hai, aur bone grafting ek aisi procedure hai jismein doctor tumhare haath mein bone loss ki jagah par naya bone lagata hai. 

Bone grafting ke liye best time yeh hai jab fracture puri tarah se heal ho jaaye, lekin yeh depend karta hai patient ke overall health par. 

Iliac crest bone grafts ka use karna ek common practice hai, kyunki yeh haath mein bone lagane ke liye ek achha source hai. Iliac crest bone grafts ka benefit yeh hai ki yeh haath mein bone lagane ke liye ek achha source hai aur yeh bone lagane ke baad haath ko strength deta hai. 

Iliac crest bone grafting ke complications mein infection, bleeding, and nerve damage shaamil hain.",0.25,0.5,0.0,0.5,0.25,-0.5
P01568,dry_scalp,0.4099,medium,"Namaste Shannon, aapki baat suni. Aapke case mein, yeh sambhav hai ki aapke scalp mein ek chhidkij (cut) hai, jo aapke scalp mein ek gaanth (scab) banane ke liye majboor ho gaya hai. Iske liye, aapko ek dermatologist se milna chahiye, jo aapke scalp ko dekhkar aur aapke symptoms ko samajhkar aapko sahi treatment de payega. Aapko iske liye appointment karwana chahiye.","Namaste Shannon ji, aapke symptoms aur clinical signs bahut hi similar hain progeria ke. Aapke paas difficulty walking, bilateral hip deformity, prominent eyes, prominent scalp veins, aur loss of subcutaneous fat jaise symptoms hain. Aapke case mein bhi yehi symptoms hain, aur isliye humein aapke liye progeria ka diagnosis lagana hai.",0.25,0.25,0.0,0.0,0.0,0.0
P01582,neck_swelling,0.6252,high,"Arre bhai, aapka lymph node ka swelling dekhte hain. Uric acid level ka badhna bhi ek chunauti hai. Lekin, aapka CT scan ka report bhi dekhne mein aaya hai. 

Aapka left side ke neck mein 1.4 cm ka gland hai, jo thoda bada hai, aur right side ke chote lymph nodes hain. Ye dono ka relation hoga, lekin ismein koi cancer ki sambhavana bhi ho sakti hai. Humko aur test karne honge, jaise ki biopsy, aur doctor ki baat karni hogi.

Treatment ke liye operation ka option ho sakta hai, lekin humko pehle doctor se baat karni hogi. Aur complications ke liye, humko chinta karni hogi, jaise ki infection, bleeding, ya thyroid gland par impact.","Bilkul, beta. Aapka neck par ek bada lymph node hai, lekin clinical signs ke anusaar aapke paas lymphadenopathy nahi hai. Aapke CT scan mein left side ke neck mein ek 1.4 cm ka gland hai, jiska relation aapke follicular thyroid carcinoma (pT1b) se ho sakta hai. Aapke blood test mein uric acid level elevated hai, lekin iska direct relation aapke neck swelling se nahi pata chala. Aapko operation karwana padega, kyunki aapka diagnosis follicular thyroid carcinoma hai aur aapne kuch time ke liye increase karne wala mass hai.",0.25,0.5,0.75,0.5,0.25,0.25
P01584,neck_swelling,0.4545,medium,"Arre bhai, maine suna hai ki aapke paas gardan ke peeche ek ganth hai. Ye bahut hi common baat hai. Aapke kahaane se lagta hai ki aapke bal rekha aur trapezius ke beech mein ganth hai, jo dardrahit hai. Aapke kahaane se lagta hai ki aapne isse 18 mahine pehle notice kiya tha, jab aapne apne pet ke bal soya karte samay gardan ko darne laga tha. 

Aapko chinta karne ki zarurat hai, lekin aapko koi bada dard ya sujan nahi hai. Aapko kuch samay ke liye apne doctor se milna hoga aur unka diagnosis karvaya jayega. Unke paas aapko kuch possible upchar kiya jayega, jaise ki physiotherapy ya pain management ke liye treatment. Aapko apne doctor se milne ke liye appointment lena hoga aur unke paas aapko pata chal jayega ki aapko kya karna hoga.","Beta, maine aapki baat suni hai. Lekin, main aapko yeh batana chahta hoon ki aapke symptoms aur clinical signs ke liye koi evidence aapke case excerpt mein nahin di gayi hai. Aapke gardan ke baye taraf ek ganth hai, lekin iske liye koi evidence nahin hai. Aapke symptoms aur clinical signs DKA aur COVID-19 ke liye evidence hai, lekin aapke gardan ke baye taraf ke ganth ke liye nahin. Main aapko yeh nahi keh sakta ki aapke symptoms aur clinical signs aapke gardan ke baye taraf ke ganth se related hain ya nahin. Main aapko chinta karne ki zarurat nahin keh sakta, lekin main aapko ek specialist se milne ki salah deta hoon.",0.0,0.25,1.0,0.0,0.25,1.0
P00771,swollen_tonsils,0.5749,high,"Arre bhai, tumhare symptoms bahut hi common hain. Tonsillitis ke baad gum inflammation aur tooth sensitivity bahut common hai. Sujne ki baat karein, yeh gum inflammation aur tooth sensitivity ka karan tumhare antibiotics ho sakte hain, lekin yeh bhi ho sakta hai ki tumhare dant mein cavity ho gaya ho ya gum disease bhi ho sakti hai. Main tumhe ek dentist se meeting karne ki suggestion karta hoon, woh tumhare dant aur gum ki check-up kar sakte hain.","Bachche, main dekh raha hoon ki aapka maxillary sinus mein ek foreign body hai, jise aapne apne dant ke andar daala tha. Iska matlab hai ki aapke tonsillitis ke antibiotics se yeh connection nahin hai. Aapke dant ke niche ki gum ki sujhai aur aapke mouth ke back tooth ki cover karne ki baat hai, yeh aapke dant A (Tooth A) ke periapical periodontitis ke karan ho sakta hai.",0.0,0.0,1.0,1.0,0.0,0.0
P00774,swollen_tonsils,0.4539,medium,"Namaste, bhai. Aapka case serious hai. Lymph nodes ka sujan aur mouth mein sores ka hone, yeh symptoms throat infection ya oral thrush ka sambhav hai. Amoxicillin aur Pyralvex solution aapke dentist ne aapko diya hai, lekin aapko koi bhi improvement nahi ho rahi hai, to humein yeh sochna chahiye ki koi aur infection ho sakta hai. Hum aapko ek specialist se milne ke liye bhejne ki koshish karenge.","Namaste, didi. Main aapki madad karne ke liye yahaan hoon. Aapke case mein thyroid goiter ka mention hai, jisse aapke neck mein bada enlargement ho raha hai. Iske karan aapko hoarseness, dysphasia, choking episodes, snoring, dyspnea, wheezing, palpitations, aur lower extremity edema ka anubhav ho raha hai. 

Aapke symptoms aur clinical signs ke anusaar, main aapko kuchh chizon ka sambandh jaanna chahta hoon. Aapke lymph nodes suj gaye hain, lekin aapke case mein lymphadenopathy ka direct reference nahin hai. Aapke mouth mein crank sores aur pus ka anubhav ho raha hai, jisse aapki zubaan dard kar rahi hai. 

Main aapko yeh batana chahta hoon ki aapke symptoms aur clinical signs thyroid goiter se judte hain, lekin aapke case mein oral infection ka direct reference nahin hai. Aapke dentist ne aapko antibiotics aur vitamin C lene ko kaha hai, jisse aapka oral infection thik ho sakta hai.",0.0,0.3333333333333333,1.0,0.6666666666666666,0.3333333333333333,0.3333333333333333
P00777,swollen_tonsils,0.6053,high,"Bhai, aapke symptoms bahut hi ghatiya hain. High heart rate aur fluttering seene mein bhi to heart rate ka kuch problem ho sakta hai, lekin dry cough aur rashes ke saath fever bhi aisa lagta hai ki aapko koi viral infection ho sakti hai. Aapko ek doctor se zaroor milna chahiye, woh aapko pata chalayenge ki aapko kya problem hai aur kya karana hai.","Arre bhai, tumhare symptoms aur clinical signs ke anusar, mujhe lagta hai ki tumhe IgG4-related pericarditis hai. Iska matlab hai ki tumhare pericardium mein inflammation hai, jo chest pain aur palpitations ka karan hai. Tumhare high heart rate aur fluttering seene mein, iska karan bhi yahi hai. Dry cough aur fever ke liye, humein kuch aur symptoms aur signs ki jarurat hai, lekin ismein kuch bhi nahi hai.",0.25,0.3333333333333333,0.75,0.6666666666666666,0.0833333333333333,0.0833333333333333
P00782,swollen_tonsils,0.5207,high,"Bhai, aapka sore throat aur tonsils ka samasya abhi bhi jari hai. Jab aapko antibiotic liya tha, toh wapas aane wala puss ho sakta hai. Lekin ab aapke paas doosre lakshan bhi hain, jaise kaano mein bhari pan, laal khoon wale aankhein, aur right side mein suj gaya gath. Yeh symptoms Mono (Influenza A) ke liye suggest karte hain, lekin test negative aaye hain. Hum aapko ek aur test karne ke liye bhej sakte hain, jaise throat culture ya blood test.","Bhai, tumhare symptoms aur clinical signs dekhe ja rahe hain. Tumhare paas left parapharyngeal space mein Schwannoma hai, jo tumhare throat discomfort, dysphagia, speech difficulties, numbness of the lower jaw, aur taste dysfunction ke liye jimmewar hai. Tumhare nasopharynx mein ek bada mass hai jo left side ko narrow kar raha hai. 

Tumhare case mein, tumhare throat mein koi infection ka lakshan nahin hai, aur tumhare neck lymph nodes palpable nahin hain. Tumhare paas koi fever nahin hai aur tumhare larynx mucosa ka color normal hai, aur vocal cords mobile aur smooth hain.",1.0,0.75,0.0,0.25,-0.25,-0.25
P00784,swollen_tonsils,0.3847,medium,"Arre bhai, main tumhe sakht jhootha nahin bol sakta. Jab aap kapdon mein bandhe ho aur koi skin-to-skin contact ho jata hai, toh syphillis ka risk hai. Lekin, agar aapke jeans puri tarah se bandh the aur aapko yaad hai ki aapne underwear mein cum nahi kiya tha, toh risk kam hai. 

Mujhe lagta hai ki tumhara case ek chhoti si problem ho sakta hai, jaise ki herpes ya genital warts. Ye bhi STD hain, lekin inke liye koi jaldi treatment nahin hai. Hum tumhe ek doctor ke saath baitha kar dekhein aur tumhe kuch test karvaenge. 

Abhi tumhara bukhar aur sore throat hai, toh humein yeh bhi dekhna hoga ki yeh kya hai. Hum tumhe kuch medicine dienge aur tumhe dekhein.","Bhai, main tumhein yeh batana chahta hoon ki clinical evidence mein koi bhi reference nahi hai jo is baat ka jhutla hai ki tumne syphillis se affected ho sakte ho. Lekin, tumhare symptoms jaise ki bukhar, sore throat, aur talwe ke dard, inke liye kuchh possible reasons ho sakte hain. Lekin, yeh bhi hai ki tumhare symptoms 20 din pehle shuru huye the, aur tumne syphillis ke symptoms ke baare mein kuchh nahi bataya hai. 

Tumhare symptoms ke liye kuchh possible reasons ho sakte hain, jaise ki viral infection, TB, ya koi aur bhi cheez. Lekin, yeh bhi hai ki tumhare clinical findings mein koi bhi reference nahi hai jo is baat ka jhutla hai ki tum syphillis se affected ho. 

Main tumhein yeh batana chahta hoon ki tumhara dar syphillis ke liye theek hai, lekin humein clinical evidence ke anusaar hi kuchh nahi kaha ja sakta hai.",1.0,1.0,0.0,0.0,0.0,0.0
P00785,swollen_tonsils,0.4317,medium,"Arre beta, mere paas aapki image nahin hai, lekin aapke symptoms ke liye main kuchh guess kar sakta hoon. Aapke muh mein sukha pan, brown mucous khansi, aur khana-peena mushkil ho rahi hai, yeh sab symptoms viral ho jaane ka lakshan hai. Uvula aur tonsils lal hone ka matlab hai ki aapko viral infection ho sakti hai, jaise ki common cold ya sore throat. Main aapko antibiotics nahin diya kar sakta, lekin aapko thoda thanda paani peena, garam chai ya coffee peena, aur thoda garam aur masaledaar khana khaana chahiye.","Bhai, main dekh raha hoon ki tumhare muh mein sukha mahsoos hota hai aur khana-peena mushkil hai, sirf paani except hai. Tumhare paas brown mucous ki khansi bhi hai. Ye cheez char din se ho rahi hai. 

Main dekh raha hoon ki tumhare clinical findings mein generalized proliferative gingival maxillary lesions aur inflammatory and reactive hyperplastic lesions hain. Lekin yeh cheezon se koi direct connection nahi hai. 

Lekin tumhare symptoms aur clinical findings ke hisab se, main kuchh cheezon par dhyan dena chahunga. Tumhare muh mein sukha aur brown mucous ki khansi ho rahi hai, jo ki infection ke liye kuchh evidence deta hai. Lekin main koi confirmatory evidence nahi dekh sakta. 

Main tumhare doctor se baat karne ke liye kahaunga ki tumhare symptoms aur clinical findings ko dekhkar, humein tumhare infection ke liye investigate karna hoga.",0.0,0.6666666666666666,1.0,0.3333333333333333,0.6666666666666666,0.6666666666666667
P00786,swollen_tonsils,0.5066,high,"Beta, main tumhare dar ke liye kuchh shanti de sakta hoon. Tonsil ki problem aapke case mein bahut common hai. Antibiotics ke baad bhi problem aane par, humein yah sochna chahiye ki yah koi viral infection ho sakta hai ya koi anya reason hai. 

Tumhare symptoms aur safed spots ke saath, herpes ya mononucleosis (mono) jaisi viral infections ka khayal hai. Lekin cancer ka khayal bhi hai, lekin yah bahut kam sambhav hai. ENT doctor se baat karne ke baad hi humein sahi diagnosis mil sakta hai. Ab aapko thoda patience rakhna hoga aur ENT doctor se baat karne ke liye taiyar rahna hoga.","Bachche, tumhare symptoms aur clinical signs IM (Infectious Mononucleosis) ka anuroop hain. Tonsil ki swelling aur white exudates, infra-auricular lymph nodes ki swelling aur pain, aur neck lymph nodes ki palpability IM ka pramukh lakshan hain. Positive EBV VCA-IgM test ne bhi IM ka nishkarsh diya hai. 

Tumhari chinta herpes ya cancer ke liye hai, lekin clinical evidence mein yeh kuchh nahin hai jo is prakar ki sambhavana ko sahi karta hai. Tumhari throat cultures mein strep ke liye negative aaya hai, aur tumne teen baar antibiotics liye hain. Ab tum ENT doctor ke saath appointment ke liye ja sakte ho aur unse apne symptoms ke baare mein puch sakte ho.",0.75,0.75,0.25,0.25,0.0,0.0
P00787,swollen_tonsils,0.5029,high,"Arre beti, tumhare symptoms bahut hi samajhne mein aaye hain. Tonsils ke yellow spots aur gale laal hone ke sath nigalne mein dard, yeh sab symptoms throat infection ke liye kaarak hain. Lekin, agar tumne kabhi strep throat nahi hua hai, to isme koi samasya nahin hai. 

Maine suna hai ki tumhara mouth rinse karne se thoda relief mil raha hai, isliye aapka kaam theek se ho raha hai.","Arre beta, maine dekha hai ki tumhare gale laal hain aur nigalne mein dard hota hai. Tumhare tonsils ke taraf yellow spots hain, lekin yeh symptoms tumhare case mein mention nahi kiye gaye hain. Main kuch confirm nahi kar sakta.",0.0,0.0,1.0,1.0,0.0,0.0
P00788,swollen_tonsils,0.5015,high,"Arre bhai, aapki chinta zaroori hai. Yeh symptoms bahut hi serious hain. Neck me dard, headache, lymph nodes ka sujan, aur aapne kaha ki usko chakkar aaye hain, yeh sab viral fever ya meningitis ka symptoms ho sakte hain. Aur aapne bhi kaha ki uske ankhon ki sirahiyan hain, yeh infection ka sign hai. Main aapko ek doctor se milne ki salah dunga, woh aapko proper checkup karenge aur treatment diyenge.","Beta, aapki baat suni. Aapke bete ki symptoms bahut similar hain iske pehle hospitalization ke symptoms se. Lymphadenopathy, neck me dard, headache, aur ankhon ki choti choti sirahiyan hain. Iske alawa, aapne bhi notice kiya hai ki uske kaanon me ghanti bajti rahi hai aur chakkar aaye hain. Ye sab symptoms iske lymphoma ya kuchh anya bimari ke liye indicate kar sakte hain. Lekin, iske liye puri tarah se diagnosis karne ke liye doctor ko test karna hoga. Aapko chinta karne ki zarurat hai, lekin abhi tak koi confirmatory evidence nahi hai.",0.8,0.5,0.2,0.5,-0.3,-0.3
P00789,swollen_tonsils,0.5887,high,"Bhai, aapka dar jaanakar hai. Impacted wisdom teeth ke baad infection ho sakta hai. Jaise aap keh rahe hain ki left side ke gardan mein sujan hai aur lymph nodes mein bhi, yeh infection ka sign hai. Aur jab aap apna sir idhar udhar karate hain toh dard hota hai, yeh socket mein infection ke karan hota hai.","Bhai, tumhare case mein kuchh similar symptoms hain, lekin humein kuchh cheezein confirm nahin kar sakte. Tumhare wisdom teeth nikalne ke baad tumhe left side ke gardan mein tonsil aur lymph nodes mein sujan hai, aur mandibular/jaw area mein bhi. Lekin clinical evidence mein kaha gaya hai ki tumhare case mein generalized proliferative gingival maxillary lesions hain, jismein palatal swelling aur palpable right submandibular lymph node hai. Left side ki socket kaafi gehri hai, lekin humein kuchh cheezein confirm nahin kar sakte.",0.5,0.75,0.5,0.25,0.25,0.25
P00792,neck_swelling,0.5182,high,"Arre bhai, main tumhe theek lagta hoon. Ye dard aur lalima infection ke karan ho sakti hai. Amoxicillin diya gaya hai, lekin agar infection bahut jyaada ho gayi hai, toh yeh symptoms ho sakte hain. Kya aapko koi fever bhi ho rahi hai ya koi aur symptoms?","Bhai, maine dekha hai ki aapke gaal ke paas kuch problem hai. Clinical evidence ke anusaar, aapke parotid duct mein laceration hai, jisse aapke gale mein dard aur lalima ho rahi hai. Aapke facial nerve intact hai, lekin parotid duct ki injury hai. Aapko pehle amoxicillin diya gaya tha, aur phir 21 din pehle tooth extract karwaya gaya tha.",0.0,0.25,1.0,0.0,0.25,1.0
P00793,lip_swelling,0.5077,high,"Arre bhai, aapka jawbone par ganth aaya hai, ismein dard nahi hone ke liye dabav na lagana hai, yeh theek hai. Aapka hothon ka rang safaid hone se pata chalta hai ki aapko infection ho sakti hai. Main aapko ek antibiotic tablet dene ka suggestion karta hoon, isse infection kam ho jayegi aur aapka jawbone theek ho jayega.","Arre bhai, maine dekha hai ki tumhare jawbone par ek bade matar ke aakaar ka ganth hai, lekin iska matlab yeh nahin hai ki tumhari skin swollen hai. Clinical Signs ke anusaar, tumhare skin color aur temperature normal hai. Jab tak dabav na lage, dard nahi hota, iska matlab yeh hai ki dard ka karan ganth hi hai.",0.0,0.0,1.0,1.0,0.0,0.0
P00796,mouth_ulcers,0.5533,high,"Aapka sawal bahut achha hai. Mere vichar mein, aapke trauma ke baad hone wali sore patch, ulcer aur inflamed papillae ka karan aapke molar ke trauma se hi ho sakta hai. Sath hi, aapke mouth mein hamesha feel hone aur food trap hone ka karan bhi aapke molar ke gap aur sharp filling ki edge se ho sakta hai. Ye sabhi cheezein aapke molar ke trauma ke side effects ho sakti hain.

Mujhe lagta hai ki aapke root canal ke plan se aapke samasya ka samadhan ho sakta hai. Is dauran, aapko apne molar ke gap ko cover karne ke liye ek temporary crown ya filling lagwane ki zaroorat ho sakti hai. Sath hi, aapko apne molar ke trauma ke karan hone wali soreness aur ulcers ko control karne ke liye pain relievers aur mouthwash ka upyog karna chahiye.","Arre bhai, maine dekha hai ki aapke molar mein trauma ho gaya tha aur ab aapko har mahine ya 3 hafte mein sore patch mouth par hota hai. Aapke molar mein gap bhi ban gaya hai aur filling ki edge sharp hai, jisse aapko food trap ho raha hai aur tooth inflamed ho raha hai. 

Main aapko yeh batata hoon ki clinical evidence mein koi jikr nahin hai ki impacted third molar (asymptomatic) pain, soreness ya ulcers ko cause kar sakta hai. Lekin aapke molar mein trauma ho gaya tha, jisse aapko sore patch aur inflamed papillae ho raha hai. 

Main aapko yeh sujhav deta hoon ki aapko root canal karwane ka plan hai, jisse aapki problem solve ho sakti hai.",0.3333333333333333,0.3333333333333333,0.6666666666666666,0.6666666666666666,0.0,0.0
P00798,mouth_ulcers,0.5061,high,"Namaste, main aapki baat sunne ke liye taiyar hoon. Aapki symptoms bahut hi ghatiya hain. Ye sambhav hai ki aapko oral thrush ho sakta hai, jismein munh ke andar ulcer hota hai. Iske alawa, aapke symptoms oral lichen planus, mouth ulcers ya even mononucleosis (mono) ke liye bhi indicative hain. Main aapko ER jana ya doctor ke paas appointment lena sunaunga, lekin main aapko ek appointment doctor ke paas sunaunga, woh aapki symptoms aur physical examination ke baad hi aapki diagnosis aur treatment ke liye upyukt tareeke se aapko guide karega.","Namaste, main aapki baat sun raha hoon. Lekin, main aapki symptoms se koi connection nahin kar sakta hoon. Aapka case aur patient ke case mein koi saman nahi hai. Aapka case mein ulcers, dard, sujan, aur pink-eye ki taklif hai, jo patient ke case mein nahin hai. Main aapko koi specific diagnosis nahin de sakta hoon. Main aapko ER jana ya doctor ke paas appointment lena chahiye, lekin iske liye main aapko doctor se baat karna chahiye.",0.0,0.0,1.0,1.0,0.0,0.0
P00799,edema,0.5438,high,"Bilkul, main samajh sakta hoon. Aapke symptoms bahut chintit karne wale hain. Pehle to aapke SLE (विकेटेड-सिस्टेमिक-लुपस-इरिथ्रोमाईटोसिस) ke karan aapko renal tubular acidosis aur medullary sponge kidneys ho sakte hain, jisse aapko severe pain aur dizziness ho rahi ho. Lekin aapke pichhle 2 saal mein bahut weight badhne ka karan aur diabetes ki chinta hai, yeh kuch aur ho sakta hai. Main aapko ek endocrinologist se milne ke liye kahaunga, jisse hum aapke blood sugar level check kar sakte hain aur aapke symptoms ka theek se treatment kar sakte hain.","Arre bhai, main aapki baat samajhne ki koshish karunga. Aapke symptoms, jaise ki legs mein severe pain, dizziness, blurred vision, aur kamzor mehsus hone ka, ismein WNV infection ka sambhav hai. Aapke symptoms aur clinical signs, jaise ki hypotension aur fever, WNV infection ke symptoms se match karte hain. 

Aapko pichhle 2 saal mein weight bahut jyada badhne ka bhi kaha gaya hai, jisse diabetes ka sambhav hai, lekin yeh WNV infection ka direct karan nahin hai. Aapko apne doctor se baat karni chahiye aur unse diabetes ke liye check-up karwana chahiye.",1.0,1.0,0.0,0.0,0.0,0.0
P00801,foot_swelling,0.4269,medium,"Bhai, aapka blood pressure raat ko badhne ka sawal bahut accha hai. Aap benzapril 10-20 mg le rahe hain, lekin yeh dard aur tangon mein dard ke liye bhi ho sakta hai. Aapke symptoms kidney, diabetes aur liver ke liye blood test aur ultrasound ke results ke anusaar theek lagte hain, lekin aapke ghutne, tangon aur paon mein dard ke liye doosri cheezon ka bhi dhyan dena hoga. Aapko apne doctor se phir se milna chahiye aur unhe apne symptoms ke bare mein batana chahiye.","Bhai, aapke symptoms aur clinical signs ke anusaar, aapke paas Proximal Hamstring Tendinopathy (PHT) hai. Iska arth hai ki aapke hamstring muscle ke upar wala hissa affected hai. Aapke symptoms, jaise ki deep buttock pain, run training par aur prolonged sitting par badhne wala dard, VAS score 7/10, aur clinical signs, jaise ki Puranen-Orave test, bent-knee stretch test, aur supine plank test, sab yah dikhate hain ki aapke paas PHT hai.",0.25,0.0,0.0,1.0,-0.25,-1.0
P00804,cyanosis,0.6434,high,"Chronic peripheral cyanosis ke karan bahut se ho sakte hain, lekin aapke case mein low blood pressure aur corrected Chiari malformation ka samna karne wala ek karan ho sakta hai. Aapke symptoms aur condition ke hisaab se, shayad aapke blood pressure ki kami se aapke peripheral vahikaran mein oxygen ki kami ho rahi ho, jisse cyanosis ho rahi ho. Hum aapke symptoms aur condition ke liye aur test karenge.","Bhai, aapke symptoms aur clinical signs ke liye main kuchh cheezain dekh sakti hoon. Aapke paas cardiac mass hai, jo left ventricle outflow tract mein hai. Iska karan aapke paas dyspnea on exertion hai. Lekin, aapke paas chronic peripheral cyanosis ke karan ke bare mein kuchh nahi bataya gaya hai. Main aapke paas chronic low blood pressure ke saath juda hua chronic peripheral cyanosis ka karan nahi pata kar sakoon.",0.0,0.5,1.0,0.5,0.5,0.5
P00808,swollen_tonsils,0.4922,medium,"Arre bhai, tumhare symptoms bahut hi interesting hain. Jab gale mein lymph nodes aur glands sujaye hote hain aur throat sore hota hai, toh yeh viral infection ya bacterial infection ka sign ho sakta hai. Lekin tingling sensation aur garam underarms ke sath, yeh possible hai ki tum viral infection ke baad post-viral syndrome ke symptoms dekh rahe ho. Hum kuchh test karke aur baat karke hi aasani se pata lag sakte hain ki yeh kya hai.","Bhai, aapke symptoms aur examination report ke anusaar, main aapko yeh batata hoon ki aapke underarms mein garam hona aur tingling sensation ho raha hai, lekin clinical evidence mein yeh baat nahi hai. Lekin aapke gale mein lymph nodes aur glands ki sujaya hui thi, jisse sore throat tha. 

Ab, aapne Amox/K Clav 875 125 mg liya aur aapke gale ki problem kam hui hai aur throat clear hai. Lekin, clinical evidence mein yeh baat nahi hai ki aapke underarms mein garam hona aur tingling sensation ho raha hai. Main is baat ka jawaab de sakta hoon ki aapko koi specific diagnosis nahi diya gaya hai.",0.0,0.0,1.0,1.0,0.0,0.0
P00810,skin_rash,0.5695,high,"Arre bhai, aapke symptoms bahut hi ghatiya hain. Body ache, low-grade fever, extreme fatigue aur loss of appetite sab kuch virus ke symptoms hain. Lekin yeh bhi sambhav hai ki aapko skin infection ho gayi hai, jiska naam dermatitis ya heat rash ho sakta hai. Aapko zaroor medical attention leni chahiye, kyonki yeh symptoms kisi bhi bimari ke sign ho sakte hain.","Bhai, aapko 5 din pehle symptoms shuru hue the, jismein minor body aches, low-grade temp, extreme fatigue, aur loss of appetite the. Aapka fever kam ho gaya hai, lekin aapke chehre, gardan, haatho par, aur muh ke andar skin mein redness aur kuch problem ho gayi hai. 

Aapne Cuba se wapis aaya hai, lekin yeh information aapke symptoms ke liye relevant nahi hai. Aapki health excellent hai, lekin aapko meningitis ke symptoms hain, jaise fever, headache, aur meningeal signs. Aapko medical attention leni chahiye.",0.6666666666666666,0.6666666666666666,0.3333333333333333,0.3333333333333333,0.0,0.0
P00811,skin_rash,0.456,medium,"Bhai, aapki chinta kuch jyada hai. Ye patla sa layer clear aur white dikh raha hai, to shayad yeh vaseline ki wajah se hai. Lekin, agar aapko lagta hai ki yeh skin par kuch problem hai, to humein zaroorat hai ki aapko doctor ko dekhna chahiye. Main aapko ek doctor ko bulana chaahta hoon, woh aapki samasya ko solve kar sakte hain.","Arre bhai, maine dekha hai ki tumhare upper eyelid par blue-black linear marks hain, aur ye marks 6 mahine se hai. Ye marks surgical marker ka karan ho sakte hain, jise preoperative preparation ke liye use kiya gaya tha. Dermoscopy mein bhi ye marks dekhe gaye hain. Main aapko kahaunga ki tumhare case mein exogenous pigment residue ka karan hai.",0.25,0.25,0.0,0.0,0.0,0.0
P00812,swollen_tonsils,0.4294,medium,"Arre bhai, maine dekha hai ki aapke sinuses khul gaye hain, lekin dard aur pressure hai. Yeh symptoms bahut common hain sinusitis ke liye. Aapke dard aankhon ke neeche, mathhe aur peeth mein hone ke liye, main sochta hoon ki aapke sinuses se infection ho sakta hai. Aapko antibiotics aur Flonase le raha hai, lekin agar symptoms badh rahe hain, to doctor se meeting karne ki zaroorat hai.","Bhai, maine dekha hai ki tumhare symptoms bahut kuch hain. Tumhare sinuses khul gaye hain, naak beh rahi hai, aur pressure aur dard hai. Dard aankhon ke neeche, beech wale mathhe aur peeth mein hai. Ye symptoms thyroid ke karan ho sakte hain, kyonki tumhare thyroid mein melanotic medullary carcinoma hai, jo amyloid production karta hai.",0.0,1.0,1.0,0.0,1.0,1.0
P00814,knee_swelling,0.5304,high,"Arre beta, main samajh gaya. Knee replacement ke baad muscle cramp aur sakhtai common baat hai. Blood blister jaisa tissue damage ho sakta hai, isliye ultra sound treatment karwana theek hai. Lekin physical therapist ke baad bhi sakhtai aur flexibility ki kami hai, to humein ismein kuch aur karwana hoga. Main aapko ek orthopedic specialist se milwana chahunga, woh aapke pati ke liye behtar tareeke se treatment ka plan bana sakte hain.","Arre bhai, maine dekha ki aapke pati ki primary problem hallux deformity hai, jo unke dainik kaam ke liye ek floor scrubber kaam karte hue ho sakti hai. Aapke pati ki symptoms pain aur stiffness hai, jo ultra sound ke dauran ek bada blood blister jaisa kuch dikhai diya hai. 

Main aapke pati ki sakhtai aur flexibility ki kami ke liye chinta kar sakta hoon, lekin yeh clinical evidence se nahi pata chalta hai. Hum aapke pati ki physical therapist ke saath milke is vartaman halat ko dekhenge.",0.25,1.0,0.0,0.0,0.75,0.0
P00816,skin_rash,0.5155,high,"Aapka samasya bahut mushkil hai, main aapko ek sambhav vikalp batata hoon. Aapke symptoms fibromyalgia jaisi samasya ke liye kaarak ho sakte hain. Ismein body ke kai hisson mein gahre pain aur discomfort hota hai, jismein skin itching bhi shamil ho sakta hai. Ye ek chronic samasya hai, jismein koi bhi test ya report normal aane ke baad bhi symptoms jari rahe hain. Main aapko ek rheumatologist ya pain management specialist ke paas jana chahiye, jo aapke symptoms ko theek karne mein madad kar sakte hain.","Beta, maine suna hai aapke paas Bullous mastocytosis hai, jo ek severe skin condition hai. Aapke symptoms bahut match hain, jaise ki severe itching, espacially back me, jo rubbing aur bathing se badh jaata hai. Aapke skin me multiple tense vesicles aur bullae hain, aur aapka skin diffusely thickened aur erythematous hai, jisse orange peel appearance ho rahi hai. 

Main aapko ek dermatologist ki recommendation karta hoon, jo aapke symptoms aur physical examination ke liye visheshagya hai.",0.5,1.0,0.5,0.0,0.5,0.5
P00819,skin_irritation,0.5657,high,"अरे भाई, आपकी समस्या को देखकर लगता है कि यह कुछ एलर्जी या स्किन की समस्या हो सकती है। खुजली और लाल गांठें आमतौर पर एलर्जी के कारण होती हैं। आपके हाथों और छाती पर वायलेट रंग की खड़ी हो रही है यह भी एलर्जी का संकेत हो सकता है। मैं आपको डॉक्टर से मिलने की सलाह दूंगा ताकि वे आपकी समस्या का सही निदान कर सकें।","अरे भाई, मैं समझता हूँ कि आपको क्या हो रहा है। आपके पास Cutaneous Mycobacterium marinum का संक्रमण है, जो आपके हाथ और छाती पर दाने जैसे लक्षण पैदा करता है। यह संक्रमण 1.5 महीने से चल रहा है और आपके हाथ पर वायलेट रंग के खड़े हो रहे हैं, जो सुखने पर बैंगनी रंग में दिख रहे हैं।",0.25,0.25,0.0,0.0,0.0,0.0
P00821,foot_swelling,0.4174,medium,"Beta, maine suna hai ki aapko kuch jhadoo ke katne se bahut dikkat ho rahi hai. Aapke symptoms bahut hi vishisht hain, jaise ki laal welt, hives, sujan, dard aur chakkar. Yeh sab symptoms beeja ke reaction ke liye lagta hai. Kya aapko lagta hai ki aapko beeja ke reaction ke liye allergy hai?","Bhai, maine dekha hai ki tumhe bahut jyada dikkat ho rahi hai keede ke katne se. Tumhare paas machar, bichua, kali machar, cheete aur ghode machar hai. Tumhe ek normal bug welt hota hai, phir kuch ghante baad wo laal ho jata hai, hives ban jate hain, suj jate hain aur dard karte hain. 

Lekin, bhai, tumhare clinical signs bahut kharab hai. Tumhare blood pressure kam hai, respiratory rate badh gaya hai, pulse rate badh gaya hai, aur tumhare O2 Saturation kam hai. Yeh sab symptoms tumhare severe abdominal pain aur nausea ke saath ho raha hai. 

Maine dekha hai ki tumhare relatives ne bataya hai ki tumhare paas craving hai metal objects ke liye, lekin yeh koi problem nahi hoti thi. Lekin, bhai, tumhare symptoms bahut kharab hai aur tumhare condition ko dekhte hue, maine socha hai ki tumhare symptoms kisi allergic reaction ke saath ho raha hai.",0.0,0.5,1.0,0.5,0.5,0.5
P00824,skin_dryness,0.4677,medium,"Arre beta, maine suna hai ki aapki beti ko ek rare metabolic syndrome hai, jiska naam Eosinophilic Esophagitis (EE) ya Eosinophilic Gastrointestinal Disorder (EGID) ho sakta hai. Ismein animal proteins aur fats absorb nahi karne ki samasya hoti hai, aur phyto estrogens ke liye sensitivity bhi hoti hai. Aapki beti ke symptoms, jaise ki skin dryness, chote chote bumps, aur chronic infection type rash, is syndrome ke symptoms ho sakte hain.

Main aapko ek dermatologist ya gastroenterologist se milne ki salah deta hoon, jo is vartaman condition ko aur vishleshan kar sake aur upchar kiya sake. Cortizones ka istemal karne se bachne ke liye, aapko natural remedies aur otc creams ka istemal karne ki koshish karni hogi, jaise ki coconut oil, shea butter, aur aloe vera gel. Northern NJ NY metro area mein, aapko kuchh dermatologists ya gastroenterologists se milne ki koshish karni hogi jo is vartaman condition ko deal kar sakte hain.","Beti ji ka case bahut hi rare hai, Intravascular Large B-Cell Lymphoma (IVDLBCL) hai. Iska main symptoms rapidly progressive peripheral neuropathy, fever, fatigue, aur weight loss hai. Skin examination par multiple asymptomatic non-blanching, bruise-like grey-violaceous patches aur acquired ichthyosis hai. 

Kya aapko pata hai ki beti ji ka skin condition cortizone se darrna hai, lekin main aapko koi OTS cream ka sujhav nahi de sakta. Aapko koi dermatologist ya specialist doctor se sawal puchna chahiye.",0.0,1.0,1.0,0.0,1.0,1.0
P00825,skin_growth,0.6384,high,"Arre bhai, main samajh raha hoon. Lung cancer ke baad, aapke husband ko aspergillus infection ho sakti hai. Yeh ek fungal infection hai jo lung mein ho sakta hai. Aspergillus infection ke symptoms mein itching, skin growths, aur growths girne ki shikayatein shamil hain. 

Yeh sambhav hai ki aspergillus infection aapke husband ke lung cancer ke baad ho rahi ho, lekin iska koi sure shot evidence nahin hai. Main aapko ek specialist doctor ke paas bhejne ke liye kahaunga, jinhone lung cancer ke baad ke aspergillus infection ke cases dekhe honge.","Arre bhai, maine suna hai aapka husband ne lung cancer ka diagnosis hua tha. Lekin clinical evidence mein kuchh nahi hai jo aspergillus ke baare mein batata hai. Aapka husband ne CT scan karaya tha aur cancer gayab ho gaya tha. Ab aapki vartaman condition hai generalized morphea/localized scleroderma, jismein skin mein induration, erythema, blister formation, aur hyperpigmentation hai. Ye condition radiation therapy ke baad ho sakti hai. Main aspergillus ke baare mein kuchh nahin bata sakta.",0.4,1.0,0.6,0.0,0.6,0.6
P00835,skin_rash,0.4709,medium,"Arre bhai, aapka case bahut interesting hai. Maine dekha, aapko skin rashes ho gaye hain, pasina behne ka mazaak hai, aur spots par khujli ho rahi hai. Yeh symptoms skin infection ya allergy ke liye lagte hain. Main aapko ek dermatologist ke paas bhejne ki salah deta hoon, woh aapki skin ko dekhkar theek tarah se treatment karwa sakte hain.","Arre bhai, main dekh raha hoon. Aapke haathon ki kalai ke neeche skin par rashes ho gaye hain. Ye rashes kuch din pehle shuru hue honge aur ab chhote chhote patches lal ho rahe hain. 

Main aapko batana chahta hoon ki ye rashes H. capsulatum infection ke karan ho sakte hain. Ye infection skin par crusted keratotic plaque ya thin, irritated, erythematous aur crusted plaque ke roop mein dikh sakti hai. 

Aapko koi pehle trauma ya health status ka koi badlaav nahin diya gaya hai, lekin aapko thoda pasina behna aur spots par khujli hoti hai. Main aapko dermatologist se milne ke liye kahaunga.",0.3333333333333333,0.75,0.6666666666666666,0.25,0.4166666666666667,0.4166666666666666
P00836,edema,0.4839,medium,"Arre bhai, aapka wound treatment chal raha hai, lekin aapko thoda wara feel ho rahi hai. Compression machine ka istemal aap kar sakti hain, lekin lymph treatment ke saath ek saath istemal karne se pehle doctor se zaroor puchhein. Wound heal karne ke liye circulation increase karna bahut helpful ho sakta hai, isliye aapko compression machine ka istemal karne se pehle doctor se puchhna chahiye. Aapka white blood cell count thoda high hai, lekin fever nahi hai, isliye aapko koi bhi chinta nahi hai.","Arre beta, maine dekha hai ki aapke open wound ke liye amoxicillin aur gentamicin ka upyog kar rahe hain. Lekin aapke vartaman condition ke liye, main kuchh cheezein dekhne ke baad batata hoon. Aapke lymph treatment ke saath compression machine ka istemal karne se koi zaroorat nahi hai, lekin aapko ice packs ka upyog karne se zaroorat hai. Aapke white blood cell count 11.9 hai, jo normal range se kam hai, aur aapko fever nahi hai. Lekin aapke right leg thoda garam hai, jisse mujhe lagta hai ki aapko apne wound ke liye circulation badhane ke liye kuchh karna hoga.",0.0,0.0,1.0,1.0,0.0,0.0
P00842,foot_swelling,0.5092,high,"Arre bhai, aapka patient ka condition dekhte hain. Ye sujan, yaani rash, ho sakta hai antibiotic ke side effect ke kaaran. Amoxycillin clavulinic acid combination ka use karke, kuch logon ko rash hota hai. Iske alawa, ye sujan infection ke khatre ke kaaran bhi ho sakta hai. Ab aapko antibiotics ki dose badhane ki zaroorat hai ya change karne ki zaroorat hai, iske liye aapko doctor se baat karni chahiye.","Maine dekha ki aapki patient ko bilateral fifth toe polydactyly hai, jisse uske dono pairon mein dard aur chalna mushkil ho raha hai. Is condition ke karan uske dono pairon mein skin ulceration bhi ho gayi hai. Aapne use aceclofenac aur paracetamol combination di hai, sath hi amoxycillin clavulinic acid combination bhi di hai. 

Aapki patient ki sujan ka karan bilkul clear nahin hai, lekin main is baat ka anumaan lagata hoon ki yeh uske polydactyly ke karan ho sakta hai. Ismein skin ulceration aur chehre ki sujan ka sambandh ho sakta hai. Ab aapko uske pairon ke liye surgical treatment ki zaroorat hai, jisse uske dard aur chalna mushkil ho raha hai.",0.0,1.0,1.0,0.0,1.0,1.0
P00843,eye_inflammation,0.4249,medium,"Arre beta, tumhara dost ki situation bahut serious hai. C-section ke baad infection ho sakta hai, isliye uska dard aur sujaa normal nahi hai. Aapko uske liye doctor se zaroor sampark karna chahiye. Aapki aankh mein kuch hua hone ka koi connection nahi hai, lekin aapko bhi doctor se check-up karwana chahiye, kyunki aapko bhi teen c-section huye hain.","Bhai, tumhare dost ki c-section glue se bandh hui hai, lekin koi tape nahi hai, ismein koi cheez nahin hai jo iske symptoms se judi ho. Tumhare dost ki c-section ke baad infection ke liye koi cheez nahin hai jo evidence mein dikhai di gayi hai.",0.0,0.0,1.0,1.0,0.0,0.0
P00844,skin_rash,0.4238,medium,"Namaste Michael Collins ji, main aapki madad karne ke liye yahaan hoon. Aapki problem bahut mushkil lag rahi hai. Main aapko batana chahta hoon ki aapka samanana condition ek fungal infection jaise jock itch ya eczema ho sakta hai. Iske alawa, skin allergy ya contact dermatitis bhi ek sambhav karan ho sakta hai. Main aapko ek dermatologist ke paas le jana chahunga, woh aapki problem ko aur vishleshan karke aapko sahi treatment dengi.","Michael Collins ji, main aapki madad kar sakta hoon. Lekin, aapke symptoms aur mera jawab ek dusre se alag hain. Aapke symptoms ka connection aapke purane case ke symptoms se nahi hai. Aapke purane case mein S. aureus se infective endocarditis, lung abscesses aur cellulitis the. Aapke aaj ke symptoms, jaise itching, dry aur flakey skin, aur dard, aapke purane case ke symptoms se judne ke liye koi evidence nahi hai. Main aapko kuch bhi confirm nahi kar sakta.",0.4,0.6666666666666666,0.6,0.3333333333333333,0.2666666666666666,0.2666666666666666
P00845,edema,0.6107,high,"Bhai, swine flu (H1N1) ek viral infection hai, aur yeh direct taur par heart failure ya cardiomyopathy ko trigger nahin kar sakta hai. Lekin, swine flu ki wajah se jukam, thakaan, aur darr ke kaaran heart rate aur blood pressure badh sakta hai, jisse heart ko zyada kuchh karna pad sakta hai. Isse kuchh logon mein heart failure ka rishta ho sakta hai, lekin yeh ek direct connection nahin hai. Ab aapka pump function normal ho gaya hai, to aapke doctor se baat karein aur unka vishwas karein.","Bhai, main kuchh nahi dekh sakta. Clinical evidence mein swine flu ke baare mein kuchh nahi diya gaya hai. Aapke symptoms aur swine flu ke beech koi connection nahi hai. Aapke vartaman condition mein thoracoabdominal Crawford type 2 aortic aneurysm hai, jiska treatment karna zaroori hai.",0.0,0.25,1.0,0.0,0.25,1.0
P00847,lip_swelling,0.5713,high,"Bhai, aapka case bahut interesting hai. Aapka staph infection right side face par control mein hai, lekin left eye ke niche swelling hai. Yeh possible hai ki infection left eye ke pichhe se aaya ho, jisse swelling ho raha hai. Aur yeh bhi possible hai ki infection ke karan blood stream mein ja kar left eye ke niche swelling ho raha hai. Hum zaroori investigation karne ki zaroorat hai, kya aapko koi aur symptoms hain?","Arre bhai, maine dekha hai ki aapke paas right side ke facial palsy ka case hai, aur aapko 5 antibiotics try kiye gaye the. Lekin aapke symptoms abhi bhi continue hain, aur left eye ke niche swelling bhi ho gaya hai. Main kuchh predict nahin kar sakta, lekin yeh possible hai ki aapke symptoms kuchh aur serious condition se judte hain, jaise ki stroke ya tumor. Humko zaroorat hai ki aapko adhik investigation kiya jaaye, jaise ki MRI ya CT scan.",0.3333333333333333,0.6666666666666666,0.6666666666666666,0.3333333333333333,0.3333333333333333,0.3333333333333333
P00850,edema,0.4705,medium,"Arre bhai, aapko thoda tension mat lena. Ye dil ki bimari ka karan hain, lekin yah koi badi cheez nahi hai. Ye condition ko Deep Vein Thrombosis (DVT) kaha jata hai, jismein blood vessels mein blood ki flow mein rukavat hoti hai. Aapko doctor ne stocking pehne ke liye kaha hai, jo aapko blood ki flow ko normal karne mein madad karega. Aapko apne doctor se baat karein aur unse ilaaj ki jaankari lein.","Beta, main aapko kuchh batata hun. Aapke symptoms, jaise abdominal pain, nausea, pallor, hiccup, aur inability to walk, bahut serious hain. Yeh symptoms 3 hours ke andar badh rahe the, aur aapke vital signs bhi bahut kam hain, jaise ki blood pressure 85 mmHg, pulse rate 140/minute, aur O2 Saturation 85% pehlu. 

Main aapko kuchh confirm nahi kar sakta ki yeh dil ki bimari ki wajah se hai, kyunki clinical evidence mein yeh nahi diya gaya hai. Lekin aapke symptoms aur clinical signs bahut serious hain, aur aapke resuscitation interventions bhi unsuccessful hue the.",0.25,1.0,0.0,0.0,0.75,0.0
P00852,skin_rash,0.4676,medium,"Arre beta, main aapko samajhne ki koshish karta hoon. Aapke symptoms ke liye kai possible causes ho sakte hain. Ye infection vulvar dermatitis ya vulvovaginitis ho sakta hai. Ye skin ke infections hain jo vulvar area mein hota hai.

Aapke physical contact ke baare mein batane ka koi problem nahi hai, lekin aapko yeh jaanna chahiye ki yeh infection se related ho sakta hai ya nahi. Aapke masturbation ke baare mein bhi koi problem nahi hai, lekin yeh infection se related ho sakta hai.

Aapke symptoms ke liye kuch possible causes hain: 

- Ye infection se related ho sakta hai.
- Ye skin ke allergies se related ho sakta hai.
- Ye hormonal imbalance se related ho sakta hai.
- Ye bacterial or fungal infection se related ho sakta hai.

Aapko apne doctor se baat karni chahiye aur unhe apne symptoms aur activities ke baare mein batana chahiye. Vah aapko behtar treatment aur advice de sakte hain.","Bilkul, main aapko batata hoon. Aapke case mein polyarteritis nodosa (cPAN) ka diagnosis kiya gaya hai, jo ek vasculitis hai. Aapke symptoms cutaneous skin lesions, nodular aur tender skin lesions, maculopapular lesions, locally warm skin lesions, aur necrotic skin lesions hain. 

Aapke vulvar skin par infection ho gaya hai, jo aapke gynae ne dekha hai aur ointments aur capsules se treatment kiya hai. Lekin main aapko batata hoon ki aapke case mein koi sexual activity ya masturbation se sambandhit koi problem nahi hai, kyunki aapke lab test aur physical examination mein koi abnormality nahi payi gayi hai. 

Aapke infection ke possible causes hain: 

- Ye infection aapke polyarteritis nodosa ke karan ho sakta hai, kyunki aapke skin lesions aur infection dono hi aapke trunk, extremities, face, aur right eyelid par maujood hain. 
- Ye infection aapke skin tissue samples mein panniculitis aur necrotizing medium vessel vasculitis ke karan ho sakta hai, jo polyarteritis nodosa ke lakshanon mein shamil hain. 

Lekin main aapko batata",0.5,1.0,0.5,0.0,0.5,0.5
P00855,itchy_eyelid,0.5139,high,"Arre bhai, aapka eyelid sujan ek bahut common problem hai. Ye Trigeminal Neuralgia ya Bell's Palsy ke symptoms jaisa lagta hai, lekin aapko koi aur cheez bhi ho sakti hai. Aapke symptoms ke hisaab se lagta hai ki aapko trigeminal neuralgia ho sakta hai, jismein facial nerve par pressure padta hai. Aapko doctor se milkar test karwane ki zaroorat hai.","Bhai, aapka left lower eyelid ka sujan ek bahut hi vishisht cheez hai. Kya aapko pata hai ki aapko neurofibromatosis hai, jiska plexiform neurofibromatosis ka ek prakaar hai. Iska matlab hai ki aapke shareer mein kuchh vishisht neurofibroma hain jo aapke left lower eyelid aur mouth ke upar corners mein ho sakte hain. Ye sujan aapke neurofibroma ke karan ho sakta hai, lekin humein iske liye aur test aur examination ki zaroorat hai.",1.0,0.25,0.0,0.0,-0.75,0.0
P00859,skin_rash,0.4384,medium,"Bilkul, main samajh gaya. Aapke rash ka karan shayad ek viral infection ho sakta hai, jaise ki measles ya ek anya rash-causing virus. Salon mein exposure ho sakta hai, lekin drape ke through transmission ke chances kam hain. Aapke rash ke red, garam aur dard ka hissa bhi viral infection ke symptoms ho sakte hain. Main aapko ek dermatologist se milne ke liye kahaunga, woh aapke rash ka proper diagnosis kar sakte hain aur aapko sahi treatment di sakte hain.","Arre beta, maine suna hai ki tumhara blood pressure bahut high hai, 200/110 mmHg. Tumhara palpitation bhi hai aur tumhara CT scan ne kuchh anokha dikhaya hai, jiska matlab hai ki tumhara IVC ka kuchh problem hai. Lekin tumhara rash ka kya hai, yeh main nahin pata. Maine kuchh bhi nahin dekha hai jisse main yah kaha sake ki ye rash kya hai. Maine sirf tumhara blood pressure aur IVC ka problem dekha hai.",0.25,0.0,0.75,1.0,-0.25,-0.25
P00860,knee_swelling,0.4492,medium,"Bhai, aapke symptoms bahut khatarnak hain. Aapke rash aur ulcers ke liye dawaen di gayi hain, lekin aapko thoda sa time lene ki zaroorat hai. Prednisolone aur chlorphenamine ke liye koi allergic reaction ke chances kam hain, lekin aapko kuchh symptoms dekhne chahiye, jaise ki skin mein koi rash, throat mein zyada dard, ya blood pressure mein badlaav. Agar aapko koi bhi suchhna ho, to mujhe batayein, main aapko sahi tareeke se treatment karne mein madad karunga.","Arre bhai, maine dekha hai ki aapke paas bahut se ulcers aur bullae hain. Ye aapke right groin, left groin, trunk, extremities, aur penis par hain. Aapko painless swelling, foul smelling purulent discharge, aur multiple blisters hain. 

Maine dekha hai ki aapke paas tender excavating ulcers hain, jo rolled out, everted edges ke saath hain, aur foul smelling purulent, blood-stained discharge hain. Aapke paas enlarged, grouped, aur matted tender inguinal lymph nodes bhi hain.

Wedge biopsy ke results ke anusaar, aapke paas ulcerated hyperplastic epidermis ke saath severe dysplasia hai. Ye kuchh viral infection ke symptoms nahi hain, jaise ki aapne pehle socha tha. Aapke symptoms aur clinical signs aise hain ki ye kuchh anya cheez ke liye indicate karte hain. 

Main kuchh confirm nahi kar sakta ki aapko dawaon ka allergic reaction hai ya nahi, kyunki ismein koi evidence nahi hai. Lekin aapko apne doctor se baat karni chahiye.",0.5,0.7142857142857143,0.5,0.2857142857142857,0.2142857142857143,0.2142857142857143
P00861,skin_rash,0.4884,medium,"Bilkul, aapke symptoms bahut hi interesting hain. Ye dry aur itchy patches, jo raised skin hain, skin conditions jaise eczema ya dermatitis ke liye common hain. Lekin, khoon ki kami ke karan bhi aapke skin ko prabhavit kar sakti hai, kyunki khoon ki kami se skin ko paani aur nutrients ki kami hoti hai, jo skin ko dry aur itchy banati hai. Main aapko ek dermatologist ke paas bhejne ke liye kahaunga, woh aapke symptoms ko aur vishleshan kar sakte hain.","Bhai, main aapko yeh batana chahta hoon ki aapke symptoms aur clinical signs aapke blood ki kami ke sath judne wale hai. Aapke paas anti-MDA5 antibody positive DM hai, jo ki aapke skin, joints, oropharynx, aur lungs ko affect kar raha hai. Aapke symptoms mein polyarthralgia, stiffness, swelling, pain, fatigue, gingival irritation aur bleeding, aur unintentional weight loss shaamil hai. 

Aapke skin par chote-chote dane aur raised patches hain, jo ki moisturize karne par bhi gayab nahi hote hain. Yah symptoms aapke ILD (Interstitial Lung Disease) ke sath judne wale ho sakte hain, jo ki aapke lungs ko affect kar raha hai.",0.0,1.0,1.0,0.0,1.0,1.0
P00865,lip_swelling,0.5119,high,"Arre beta, main samajh gaya. Ek hard like bump aur numbness ke saath, iska kuchh possible reason ho sakta hai. Ismein herpes labialis (cold sore) ka khatra hai, jo kisi bhi umar ke logon mein ho sakta hai. Iske alawa, ismein herpes zoster (shingles) ka bhi khatra hai, jo numbness aur hard bump ke saath aata hai. Hum iske liye ek checkup karwaenge aur test karke pata lagayenge. Aapko chinta mat karein, hum aapki madad karenge.","Beti ki condition kaafi serious hai. MRI scan mein right periventricular region mein ischemic infarction ka evidence mila hai. Iska matlab hai ki uske brain mein kuchh blood flow ka problem hai. Iske symptoms mein numbness, paresis, aur fever shamil hain. 

Aapki beti ka pulse aur blood pressure normal hai, lekin uska liver span 16 cm hai, jo normal se zyada hai. Ismein koi cardiac ya lung problem nahin hai, lekin aapko iske doctor se consult karna chahiye.",0.0,0.0,1.0,1.0,0.0,0.0
P00866,dry_scalp,0.5316,high,"Arre bhai, yeh problem bahut serious hai. Yeh redness aur itching scalp ke liye kai karan ho sakte hain, lekin yeh fungus infection ka sambhav hai. Maine dekha hai ki yeh problem aapke chest par bhi dikhti hai, jo ki ek unusual symptom hai. Main aapko ek dermatologist ke paas refer karna chahta hoon, jo ki aapki problem ko theek se diagnose aur treat kar sakte hain.","Bilkul, main dekhunga. Lekin, mujhe lagta hai ki aapki scalp problem se jyada related hai aapki breast ke cancer symptoms. Aapke paas invasive ductal carcinoma of the breast hai, jiski wajah se aapko throbbing headache, fatigue, myalgia, proptosis, diplopia, aur eye pain ho raha hai. Aapke symptoms aur clinical signs is baat ka indication dete hain ki aapka cancer spread hai aur isse aapko scalp par redness, itching, aur skin nikalna ho sakta hai.",0.5,0.75,0.5,0.25,0.25,0.25
P00867,lip_swelling,0.5109,high,"Arre bhai, aapka darjana sunke mujhe lagta hai ki aapko koi infection ho sakti hai. Aapka description sunke lagta hai ki aapko herpes labialis ho sakte hain, jo ek common infection hai jo chehre par hota hai. Iska karan virus ho sakta hai jo aapke body mein ho sakta hai. Scabbing aur peela rang bhi iska indication hai. 

Main aapko ek dermatologist se milne ke liye kahaunga, woh aapko adhik vistrit jankari de sakte hain aur aapko treatment bhi dengayega.","Bhai, maine suna ki tumhe 2 mahine se left jaw ke neeche ke hisse mein swelling hai. Clinical signs ke anusaar, tumhare paas ek hard bony swelling hai jo buccal cortical plate expansion ke saath hai. Iske alawa, tumhare paas extraoral swelling hai, jiska size 2 x 3 cm hai. Main aapko yeh batana chahta hoon ki tumhare paas radicular cyst hai, jo second mandibular left primary molar ke saath jude hua hai. Iske liye, orthopantomograph mein ek single well-defined periapical radiolucency hai, jo tooth bud of 35 ko involve karta hai.",0.0,1.0,1.0,0.0,1.0,1.0
P00869,edema,0.6349,high,"Arre bhai, main tumhe sun raha hoon. Aapke symptoms bahut hi ghatiya hain. Aapka fever 102.5 par spike ho raha hai, yeh dikhata hai ki aapko koi bacterial infection ho sakti hai. Mere khayal se, aapko bronchitis ya pneumonia ho sakta hai, jismein chest mein fluttery feeling aur terrible coughing hota hai.","Bhai, main dekh raha hoon aapka case. Aapke paas pehle se hi diabetes, hypertension aur dyslipidemia thi. Aapke left foot mein ulcer tha, jiska debridement karwaya gaya aur antibiotics diya gaya tha. Lekin 3 din baad, aapne abdominal pain aur fever ke symptoms dikhaiye, jiska CT scan par moderate pneumoperitoneum aur abdomino-pelvic free fluid nikala gaya. Ab aapke paas urinary bladder perforation bhi hai, jiska evidence CT scan par hai.",0.3333333333333333,1.0,0.6666666666666666,0.0,0.6666666666666667,0.6666666666666666
P00873,skin_irritation,0.4702,medium,"Bhai, main samajhne ki koshish kar raha hoon. Aapke symptoms bahut complex hain. Aapka cough aur ear ache 10 din se hai, aur aapne antibiotics aur inhaler liye hain, lekin koi asar nahi hua. Aapke skin mein dard hai, aur aapne emotional state unstable hai. Main soch raha hoon ki aapke symptoms ek saath jude hue ho sakte hain, jaise ki sinusitis ya allergic reaction. Aapko ek dermatologist ya ENT specialist ke paas jaana chahiye, jinhone aapke symptoms ko aur vishleshan kar sakte hain aur aapke liye sahi treatment suggest kar sakte hain.","Arre bhai, main tumhein batata hoon ki tumhare symptoms bahut serious hain. Tumhare dil mein bacterial endocarditis hai, jiska matlab hai ki tumhare dil ki valves mein bacteria ho gaye hain. Iske liye tumhein antibiotics ki zaroorat hai, lekin tumhare doctor ne aapko antibiotics diye hain aur abhi tak koi fayda nahi ho raha hai. 

Tumhare symptoms mein shortness of breath, fatigue, nausea, vomiting, poor appetite, tachycardia, III/VI systolic murmur, crackles at the bases, +2 pitting edema, aur very poor dentition shamil hain. 

Main tumhare symptoms aur clinical signs ke liye kuchh nahi kar sakta, lekin main tumhare doctor se baat kar sakta hoon.",1.0,0.5,0.0,0.5,-0.5,-0.5
P00876,neck_swelling,0.3446,low,"Arre beta, main tumhein thoda saas aur dard ke liye chinta mat karna. Ye tick bites jaise lagte hain, lekin aapke symptoms bahut jyada hain. Maine socha hai ki aapke neck mein ek reaction ho sakta hai, jisse aapke lymph nodes bahar aaye hain. Main aapko ek dermatologist ya doctor ke paas jana chahunga, woh aapke symptoms ko dekhkar aapki madad kar sakte hain.","Arre beta, main tumhare symptoms aur signs ko dekh raha hoon. Tumhare paas necrotizing gingivitis aur stomatitis hai, jisse tumhare kaan ke peeche aur gardan ke piche ek cheez kaat gaya hai. Iska matlab hai ki tumhare chehre ke neeche ek khatra hai. Tumhare lymph nodes bhi bahar aaye hain, jisse tumhe dard ho raha hai. Ye symptoms tumhare original case ke saath match karte hain, jahan par bhi necrotizing gingivitis aur stomatitis thi.",1.0,1.0,0.0,0.0,0.0,0.0
P00878,skin_irritation,0.4308,medium,"Beta, maine suna hai ki aapke paas ek makdi kaatne ka anubhuti hai aur aapke paas ek red area hai jo tezi se bada ho raha hai. Yeh bahut chinta lagta hai, lekin aapko thoda relax karna chahiye. Brown Recluse Spider bite ke liye, aam taur par, redness aur swelling hote hain, lekin aapke paas koi chakkar ya ulti ki anubhuti nahi hai, jo ek achha sign hai.

Aapko abhi antihistamine le rahi hain, jo theek hai, lekin aapko dermatologist ya doctor se milna chahiye. Woh aapke rash ko dekh kar aur aapke symptoms ke anusaar treatment decide kar sakte hain. Aapko koi bhi treatment start karne se pehle doctor se milna zaroori hai.","Bhai, maine suna hai ki tumhare paas ek makdi kaat liya tha, lekin maine dekha hai ki tumhare symptoms Cutaneous Leishmaniasis ke hi hain. Ye ek type ki skin infection hai jo makdi ki bite se hoti hai. Tumhare symptoms, jaise ki feverish, enlarged axillary lymph node, painless shallow circular ulcer, anxiety, inke saath hi match karte hain. Main aapko koi rash ya reaction nahi dekh sakta jo Brown Recluse Spider bite se related ho.",0.3333333333333333,0.8333333333333334,0.6666666666666666,0.1666666666666666,0.5,0.5
P00880,foot_swelling,0.5373,high,"Beti ki situation dekhte hain, main samajh sakta hoon ki wah mono virus ke side effects se gharib hai. Raised bumps, jo pimples ke roop mein dikhai dete hain, mono virus ki wajah se ho sakte hain. Ye rash ek common side effect hai, jiska naam ""mono rash"" hota hai. Ismein chehre, haathon, ears aur pair ki nichle taraf bumps aate hain.","Beta, tumhare case mein kuchh alag hai. Tumhare pita ka case hai, jismein gingival swelling aur bluish mucosa thi. Unka biopsy bhi hua tha, jismein lymphocytes, plasma cells, eosinophilic polymorphonuclears, aur macrophages ka high cell density tha. Yeh mono virus ki wajah se nahi lagta, kyunki unka biopsy report aisa nahi hai. Haalanki, tumhare pita ka mono nucleosis ka diagnosis hua tha, lekin tumhare case mein kuchh alag hai.",0.0,0.6666666666666666,1.0,0.3333333333333333,0.6666666666666666,0.6666666666666667
P00881,skin_irritation,0.4212,medium,"Arre bhai, main samajh gaya. Aapke case mein ek confusion hai. Daktarin cream ka upyog karke fungi sankraman ho gaya hai, lekin GP ne Penicillin prescribe kiya hai. Penicillin bacteria ke liye hota hai, fungi ke liye nahin. Aapko dermatologist se milna chahiye, unhe aapka swab ki negative parinam aur fungi sankraman ke symptoms sunane chahiye.","Bhai, mere paas aapke case ka clinical evidence hai. Aapke symptoms aur clinical signs ke anusaar, main aapko kuchh baat bata sakta hoon. Aapke paas fever, pain, headache ke saath vertigo, sputum-free cough, diarrhea, stomach ache, abdominal pain, hematemesis, aur blood in stool ki symptoms hain. 

Aapke paas black necrotic eschar, redness aur swelling, subcutaneous nodules, purpuric aur necrotic crusted lesions, aur thrombosis ki symptoms hain. Yeh symptoms aapke case ka ek major part hain. 

Mujhe aapke GP ne Daktarin aur Penicillin prescribe karne ki baat sunayi gayi hai. Lekin, clinical evidence ke anusaar, aapke swab ka parinam negative nikala hai. Isliye, main aapko kuchh baat nahi bata sakta hoon ki Daktarin ya Penicillin aapke case ke liye upyukt hai ya nahi.",0.0,1.0,1.0,0.0,1.0,1.0
P00885,foot_swelling,0.3963,medium,"Arre bhai, main samajh gaya. Paanv par stick par pair rakhne se aapki beti ka pair chhed gaya hai. Dard ho raha hai, lekin khoon nahi nikla hai. Yah ek common injury hai, jiska naam ""contusion"" hai. Ismein pair ke neeche ki skin ko kuchh samay ke liye saaf nahi hota hai, jisse dard hota hai aur sujan lagti hai.

Ab, haath pe sujan aane ka karan isse jude hua ho sakta hai, kyunki aapki beti ne apne haath se pair ko chhedne ki koshish ki hogi. Isse haath mein bhi dard aur sujan ho sakta hai. Main aapko ek doctor se milne ki salah deta hoon, taaki ve aapki beti ki treatment kar saken.","Bhai, main dekh raha hoon. Paanv par hua incident ke bare mein, tumne kaha ki beti ne apne paanv par ek stick par pair rakh diya tha, jisne uska pair chhed diya. Chhed 1/2"" lamba hai, jo seedhe uske pairoke talve mein 1/2-3/4"" tak jata hai. Abhi bhi koi khoon nahi nikalta hai. 

Main kya keh sakta hoon? Haath pe sujani aayi hai, lekin paanv par hua incident ke bare mein, kuchh nahi milta hai. Kya tumhara doctor iske bare mein kuchh puchega.",0.25,0.25,0.0,0.0,0.0,0.0
P00889,skin_rash,0.5651,high,"Arre bhai, aapka rash ek common condition hai, lekin iska kuchh karan ho sakta hai. Aapke symptoms, jaise ki fever aur lethargy, aapki immunity system ko kamzor kar sakte hain, aur isse rash aata hai. Lekin ismein koi serious karan nahin hai, aapko thoda time aur rest lena chahiye, aur agar rash badhne ki shuruat ho, to mujhe pata chalne par aapko doctor se milna hoga.","Bachche, aapke symptoms aur rash ka description kuch aisa hai jo ecthyma gangrenosum jaisa lagta hai, lekin iska diagnosis tootne ke liye aur test ki jarurat hai. Aapke rash ko pimple-like rash ke roop mein describe kiya gaya hai, lekin clinical evidence mein yeh nahi diya gaya hai ki rash pimple-like hota hai. Humein chinta hai ki aapko high-grade fever aur generalized body rashes the, jo ecthyma gangrenosum ke symptoms hain.",1.0,1.0,0.0,0.0,0.0,0.0
P00890,skin_growth,0.4892,medium,"Beta, main aapko thoda sa shanti deta hoon. Penis par ek growth hone ki sambhavana hai, lekin yeh herpes ya koi aur bimari nahi hai. Yeh sambhav hai ki yeh ek benign growth ho, jaise ki seborrheic keratosis ya genital wart, jo sex ke dauraan labia mein irritation pahuncha sakte hain. Main aapko ek specialist se milne ki salah deta hoon, jisse vah aapki cheez ko dekhkar aapko sahi tareeke se treatment karwa sakte hain.","Bhaiya, maine aapki complaint suni hai. Lekin, maine aapke case ka reference liya hai, jismein aapke boyfriend ke penis par growth ki baat nahi hai. Aapke case mein, aapke lower lip par ek growth hai, jiska naam Intraductal papilloma hai. Iska koi connection aapke boyfriend ke penis par growth se nahi hai. Iske liye, aapko doctor se baat karna hoga.",0.5,1.0,0.5,0.0,0.5,0.5
P00896,edema,0.5943,high,"Arre bhai, tumhare symptoms bahut hi ghatiya hain. Main sochta hoon ki tumhare IV insertion site mein koi complication ho sakti hai. Yeh possible hai ki tumhare mein IV insertion ke baad phlebitis ho gayi ho, jisse tumhare vein hard ho gaye hain aur skin ke neeche rolling sensation ho rahi hai. Iske alawa, tumhare hand ke upar ke hisse mein itch karne ka reason bhi phlebitis ho sakta hai. Main aapko ek doctor se milne ke liye kahaunga, jisse aapka proper diagnosis aur treatment ho sakta hai.","Bhai, maine dekha hai ki tumhari left hand ke beech mein IV lagayi gayi thi, aur ab tumhein yeh samajh mein aaya hai ki IV insertion site hard ho gayi hai aur tumhein yeh lagta hai ki yeh skin ke neeche rolling around kar rahi hai. Yeh possible hai ki IV insertion site mein thrombosis ho gaya ho, jisse tumhein dard aur itch hone lag gayi ho.",1.0,1.0,0.0,0.0,0.0,0.0
P00899,swollen_eye,0.4116,medium,"Arre bhai, main tumhare symptoms ko sunkar thoda worried hoon. Aapke aankhon, kaano aur chin area mein khujli hona aur aaj private area mein bhi khuj rahi hai, yeh bahut hi unusual symptoms hain. Main aapko ek dermatologist ya skin specialist se milne ki salah dunga, kyonki yeh symptoms skin-related ho sakte hain. Aapko koi allergy ya infection ho sakti hai, isliye ek specialist se baat karna zaroori hai.","Arre bhai, main tumhari baat samajh gaya hoon. Lekin mujhe kuchh cheezon ka pata nahi hai. Tumhara EMZL hai, jo ek prakaar ki lymphoma hai. Iska matlab hai ki tumhare aankhon mein kuchh galat cheez hai, jo tumhare chehre ke khujlane ka karan hai. Mujhe kuchh aur symptoms nahi pata jo tumhare EMZL ke saath judhe huye hain. Hum tumhare EMZL ka treatment karne ke liye ek plan banayenge, lekin humein pata nahi hai ki kya tumhare khujlane ka karan EMZL hai ya nahi. Hum iske liye test aur examination karne ke liye hain.",0.0,0.25,1.0,0.0,0.25,1.0
P00903,lip_swelling,0.3879,medium,"Arre beta, maine suna ki aapki gaal ke andar ek hafte pehle rough ho gayi thi, aur ab thoda sujan aa gaya hai. Ismein kuchh cheezon ka samay ho sakta hai. Ek sambhavna yeh hai ki aap dono mein oral lichen planus ho sakta hai, jo ek autoimmune disease hai. Ismein gaal ke andar roughness aur lal daag aate hain. Main aapko ek specialist doctor ke paas bhejne ke liye kahaunga.","Bachche, aapke gaal ke andar ka bhag ek hafte pehle sandpaper jaise rough ho gaya tha, lekin abhi dusre din aapke gaal ke andar thoda sa sujan aa gaya hai aur us par lal daag hain. Iske liye humein kuchh naya evidence chahiye, lekin aapke case note mein kuchh cheezein likhi hain. Aapke gaal ke andar ek odontogenic fibromyxoma hai, jo ek prakaar ka cancer hai. Iska hisaab lagaane ke liye humein aur test aur examination ki zaroorat hai.",0.25,0.0,0.0,1.0,-0.25,-1.0
P00907,skin_rash,0.4594,medium,"Bilkul, main samajh gaya. Aapka vartaman condition, jisse aapko upar ke jangho mein khujli aur laal rang ka rash ho raha hai, yeh ek common problem hai. Lekin, aapke symptoms aur aapne khane ki cheezon se trigger hone ki baat dekhiye, yeh kuch aur bhi ho sakta hai. Main aapko ek dermatologist ke paas bhejne ki salah deta hoon, jisse hum aapke symptoms ko aur vishleshan kar sakte hain aur aapko sahi treatment diya ja sakta hai.","Arre bhai, main dekh raha hoon ki tumhare paas kuchh rash hai, jo khujli karti hai aur laal aur sujh jati hai. Ye rash tumhare jangho, trunk, face, scalp, aur paunch par dikh raha hai. Tumhare symptoms burning, itchy, aur painful to touch ho rahe hain, aur tumhe fever, frequent cough, aur joint stiffness bhi ho raha hai. 

Main dekh raha hoon ki tumhare Lyme serology test positive hai, isliye mujhe lagta hai ki tumhare paas Lyme disease ho sakta hai. Ye ek bacterial infection hai jo tick bite se hota hai.",1.0,0.6666666666666666,0.0,0.3333333333333333,-0.3333333333333333,-0.3333333333333333
P00911,skin_rash,0.5177,high,"Arre bhai, aapki chinta theek hai. Lekin, e-coli ke liye test karwane ki zaroorat nahi hai. Agar uski symptoms food allergic reaction ke liye match karti hain, to medrol pack uske liye behtar hai. Abhi uski condition mein joint stiffness aur weakness hai, jo food allergic reaction ke side effects ho sakte hain.","Bilkul, main dekh raha hoon. Lekin, aapki wife ki condition se judi baat hai. Woh situs inversus totalis aur acute cholecystitis ke saath hai. Isliye, uske abdominal pain aur jaundice ke liye e-coli ki koi shankya nahin hai. Uska PCP ne food allergic reaction ka diagnosis diya hai, jisse uski rash, joint stiffness aur weakness ho sakti hai. Abhi uske abdominal pain ya diarrhea nahin hai, to e-coli ke liye test karwana zaroori nahin hai.",0.0,0.3333333333333333,1.0,0.6666666666666666,0.3333333333333333,0.3333333333333333
P00912,neck_swelling,0.5094,high,"Bilkul, main aapki madad karoonga. Aapke symptoms bahut hi ghatiya hain. Pichle 2 saalon se il hone ka matlab hai ki aapko ek chronic condition ho sakta hai. Red rash aur swollen glands neck mein kaaran ho sakta hai thyroid problem, jaise ki hypothyroidism. Aapko thyroid test karwane ki zaroorat hai. Main aapko ek specialist se milwane ki salah deta hoon.","Arre bhai, main dekh raha hoon tumhare clinical findings. Tumhare paas cancer of left breast, Graves' disease, aur severe aplastic anemia (AA) hai, jo MMI se hai. Tumhare symptoms mein general malaise, weight loss, lump in left breast, sudden fever, sore throat, chills, aur general malaise shamil hain. 

Tumhare clinical signs mein high fever, sinus tachycardia, grade II systolic murmur, exophthalmos, moderate diffuse goiter, gingival bleeding, anemic palpebral conjunctiva, aur tonsillitis shamil hain. 

Main tumhare symptoms aur clinical signs ke liye kuchh cheezon par dhyan de raha hoon. Tumhare neck par ek red scaley rash aati hai aur jati hai, jisse tumhare neck par swelling ho rahi hai. Yeh symptoms tumhare Graves' disease ke sath jud sakte hain.",0.6666666666666666,0.8571428571428571,0.3333333333333333,0.1428571428571428,0.1904761904761904,0.1904761904761904
P00913,swollen_tonsils,0.4762,medium,"Arre beta, Tetanus ek bacterial infection hai jo skin mein ho sakti hai. Sperm se Tetanus contract nahi hota hai, isliye aapko iske liye chinta nahin karni chahiye. Lekin, aapke throat ki sujan aur swallow karna mushkil ho raha hai, ismein kuchh aur bhi ho sakta hai. Main aapko ek ENT specialist ke paas bhejne ki salah dunga, woh aapki throat ki cheezon ko dekhkar aapko batayenge ki aapke tonsils ka removal ki zaroorat hai ya nahin.","Arre beta, maine dekha hai ki aapka boyfriend ko Tetanus ka diagnosis hua hai, lekin aapki vartaman condition mein koi Tetanus ka lakshan nahin hai. Aapki throat suj gayi hai aur aapko swallow karna difficult ho raha hai, lekin yeh symptoms aapke horrible tonsils ke karan ho sakte hain. Aapke boyfriend ko Tetanus hua hai, lekin aapko isse contract karne ki koi sambhavana nahin hai.",0.0,0.0,1.0,1.0,0.0,0.0
P00914,swollen_tonsils,0.428,medium,"Arre bhai, main samajh gaya. Lymph node ka dard aur sujan antibiotics se theek nahi ho raha hai, toh yeh thoda chintit hai. Lekin humein yeh bhi yaad rakhna hai ki lymphoma ke liye needle biopsy ka parinaam bhi theek nahi aaya. Isliye, hatake se pehle humein yeh check karne ki zaroorat hai ki kya lymph node mein koi infection hai ya koi anya problem hai. Hum ek aur biopsy ya test kar sakte hain jisse humein pata chalega ki kya hua hai.","Arre bhai, main tumhein yeh batata hoon ki aapke pati ke case mein kuchh cheezein hain jo main dekh sakta hoon. Unke paas chemical burn hai, jo unke right foot, hallux, 2nd, 3rd digits, aur dorsum par hai. Yeh ghatna lagbhag 5 ghante pehle hui thi, jab unhone kuchh chemical ki wajah se injuri hui thi. Unke symptoms mein severe burning sensation, pain, desquamation, redness, aur oozing shaamil hai. 

Main yeh nahi dekh sakta ki kya in ghatnaon ke baad lymph node suj gaya hai ya nahi, kyunki yeh information nahi di gayi hai. Lekin main yeh batata hoon ki antibiotics ke istemal ke baad bhi unke dard aur sujan theek nahi ho rahe the, jisse lymphoma ki sambhavana badh jati hai.",0.5,0.6666666666666666,0.5,0.3333333333333333,0.1666666666666666,0.1666666666666666
P00917,swollen_tonsils,0.5487,high,"Bhai, aapke case mein kuchh ghatnaon ka dhyan rakhna zaroori hai. Jab aapko pehle wala strep infection hua tha, to aapko antibiotics milte the, lekin ab aapko lagbhag 5 saal pehle se koi infection nahi hui hai. Lekin aapne right tonsil par ek safed/grey spot notice kiya tha, jo ab purple/black color mein badal gaya hai. Yeh kuchh anormal hai, isliye humein aapko ek specialist ke paas refer karne ki zaroorat hai. Smoking aapke case mein ek factor ho sakta hai, lekin isse pehle humein aapke tonsil ke liye ek check-up karne ki zaroorat hai.","Bachchon ki dhadkan, maine suna hai ki aapke paas ek kuchh anjaan cheez hai jiska aapko laga hai ki woh aapke gale mein wala hai. Main aapko batana chahta hoon ki aapke paas ek leech hai, jo aapke gale ke andar hai. Iska karan aapne pani ki chot se hai, jo aapne ek local spring se liya tha. Yeh leech aapke gale ke andar hai, jisse aapko nasal bleeding, blood-stained saliva, aur throat mein wiggling object ka anubhav ho raha hai.",0.6666666666666666,0.25,0.3333333333333333,0.0,-0.4166666666666666,0.3333333333333333
P00919,swollen_tonsils,0.5318,high,"Arre bhai, yeh symptoms bahut samajhne mein aaye hain. Yeh dry/burnt tongue aur swollen tonsils ke symptoms throat infection ya tonsillitis ke liye lagbhag hain. Aur yeh sinus infections aur stomach pains ke symptoms digestive system ke samasyaon ya gastroenteritis ke liye bhi lagbhag hain. Iske alawa, yeh sharp pains left side of abdomen ke symptoms kidney stone ya appendicitis ke liye bhi lagbhag hain. Lekin, mujhe to aapko doctor ke paas jaana hoga, vah aapki symptoms ko aur vishleshan karke aapki problem ka theek tareeke se treatment karwa sakte hain.","Bhai, main aapko kuchh vishayon par aapka jawab de sakta hoon. Aapke symptoms mein dry/burnt tongue, swollen tonsils, aur sharp pains left side of abdomen hai. Lekin, aapke symptoms aur clinical signs ke hisaab se, main aapko yeh keh sakta hoon ki aapke paas deep parotid lobe sialocele hai, jo aapke oropharyngeal airway ko mass effect deta hai. Iske alawa, aapke symptoms mein odynophagia (painful swallowing) aur difficulty swallowing hai, jo sialocele ke karan ho sakta hai.",1.0,1.0,0.0,0.0,0.0,0.0
P00921,swollen_eye,0.5292,high,"Arre beta, aapki baat suni. Ye symptoms bahut ghatiya hain. Main sochta hoon ki aapko koi infection ho sakti hai, jaise ki herpes zoster ya mukh mein cyst ho sakta hai. Iske liye main aapko ek dermatologist ya ENT specialist se milne ki salah deta hoon. Unke paas aapko proper checkup karwaaya ja sakta hai aur treatment kiya ja sakta hai.","Bhai, aapka case bahut hi kamjor hai. Aapke paas plexiform neurofibromatosis hai, jo ek aisa cancer hai jiska upchar bahut mushkil hota hai. Aapke ganthe bahut suj gaye hain aur unke beech mein ek dark center hai, jo ek bada problem hai. Aapki right eye mein thodi dard hai aur aapka right ear bhi dard kar raha hai. 

Main aapko kuchh sujhane wala nahi hoon, kyunki aapka case bahut hi kamjor hai aur aapko specialist doctor se milna hoga. Aapko apne doctor se baat karni chahiye aur unhein apne symptoms aur symptoms ke baare mein batani chahiye.",0.0,0.0,1.0,1.0,0.0,0.0
P00925,skin_rash,0.5492,high,"Arre bhai, aapke symptoms bahut hi ghatiya hain. Bukhar aur bhari hui sar ki problem ke saath sath hypertension ki feeling bhi aati hai, yeh bahut hi chinta ka vishay hai. Main aapko kahaunga ki aapko is samay thoda relax karna chahiye aur koi bhi medicine bina doctor ki salah ke nahin lena chahiye. Aapko phir se doctor se milne ki zaroorat hai, unhe aapke symptoms aur medicine ke baare mein batayein aur unka mulaaka karein.","Bhai, aapke symptoms bahut hi kamzor hain. Aapke paas transient right hemiplegia hai, jiska matlab hai aapke right upper aur lower limbs mein kamzori hai. Aapke paas left occipital pain, left parietal headache, aur fatigue bhi hai. 

Aapke doctor ne aapko MACPOD-O 200mg aur Sumo Cold diya hai, lekin yeh symptoms aapke transient right hemiplegia ke sath judne ke liye nahi hain. Aapke paas hypertension ki feeling hai, lekin ismein koi clinical evidence nahi hai. 

Main aapko kahaunga ki aapko apne doctor se milne ki zaroorat hai, aur ve aapke symptoms ke liye behtar treatment decide kar sakte hain.",0.25,1.0,0.0,0.0,0.75,0.0
P00929,skin_rash,0.4356,medium,"Kutte ki kaatne ke baad aapke haath mein dard aur chhinne ka dikhawa hai, lekin chhaati mein koi nazar nahi aaya. Yeh ek normal reaction hai. Ek chhota sa rom chhodna bhi normal hai. Lekin, yeh bhi sambhav hai ki kutte ki kaatne ke karan koi infection ho gayi ho.

Aapko rash ke baare mein doctor se milna chahiye. Rash kuchh infection, allergy ya kutte ki kaatne ke karan hone wali reaction ko indicate kar sakta hai. Doctor aapko rash ke liye check karega aur aapko suitable treatment diya jayega.","Bachche, tumhare case mein koi rash ya allergy ka jikr nahin hai. Isliye, main koi rash ke baare mein kuch nahin keh sakta. Hamaare case ke clinical signs aur symptoms ke anusar, tumhare condition ka kendra hai left lacrimal sac area mein B-cell non-Hodgkin lymphoma (MALT type).",0.6666666666666666,0.5,0.3333333333333333,0.5,-0.1666666666666666,-0.1666666666666666
P00932,skin_rash,0.3407,low,"Arre beta, main tumhein sun raha hoon. Ye to possible hai ki aapke urinary tract mein infection ho gaya hai, jisse ye symptoms aaye hain. Ye infection kaafi common hai aur ye kisi bhi tarah ka ho sakta hai, jaise ki UTI (Urinary Tract Infection) ya yeast infection. 

Main tumhein ek solution suggest kar sakta hoon. Aapko pehle apne doctor se milna chahiye aur unhein apne symptoms ke bare mein batana chahiye. Unhone aapko ek treatment prescribe kar sakte hain, jo aapke symptoms ko control kar sakta hai. 

Aapko apne girlfriend ke symptoms ke bare mein bhi doctor se milna chahiye. Ye possible hai ki unhein bhi koi infection ho gaya ho. Doctor aap dono ko ek saath treatment kar sakte hain, jisse aap dono ko ek khush rehne wali life jeene mein madad milegi.","Bhai, main aapko yeh batana chahta hoon ki aapke symptoms aur clinical signs gastrocolic fistula (GCF) ke karan ho sakte hain. Aapke symptoms anorexia, nausea, vomiting, diarrhea, abdominal cramps, aur weight loss hai, jo GCF ke symptoms hai. 

Mujhe aapke urinary tract ke symptoms ke bare mein pata nahi hai, kyunki clinical evidence mein kuch bhi nahi hai. Lekin aapke symptoms aur clinical signs GCF ke karan ho sakte hain. 

Mujhe aapke girlfriend ke symptoms ke bare mein bhi pata nahi hai, kyunki clinical evidence mein kuch bhi nahi hai. Lekin aap dono ko ek hi doctor se treatment karwana chahiye.",1.0,0.25,0.0,0.0,-0.75,0.0
P00933,mouth_ulcers,0.4953,medium,"Arre bhai, main samajh gaya. Aapke symptoms bahut complex hain. Lekin main aapko ek cheez keh sakta hoon, aapke symptoms oral thrush ka anuroop hain, jo ek fungal infection hai. Ye infection antibiotics ke baad ho sakti hai. Main aapko ek prescription di sakta hoon jo aapke symptoms ko theek karne mein madad karega. Lekin humein pehle ek biopsy karwana hoga taaki hum sure hokar kheen saken ki aapke saath kya problem hai.","Bachche, main sun raha hoon. Tumhare symptoms aur history ke anusaar, main kuchh cheezein bat sakta hoon. Tumhare paas ek tick bite ki wajah se target lesion hai, aur aapne oral doxycycline liya tha. Ye doxycycline ka treatment tick-borne pathogen ke liye diya jata hai, lekin Lyme disease ke liye serological markers negative the. 

Aapke symptoms, jaise ki mooh mein film ka ehsaas, jeebh numbish, safed rang ki aur peechwre hisso mein laal daag, khana sahi tarike se taste nahi hota, aur namkeen cheezein khaane se ulcers ho jaate hain, inhein oral yeast infection ke symptoms ke roop mein dekhna chahiye. 

Main aapko confirm kar sakta hoon ki aapke paas oral yeast infection hai, lekin main koi bhi treatment ya diagnosis confirm nahin kar sakta. Aapko oral surgeon ki salah di gayi hai, jisse aapko aur visheshagya ki salah milegi.",0.5,0.6666666666666666,0.5,0.3333333333333333,0.1666666666666666,0.1666666666666666
P00934,neck_swelling,0.4848,medium,"Bachchi ki symptoms bahut serious lag rahi hain. Mere khayal se, yeh throat infection ya tonsillitis ho sakta hai. Jab bhi bachche ko throat mein dard, sujan, aur lymphnode mein ubharne ki shuruat hoti hai, toh isse infection ka karan lagta hai. Hum zaroori medical checkup karwane ki zaroorat hai.","Beti ji, tumhare case mein kuchh galat hai. Tumhare naak ke andar ek bada tumor hai, jo tumhare right nasal cavity ko bhar raha hai. Iske alawa, tumhare right orbit bhi khatre mein hai. Tumhare symptoms, jaise ki nasal obstruction, anosmia aur hearing loss, inka karan yeh tumor hai. 

Ab tumhare baare mein kuchh naya nahi hai, jo is case se juda hai. Tumhare left lymphnode aur hawa ki nali ke baare mein kuchh nahi diya gaya hai, isliye humein kuchh bhi nahi pata hai.",0.0,1.0,1.0,0.0,1.0,1.0
P00935,eye_inflammation,0.4887,medium,"Bhai, aapke symptoms bahut interesting hain. Aapke sir dard, garmi, aur aankhon mein dard kaafi common symptoms hain, lekin aapke screen dekhte waqt thakne ka bahut hi important point hai. Yeh symptoms neck strain, migrane, ya even computer vision syndrome ke symptoms ho sakte hain, lekin glandular fever ka connection bhi ho sakta hai. Main aapko ek specialist doctor ke paas le jana chahunga, woh aapke symptoms ka proper diagnosis kar sakte hain.","Bhai, main dekh raha hoon ki tumhare symptoms bahut hi serious hain. Tumhare head mein dard, aankhon mein dard, aur tumhara dhyan dena mushkil hai. Ye sab symptoms mucormycosis ke symptoms hain, jo tumhare MRI scan mein bhi dikhaya gaya hai. Tumhare brain mein signal change aur edema hai, jo bahut hi serious hai. Main tumhe bata sakta hoon ki tumhare case mein mucormycosis ka diagnosis kiya gaya hai, aur iska treatment zaroori hai.",0.0,1.0,1.0,0.0,1.0,1.0
P00936,swollen_tonsils,0.5667,high,"Arre beti, main aapko samajh sakta hoon. Staph infection bahut jaldi spread ho sakta hai, isliye aapko chinta nahi karna chahiye. 36 ghante se Bactrim le rahi hain, lekin abhi tak sudhaar nahi hai, to hamein doctor se baat karni chahiye. Aapko koi aur antibiotic ke liye checkup karwana hoga, jisse infection thoda sa pehle se ho sakta hai.","Arre, 49 saal ki mahila, tumhare tonsils par staph infection hai, lekin tumhara vartaman sthiti kya hai? Tumhara BP, heart rate, respiratory rate, aur O2 saturation kya hai? Abhi tak koi clinical signs ya symptoms tumhare paas nahi hai jo MSA jaise bimari ke liye darshayein. Tumhara swasthya aur active rehta hai, isliye tumhara sthiti thodi thodi sudhaar hone ke liye ummeed hai.",0.0,0.0,1.0,1.0,0.0,0.0
P00939,lip_swelling,0.386,medium,"Arre beta, main tumhein theek se sun raha hoon. Aapka sujan aur lip par laal spot ka ehsaas kya ho sakta hai? Yeh kuch viral infection ho sakti hai, jaise herpes labialis ya viral fever. Iske alawa, aapne vodka peena bhi is condition ko badhava diya ho sakta hai, kyunki yeh aapke immune system ko kamjor kar sakta hai. Main aapko ek doctor ke paas le jana chaahta hoon, woh aapki check-up karke sahi treatment diya payenge.","Arre beta, maine suna hai tumhare muh mein sujan hai, aur tumne kal raat vodka peeti thi. Lekin, main aapko batana chahta hoon ki clinical evidence mein koi jaankari nahin hai ki vodka peena aapke sujan ke liye kaaran hai. 

Aapke case mein, gingival swelling hai, jiska biopsy karne se pata chala hai ki yeh ek nodular formation hai jismein lymphocytes, plasma cells, eosinophilic polymorphonuclears, aur macrophages hain. Iska matlab yeh hai ki aapke sujan ka karan aapke gingival swelling se juda hua ho sakta hai. 

Main aapko batana chahta hoon ki aapke boyfriend ke saath ki ghatna ko lekar aapke sujan ke liye koi sambandh nahin hai, kyunki clinical evidence mein koi jaankari nahin hai.",0.0,1.0,1.0,0.0,1.0,1.0
P00941,swollen_eye,0.4944,medium,"Ryan bhai, main aapko shanti de raha hoon. Aapke kutte ne aapko kaat liya hai, isse rabies ke liye risk ho sakta hai. Aapko zaroori hai ki aap apne doctor se phir se milen aur rabies ke liye vaccine lene ke liye koi nishkarsh nikale. Aapko apne aankhon ko band karke 10-15 minute tak dhyan se dekhna chahiye, agar aapko koi chot ya dard dikh raha hai to aapko apne doctor se phir se milna hoga.","Arre bhai, maine dekha hai ki tumhare paas choriocarcinoma hai, jo ek prakaar ki cancer hai. Yeh tumhare right adrenal gland mein hai. Tumhare symptoms abdominal pain aur bloating hai. 

Maine dekha hai ki tumhari aankhon mein proptosis hai, jo ek clinical sign hai. Iske alawa, tumhare paas ek well-healed scar hai lower neck mein, jo tumhare thyroidectomy ke liye hai. 

Main kuch bhi nahi keh sakta ki tumhe anti-rabies vaccine lagaya gaya tha ya nahi, kyunki yeh clinical evidence mein nahi diya gaya hai.",0.25,1.0,0.0,0.0,0.75,0.0
P00945,dry_scalp,0.4282,medium,"Namaste beta, maine suna hai aapke paas candida overgrowth aur khujli ka samasya hai. Ye sab kuchh ho sakta hai isliye ki aapke digestive system mein imbalance hai. Aapko apne IBS ke liye probiotics khane chahiye, jisse aapke gut mein healthy bacteria badhenge aur khujli kam ho jayegi. Tea tree oil aur coconut oil bhi aapko khujli mein aaram dene mein madad kar sakte hain, lekin unhein paani mein mix karein aur aapke scalp par lagayein, nahin ki aapko sirf oil lagane do.","Arre beta, main aapko yeh batata hoon ki aapke symptoms prurigo nodularis kehlathe hain, jo ki ek dermatological condition hai. Aapke symptoms scalp, extensor side of the extremities, aur trunk par hain. Aapke itchy NRS score 2 points hai, jo ki aapko din mein thoda itchy lagta hai aur raat mein thoda itchy lagta hai, jo ki scratching karne ki zaroorat nahi padti hai. 

Main aapko yeh bhi batata hoon ki aapke blood IgE level 365 IU/mL hai, jo ki normal range se adhik hai. Iska matlab hai ki aapke immune system mein kuch problem ho sakti hai. 

Aapke symptoms ke liye, main aapko yeh nahi batata hoon ki tea tree oil, coconut oil, ya koi aur oil aapke symptoms mein aaram dega. Iske liye, aapko dermatologist se consult karna hoga.",0.3333333333333333,1.0,0.6666666666666666,0.0,0.6666666666666667,0.6666666666666666
P00953,foot_swelling,0.5366,high,"Bete ka case bahut hi common hai. Jab koi insect ya bee pair par kaat leti hai, toh uske baad swelling ho sakta hai. Ye swelling aam taur par 2-3 din mein hi theek ho jata hai, lekin agar swelling bahut jyada ho raha ho ya uska size badh raha ho, toh medical attention lena zaroori hai.

Aapko doctor se milkar padhna chahiye. Doctor ko check karne ke baad, agar swelling theek se theek ho raha hai toh aapko symptoms ke liye treatment diya jayega.","Bete ko bee sting pehle se hi hua tha, aur ab uska pair sujha hua hai. Ye possible hai ki bee sting se kidney ko nuksaan ho gaya hai, jisse nephrotic syndrome ho gaya hai. Nephrotic syndrome ke symptoms, jaise ki generalized edema, decreased urine output, facial swelling, abdominal distension, hain. 

Haan, extended swelling common hai nephrotic syndrome ke patients mein. Aapko medical attention lena chahiye, kyunki symptoms severe hain. Treatment sirf symptoms ke liye hi nahi hogi, balki kidney ko nuksaan se bachane ke liye bhi hogi.",1.0,1.0,0.0,0.0,0.0,0.0
P00954,neck_swelling,0.4286,medium,"Bhai, aapke symptoms bahut chintit kar rahe hain. Aapka sujan aur dard right side ke peeche, joints mein, aur ab gardan aur kandhe mein, yeh sab symptoms kuchh serious ho sakte hain. Lymph nodes ke sujan ka karan kai ho sakte hain, jaise ki infection, allergy ya koi bhi disease. Acyclovir shingles ke liye liya hai, lekin aapke symptoms bahut vishal hain, isliye humein kuchh aur investigate karna hoga. Aapka raat mein bukhar aane laga hai, yeh bhi ek chintit baat hai. Humein aapka blood work aur kuchh aur tests karne honge, lekin aapko thoda relax rakhna hai aur humein aapke symptoms ko dekhna hai.","Arre bhai, maine dekha hai ki tumhara parotid duct laceration hai, aur yeh left malar region mein hai. Tumhara facial nerve intact hai, lekin parotid duct injured hai. Iske liye hamne operation ki hai aur silicon tube ko parotid duct mein daal diya hai.",0.0,1.0,1.0,0.0,1.0,1.0
P00955,knee_swelling,0.412,medium,"Arre bhai, maine suna hai aapko Vancouver Island ke jangalon mein neemboo se kaata tha aur ab aapko kai lakshan hain. Maine dekha hai aapko thakaana, bukhar, sar dard, gardan sakht, aur knee suj hai. Ye sab Lyme disease ke lakshan ho sakte hain, lekin humein kuch aur bhi test karna hoga. Maine aapko ek rashtraayak doctor se milne ki salah di hai, woh aapko pehli nazar mein dekhega aur phir aapko test karwaayega.","Bhai, maine dekha hai ki aapke paas intrasacral meningocele hai, jo aapke lower limbs mein pain aur muscle weakness ka karan hai. Aapke MRI spine mein iska nishkarsh nikla hai. Aapke clinical examination mein koi neurological abnormality ya arthritis nahin hai. Aapke power grade 4/5 hai, aur deep tendon reflexes normal hain. Maine koi saakshya nahin dekha jo Lyme disease ke lakshan se match karta hai. Aapko Vitamin D ke liye treatment diya gaya hai, aur aapke symptoms mein improvement dikh raha hai.",0.0,1.0,1.0,0.0,1.0,1.0
P00956,neck_swelling,0.524,high,"Bhai, aapki baat suni. Ek laal chikna patch aur lymph nodes mein sujan, yeh symptoms bahut hi ghatiya hain. Aapko antibiotics lekar 5 din pehle is patch ke liye koi treatment nahi kiya gaya hai, toh iska koi connection nahi hai. Lekin aapko itching aur uper ki parat khujlane shuru hone ke baad, isme koi infection ho sakti hai. Main aapko doctor ke paas jana sujhata hoon, woh aapki check-up karega aur aapko sahi treatment diya jayega.","Bhai, aapke symptoms aur clinical signs ke anusar, aapke paas ek solitary fibrous tumor of the parotid gland hai, jo 5 saal se aapke kanon mein slow growing aur painless pretragal swelling ke roop mein dikhai deta hai. Aapke paas koi facial paralysis ya cervical lymph node enlargement nahi hai. Aapke paas itching aur parat khujlane ki shikayatein hain, lekin iske liye aapke paas koi clinical evidence nahi hai. Aapke doctor se milne ke liye koi zaroorat nahi hai, lekin aapko apne symptoms aur clinical signs ke baare mein apne doctor se baat karni chahiye.",0.3333333333333333,0.8,0.6666666666666666,0.2,0.4666666666666667,0.4666666666666666
P00958,mouth_ulcers,0.4916,medium,"Bhai, main aapko yeh batana chahta hoon ki Giardia ke side effects mein pimples aur ulcers aane ki sambhavana hai, lekin safed pimples aur throat ki suj aur daag aise symptoms hain jo Giardia se judhe nahi hain. Aapka upper lip ke andar safed pimples aur throat ki suj aur daag ke liye humein dermatologist ya ENT specialist se baat karni hogi.","Bilkul, main aapko batata hoon. Pyogenic granuloma ki etiology (kaaran) nahi pata chal sakta hai is clinical evidence se, lekin yeh ek common skin condition hai jo kisi bhi kshetra par ho sakta hai. Iska presentation (dikhawa) yeh hai ki yeh ek progressive swelling hai jo bleeding ke saath hota hai.

Aapko treatment ke liye koi chinta nahi karni chahiye, kyunki aapne doctor se meeting ki hai. Treatment options ke liye main aapko kuch nahi bata sakta, lekin aapko removal of the lesion ki jarurat hai.

Differential diagnoses ke liye, main kuch bata sakta hoon. Ye hain: traumatic ulcer, aphthous ulcer, and other skin conditions.",0.0,0.6666666666666666,1.0,0.3333333333333333,0.6666666666666666,0.6666666666666667
P00963,mouth_ulcers,0.5807,high,"Arre bhai, aapke symptoms bahut interesting hain. Mouth ulcer ke baad aane wali white red lines aur raat mein itching, yeh symptoms skin ke kai problems ke liye ho sakte hain. Main aapko ek dermatologist se milne ki salah deta hoon, woh aapke skin ko dekhkar aapke symptoms ke liye sabse achha treatment suggest kar sakte hain.","Beta, tumhare case mein upper lip ke midline mein ek pit hai, jiska opening 2 mm ka hai. Iska koi infection, pain ya swelling nahi hai. Tumhare case mein whitish discharge bhi tha, lekin iska koi reference nahi diya gaya hai. 

Tumhare symptoms aur clinical signs ke hisaab se, yeh seemit hai ki tumhare case mein blind-ending sinus hai. Iske liye tumhe plastic surgery specialist se consult karna chahiye.",0.0,0.6666666666666666,1.0,0.3333333333333333,0.6666666666666666,0.6666666666666667
P00966,foot_swelling,0.3989,medium,"Bhai, aapka case bahut serious hai. Aapko insect bite ki wajah se infection ho sakti hai, jisse sujan aur purple blisters aate hain. Main aapko antiseptic lotion aur antibiotic cream ka use karne ka sujhav dunga. Aapko thoda dard ho sakta hai, lekin yeh infection ko rokne mein madad karega.","Bhai, maine dekha hai ki tumhara pair ke neeche ek mass hai, jisse tumhe dard ho raha hai. Yeh mass ek ulcerative reddish mass hai, jisme punctate hemorrhage aur pale areas hain. Iska histopathological examination aur immunohistochemical analysis karke pata chala hai ki yeh BSCC hai. Main kuchh aur symptoms ya signs nahi dekh sakta, kyunki unki jaankari nahi di gayi hai.",0.0,1.0,1.0,0.0,1.0,1.0
P00968,knee_swelling,0.5816,high,"Namaste, beta. Mere paas aapke pita ka case dekhne ke liye kuch samajh aayi hai. Chicken guniya ke baad unke ghutno mein severe joint pains aur swelling aane ke liye ek sambhav karan hai, jise 'gout' kaha jaata hai. Iska karan bloodsugar level badhne ke saath hi ho sakta hai. Ab unhe doctor se milne aur proper treatment ke liye kuchh dinon tak rest aur pain management ki zaroorat hai.","Bhai, maine dekha hai ki aapka pita right-sided heart failure ke symptoms dekh raha hai. Iska matlab hai ki uske dil ki ek side mein pressure badh gaya hai. Yeh condition 8 mahine se hai aur uske paas lower limb swelling, abdominal distension, scrotal swelling, aur kai anya symptoms hain.",1.0,1.0,0.0,0.0,0.0,0.0
P00971,foot_swelling,0.4609,medium,"Arre beta, maine suna hai ki aapka pati bahut buri tarah se pareshaan hua hai. Ye Streptococcus type G infection bahut bhi ghatiya hai, lekin aapka pati abhi theek hai, aur woh ghar aayega. Aapko aur savdhani rakhni chahiye, kyonki infection phir se ho sakti hai. 

Aapko doctor se puchhna chahiye ki aapko kya karna chahiye, lekin aapko to doctor ne hi kaha hai ki aapko pomps aur drips ke saath ghar aayega. Aapko uske liye koi bhi savdhani rakhni nahi hai, lekin aapko uske liye sahi tarah se dawai leni hogi. Aapko uske liye koi bhi special diet khaani nahi hogi, lekin aapko healthy aur swasth bhojan khaani chahiye.","Arre bhai, aapka case bahut complex hai. Aapka pati kaafi pehle se osteomyelitis ka shikaar hai, jiska matlab hai ki uske hone ke 3 mahine pehle hi usmein infection thi. Iske alawa, uske paas Staphylococcus aureus infection bhi thi, jo uske left elbow par tha. Aur abhi, usmein B. pseudomallei infection (melioidosis) bhi thi. 

Aapko kuch savdhani rakhni chahiye, kyunki uske paas poori tarah se recovery nahi hui hai. Aapko uske paas regular check-up karwana chahiye aur uski dawai ko puri tarah se follow karwana chahiye.",0.5,0.5,0.5,0.5,0.0,0.0
P00977,neck_swelling,0.5332,high,"Namaste bhai, main aapki baat sun raha hoon. Aapke symptoms bahut hi interesting hain. Aapke right groin area mein staph infection ke baad sensitivity aur tingling ka mahsus ho raha hai, iske alawa vertigo aur neck dard bhi ho raha hai. Main aapko kahaunga ki aapko ek neurological examination karwana chahiye, aur kya ho sakta hai aapke paas fibromyalgia, neuropathy ya thyroid problem ho. Main aapko ek specialist se meeting karwana chahiye jo aapko adhik visheshagya parichay de sake.","Bhai, main aapko dekh raha hoon. Aapke paas ek non-Hodgkin lymphoma (NHL) ka diagnosis hai, jo aapke central abdomen, right cervical lymphadenopathy, mediastinal lymph nodes, mesenteric, aur retroperitoneal masses mein paaya gaya hai. Aapke symptoms, jaise ki intermittent fever, loss of appetite, fatigue, aur weight loss, aapke clinical signs, jaise ki pallor, pedal edema, aur firm mass of 10 cm in central abdomen, aapke lab reports, jaise ki hemoglobin 5.1 gm/dl, WBC 9200/cu mm, platelet count 2,72,000/cu mm, aur aapke CT scan, sab aapke NHL ka diagnosis ko support karte hain.",0.0,1.0,1.0,0.0,1.0,1.0
P00982,skin_rash,0.4703,medium,"Beta, maine suna hai ki aapko pichhle 5 saal se kuch problem chal rahi hai. Aapne bahut kuch try kiya hai, lekin abhi bhi kuch problem hai. Aapke symptoms, jaise ki waist ke aas paas itching, aur palms aur soles mein itching, bahut hi common hai. Main sochta hoon ki aapko ek dermatological condition ho sakta hai, jaise ki eczema ya psoriasis. Main aapko ek dermatologist ke paas le jana chahunga, woh aapko aur adhik jankari dega.","Bachche, main aapko yeh batana chahta hoon ki aapke symptoms, jaise ki watery, foul-smelling vaginal discharge, itching, aur burning, iske saath hain labia majora par do choti si ulcers. Ye symptoms 6 mahino se chal rahe hain. 

Kuchh tests karne ke baad, jaise ki stool examination, hematological tests, liver functions, renal function tests, aur Venereal Disease Research Laboratory, human immunodeficiency viruses, HbsAg, aur hepatitis C virus, sab normal nikle hain. 

Main aapko yeh bhi batana chahta hoon ki discharge ke baad cotton material ko remove karne se discharge kam ho gaya aur 6 mahino ke follow-up mein koi recurrence nahin hui.",0.5,1.0,0.5,0.0,0.5,0.5
P00983,skin_rash,0.4905,medium,"Beta, maine suna hai ki unke paas hand, foot aur mouth virus tha. Ye virus ke baad kuchh logon ko nail (ungliyon) ke problem ho sakte hain. Iska karan virus ke kuchh side effects ho sakte hain. Lekin, agar skin piece by piece ghir raha hai, to isme kuchh aur bhi problem ho sakti hai. Main aapko ek doctor se milne aur test karwane ki salah dunga, taaki hum sahi diagnosis kar sakein aur upchar kar sakein.","Bilkul, main aapko batata hoon. Aapke bachche ki condition se koi sambandh rhupus syndrome se hai, jo ki rheumatoid arthritis aur systemic lupus erythematosus ka ek combination hai. Ismein skin ke alawa joints bhi involved hote hain. Aapke bachche ki symptoms, jaise ki skin pe rashes, hands aur feet par swelling, aur ungliyon ke skin piece by piece ghir raha hai, inmein rhupus syndrome ka sambandh hai.",0.0,1.0,1.0,0.0,1.0,1.0
P00986,swollen_tonsils,0.4988,medium,"Bhai, main samajh sakta hoon ki aapko do cheezon ki problem hai: salivary gland infection aur acid reflux. Lekin aapne kaha hai ki aapko acid reflux ke symptoms bahut zyada hain aur antibiotics pills liye hain, lekin koi asar nahi hua. Iske liye, main aapko ek aur cheez ke bare mein sochne ka suggestion deta hoon: ho sakta hai ki aapko Sjögren's syndrome ho, jo ek autoimmune disease hai jismein salivary gland aur stomach ki problems hoti hain. Aapko apne doctor se iske bare mein baat karni chahiye.","Arre bhai, maine dekha hai ki aapke paas bahut se symptoms hain, lekin maine dekha hai ki aapke CT scan mein retropharyngeal abscess aur clivus osteomyelitis ka diagnosis kiya gaya hai. Yeh ek severe condition hai, aur aapke symptoms isse match karte hain, jaise ki ear aur facial pain, purulent material escaping from right ear, aur poor appetite.

Main aapko yeh nahin confirm kar sakta ki aapke paas acid reflux hai, kyunki aapke symptoms aur clinical signs mein koi evidence nahin hai. Aapke CT scan mein bhi koi evidence of acid reflux nahin hai. Lekin aapke symptoms aur clinical signs mein kuchh aur cheezien hain jo is condition se match karte hain, jaise ki night sweats aur weight loss.",1.0,1.0,0.0,0.0,0.0,0.0
P00987,lip_swelling,0.5263,high,"Beta, mere paas aapki problem dekhne ke liye kuch samay hai. Aapke gaal mein sujan aati hai, aur yeh cheek bone par hoti hai. Yeh bahut common problem hai, jiska naam Trigeminal Neuralgia hai. Yeh problem aapke nerve mein hoti hai, jo gaal ko supply karta hai. Main aapko ek specialist doctor ke paas bhejne ke liye soch raha hoon, jinhone aapki problem ko theek karne ke liye treatment kiya hai.","Arre bhai, maine dekha hai ki tumhare upper left canine ka problem hai. Yeh impacted hai aur palatal side par hai. CBCT test se pata chala hai ki yeh tooth palatal side par hi hai. Ab tumhare symptoms ke baare mein pata nahi chala hai, lekin tumhara upper left canine missing hai. Main tumhare saath kuchh nahi kar sakta, kyunki tumne orthodontic treatment reject kiya hai.",0.0,0.25,1.0,0.0,0.25,1.0
P00988,neck_swelling,0.5119,high,"Arre beta, main tumhein sunne ke baad kuchh vichar kar sakta hoon. Tumhare gaal mein sujan hone aur joint pain ke saath, mujhe lagta hai ki tumhara immune system thoda kharab ho sakta hai. Parvovirus lgG ka positive show aur EBV lgG ka positive show, yeh kuchh samajhne ke liye kafi hai. Main tumhein ek rheumatologist ya immunologist se milne ke liye kahaunga, jinhone tumhare symptoms aur test reports ko dekhkar tumhare liye thoda aur vishesh treatment plan banaya ja sakta hai.","Bilkul, main aapki samasya ko samajhne ki koshish karta hoon. Aapki gaal mein january se gaanth ho gayi hai, aur aapki awaz kharash ho gayi hai. Lekin, aapke case mein, main dekhta hoon ki aapke gaal mein vallecular mass hai, jo aapke dysphagia aur plummy quality of voice ka karan hai. Aapke clinical signs mein mild breathing difficulty aur mouth opening more than three fingers hai, lekin cervical lymphadenopathy absent hai. 

Mujhe aapke blood work aur CT scan ka data nahi diya gaya hai, lekin aapke ENT mein kuch nahi dikha hai. Main aapko yeh batana chahta hoon ki aapke symptoms aur clinical signs vallecular mass ke sambandh mein hai, aur aapko ENT specialist se milne ki zaroorat hai.",0.5,0.3333333333333333,0.5,0.6666666666666666,-0.1666666666666666,-0.1666666666666666
P00989,lip_swelling,0.4503,medium,"Bilkul, main samajh gayi. Aapki hotho par ek cut hai, aur abhi bhi dard ho raha hai. Iska sabse bada karan yah hai ki aapke andar wala cut puri tarah se theek nahin ho gaya hai. Jab aap neosporin lagate hain, garam namak wale pani se kulla karte hain, ibuprofen lete hain, to yah dard kam hone chahiye tha. Lekin aapke dard kam nahin hone ke baare mein kaha ja raha hai, aur aapko jelly jaisa material bahar nikal raha hai.

Mujhe lagta hai ki aapko ek doctor se milna chahiye, kyonki aapke symptoms bahut hi unusual hain. Ismein infection ka khatra ho sakta hai, jisse aapko antibiotics ki jarurat ho sakti hai. Aapko iske alawa ek dermatologist se bhi milna chahiye, kyonki aapke hotho par ek cut hai aur aapko dard ho raha hai.","Bhai, maine dekha hai ki tumhare hotho par ek cut hai, aur iske niche ek dusra cut hai. Tumhare symptoms bahut jyada hain, jaise ki khana khane, lambi baat karne, muskurane mein dard ho raha hai. Iske alawa, tumhare andar wala cut purplish redish aur safed hai, aur jelly jaisa material bahar nikal raha hai. 

Maine dekha hai ki tumhara gingival biopsy ki report aayi hai, jismein lymphocytes, plasma cells, eosinophilic polymorphonuclears, aur macrophages ki high cell density hai. Yeh symptoms aur biopsy report ke hisaab se, lagta hai ki tumhare case mein ek chronic inflammation ho sakta hai. Lekin main confirm nahin kar sakta ki yeh sankramit hai ya nahin, iske liye humein aur test karne honge.",0.0,0.5,1.0,0.5,0.5,0.5
P00990,knee_swelling,0.5007,high,"Beta, aapka description sunke lagta hai ki yeh benign growths ho sakte hain. Ye vartamaan mein warts ya keratosis pilaris jaise ho sakte hain. Ye fungal ya viral ho sakte hain, lekin yeh itching ya dard nahi karte hain, to yeh viral infection jaisi nahin lagti. Main aapko ek dermatologist ke paas jaane ki salah dunga, woh aapka proper diagnosis kar sakte hain aur ilaj bhi karwa sakte hain.","Bhai, maine aapki baat suni hai. Lekin, main aapki elbows par skin colored raised bumps ke liye koi confirmatory jawab nahin de sakta. Clinical evidence mein aapke elbows par koi cheez nahin hai. Lekin, aapke knee joint par tabetic arthropathy hai, jiska ilaj penicillin G se kiya gaya hai. Ye syphilis ke karan hota hai. Main aapko syphilis ke liye test karwana sujhata hoon.",0.0,0.0,1.0,1.0,0.0,0.0
P00993,skin_rash,0.4596,medium,"Arre beti ki situation bahut serious hai. Ye dard aur rashes ke liye kai karan ho sakte hain, lekin maine suna hai ki usne strep throat ke baad antibiotics li thi, toh ye ek sambandhit karan ho sakta hai. Iske alawa, uska dard jism mein ghoom raha tha aur usne chalne mein asamarth ho gayi thi, jo ki meningitis ya sepsis ke liye kai karan ho sakte hain. Humein iske liye test karwane aur doctor se consult karwane ki zaroorat hai.","Bilkul, main samajh gaya. Aapki beti ki condition bahut zyada kharab hai. Ismein systemic complaints, sore throat, chest pain, emesis, diarrhea, febrile, hypotensive, hepatosplenomegaly, aur right upper quadrant tenderness sabhi hain. CT scan chest ke hisab se, uske lung mein multifocal pneumonia hai. Iske liye, use vancomycin, cefepime, aur vasopressors diya gaya hai. Main aapko yeh kuchh batata hoon ki is condition ke liye antibiotics ke alawa, uske liye hospitalization aur close monitoring ki zaroorat hai.",0.6666666666666666,1.0,0.3333333333333333,0.0,0.3333333333333333,0.3333333333333333
P00995,mouth_ulcers,0.4843,medium,"Namaste bhai, aapki shikayat suni. Lymph node ka dard aur sujan infection ke liye ek common symptom hai, lekin aapke case mein yeh kuch aur bhi ho sakta hai. Aapne pahle bhi infection ki shikayat ki hai, isliye humein yeh dhyan dena hoga ki aapko koi chronic infection ho rahi hai ya koi aur bhi problem hai. Main aapka examination karunga aur phir hi humein aapki sahi treatment decide kar sakte hain.","Arre bhai, maine dekha hai ki tumhare upper lip ke right side par swelling hai, aur yeh painless hai. Iske alawa, tumhare cheel par cheilitis hai aur tumhare tongue par fissural tongue hai. Yeh symptoms Melkersson Rosthenthal Syndrome ke liye indicative hain, jismein recurring swelling aur cheilitis hota hai. Main koi infection ki wajah se yeh nahin keh sakta, kyunki yeh symptoms tumhare case mein aise hain.",0.0,0.6666666666666666,1.0,0.3333333333333333,0.6666666666666666,0.6666666666666667
P00996,hand_lump,0.5556,high,"Arre beta, maine suna hai ki aapka mom ko tick bite ka suspicion hai, lekin yeh bhi sambhav hai ki yeh ek allergic reaction ho sakta hai. Swollen hands aur itching kaafi bada symptom hai, isliye maine socha hai ki yeh ek allergic reaction ho sakta hai. Aapko kuchh aur symptoms puchne hain, kya aapka mom ne koi bhi allergy ki history hai ya koi bhi dard ki shikayat hai?","Bhai, main aapko dekh raha hoon. Aapke symptoms aur mummy ke symptoms bahut alag hain. Mummy ke symptoms ka description tick bite ke symptoms se match karta hai, lekin aapke symptoms thyroid ke sath judte hain. Aapke TSH zero hai, aur FT4 aur T3 ki level bahut high hai, jisse it seems ki aapke thyroid mein kuch problem hai. Aapke neck pain aur thyroid gland ke tender hona iska evidence hai. Main aapko confirm kar sakta hoon ki aapke symptoms thyroid ke sath judte hain, lekin main aapke mummy ke symptoms ka koi connection thyroid se nahin kar sakta.",0.3333333333333333,1.0,0.6666666666666666,0.0,0.6666666666666667,0.6666666666666666
P00998,swollen_eye,0.461,medium,"Bachche ki allergy ke liye oral antishistaminr bahut zaroori hain. Celestamine aur xyzal dono hi acha antishistaminr hain, lekin xyzal jyada aaraam deta hai. Ismein lactose nahin hota hai, jisse bachche ko paachan karne mein madad milti hai.","Bhai, main aapki baat samajhne ke liye koshish karunga, lekin aapke bete ki case aur aapke case mein koi sambandh nahin hai. Aapke bete ki aankh ki allergy aur aapke left eye endophthalmitis mein koi sambandh nahin hai. 

Aapke doctor ne aapko anti-allergy drop aur oral antihistamine prescribe kiya hai. Celestamine aur xyzal dono antihistamines hain, lekin main koi specific recommendation nahin kar sakta. Aapko apne doctor ki baat sunni chahiye.",0.0,0.0,1.0,1.0,0.0,0.0
P00999,neck_swelling,0.5289,high,"Bhai, aapke symptoms bahut khatarnak hain. Aapke sneezing, sore throat, aur blocked nose ke baad, aapke symptoms badhne lage hain. Aapke ungliya aur toe dard karne lage hain, jisse lagta hai ki aapko viral fever ho raha hai, jo kuch dinon tak chalta hai. 

Lekin, aapka ek bada problem hai ki aapke paas medical insurance nahi hai. Main aapko kuch tips de sakta hoon, jaise ki aapko thoda thoda paani peene ki koshish karna chahiye, aur aapko thoda thoda rest lene ki koshish karna chahiye. Lekin, main aapko ek doctor se milne ki salah deta hoon, jisse woh aapke symptoms ko dekh sake aur aapko sahi treatment di sake.","Bhai, maine dekha hai ki tumhare paas necrotizing fasciitis hai, jo ek bahut hi ghatiya aur tezi se badhne wala infection hai. Iska karan tumhare neck, upper aur anterior mediastinum, retropharyngeal, bilateral sub-mandibular, upper paratracheal, aur mediastinal spaces mein gas collection hai, jo CT scan par dikhayi gayi hai. Tumhare symptoms aur clinical signs iska saboot hain, jaise ki chest pain, respiratory distress, high fever, aur widespread ST-elevation. 

Main tumhare paas medical treatment ke liye kuch nahi kar sakta, lekin main tumhe hospital mein jaane ke liye kahaunga.",0.5,1.0,0.5,0.0,0.5,0.5
P01005,foot_swelling,0.5772,high,"Arre bhai, main aapki madad karne ke liye yahaan hoon. Aapka case bahut serious hai, kyunki aapka fracture 3 saal pehle tha, lekin aapko ab sujan aur dhimi dard ho raha hai. Ye lymphangitis nahi ho sakta hai, kyunki ismein dard aur sujan hota hai, jo fracture ke karan ho sakta hai. Main aapko ek orthopedic specialist se milne ke liye kahaunga, jinhone aapka case dekhna hoga aur aapko behtar treatment diya ja sakta hai.","Arre bhai, main aapki madad karne ke liye yahaan hu. Lekin, aapka case yahaan nahin match karta. Aapka case right foot ke shaft ka compound open fracture tha, lekin yahaan ke case mein wood block ne right foot par impact kiya tha. Aapka case 3 saal pehle sign nail se treat kiya gaya tha, lekin yahaan ke case mein koi suchi nahin di gayi hai. 

Aapka doctor ne aapko lymphangitis ke bare mein bataya hai, lekin yahaan ke case mein dislocation of the Interphalangeal Joint (IPJ) of the right hallux hai. Aapka case aur yahaan ke case mein koi samanata nahin hai. Main aapko yahaan ke case ke anusaar hi treatment de sakta hoon.",0.0,0.0,1.0,1.0,0.0,0.0
P01006,neck_swelling,0.5133,high,"Arre bhai, tumhare symptoms bahut serious hain. Lower neck ke right side par sujan aane ke baad, agar FNAC report TB ke strong indication deti hai, to treatment zaroori hai. TB ka treatment 6-9 mahine tak chalta hai, jisme antibiotics ka course lena hoga. Treatment start hone ke baad, tumhare symptoms thode-thode se kam hone lagenge aur nodes heal hone ke liye lagbhag 2-3 mahine lag sakte hain. TB ka treatment karna zaroori hai, kyunki yeh bimari infectious hai aur agar nahi di gayi, to serious complications ho sakte hain. TB ke karan ka pata lagana mushkil hai, lekin yeh generally lung se hua infection hota hai jo spinal cord tak pahunch jata hai.","Bhai, main aapko batata hoon ki aapke symptoms aur FNAC report ka matlab yeh hai ki aapke paas salivary gland ki neem neem neem neem neem neem neem neem neem neem neem neem neem neem neem neem neem neem neem neem neem neem neem neem neem neem neem neem neem neem neem neem neem neem neem neem neem neem neem neem neem neem neem neem neem neem neem neem neem neem neem neem neem neem neem neem neem neem neem neem neem neem neem neem neem neem neem neem neem neem neem neem neem neem neem neem neem neem neem neem neem neem neem neem neem neem neem neem neem neem neem neem neem neem neem neem neem neem neem neem neem neem neem neem neem neem neem neem neem neem neem neem neem neem neem neem neem neem neem neem neem neem neem neem neem neem neem neem neem neem neem neem",0.0,0.25,1.0,0.0,0.25,1.0
P01008,skin_irritation,0.5278,high,"Bhai, aapka wasp sting bahut achha hai, lekin swelling aur itching numbness kaafi common symptoms hain. Aapko thoda dard bhi ho sakta hai, isliye aapko ice pack lagane se thoda relief mil sakta hai. Aapko antiseptic cream bhi lagane ki zaroorat hai taki infection na ho.","Arre bhai, tumhare case mein Cancrum oris ka diagnosis hai. Tumhare skin par sting ki wajah se swelling aur itching/numbness ho rahi hai. Jabki tumhare skin hard ho gayi hai aur throbbing ho rahi hai, lekin tumhare CD4 cell count 142 cells/muL hai, jo AIDS ka indication deta hai. Mujhe koi specific treatment nahi mil raha hai is specific condition ke liye, lekin tumhe koi severe reaction nahi hai, isliye tumhe koi chinta nahi karna chahiye.",1.0,1.0,0.0,0.0,0.0,0.0
P01011,knee_swelling,0.4921,medium,"Arre bhai, Rifampin bacterial cellulitis ke liye upyogi nahin hai. Yeh antibiotic hain, lekin iska use cellulitis ke liye nahin kiya jata. Clindamycin aur Keflex unhe pehle se hi mil gaye the, toh inke saath Rifampin ka use karne ka koi zaroorat nahin hai. Aapko unki prescription par hi chalna chahiye, BID x 10 din ke liye.","Rifampin bacterial cellulitis mein upyogi nahi hai. Is case mein, patient ko Mycobacterium abscessus infection hai, jo Rifampin ke liye resistant hai. Patient ki maa ne Rifampin aur Doxycline ke liye prescription li hai, lekin yeh antimicrobial combination Mycobacterium abscessus ke liye upyogi nahi hai.",0.5,0.6666666666666666,0.5,0.3333333333333333,0.1666666666666666,0.1666666666666666
P01013,knee_swelling,0.6246,high,"Arre bhai, aapke symptoms bahut hi ghatiya hain. Aapke neck mein choked up hona aur swallowing mein mushkil hona, yeh throat mein irritation ya inflammation ka sign hai. Aur aapke neck mein stomach ki awaz aane ki baat sunke, mujhe lagta hai ki aapke paas esophagus mein problem ho sakti hai. Aapko thoda thoda paani piyara hai aur thoda thoda khana khaana chahiye, aur phir aapko doctor se milna chahiye.","Arre bhai, maine suna ki aapko throat mein choked up ka ahsaas hai, aur liquid nigalne mein mushkil ho rahi hai. Iske saath, aapko hives bhi ho gayi hain, aur aapko neend nahi a rahi hai. 

Lekin, main aapko batana chahta hoon ki aapke symptoms is case ke saamne aate hain, jismein neuromuscular junction affection ki wajah se throat mein problem, swallowing mein mushkil, aur neend ki kami aati hai. Aapke symptoms bahut hi similar hain, lekin main aapko batana chahta hoon ki is case mein food borne botulism ki wajah se aapke symptoms aaye hain.

Main aapko kuchh treatment options batata hoon, lekin aapko pehle hi doctor ke paas aana hoga.",0.0,0.25,1.0,0.0,0.25,1.0
P01015,foot_swelling,0.4554,medium,"Arre bhai, aapka case serious hai. Jaise aapne kaha, jab aapka toe par step gaya, toh numbness aane lagi, isse lagta hai ki aapke nerve ko kuch nuksaan ho gaya hai. Aapke foot mein knot aur bruise bhi dekhne mein aaya hai, jo chot ki wajah se ho sakta hai. Main aapko doctor ke paas jana sujhata hoon, woh aapke foot ko dekhkar aur test karke aapko sahi treatment dengi.","Arre beta, maine dekha hai ki tumhare pair par kuchh problem hai. Clinical evidence ke anusaar, tumhare pair par degenerative lumbosacral stenosis (DLSS) hai, jisse tumhare pair mein dard, numbness aur khujli hoti hai. Tumhare joint ke pass ek knot hai, jisse tumhare pair mein stiffness aur crepitation hoti hai. Main aapko kahaunga ki aapko doctor ke paas jaana chahiye, kyunki yeh problem aapke pair ke joint ke sath judi hai.",0.25,0.25,0.0,0.0,0.0,0.0
P01018,mouth_ulcers,0.5059,high,"Beta, tumhare symptoms bahut hi samajhne ke liye hai. Tonsillitis ke baad oral thrush ka risa hai, lekin agar treatment ka asar nahi hua hai to humein aur kuchh samajhna hoga. Tumhare symptoms ke hisaab se, mujhe lagta hai ki tumhare mouth mein candida infection ho sakta hai, jo oral thrush ka ek prakaar hai. Iske alawa, tumhare symptoms staph infection ya mouth ulcers ka bhi indication de rahe hain. Humein tumhare symptoms aur history ke baare mein aur jaanne ke liye aur test ya examination ki zaroorat hogi.","Arre bhai, tumhara tongue white hai aur tumhe dard bhi ho raha hai. Ye symptoms oral thrush ke liye ho sakte hain, lekin treatment ka koi asar nahi hua. Fluconazole bhi di gayi thi, lekin abhi bhi symptoms hain. Main kya keh sakta hoon, tumhara CT scan ka report kuch aur batata hai. Sinusitis ka treatment karte samay, tumhe oral thrush ho sakta hai. 

Main tumhe ek oral examination karne ke liye kaha hoon. Mere paas aapka CT scan ka report hai, jismein sinus opacification aur foreign body ka presence hai. Ye symptoms aur bhi kuch keh sakte hain, lekin main kuch confirm nahi kar sakta.",0.2,0.25,0.8,0.0,0.0499999999999999,0.8
P01020,skin_rash,0.5661,high,"Arre bhai, आपकी चिंता समझ में आ गई. एमोयबियासी एक आम समस्या नहीं है, लेकिन यह पारजीविक बीमारी हो सकती है। अगर आपको दस्त की समस्या हुई थी और आपके दोस्त को एमोयबियासी का इलाज किया गया था, तो यह संभव है कि आपको भी यह समस्या हो सकती है। मैं आपको एक डॉक्टर से मिलने की सलाह दूंगा, जो आपको उचित परीक्षण और इलाज कर सकता है।","बिल्कुल, मैं समझता हूं। आपकी यात्रा और दस्त की समस्या के बारे में मैं आपको बता सकता हूं। आपकी विशेषज्ञता के बारे में मैं कुछ नहीं कह सकता, लेकिन आपके लक्षणों को देखकर मुझे लगता है कि आपकी समस्या पाचन तंत्र से जुड़ी नहीं है। आपके लक्षण जैसे कि बुखार, खांसी, सांस फूलना, जोड़ों में दर्द और कमजोरी आपके शरीर के अन्य हिस्सों को प्रभावित कर रहे हैं।",0.25,0.25,0.0,0.0,0.0,0.0
P01022,skin_rash,0.5137,high,"Aapka naam Carol hai, aap 67 saal ki hain. Aapka kaha hai ki aapko antibiotic, Z pack aur Diafluciane liye gaye the, lekin sabhi jhaaiyaan nahi gayi. Ye jhaaiyaan aapke anal area mein hain, iska matlab hai ki aapko possibly fungal infection ho sakta hai, jaise ki Candida infection. Aapko doctor se milne ki zaroorat hai, woh aapko proper treatment aur medication diya payenge.","Arre Carol ji, maine aapki jhaaiyaan dekh li hai. Aapke paas generalized skin rash aur oral ulcer hai. Iska Direct immunofluorescence study kiya gaya hai, jismein intercellular deposition of IgG dekhaya gaya hai, jo chicken wire feature ki tarah hai. Iska matlab hai ki aapko autoimmune skin disease ho sakti hai.",0.5,1.0,0.5,0.0,0.5,0.5
P01025,mouth_ulcers,0.4098,medium,"Arre Mrs. Lobo, aapki samasya kaafi interesting hai. Uric acid ka high level aur aajkal aapke munh mein samasya, dono ka sambandh ho sakta hai. Aapko pata hai ki uric acid ka high level se kidney mein samasya hoti hai, jisse munh mein samasya ho sakti hai. Ab aapka uric acid normal hai, lekin aapke munh mein samasya abhi bhi ho rahi hai, toh ismein do cheezein ho sakti hain - ya phir aapke munh mein koi anya samasya hai jo uric acid se judi nahin hai. Main aapko ek specialist se milne ke liye bhej dunga.","Arre bhai, maine dekha hai ki aapke munh mein buccal mucosa wet hai. Iska matlab hai ki aapke munh mein kuch infection ho sakti hai. Lekin, maine aapke clinical evidence mein kuch aur nahi dekha hai jo is baat ka connection dikhaye ki aapke high uric acid ke ilaaj ke baad aapke munh mein sthitiyan sudhar gayi hai. Main is baat ka nishkarsh nahi kar sakta.",0.25,1.0,0.0,0.0,0.75,0.0
P01026,foot_swelling,0.4019,medium,"Arre bhai, tumhare case mein kuchh chinta lag rahi hai. Jab koi machar kaat leta hai, toh infection ho sakti hai. Aapne cream aur antihistamine lagaya hai, lekin yeh infection ko kam nahin kar raha hai. Main aapko ek antibiotic cream aur ice pack lagane ka sujhao dunga. Isse infection kam ho sakti hai aur kharish kam hogi.","Bhai sahab, maine aapki baat suni hai. Lekin, aapke paas empyema hai, jiska arth hai aapke lung mein pani aur bakteriyon ka ek jamaav hai. Aapke symptoms, jaise ki sujan, laalima, aur ghunghru ki tarah anubhav, aapke lung se judi hui cheezon se judi hui hain. Main aapko koi cream ya antihistamine ke liye sujhav nahi de sakta, kyunki aapke paas lung ki samasya hai. Aapko doctor se milna hoga aur unka treatment karna hoga.",1.0,0.25,0.0,0.0,-0.75,0.0
P01027,mouth_ulcers,0.4938,medium,"Arre bhai, polycythemia vera ke patients ko thakan aur mouth issues ke liye Vitamin B12 deficiency ka risk hota hai. Hydrea ke side effects se bhi Vitamin B12 kam ho sakta hai. Aapko Vitamin B12 supplements khana chahiye aur Vitamin B12-rich khadya padarthon jaise fish, eggs, aur dairy products ka sevan karna chahiye.","Arre bhai, mujhe aapka polycythemia vera ka history pata hai, lekin yeh sinonasal mass ka case hai, jismein aapke polycythemia vera ka koi direct connection nahi hai. Lekin aapke symptoms aur treatment ke liye, main aapko kuchh suggestions de sakta hoon. Aapko Hydrea ke side effects se bachne ke liye, aapko vitamin B12 aur iron ki kami se bachna hoga, kyunki yeh aapke red blood cell production ko affect kar sakte hain. Aapko vitamin C aur E ki kami se bhi bachna hoga, kyunki yeh aapke platelet production ko affect kar sakte hain.",0.25,1.0,0.0,0.0,0.75,0.0
P01035,skin_rash,0.509,high,"Arre beta, yeh rash aur bumps bahut hi common hain. Ek sambhav karan yeh hai ki uska skin allergy ho sakta hai, jaise ki gold bond powder se. Ismein charcha karte hue, yeh bhi sambhav hai ki uska skin chikni ho gayi ho, jisse rash aur bumps aaye hain. Aur yeh bhi sambhav hai ki uska skin mein fungal infection ho gaya ho, jaise ki jock itch.","Beta, tumhara boyfriend ki condition bahut hi serious hai. Vasculitis ke saath cellulitis hai, jo skin par darkening, red spots, aur bumps ka karan hai. Ye rash aur itching aur dard ka karan ho sakta hai. 

Humne dekha hai ki tumhara boyfriend ne pichle week and a half se gold bond powder use kiya hai, jo ek possible karan ho sakta hai. Lekin humein iske liye aur clinical evidence ki zaroorat hai. Hum skin biopsy ke liye tayyar hain, jisse humein pata chalega ki kya ho raha hai.",0.2,0.75,0.8,0.25,0.55,0.55
P01038,mouth_ulcers,0.5172,high,"Arre bhai, aapka case bahut interesting hai. Wasabi peas khane se aapke mooh mein irritation ho sakti hai, jisse aapke hotho, jeebh aur gale ko dard ho sakta hai. Sambhav hai ki aapke oesophagus mein bhi irritation ho sakti hai, jisse dard ho raha ho. Main aapko ek doctor se milne ki salah dunga, jisse aapka proper diagnosis ho sakta hai.","Bachche, maine aapki problem dekhi hai. Aapke paas Self-Injurious Behavior (SIB) hai, jismein aap apne hotho, jeebh aur gale ke aas-paas kuch karte hain. Ye kuchh aapke liye bahut hi khatarnaak hai, aur isne aapke liye bahut se nuksaan pahuncha hai. 

Main aapko yeh nahin pata kar sakta ki wasabi peas aapke SIB ke liye karan hai ya nahin, kyunki clinical evidence mein yeh nahin diya gaya hai.",0.25,0.25,0.0,0.0,0.0,0.0
P01040,foot_swelling,0.3856,medium,"Arre bhai, maine dekha hai, tumhare pair mein kuch garami hai. Yeh ho sakta hai ki tumhare pair mein chhoti si cheez lag gayi ho, jaise ki ek jagah par ek chhoti si cheez kaat gayi ho. Iske liye humein ek doctor ko dekhna hoga. Main tumhe ek antibiotic cream aur ice pack lagane ke liye kahaunga, lekin yeh koi permanent solution nahi hai. Humein urgent tareekh par doctor ko dekhna hoga.","Arre bhai, maine dekha hai ki aapke paas abdominal pain aur nausea hai, jo aapke epigastric region mein hai. Aapke symptoms bahut severe hain, jismein pallor, hiccup, severe nausea without vomiting aur inability to walk bhi shamil hai. Aapke vital signs stable hain, lekin aapke blood pressure kam hai, 85/P mmHg. Main aapko kuchh symptoms aur symptoms ke liye chinta kar raha hoon, jaise ki aapka blood pressure kam hai aur aapki O2 Saturation 85% hai, jo thoda low hai.",0.25,1.0,0.0,0.0,0.75,0.0
P01043,swollen_eye,0.5009,high,"Bhai, aapko thoda chintan mat karna. Yeh pustule aapke upper eyelid ke kone par ho sakti hai, jisse aapko khujli ho rahi hai. Yeh ek common symptom hai, lekin kuchh baar infection ke baad bhi ho sakta hai. Main aapko ek dermatologist se milne ke liye kahaunga, woh aapki pustule ko dekhkar aapko sahi tareeke se treatment dengi.","Arre bhai, maine dekha hai ki aapke paas mucormycosis hai, jo ek bahut hi ghatiya infection hai. Aapke right eye mein broad, ribbonlike, aseptate hyphae dekhne mein aaye hain, jo KOH preparation mein dikhai dene wala hai. Iske liye antibiotics aur antifungal dawaon ki aavashyakta hai, na ki antibiotics hi. Aapko iske liye antifungal dawaon ki zaroorat hai.",1.0,1.0,0.0,0.0,0.0,0.0
P01045,swollen_eye,0.5023,high,"Bacche ki aankh dekhne ke baad, main samajh sakta hoon ki vigamox drops kaam karne mein samay lagta hai. Ye drops antibiotic hain, jisse infection ko thanda karna chahiye. 

Aankh laal aur sujne ke liye, humein thoda aur samay dekhna hoga. Bacche ko 7-10 din tak drops lagane ki zaroorat ho sakti hai. Aapko doctor se baat karne aur bacche ki aankh dekhne ke liye appointment lena chahiye.","Bhai, aapka case bahut complex hai. Pehle to aapke paas Pemphigus vulgaris tha, phir Pseudomonas infection ho gaya, aur ab KVE (Keratoconjunctivitis and Vesicular Eruption) ho gaya hai. Aapke doctor ne vigamox prescribe kiya hai, lekin aapke aankhon mein infection abhi bhi hai. 

Main aapko yeh nahi keh sakta ki vigamox kaam nahi kar raha hai, kyunki clinical evidence mein yeh nahi diya gaya hai. Lekin aapko lagta hai ki yeh drops aapke aankhon ko thik nahin kar rahe hain. Aapko apne doctor se baat karni chahiye aur unse puchna chahiye ki aapko kya karna chahiye.",1.0,0.3333333333333333,0.0,0.6666666666666666,-0.6666666666666667,-0.6666666666666666
P01047,mouth_ulcers,0.4609,medium,"Arre Yvette, main aapki bharosa kar sakta hoon. Ye to bahut chinta lag raha hai. Mere hisaab se, iske symptoms bahut serious hain. Ye to nahi ho sakta ki ye dehydration hai, kyunki uski masoodi bahut suj gayi hai aur har baar khoon beh raha hai. Main aapko ek pediatrician ya dentist se milne ke liye kahaunga, jinhone iske symptoms ko dekhne ke liye expertise hain.","Beti ki masoodi bahut suj gayi hai, lekin yeh aapko jaankar hai ki uski masoodi se khoon beh raha hai. Iska matlab hai ki uske muh ke andar koi gandagi ho sakti hai. Aapko iske liye doctor se zaroorat hai. Mere paas yeh clinical evidence hai ki uske muh ke andar ulcers aur pimple jaise dane the, aur uske front teeth cover ho gaye hain. Iske liye aapko iske liye doctor se zaroorat hai.",0.25,1.0,0.0,0.0,0.75,0.0
P01048,foot_swelling,0.3961,medium,"Bhai, aapke paon mein kuch ho gaya hai, lekin dard nahin hai, isse thoda pareshani hai. Aapke big toes suj gaye hain, yeh fungas ke karan ho sakta hai. Foot ko soak karne se aap isse saaf kar sakte hain, lekin aapko ek antiseptic solution ya vinegar mein paani mein foot ko 15-20 minute tak soak karna hoga.","Bhai, maine dekha ki aapke paon ke nakhun mein koi fungas ki cheez nahi hai. Clinical evidence ke anusaar, aapke paon ke nakhun mein Hair Tourniquet Syndrome (HTTS) ka ilaaj hua hai. HTTS ke kaaran aapke paon ke nakhun mein glistening blonde strand tha, jo aapke doctor ne hook karke cut free kiya tha.",1.0,0.25,0.0,0.0,-0.75,0.0
P01051,foot_swelling,0.5056,high,"Arre bhai, main samajh gaya. Yeh MRSA ka ek bada problem hai. Jab antibiotics band karte hain, toh bacteria fir se grow ho jaati hai. Isliye, antibiotics band karne se pehle, MRSA ko completely kill karne ke liye ek long-term treatment ki zaroorat hai. Clindamycin ka use aapne pati ko kiya gaya hai, lekin agar yeh problem abhi bhi hai, toh humein iske liye ek aur antibiotic ki zaroorat ho sakti hai. Humein ek specialist doctor se consult karna hoga jo aapke pati ko ek long-term treatment ka plan banayega.","Arre bhai, maine dekha hai ki aapka pati MRSA se affected hai. Ye kuchh samajh aaya hai ki unhe antibiotics diye gaye hain, lekin jaise hi unhe dawai band kar diya, phir se redness aur swelling aa jata hai. Main kuchh nahi pata ki MRSA se related koi jyada symptoms hain, lekin aapka pati ko bukhar bhi hota hai. Main kuchh nahi pata ki kya isse SLE se related hai ya nahi, kyunki aapka pati SLE se affected hai. Main kuchh nahi pata ki kya immunosuppressant aur steroid therapy se MRSA ki wajah se recurring cellulitis ho rahi hai.",0.0,0.3333333333333333,1.0,0.6666666666666666,0.3333333333333333,0.3333333333333333
P01053,skin_rash,0.5123,high,"Arre bhai, yeh mono ka case bahut severe hai. Mono ka infection 2-4 weeks tak chalta hai, lekin iske symptoms 4-6 weeks tak aate hain. Uska liver aur spleen infected hone ka matlab hai ki infection blood mein jama ho rahi hai, jisse weight loss ho rahi hai. Ye symptoms 2-3 weeks ke baad kam honge, lekin uske liye proper treatment aur rest zaroori hai.","Bhai, main aapko yeh batana chahta hoon ki aapke dost ki condition se aapka case alag hai. Aapke dost ki condition mono ke liye lagti hai, lekin aapke case mein koi fever, rash, joint pain, nausea, vomiting ya liver/spleen problems ki koi baat nahin hai. Aapke lab reports mein bhi koi indication nahin hai ki aapko liver/spleen problems ho. Aapke dost ki condition se aapka case alag hai, isliye aapko koi chinta nahin karni chahiye.",0.0,1.0,1.0,0.0,1.0,1.0
P01054,skin_growth,0.454,medium,"Arre bhai, main samajh gaya. Aapke paas ek bada itching wala ubhar hai, aur aapko peeth aur baalon mein bhi itching ho raha hai. Ye bahut hi ghatiya hai. Main aapko ek dermatologist ke paas le jana chahunga. Woh aapke ubhar ko dekhkar kuchh treatment kiya ja sakta hai. Aapko ek antibiotic cream ya ointment laga sakte hain, ya fir ek injection bhi lagaya ja sakta hai.","Kya ho raha hai, beta? Aapke paas cystic hygroma hai, jo ek painless neck swelling hai. Yeh 5 din se hai aur aapke neck ke right side par hai. Yeh swelling soft hai, freely movable hai, lekin immobile hota hai jab aap kuch khaate hain. Yeh erythema, warmth, ya tenderness ke sath nahin hai.",0.0,1.0,1.0,0.0,1.0,1.0
P01055,eye_redness,0.5211,high,"Namaste Puneet ji, main aapki problem samajh gaya hoon. Viral fever ke symptoms aapke paas hain, isme joint pain, muscles pain aur aankhon mein problem ho sakti hai. Aapke aankhon mein kuch problem ho sakti hai, ismein aankhon ki dryness ya irritation ho sakti hai. Aapko paracetamol le raha hai, jisse thand lagne ka problem kam ho sakta hai. Ab aapko pani aur nimbu paani pina chahiye, ismein vitamin C aur electrolytes hote hain jo aapke shareer ko thik karne mein madad karte hain.","Arre Puneet ji, maine aapka case padha hai, lekin yeh viral fever aur aapke symptoms se koi laksh hai nahi. Aapka case chronic radicular pain ka hai, jisme aapke right index aur middle fingers mein pricking, burning sensation aur electric shock-like pain hota hai. Aapka pain 8/10 hai aur aapko irritation aur headache bhi hota hai. Main aapke viral fever ke symptoms se koi jodna nahi sakta. Aapke liye paracetamol le raha hai, jisse aapka thand ka problem kam ho sakta hai.",0.3333333333333333,0.3333333333333333,0.6666666666666666,0.6666666666666666,0.0,0.0
P01056,skin_rash,0.5407,high,"Bilkul, main samajh gaya. Aapke calf par kutte ne katiya tha, aur aapne us par alcohol lagaya. Iske baad aapke leg par rash ho gaya hai. Yeh possible hai ki aapko ek infection ho gaya ho, jaise ki cellulitis. Ismein rash, redness aur swelling hota hai, lekin aapko pain ya itch nahin hai. Main aapko ek antibiotic cream aur possibly injection ke liye recommend karta hoon.","Bachche, tumhare case mein calcinosis cutis hai, jiska arth hai skin mein calcium ki chhoniyan. Ye nischit hai ki tumhare knee par ek nontender, firm, immobile, reddish nodule hai. Tumhare lab test mein calcium ka level normal hai. Tumhare symptoms mein koi pain ya kuch nahi hai. Tumhare case mein koi history of trauma ya previous skin lesions nahi hai.",0.2857142857142857,1.0,0.7142857142857143,0.0,0.7142857142857143,0.7142857142857143
P01057,skin_irritation,0.4953,medium,"Namaste, beta. Main aapki problem samajh gaya hoon. Aapki skin infection ke antibiotics ke liye allergy ho gayi hai, isliye aapko khujli ho rahi hai. Is condition mein aapko antiseptic lotion ya cream ka upyog karna chahiye aur aapko jaldi se apne doctor ke paas pahunchna chahiye. Aapko aaj raat ko bhi thoda thoda paani se dhobi aur antiseptic lotion lagakar raahat paa sakte hain.","Namaste, patient ji. Aapke symptoms aur allergy ki wajah se, main aapko kuchh cheezein batana chahta hoon. Aapke paas ek skin infection hai, aur aapke doctor ne antibiotics diye hain. Lekin aapke paas antibiotics ka allergy hai, isliye aapko kuchh dard ho sakta hai. Aapke hathon aur paon mein bahut khujli ho rahi hai, aur jab aap khujate hain, to chote chote ganthe ho jaati hain, jo stinging nettle ki tarah lagti hai. 

Main aapko kuchh dard kam karne ke liye kuchh cheezein batata hoon. Aapko paani aur garam chai pina chahiye. Aapko apne hathon aur paon ko thanda karne ke liye ice pack lagana chahiye. Aapko antibiotic allergy ke kaaran hua dard kam karne ke liye antihistamine lena chahiye.",1.0,1.0,0.0,0.0,0.0,0.0
P01059,skin_rash,0.5211,high,"Arre beta, aapka skin problem bahut ghatiya lag raha hai. Ye fungal infection ho sakta hai, lekin ek internal allergie bhi ho sakti hai. Aapko kuch dinon tak dekha jana chahiye, kya ye problem thodi der mein thik ho jati hai ya nahi. Aapko apne skin doctor se phir se milna chahiye aur unhe aapki vartaman condition ke bare mein batana chahiye.","Arre bhai, maine dekha hai ki tumhare chehre par kuchh rashes hain, jo garam lagti hain aur khujlate hain. Ye sabhi symptoms phytodermatose ke liye match karte hain, jo herb ke contact ke karan hota hai. Tumne ""Artemisia absinthium"" ka use cosmetic purposes ke liye kiya tha, jo ek toxic herb hai. Isliye, yeh internal allergie ho sakta hai. Main aapko skin doctor se milne ke liye kahu, jinhone aapko dawaiyan aur shampoo diya hai.",0.0,0.0,1.0,1.0,0.0,0.0
P01060,skin_rash,0.4894,medium,"Arre bhai, aapko co-amoxiclav ke side effects hain, ye theek hai. Diarrhea aur skin rashes aane ke liye aapko thoda sa samay lag sakta hai. Iske side effects aam taur par 3-7 din tak rahe hote hain, lekin agar aapko koi bhi problem ho to aapko doctor se baat karni chahiye. Aapko apne doctor se sampark karna chahiye aur unhe apne symptoms ke baare mein batana chahiye.","Beta, maine aapki dawa ke side effects ko dekh liya hai. Aap co-amoxiclav le rahe hain, jiska upyog aapke primary finding, embryonal rhabdomyosarcoma ke liye kiya ja raha hai. Side effects ke liye, maine aapke clinical evidence ko dekh liya hai, jismein aapke blood film mein microfilaria ki negative report hai, lekin aapke symptoms aur clinical signs ke liye, maine kuchh side effects ko dekh liya hai. Aapko halka sa diarrhea hota hai aur aapke skin pe rashes aate hain, lekin woh khujli nahi karte. 

Main aapko kuchh nahin de sakta, kyunki main aapke clinical evidence ke andar hi rahunga. Aapka doctor hi aapko sahi tareeke se diagnose kar sakta hai aur aapko sahi treatment di sakta hai.",1.0,1.0,0.0,0.0,0.0,0.0
P01062,neck_swelling,0.5172,high,"Bhai, aapke symptoms bahut hi interesting hain. Glandular fever ke lakshanon mein flu ke symptoms, sore throat, tonsil ke upar khun ke burst, aur ganthe aate hain. Lekin, ek mahine pehle flu ke symptoms hua hua hai, toh abhi glandular fever ka koi chance nahin hai. Aapko abhi kya symptoms hain, unhe batayein, main aapko aur visheshagya se milne ka sujhav dunga.","Bachche, tumhare symptoms aur physical examination ke anusaar, glandular fever ke lakshan nahin hai. Tumhare symptoms, jaise ki bukhar, sir dard aur manspeshiyo mein dard, flu ke lakshan ho sakte hain, lekin yeh abhi bhi hai ya nahin, iska koi evidence nahin hai. Tumhare gardan par petechiae hain, jo ek clinical sign hai, lekin yeh glandular fever ke liye nahin hai, balki tumhare Eosinophilic Esophagitis (EoE) ke karan hai.",0.0,0.0,1.0,1.0,0.0,0.0
P01071,swollen_eye,0.5247,high,"Arre bhai, aapka condition bahut serious hai. Aapne allergy shot liya tha, phir amoxicillin shot, lekin aapke symptoms allergic reaction ke hi sahi hain. Ye amoxicillin shot allergy reaction ke liye bhi cause ho sakta hai. Aapko immediately hospital mein jana chahiye, doctor ko apne symptoms aur medicine ke bare mein batana hoga.","Arre bhai, dekhiye, aapke symptoms aur clinical signs viral conjunctivitis ke liye thode hi sahi nahi lagte. Aapke symptoms mein itching, red-eye, tearing, aur yellowish mucopurulent discharge hai, jo bacterial conjunctivitis ke liye hi sahi lagte hain. Aapke eyes mein swelling bhi hai, jo bacterial conjunctivitis ke side effects ho sakte hain. Aapne allergy shot aur amoxicillin shot liya hai, jisse bhi bacterial conjunctivitis ho sakti hai. Mujhe lagta hai ki aapke paas bacterial conjunctivitis hai.",0.0,0.8571428571428571,1.0,0.1428571428571428,0.8571428571428571,0.8571428571428572
P01073,lip_swelling,0.5683,high,"Kya hai, Mrs. Nobles, main aapki chinta ko door karne ke liye yahaan hoon. Aapke pati ke chehre ke left side mein sujjan hone ka sabse sambhav karan ek facial paralysis ho sakta hai, jaise ki Bell's palsy. Iske alawa, upper lip mein dard hone ka karan ek dental problem bhi ho sakta hai, jaise ki toothache. 

Main aapko apne pati ko ek specialist doctor ke paas le jana chahiye, jaise ki ENT ya dermatologist. Vah aapke pati ke chehre ke sujjan ka theek se diagnosis kar sakte hain aur upchar kar sakte hain.","Bilkul, main samajh gaya. Aapka pati ka chehra mein left side ke chehre mein sujjan hai, jisse upper lip ka left side touch karna painful hai. Lekin, clinical evidence ke anusar, aapka pati ka chehra mein staph infection jaisa lag raha hai nahi. Ye to cleft lip ka hadd tak hai, jisse upper lip ka left side vertical separation ho raha hai.",0.0,0.0,1.0,1.0,0.0,0.0
P01074,neck_swelling,0.4478,medium,"Arre bhai, aapka haal dekhkar lagta hai ki aapko viral infection ho sakta hai. Gande sujne, neck par kuchh ho raha hona aur swollen eyes aapke symptoms hain. Ye sab virus ke karan ho sakta hai, lekin humein kuchh aur bhi cheezein dekhni hain. Aapko ek doctor se milna chahiye, lekin agar aapko koi bhi dard ya anya symptoms hain, to humein bataiye.","Arre bhai, maine dekha hai ki aapko neck mein kuch problem hai aur aapko sore throat bhi hai. Clinical evidence ke anusaar, aapko necrotizing fasciitis hai, jo ek severe aur life-threatening condition hai. Iska karan aapke neck mein free gas nikal raha hai aur aapke tissue planes mein pus bhi nikal raha hai. Isliye, aapko hospital mein treatment ki zaroorat hai aur aapko surgery ke liye jaana hoga.",0.6666666666666666,0.25,0.3333333333333333,0.0,-0.4166666666666666,0.3333333333333333
P01081,swollen_tonsils,0.5142,high,"Arre bhai, main samajh gaya hai ki aapko bahut parshani ho rahi hai. Sujne aur jalan wali jeebh ke saath hi high blood pressure aur kidney ke stent lagane ka sawal hai. Aapke baat se lagta hai ki aapko kidney se related blood pressure ko control karne ke liye chemical produce hone se jalan ho rahi hai. Iska ek possible reason ho sakta hai ki aapko hypokalemia (potassium ki kami) ho rahi hai, jo kidney ke stent lagane ke baad ho sakta hai. Main aapko ek blood test karwana chahunga jisme potassium ki kami ki jaanch ki jayegi.","Bhai, main aapko yeh batata hoon ki aapka jeebh ka sujna aur sore throat ka karan aapke clinical signs aur symptoms se nahi lagta. Ultrasound ke report mein kuch bhi mention nahin kiya gaya hai jisse yeh pata chal sake ki jeebh ka sujna aur sore throat aapke kidneys ke stent lagane se juda ho. Aapke symptoms aur clinical signs ke hisab se, aapke jeebh ka sujna aur sore throat ka karan aapke submental swelling se juda ho sakta hai, jiska ultrasound report kuch bhi nahi batata hai.",0.25,1.0,0.0,0.0,0.75,0.0
P01083,edema,0.5478,high,"Arre bhai, main samajh gaya. Aapki patni ki condition bahut serious hai. Ek baar phir main bolunga, kyonki aapko CKD hai aur h-dialysis kar rahi hain, isliye DVT ke chances zyada ho sakte hain. Main aapko ek aur test ka suggestion karta hoon, yeh hain Ultrasound. Yeh test aapki patni ke left leg mein blood flow ko check karega aur DVT ki presence ko confirm karega.","Bilkul, main samajh gaya. Aapka pati CKD patient hai aur h-dialysis kar raha hai. Lekin aapka sawal mere patni ke left leg cuff mein develop ho gaya hai. Main aapko yeh batana chahta hoon ki clinical evidence mein koi left leg cuff ki cheez nahi hai. Sab cheezein right foot ke baare mein hai. Lekin aapka pati CKD patient hai, isliye main aapko yeh batana chahta hoon ki CKD patients ko blood clots ke liye risk hota hai. Lekin aapne doctor se doppler aur x-ray karvaya hai aur confirm kiya hai ki koi DVT nahi hai. Ab aapko kya karna hai, ismein main aapko koi sujhav nahi de sakta kyonki clinical evidence mein koi left leg cuff ki cheez nahi hai.",0.25,0.25,0.0,0.0,0.0,0.0
P01086,skin_irritation,0.5339,high,"Arre bhai, main tumhein samajhne ke liye koshish karta hoon. Tumhare operation ke baad haathon aur paon mein khujli aane ka karan shayad kidney stones ke removal ke baad hua ho sakta hai, jisse pyaas aur peshab ki frequency badh gayi ho. Iske alawa, tumhare duplex kidneys aur ureter ki narrowing ke kaaran bhi yeh samasya ho sakti hai. Lekin, main tumhein dikhane ke liye ek doctor se milne ki zaroorat hai, jisse ve aapke symptoms aur condition ko aur vishleshan kar sakte hain.","Bilkul, aapka haal dekhne ke liye main yahaan hoon. Aapka clinical evidence ke anusaar, aapka left kidney mein Fibrohistiocytic renal cell carcinoma (FH-deficient RCC) hai, jiska treatment aapko already hua hai. Ab aapke paas kuch symptoms hain, jaise ki haathon aur paon mein khujli, peshab karne ki frequency badhne, vajan kam hona, thakan aur haath aur paon mein khujli. 

Lekin, aapke symptoms aur clinical evidence ke anusaar, yeh symptoms aapke kidney problems se sambandhit ho sakte hain, kyonki aapka left kidney mein tumor hai aur aapko surgery kiye gaye hain. Haalanki, yeh bhi sambhav hai ki yeh symptoms aapke kidney stone se sambandhit ho sakte hain, kyonki aapko percutaneous nephrolithotomy surgery kiye gaye hain. 

Main aapko kuchh test karna chaahta hoon, jaise ki urine test, blood test aur imaging tests, taki main aapke symptoms aur clinical evidence ko aur bhi samajh sake.",0.25,0.5,0.0,0.5,0.25,-0.5
P01095,edema,0.5299,high,"Arre bhai, main aapki madad karne ke liye yahaan hoon. Aapke swelling ka karan incarcerated hernia hai, jisse aapko surgery ki zaroorat padti hai. Peripheral swelling yahaan se hua hai, lekin aapke sirf mein bhi swelling ho sakta hai, jisse aapko head swelling ya hydrocephalus ka risa hota hai. Main aapko thoda sa time aur observation ke liye kahaunga, tabhi main aapko acchi tarah se diagnose kar sakta hoon.","Arre bhai, main aapko batata hoon ki juxta-articular myxoma (JAM) ka karan aur pathogenesis is evidence se nahi milta hai. Lekin, yeh kuchh baatein batati hoon. JAM ko ganglion cyst se alag karne ke liye histology mein difference dekhi jaati hai. JAM mein fibroblasts aur myxoid tissue hota hai, jabki ganglion cyst mein cystic space aur fibrous capsule hota hai.

Treatment ke liye, yeh evidence mein nahi diya gaya hai, lekin general jankari ke anusaar, JAM ko excisional biopsy ke saath surgical removal se treat kiya ja sakta hai. Prognosis ke liye, yeh bhi nahi diya gaya hai, lekin general jankari ke anusaar, JAM ka prognosis aam taur par achha hota hai.",1.0,0.25,0.0,0.0,-0.75,0.0
P01096,edema,0.6358,high,"Aapka dada ka condition bahut chinta lag raha hai. Haemodialysis 4 dino mein karne se unke sharir mein thoda sa pressure ho sakta hai, jisse lung aur heart failure ke episodes aane ki sambhavna badh jati hai. Kidney transplantation ek achha vikalp hai, lekin unke 30 saal se diabetes ki wajah se transplantation ke liye unki eligibility check ki jayegi. Hum unka blood sugar level, kidney function, aur heart condition ka check karke hi transplantation ke liye eligibility decide kar sakte hain.","Arre beta, maine dekha hai ki aapka bhai ka aorta mein Stanford Type A dissection hai. Yeh ek severe condition hai, jismein aorta ke upper part mein kuchh cheez ghum gayi hai. Isliye, uska blood pressure badh gaya hai aur uska heart rate bhi badh gaya hai.",0.25,0.25,0.0,0.0,0.0,0.0
P01098,edema,0.61,high,"Bhai, aapka kidney transplant ek mahine pehle karwaya gaya hai, aur aapke paas ek painless swelling hai. Yeh ho sakta hai ki yeh transplant ki side effect ho, jaise ki lymphedema ya hydrocele. Lekin iska karan yeh bhi ho sakta hai ki aapke testis mein koi problem ho gayi hai. Main aapko ek specialist, jaise ki urologist ya andrologist se milne ke liye kahaunga, jinhone aapka transplant karwaya tha.","Bhai, maine aapki symptoms aur history padhi hai. Lekin, aapka kidney transplant aur symptoms ke beech koi connection nahi hai. Aapka current condition Acute myelitis hai, jismein spinal cord mein inflammation ho raha hai. Aapke symptoms weakness, tingling paresthesia, stool and urinary retention, muscle strength graded 2, absent lower extremity reflexes aur hyperalgesia hai. Ye symptoms spinal cord mein inflammation ke karan ho sakte hain. Main aapki kidney transplant ke symptoms aur current condition ke beech connection nahi dekh sakta.",1.0,0.0,0.0,1.0,-1.0,-1.0
P01100,lip_swelling,0.5483,high,"Bilkul samjhne ki koshish karta hoon. Aapke symptoms bahut sambhav hain, jaise ki throat mein thappad padna aur sujan. Yeh general anesthetic ke baad aane wala common side effect hai. Breathing tube ya anesthetic ki wajah se bhi yeh ho sakta hai, lekin isse thoda samay lag sakta hai kam hone. Aapko thoda thoda paani aur thoda sukhaya hua khana khane se sujan kam ho sakta hai.","Bhai, mujhe lagta hai ki aapke symptoms edema ke saath jude hue hain. Edema aapke lower lip aur tongue mein hai aur aapko swallowing difficulties aur voice modification ka anubhav ho raha hai. Clinical signs ke anusaar, aapke paas systemic disease nahin hai aur larynx ke level par edema nahin hai. 

Main aapko confirm kar sakta hoon ki edema ki wajah se aapko dyspnea (breathing difficulties) ki shikayat hai. Lekin, main aapko confirm nahin kar sakta hoon ki yeh breathing tube ya anesthetic ke kaaran hai, kyunki clinical evidence mein yeh nahin diya gaya hai. C1-INH concentrate ke administration ke baad, edema puri tarah se kam ho gaya hai, jisse yeh lagta hai ki yeh angioedema ka mukhya kaaran hai.",0.25,1.0,0.0,0.0,0.75,0.0
P01101,edema,0.5171,high,"Beta, main tumhe kuchh general tips de sakta hoon. Agar mummy ki kidney problem hai, toh unki face badhne, khane ke baad vomit karna, energy ki kami, aur abnormal stool aur urine symptoms bahut buri cheez hai. Ismein blood pressure ka bhi koi connection ho sakta hai. 

Mummy ko pani aur salt ki kami se bachne ke liye, unhein pani aur namak kam khana chahiye. Unhein healthy aur light khana khana chahiye, jaise ki fruits, vegetables, aur lean proteins. Unhein regular exercise karna chahiye, jaise ki yoga ya walking.","Beti, main aapko yeh batana chahta hoon ki meri mummy ki problem focal segmental glomerulosclerosis hai, jo ek kidney problem hai. Iska matlab hai ki unke kidneys mein kuchh damage ho gaya hai. Unke symptoms, jaise ki ankle swelling, abdominal fullness, bloating, foamy urine, aur weight gain, yeh sab evidence dikhate hain ki unke kidneys mein problem hai.",0.25,1.0,0.0,0.0,0.75,0.0
P01103,edema,0.5393,high,"Arre bhai, main aapko samajhne ke liye koshish karta hoon. Aapka condition bahut serious hai, lekin kuch natural tareekon se aap apni kidney function ko improve kar sakte hain. Aapko pani ki kami se bachne ke liye diuretic lena zaroori hai, lekin aapko pani ki kami se bachne ke liye bhi pani peene ki zaroorat hai, isliye aapko pani peene ki limit set karni chahiye. Aapko healthy diet follow karna chahiye, jismein aapko potassium, magnesium, and omega-3 fatty acids jaise nutrients ki zaroorat hogi.","Arre bhai, main aapko kuchh baat bata sakta hoon. Aapka aortic regurgitation (AR) ka case hai, jiska matlab hai ki aapke aortic valve mein kuchh problem hai. Iska karan aapke aortic valve ke underdeveloped QAV (quadratic valve) aur functionally bicuspid ho gaya hai, jo aapke aortic regurgitation ka karan hai.

Aapke symptoms aur clinical signs ke anusaar, aapka AR ka sthiti moderate hai aur aapko shortness of breath ke symptoms hain. Lekin, main aapko kuchh baat bata sakta hoon ki aapke kidneys ki condition ka koi jodh nahi hai aapke AR ke symptoms se.

Aapke kidneys ki condition mein improvement karne ke liye, aapko apne doctor ki instructions ke anusaar treatment lena hoga. Aapke doctor ne aapko diuretic prescribe kiya hai, jiska matlab hai ki aapko pani ko release karne ke liye medicine leni hogi. Lekin, main aapko kuchh baat bata sakta hoon ki aapke kidneys ki condition mein improvement karne ke liye, aapko apne doctor ki instructions ke anusaar treatment lena hoga",0.25,0.25,0.0,0.0,0.0,0.0
P01104,swollen_eye,0.4417,medium,"Arre beta, main aapko sun raha hoon. Aapke symptoms bahut hi interesting hain. Fluid retention aur dil ke size mein badlav ka matlab yeh hai ki aapke heart mein pressure badh raha hai. Iska sabse bada karan yeh ho sakta hai ki aapke kidney function mein kuch problem hai, jisse blood pressure badh raha hai. Main aapko ek cardiologist se meeting karwana chahunga, woh aapke symptoms ko aur detail mein dekhega.","Bhai, maine dekha hai ki aapke left eye mein exophthalmos hai aur intraocular pressure 29 mmHg hai, jo normal se high hai. Iska matlab hai ki aapke left eye mein fluid retention ho raha hai. Main nahi sakta confirm karo ki yeh dil se hai ya kidney se, lekin aapke bete ko kidney transplant hua hai aur use bhi yeh problem thi. Aapke dil ki size badhne ki baat nahi hai, ismein koi evidence nahi hai.",0.25,0.25,0.0,0.0,0.0,0.0
P01110,foot_swelling,0.5141,high,"Arre beta, main samajhne ki koshish karta hoon. Jaise aap keh rahe hain, kidney ki problems ho sakti hai, jisse urine creatinine badh gaya hai. Aur right foot mein swelling ho raha hai, iska matlab yeh hai ki kidney se paani ki excessive discharge ho rahi hai, jisse foot mein swelling ho raha hai. Aur yeh anklet mein injury ke kaaran nahin hai, balki kidney ki problems ke kaaran ho sakta hai.","Arre bhai, main aapko yeh batata hoon ki aapka dost ka USG result aur symptoms bahut alag hain. Yeh clinical evidence ke andar nahi hai, toh main iske bare mein kuch bhi nahi keh sakta. Lekin aapka dost ka left lower limb extra-underdeveloped hai aur Grade 3 weakness hai, jisse right foot mein swelling ho sakti hai.",0.0,0.0,1.0,1.0,0.0,0.0
P01112,edema,0.5432,high,"Beta, main dekh raha hoon, tumhare beta ki situation bahut serious hai. Ye dard kidneys ya dil se ho sakta hai, lekin iske liye to theek se diagnosis ke liye doctor ko test karni padengi. Main aapko suggest karta hoon ki aapko kidney specialist se milna chahiye, woh aapko proper diagnosis aur treatment kar sakte hain.","Beta, mujhe lagta hai ki aapke pita ki current condition se related symptoms hain, lekin clinical evidence mein ye nahi diya gaya hai. Lekin, aapne pita ki symptoms aur current condition ke beech kuchh similarities dikhai deti hain. Pita ki symptoms mein dard, seenon mein dard, aur kamzori shamil hain, jo dil ki problem ke symptoms ho sakte hain.",0.25,0.25,0.0,0.0,0.0,0.0
P01113,edema,0.5555,high,"Bhai, aapke symptoms bahut saare hai. Elevated creatinine aur glucose levels ke saath, aapke IV medications ke liye shukriya. Non-pitted edema (pair aur legs mein swelling) ke liye, main sochta hoon ki aapke kidneys aur liver ko kuch problem ho sakti hai. Aur factor V Leiden ke saath, aapko blood clots ke liye risk ho sakta hai. Lekin, yeh pani ka bharav nahin hai, kyunki aapke symptoms aur medications ke liye, main aapko ek specialist ke paas jaane ke liye kahaunga.","Arre bhai, main aapki baat samajhne ki koshish karta hoon. Aapke paas hypertension hai, jiska matlab hai ki aapke blood pressure mein badhav hai. Iske alawa, aapke paas left ventricular hypertrophy hai, jiska matlab hai ki aapke left ventricle ki thickness badh gayi hai. Aapke blood pressure 180/110 mmHg hai, jo normal se zyada hai.

Aapke paas sub-acute myocarditis aur acute coronary syndrome ka sambhav hai, lekin yeh diagnosis abhi clear nahin hai. Aapke paas myocardial edema bhi hai, jiska matlab hai ki aapke heart mein fluid ka bharav hai.

Aapke paas Lyme, Bartonella aur Babesiosis bhi hai, jisse aapko IV medications leni pad rahi hai. Aapke paas factor V Leiden bhi hai, jiska matlab hai ki aapko blood clots ki samasya ho sakti hai. Lekin isse aapko chinta karni chahiye ya nahin, yeh doctor ke paas hai.

Abhi aapke paas non pitted ho raha hai, jiska matlab hai ki aapke pair aur legs mein swelling ho raha hai. Isse aap",1.0,1.0,0.0,0.0,0.0,0.0
P01119,skin_rash,0.4962,medium,"Arre bhai, main samajh gaya. Aapke peeche aur side bahut dard ho raha hai, aur peeche peeche peshaab nahi aata hai. Yeh symptoms kidney stone ya kidney infection ke lakshan ho sakte hain, lekin ismein heart failure ka koi sambandh nahi hai. Aapko suboxone lena hai, ismein bhi koi sambandh nahi hai. Main aapko ek urologist ke paas bhejunga, woh aapki checkup karenge aur aapko sahi treatment diyenge.","Arre bhai, main aapko kuchh batata hoon. Aapke paas Diffuse Axonal Injury (DAI) hai, jo ek severe brain injury hai. Aapke symptoms aur clinical signs iske saath match karte hain. Aapke peeche aur side dard ho raha hai, lekin yeh DAI ke karan hai, na ki kidney ya heart failure ke karan. Aapke urine me khoon paya gaya tha, lekin CBC blood test ka result accha aaya hai, isliye yeh DAI ke karan hai. Aapko suboxone lena hai, lekin yeh aapke DAI ke saath related nahi hai.",0.0,0.25,1.0,0.0,0.25,1.0
P01120,eye_redness,0.3488,low,"Bhai, main tumhein sunne ke baad lagta hai ki tumhare symptoms bahut kuch ke liye ho sakte hain. Sharab peena band karne ke baad bhi tumhare symptoms theek nahin ho rahe hain, isse lagta hai ki tumhare liver mein kuch problem ho sakti hai. Milk thistle lene se tumhare mal ke rang neele ho gaye hain, lekin yeh bhi ek symptom hai jo liver ki problem ke liye ho sakta hai. Aur tumhare symptoms, jaise ki peeth mein garmahat, zuban ke piche daag, aur aankhon ke aas paas thandak, yeh sab liver ki problem ke liye ho sakte hain. Main tumhein ek specialist se milne ke liye kahaunga, jisse hum tumhare symptoms ke liye theek diagnosis kar sakte hain.","Arre bhai, main tumhe kuchh salaah de sakta hoon. Tumhare symptoms bahut hi alag hain, lekin maine dekha hai ki tumhare paas abdominal pain, nausea, pallor, hiccup, aur severe nausea without vomiting hai. Yeh symptoms bahut hi ghatiya hain aur tumhare paas blood pressure kam hai (85/P mmHg). 

Main tumhe kahaunga ki tumhe zaroorat hai ek doctor se milne ki, lekin main tumhe kuchh bhi nahi de sakta hoon. Tumhare symptoms bahut hi ghatiya hain aur tumhe zaroorat hai ek specialist se milne ki. 

Main tumhe kahaunga ki tumhe apne symptoms aur symptoms ke baare mein thoda sa aur pehle doctor se baat karna chahiye.",0.25,1.0,0.0,0.0,0.75,0.0
P01122,knee_swelling,0.5554,high,"Bhai sahab, main samajh sakta hoon ki aapko bahut takleef ho rahi hai. Lazer surgery ke baad kidney stone remove hone ke baad bhi aapko right side par dard ho raha hai, iska matlab hai ki surgery ke baad bhi kuchh problem ho sakti hai. Aapki foamy mutra ka problem bhi chinta ka vishay hai, jisse kidney mein koi problem ho sakti hai. Main aapko ek naya doctor se milne aur check-up karne ka sujhav dunga, jisse aapko sahi treatment mil sake.","Arre bhai, main aapko yeh batana chahta hoon ki aapke symptoms aur clinical signs TTS (Tarsal Tunnel Syndrome) aur traumatic osteoarthritis of the ankle ke sath sahi aadharit hain. Aapke left ankle mein dard, tingling, reduced sensation, aur paresthesia hai, jo TTS ke symptoms hain. Tinel's-sign ka positive hone bhi TTS ke clinical sign hai. 

Lekin, aapke current symptoms aur clinical signs aapke left ankle ke sath hi sahi aadharit hain, nahi ki aapke right side ke symptoms. Aapke right side ke symptoms aur clinical signs TTS aur traumatic osteoarthritis of the ankle ke sath sahi aadharit nahi hain.",0.25,1.0,0.0,0.0,0.75,0.0
P01125,edema,0.4967,medium,"Namaste bhai: Aapke spleen remove hone ke baad, pancreas ke pusht ke remove hone se aapke kidneys ko zyada mehnat karna sambhav hai. Iske liye aapko ek regular MD se milna padega. Unhone aapke kidneys ke test ke liye kuch naya test karwaya jayega aur aapke pancreas ke pusht ke remove hone ke karan aapke kidneys ko thoda jyada mehnat karne ki wajah ko samajhne ke liye kuch naya test karwaya jayega.",Namaste: Aapke symptoms aur clinical signs ke liye main aapko yeh batana chahta hoon ki aapke spleen ko remove karne ke baad aapke kidneys ke edema ka koi direct sambandh nahin hai. Clinical evidence mein aapke kidneys ke edema ke liye koi jaankari nahin di gayi hai.,0.25,1.0,0.0,0.0,0.75,0.0
P01126,edema,0.565,high,"Namaste beta, main aapki baat samajh gaya hoon. Elevated BUN aur serum creatinine ke sath high PTH values aur BP ka badha, iske liye mujhe lagta hai ki aapke kidneys mein kuch problem ho sakti hai. Lekin, radical nephrectomy ke baad bhi, aapke kidneys ki koi ek functioning unit bachi hui hogi, jisse aapke kidneys kaam kar sakte hain. Ab, main aapko ek specialist doctor ke paas bhejne ke liye soch raha hoon, jisse aapke condition ko aur vishleshan kiya ja sake.","Arre bhai, maine dekha hai ki tumhare NT pro-BNP ka level 2320 pg/ml hai, jo bahut high hai. Iska matlab hai ki tumhare aortic stenosis ke karan heart mein bahut pressure hai. Lekin, tumhare serum creatinine ka level 3 hai, jo kidney function ko indicate karta hai. Iska matlab hai ki tumhare kidney function normal hai, lekin tumhare aortic stenosis ke karan heart failure symptoms ho sakte hain. Main aapko kidney disease ke liye confirm nahin kar sakta, lekin aapko aortic stenosis ke liye treatment ki zaroorat hai.",0.25,0.25,0.0,0.0,0.0,0.0
P01127,edema,0.4212,medium,"Arre bhai, maine suna ki aapki maa ne kidney transplant karwaaya tha. Ab aapko kuchh symptoms dekhne mein aaye hain, jaise ki creatinine aur urea ka level badh raha hai, aur aapko anaemic condition bhi ho gayi hai. Yeh sab symptoms transplant ke baad common ho sakte hain, lekin humein zaroorat hai ki aapko doctor se baat karne ki zaroorat hai.","Bachche ka APGAR score normal tha, aur systemic examination bhi theek thi. Lekin jab nasogastric tube pasaya gaya, to usne choking aur cyanosis ki shuruat kar di.",0.25,1.0,0.0,0.0,0.75,0.0
P01129,foot_swelling,0.5527,high,"Arre bhai, main samajh gaya ki aapko kuchh problem ho rahi hai. Aapko amlodipine (Amlogard) aur Lorem (losartan) dono diya gaya tha, lekin ab aapko sujan aur red patches ho rahe hain. Amlodipine ka side effect sujan ho sakta hai, lekin red patches ka karan kuchh aur ho sakta hai. Venous mapping test karwana theek hai. Main aapko suggest karta hoon ki aapko is baar doctor se milne ki zaroorat hai aur unhe is situation ko discuss karna chahiye.","Arre bhai, maine dekha hai ki aapke paas kai cheezon ka problem hai. Aapke paas pulmonary embolism, dilated cardiomyopathy, aur hypertension hai. Aapke BP ko control mein rakhne ke liye aapke doctor ne aapko kai medicine di hui hain, jaise ki Ramipril, bisoprolol, spironolactone, furosemide, aspirin, Sodium valproate, clonazepam, vortioxetine, aur paliperidone.

Aapke paas sujan aur pairon ki girth mein badhti dekhne lagi hai, aur raat mein bahut itching hoti hai. Aapke paas red patches bhi dikhai dete hain. Main nahi jaanta ki aapke paas amlodipine ka problem hai, lekin maine dekha hai ki aapke doctor ne aapko Amlogard (amlodipine) band kar diya hai. Aapko venous mapping ke liye jaane ka advice diya gaya hai, lekin aapne abhi tak yeh test nahi karwaya hai.

Main aapko kahaunga ki aapko venous mapping test karwana chahiye, aur phir hi aapko koi salah dene ki zaroorat nahi hai",1.0,0.5,0.0,0.5,-0.5,-0.5
P01133,edema,0.4602,medium,"Arre beta, pedal edema aur stonemaker ke saath, tumhare liye ek bada challenge hai. Calcium oxalate stones bahut common hain, lekin yeh pedalon mein pain aur swelling ko badhava de sakte hain. Dialysis ki zaroorat kabhi bhi pad sakti hai, lekin humein pehle kidney function ko check karne ki zaroorat hai. Main aapko ek nephrologist ke paas jana chahunga, woh aapki condition ko better understand kar sakte hain aur aapke liye sahi treatment plan banayenge.","Bhai, mere paas aapki clinical evidence hai, aur main aapko uske anusaar jawab dena chahta hoon. Aapka pedal edema hai, aur aapke paas pyoderma gangrenosum ki diagnosis hai, jo ek severe condition hai. Aapke lab reports mein lactic dehydrogenase ka level 319 U/L hai, jo normal range se adhik hai, aur white blood cells ka level 13.91 hai, jo normal range se adhik hai. Ye sab baatein aapke kidney function ko affect kar sakti hain. Dialysis ki zaroorat aapke case mein possible hai, lekin main aapko koi prediction nahin kar sakta. Aapko ek nephrologist se consult karna chahiye.",0.5,0.5,0.5,0.5,0.0,0.0
P01137,edema,0.5439,high,"Arre beta, main aapko samajhne ki koshish karunga. Pita ka pulse 130 ke aas-paas hai, iska karan kai ho sakte hain. Ek sambhav karan yeh hai ki unke paritoneal dialysis ke dauraan unke fluid balance mein koi samasya ho sakti hai, jisse unke pulse mein badlaav aaya ho. Iske alawa, unke low ferritin aur iron ki injection ke dauraan bhi koi reaction ho sakti hai, jisse unke pulse mein badlaav aaya ho. Hum unke BP aur dil ke hisaab ke liye ek ECG karwa sakte hain aur phir hi koi nishchit karein.","Bhai, maine dekha hai ki patient ka heartbeat 50bpm hai aur blood pressure normal hai. Lekin aapke pita ka heartbeat 130 ke aas-pass hai. Main kuchh samajh nahi sakta ki yeh arrhythmia ka karan kya ho sakta hai. Lekin ek cheez hai, jismein cardiac mass hai, jo left ventricle outflow tract mein hai. Iska koi connection aapke pita ka heartbeat ke saath ho sakta hai. Main kuchh confirm nahi kar sakta, lekin iska pata lagana zaroori hai.",0.25,1.0,0.0,0.0,0.75,0.0
P01144,edema,0.569,high,"Arre bhai, main tumhe samajhne mein madad karunga. Diuretics lekar potassium levels kam ho sakte hain, lekin kidney function tests ka elevated result yah indicate karta hai ki tumhare kidney thoda zyada kuch kar rahe hain. Ye aapke hip replacement surgery ke baad ho sakta hai, lekin isse bhi koi connection nahi hai. Aapke A-fib ka chronic ho jaana bhi ek alag issue hai, jo aapke heart mein kuch problem ka sign ho sakta hai. Main tumhe is baare mein aur detail mein batana chahta hoon, lekin aapko doctor se zaroor milna chahiye.","Arre beta, main aapko batata hoon ki aapke kidney function tests elevated hain, lekin aapke blood examinations mein normal renal function show kiya gaya hai. Iska matlab yeh hai ki aapke kidney function tests normal hain, lekin aapke doctor ne aapke kidney function ko check karne ke liye kuchh tests kiye honge. 

Aapke potassium levels normal hain, lekin aap diuretics le rahi hain, jo potassium ki kami ka karan ho sakta hai. Lekin aapko kidney function tests ka elevated result kya indicate karta hai, main nahi pata, kyunki evidence mein yeh nahi diya gaya hai.",0.25,0.25,0.0,0.0,0.0,0.0
P01146,edema,0.4865,medium,"Arre beta, tumhara borderline Sjogren's hai, toh yeh symptoms normal hai. Ankles mein swelling aur knee mein thodi si swelling ho rahi hai, ismein kidney failure ka koi connection nahi hai. Ye symptoms blood circulation ke problem se ho sakte hain ya thyroid ke problem se bhi. Lekin UTI ka suspicion hai, isliye hum blood test aur urine test karwaenge. Aur tumhara dry mouth se thrush ka treatment chal raha hai, ismein koi problem nahi hai.","Bhai, maine dekha hai aapke paas left foot mein ulcer hai aur aapko bahut saari symptoms hain, jaise ki fever, weakness, aur abdominal pain. Aapke abdominal CT scan mein moderate pneumoperitoneum aur abdomino-pelvic free fluid dikhaya gaya hai, jisse lagta hai ki aapke urinary bladder mein perforation ho gaya hai. Isliye, aapko immediately hospital mein admission karna hoga aur antibiotics aur supportive care diya jayega. Aapke UTI symptoms hain, lekin aapke urinary bladder mein perforation ho gaya hai, isliye aapko immediate medical attention chahiye.",1.0,1.0,0.0,0.0,0.0,0.0
P01149,edema,0.5014,high,"Arre bhai, aapka description sunke lagbhag 10-15 seconds ke liye pitting ka karan kuchh aise ho sakta hai jaise ki dehydration ho. Aapke paani peene ki koshish karne ke baavjood, aapko lagbhag 10-15 seconds ke liye pitting ho raha hai, jo dehydration ka ek lakshan hai. Aapko kuchh aur symptoms dekhne chahiye jaise ki saans lene mein koi dikkat, dard, ya anya symptoms.","Arre bhai, main aapko kuchh batana chahta hoon. Pitting edema ka koi jikr evidence mein nahin hai, lekin aapke symptoms aur examination findings COPD ke sath milte hain. Pitting edema COPD ke sath jodna mushkil hai. Aapke symptoms aur examination findings ke hisaab se, main aapko koi pitting edema ka karan nahin de sakta.",0.25,1.0,0.0,0.0,0.75,0.0
P01151,edema,0.5239,high,"Namaste beta, main aapki samasya ka samadhan karne ki koshish karunga. Neoral (Cyclosporine) aapke case ke liye ek common treatment hai, lekin agar aapko dard aur weight gain ka saman hua hai, to humein iska kuchh aur vikalp dhoondhne honge. Aapko humein apne doctor se baat karne ki zaroorat hai, kyonki vah aapke vartaman condition ko dekhkar aapke liye sabse accha treatment decide kar sakte hain.","Arre bhai, maine aapki clinical evidence dekh li hai. Lekin, aapke case ke liye Neoral treatment nahi diya gaya hai. Aapka case pituitary macroadenoma ke saath sambandhit hai, jisme aapko desmopressin treatment diya gaya hai. Aapke vartaman condition mein oliguria aur hypervolemic state hai, lekin kidney function aur electrolytes normal hai. Main aapke case ke liye Neoral treatment ke fayde ya nuksan nahi dekh sakta, kyonki yeh treatment aapke case ke liye nahi diya gaya hai.",0.25,0.25,0.0,0.0,0.0,0.0
P01155,knee_swelling,0.5671,high,"Arre bhai, aapki wife ki symptoms bahut hi unusual hain. Vomiting, diarrhea, pink eye, breast leakage, hip pain, knee pain, ankle pain, aur foot me sujan - yeh sab symptoms ek hi samay par hain, toh isme koi bhi disease ho sakti hai. Lyme disease bhi ek possibility hai, lekin iske alawa bhi kai anya diseases ho sakte hain jaise ki mononucleosis, viral gastroenteritis, ya thyroid problems. Humko apni wife ko doctor se milne ki zaroorat hai, wohi sahi diagnosis kar sakte hain.","Arre, beta, maine aapki symptoms suni hain, lekin yeh sab kuch aapke case se juda nahi hai. Aapka case ek extra-underdeveloped lower limb ka hai, jismein left hip joint normal hai, lekin left lower limb mein Grade 3 weakness hai. Lyme disease ke symptoms aur aapke symptoms alag-alag hain. Main kuch confirm nahi kar sakta.",0.5,0.25,0.5,0.0,-0.25,0.5
P01157,skin_rash,0.4835,medium,"Beta, main tumhare symptoms ko dekhkar thoda pareshaan hoon. Liver mein dard aur lung ke niche peeth ke aas-paas numbness, khujli, aur rash ho raha hai. Yeh liver ki fatty liver ke symptoms ho sakte hain, lekin ek mahine se jyada ho gaya hai, toh isme kuch aur bhi ho sakta hai. Main tumhe ek specialist doctor se milne ki salah dunga, jaise ki gastroenterologist ya hepatologist, jo tumhare symptoms ko aur vistar se dekhein aur treatment kiya ja sake.","Arre bhai, main aapko batata hoon ki aapke symptoms aur physical examination ke bare mein kuchh cheezein hai. Aapke chest aur upper abdomen mein dard hai, aur aapko shortness of breath bhi hai. Clinical signs mein pale, sweaty, stressed, short of breath, bilateral basal fine crepitations, mild tenderness in the epigastrium, aur normal bowel sounds hai. 

Main aapko yeh bhi batata hoon ki aapke liver function aur renal function tests normal hai, aur serum biochemical analysis bhi normal hai. Lekin aapke serum amylase elevated hai, jo pancreatitis ke liye ek indicator hai. 

Main aapko yeh bhi batata hoon ki aapke LBBB aur first-degree heart block hai, jo Acute Coronary Syndrome (ACS) ke liye ek indicator hai. 

Main aapko yeh bhi batata hoon ki aapke symptoms aur clinical signs ACS ke liye match karte hai, aur aapke LBBB aur elevated serum amylase pancreatitis ke liye bhi match karte hai. Lekin main aapko yeh bhi batata hoon ki aapke liver mein fatty hai, iske liye clinical evidence mein kuchh nahi hai.",0.0,1.0,1.0,0.0,1.0,1.0
P01158,skin_rash,0.5144,high,"Namaste bhai! Aapke symptoms bahut hi important hain. Aapke penis ke sir mein itching aur chote chote laal daane hain, jisse aapko kuch problem ho sakti hai. Main aapko suggest karta hoon ki aapko dermatologist se milna chahiye, kyonki yeh symptoms skin-related ho sakte hain. Aapko koi bhi treatment ya medicine lene se pehle dermatologist se consult karna chahiye.","Namaste beta, maine dekha hai ki aapke SGPT level 102 IU/L hai aur plasma glucose random 121 mg/dL hai. Lekin iske alawa, aapke penis ke sir mein itching aur chote chote laal daane hain. Main kuchh bata sakta hoon, lekin main kuchh nahi confirm kar sakta. Aapke clinical evidence mein penis ke symptoms ke bare mein kuchh nahi hai. Main kya bata sakta hoon, aapko apne doctor se milna chahiye aur unhe apne symptoms ke bare mein puchna chahiye.",0.0,0.0,1.0,1.0,0.0,0.0
P01159,skin_rash,0.5335,high,"Arre Gracie, tumhara doctor ka decision sahi hai. Quadtab ka negative reaction hua hai, isliye dawai band kar di gayi hai. Tumhara liver reaction se recover karne ke liye phospholipids di gaye hain, yeh sahi hai. TB ke medicines ko continuously lena zaroori hai, agar band kar diya jaye toh bacteria ya virus dawaiyo ka resistance create ho sakta hai. Tumhara doctor ne tumhe follow up karne ke liye clinic mein bola hai, wahan se hi tumhe next steps ke bare mein pata chalega.","Arre beta, mujhe lagta hai ki tumhara sawal pheochromocytoma ke liye hai, jo ki tumhare adrenal glands mein hai. Iska karan hai ki tumhare blood pressure bahut high hai, 200/100 mmHg, aur tumhare pulse 120 bpm hai. Pheochromocytoma ke symptoms mein headaches, palpitations, diaphoresis, hot flashes, asthenia, aur body weight loss shaamil hain. 

Mujhe tumhare case ke clinical evidence se pata chalta hai ki tumhare doctor ne tumhe quadtab lena band karne ka decision kiya hai kyunki tumhare SGPT counts bahut high hain. Lekin mujhe pata nahi ki tumhare TB ke medicines ke baare mein kya hai. Mujhe tumhare doctor ke decision ko support karna hai, lekin isse pehle humein tumhare liver reaction ko control karne ke liye phospholipids (essentiale forte) lena hoga.",0.0,1.0,1.0,0.0,1.0,1.0
P01160,edema,0.6088,high,"Aapki vartaman condition ko dekha ja raha hai. Aapke BP 140/90 kaafi high hai, isse liver ke fatty infiltrations ke liye risk badh jata hai. Yellow areas echo test mein dikhne ka matlab hai ki aapke liver mein jaam ho sakta hai, jisse liver ki problem ho sakti hai. Aapko apne BP ko control karne aur liver ki diet mein improvement karne ki zaroorat hai.","Bhai, tumhara BP aaj 140/90 tha, jo thoda high hai. Tumhara liver mein fatty infiltrations hain, aur echo test mein bahut saare yellow areas dikh rahe hain. Iske liye, tumhara bilirubin level bahut high hai, 42.7 mumol/L, jo normal se bahut zyada hai. Yeh liver dysfunction ka sign hai.",0.25,0.25,0.0,0.0,0.0,0.0
P01161,swollen_tonsils,0.5747,high,"Arre beta, tumhare symptoms bahut hi unusual hain. Lymph nodes ka swelling aur ear aur jaw pain ke saath, yeh jaan lete hain ki tumhare immune system mein kuch problem ho sakti hai. Liver enzymes ka high level bhi ismein ek factor hai, lekin liver test normal hone ke baad, yeh liver ki problem nahi hai. Lekin tumhare symptoms aur liver enzymes ka high level, yeh jaan lete hain ki tumhare lymph nodes ki problem liver ke saath jodti ho sakti hai. Humein aur test karane aur tumhare symptoms ke liye treatment plan banane ki zaroorat hai.","Arre beta, main dekh raha hoon ki tumhare symptoms aur clinical signs bahut hi similar hain tumhare 22 saal ke ladke ke symptoms aur signs se. Tumhare left side par swollen lymph nodes, ear pain aur jaw pain, yeh sab symptoms tumhare case se match karte hain. 

Lekin, main tumhare liver enzymes ke baare mein kuch nahi dekh sakta. Yeh evidence ke andar nahi hai. 

Lekin, tumhare liver par tests karaye gaye aur sab kuch normal tha. Isse lagta hai ki tumhare liver mein koi problem nahi hai.",0.6666666666666666,0.6666666666666666,0.3333333333333333,0.3333333333333333,0.0,0.0
P01162,hand_lump,0.4716,medium,"Bhai, aapki baat suni. Aapke symptoms bahut hi ghatiya hain. Yeh possible hai ki aapke paas liver ki problem ho, jaise ki liver ki cyst ya liver ki tumor. Iske alawa, yeh bhi possible hai ki aapke paas hernia ho, lekin yeh liver ki problem ke saath mil sakta hai. Aapko doctor ke paas zaroori hai, unhe aapke symptoms aur symptoms ke saath kuch test karne chahiye.","Bhai, main aapko yeh batana chahta hoon ki aapke symptoms aur physical examination ke anusaar aapke liver mein koi problem nahi hai. Aapke liver ke symptoms aapke belly button ke upar ki swelling se judhe hain, jisse aapko dard hota hai jab aap apne belly ko ragadte hain. Lekin yeh clinical evidence mein nahi diya gaya hai ki aapke liver mein koi problem hai. Aapka primary finding GCT hai, jo aapke left wrist mein hai.",1.0,1.0,0.0,0.0,0.0,0.0
P01164,skin_rash,0.5111,high,"Arre bhai, main samajh gaya. Peginterferon alfa injection ke side effects mein rash ho sakte hain, lekin yeh rash allergy ke liye bhi ho sakte hain. Main aapko kuchh cheezein batata hoon. Ye rash urticaria nahi hai, lekin yeh dermatitis ho sakta hai, jiska karan dawa ke side effects ho sakte hain. Aapko apne doctor se baat karni chahiye, woh aapko sahi tareeke se treatment kar sakte hain.","Arre beta, maine dekha hai ki tumhare paas hydrosalpinx hai, jiska arth hai ki tumhare left fallopian tube mein paani ki bhara hua cyst hai. Iska lakshana hai ki tumhare left lower abdominal area mein aatma-sphoorti dard hai aur paani ki discharge hoti hai. 

Maine dekha hai ki tumhare paas brown rash hai, jo chest aur abdomen par hai. 

Main nahi jaanta ki ye rash allergy hai ya dawa ke side effect hai, kyunki clinical evidence mein kuch bhi nahi diya gaya hai.",0.3333333333333333,0.0,0.6666666666666666,1.0,-0.3333333333333333,-0.3333333333333333
P01167,eye_redness,0.5344,high,"Beta, maine suna hai ki aapke paas kai symptoms hain, jaise ki cough, high fever, nausea, diarrhea, red eyes aur skin mein problem. Aapke blood tests mein platelets count kam hai aur SGPT (liver enzyme) badh gaya hai. Yeh sab baatein aapke liver aur blood cell ko affect kar sakti hain. 

Aapne pehle 6 shots alcohol piye hain, isliye aapke liver ko damage ho sakta hai. Aapke SGPT 97 se 124 badh gaya hai, jo liver damage ka sign hai. Aapko gastro allergy bhi thi, isliye yeh sab baatein aapke liver aur stomach ko affect kar rahi hain. 

Main aapko ek liver specialist se milne ki salah deta hoon, jisse unhone aapke liver ki problem ko check kar sakte hain aur aapko upay kiya ja sakega.","Bilkul, main aapki problem samajhne ki koshish karta hoon. Lekin, aapke symptoms aur test reports ke liye NF1 ka diagnosis mila hai, jismein aankhon ki sthiti bhi shamil hai. Aapke paas pulsatile reducible proptosis, watering, aur multiple Lisch nodules hain. Iske alawa, aapke MRI report mein middle cranial fossa ki expansion aur right temporal lobe ki herniation ki baat hai, jo aapki aankhon ki sthiti ko prabhavit kar rahi hai.

Aapki platelets count normal hai, lekin SGPT aur SGOT ki value high hai, jisse liver ki problem ke chances ho sakte hain. Lekin, iske liye zyada test aur investigation ki zaroorat hai. Main aapko suggest karta hoon ki aapko liver specialist se meeting karni chahiye.",0.3333333333333333,1.0,0.6666666666666666,0.0,0.6666666666666667,0.6666666666666666
P01168,edema,0.5829,high,"Beta, main aapko yeh batana chahta hoon ki Hepatic Carcinoma aur Portal vein thrombosis dono hi bahut mushkil cheezein hain. Soranib unke liye ek treatment hai, lekin iske alawa bhi kuch aur options hain. Unke swelling ke liye, unhe compression stockings pehnana chahiye aur unhe regular exercise karna chahiye. 

Aapko ek liver specialist se consult karna chahiye, jisse unhe yeh bataya ja sake ki unke liye kya treatment options hain.","Bhai, main dekh raha hoon ki aapka father ko Hepatic Carcinoma aur Portal vein thrombosis hai. Lekin clinical evidence mein aapka father ki condition ke baare mein koi detail nahi hai. Main kuch bhi confirm nahi kar sakta. Lekin main aapko yeh batata hoon ki Soranib (Sorafenib) ek chemotherapy hai jo hepatic carcinoma ke liye use ki jaati hai.",0.5,0.0,0.5,1.0,-0.5,-0.5
P01169,eye_inflammation,0.5769,high,"Arre bhai, aapka sawal bahut achha hai. Jab cirrhosis complications ke karan jaan lagti hai, to aam taur par aapko 6 se 12 mahine tak jivit rehne ka ummeed karna chahiye. Lekin yeh samay sirf aam taur par hai, aur har ek kaamzor haddi ke liye alag-alag hota hai.

Jab decompensated cirrhosis ke stage tak pahunch jaati hai, to kuch indicators dikhayenge ki halaat aur kharab ho rahe hain aur samay najdik aa raha hai. Yeh indicators hain: jaan lagne ki sawal, jaan lagne ki sawal ke baad bhi kamzori, jaan lagne ki sawal ke baad bhi dard, aur jaan lagne ki sawal ke baad bhi jaan lagne ki sawal ke karan haddi ki kshatigat kshay.","Dost, main aapki baat samajhne ki koshish karunga. Lekin, aapko pata hai ki hum aaj EMZL (Extranodal marginal zone lymphoma) ke case ke baare mein baat kar rahe hain. Aapka dost cirrhosis complications ke liye hospital mein admit tha, lekin main aapke sawal ke uttar mein EMZL ke case ke data se hi judega.

Aapka sawal hai ki jab aap decompensated cirrhosis ke is stage tak ponch jate hain, to aapko kam se kam kitna samay jivit rehne ka ummeed karna chahiye. Lekin, main aapke dost ke case ke data se hi judega. Main aapko kahaunga ki main aapke sawal ke uttar mein EMZL ke case ke data se hi judega, aur cirrhosis ke case ke data se nahi.

Aapka sawal hai ki kya indicators honge jo dikhayenge ki halaat aur kharab ho rahe hain aur samay najdik aa raha hai. Lekin, main aapke sawal ke uttar mein EMZL ke case ke data se hi judega. Main aapko kahaunga ki main aapke sawal ke ut",0.25,0.25,0.0,0.0,0.0,0.0
P01170,skin_rash,0.5434,high,"Bilkul, main samajh gaya. Pitting edema, itching, aur inflammation ke saath liver cirrhosis aur ascites ka combination bahut serious hai. Aapke relative ki age 43 hai, isliye liver transplant ek vikalp ho sakta hai, lekin dawaon se stable hone ke chances bhi hain. Main aapke relative ko ek liver specialist se milne ki salah dunga, woh aapke relative ki condition ke liye sabse accha tareeka suna payenge.","Bhai, main aapko kuchh batata hoon. Aapka relative ki condition ke liye, main aapko kahaunga ki uska primary finding exit site infection (ESI) hai, jo peritoneal dialysis catheter site par hai. Isme redness, itching, aur serous discharge hai. 

Aapka relative ki condition ke liye, main aapko kahaunga ki uska liver chirrosis aur ascites hai, lekin is evidence mein koi jankari nahin hai ki liver transplant karna zaroori hai ya nahin. Main aapko kahaunga ki uska vartaman condition ko dekhte hue, dawaon se stable ho sakta hai, lekin iske liye dermatology aur liver specialist se consult karna zaroori hai.",1.0,0.6666666666666666,0.0,0.3333333333333333,-0.3333333333333333,-0.3333333333333333
P01174,swollen_tonsils,0.5885,high,"Bilkul, main samajh gaya. Aapki beti ka condition bahut serious hai. Ye symptoms viral infection ke liye indicative hain, lekin abdominal pain aur vomiting ke saath, humein jaanana chahiye ki kya infection stomach mein pahunch gayi hai. Main aapko kahaunga ki hospital mein jaana chahiye, wahan doctor aur specialist se consult karke aapko sahi treatment mil sakti hai.","Beti ki vartaman condition dekhiye, fever, cough, nasal congestion, abdominal pain aur vomiting hai. Ye symptoms respiratory system aur abdominal region mein ho raha hai. Heart rate 132 aur temperature 38.8 C (Oral) hai, jo fever ke liye indicative hai. Vomiting aur abdominal pain ke sath, iska possible diagnosis gastroenteritis ho sakta hai.",0.6666666666666666,1.0,0.3333333333333333,0.0,0.3333333333333333,0.3333333333333333
P01177,skin_rash,0.4637,medium,"Dost, aapke symptoms bahut hi interesting hain. Ye splotchy rash aur toote hue blood vessels ki feeling aapke liver function ko affect kar sakti hai. Liver mein jaanakar kaam karne se blood vessels ki problem ho sakti hai. Main aapko ek liver specialist ke paas jaane ke liye kahaunga, unhe aapki jaankari aur symptoms sunne mein madad milegi.","Bachche, maine aapki complaint padhi hai. Aapke paas vaginal discharge hai, jo watery, foul-smelling, occasional blood-stained, itching aur burning ke saath hai. Iske alawa, aapke paas labia majora par do small ulcers hain. 

Main aapko yeh batana chahta hoon ki aapke lab tests normal hain, aur koi liver issue ka khauff nahin hai. Aapke PCP ne aapke lab work order kiye hain, lekin main yeh nahin pata ki unhone liver issue ka khauff kyun lagaya hai. 

Main aapko yeh batana chahta hoon ki aapke symptoms vaginal discharge ke saath jude hue hain, aur labia majora par ulcers hain. Main aapko yeh sujhav deta hoon ki aapko apne PCP se milne ki zaroorat hai aur unhe apne symptoms aur lab reports ke baare mein puchna chahiye.",0.0,1.0,1.0,0.0,1.0,1.0
P01179,swollen_eye,0.5036,high,"Beti ki symptoms bahut hi ghatiya hain. Orange urine ka matlab hai ki uske liver mein kuchh problem ho sakti hai. Ye virus nahin hai, isme liver ki jaanakar ka karan ho sakta hai. Main aapko ek liver specialist ke paas bhejne ki salah deta hoon.","Beti ji ka samasya bahut hi alag hai. Ye clinical evidence kuchh nahin batata hai beti ji ki samasya ke baare mein. Ye evidence neonatal hyperthyroidism ke baare mein hai, jo ek andar ki samasya hai jo bachchon mein hoti hai. Ye evidence aapki 15 saal ki beti ki samasya ke liye koi sahi nahi hai.",0.0,0.25,1.0,0.0,0.25,1.0
P01181,edema,0.595,high,"Arre bhai, mere paas aapki jaankari se lagbhag pata chalta hai. Liver cirrhosis ke saath hepatic encephalopathy ka episode ho jaane ke baad, unke mental state mein thoda change ho sakta hai. Aur yeh bhi sambhav hai ki unke emotional state mein kuch badlaav aaya ho. Haath ke flap karne ka koi specific reason nahi hai, lekin yeh bhi ek symptom ho sakta hai. Main aapko lagta hoon ki yeh HE ka ek aur episode ho sakta hai.","Arre bhai, maine dekha hai ki aapke liver ke biopsy report mein cirrhosis ka koi evidence nahin hai. Yeh toh aapke liver mein chronic hepatitis hai, lekin cirrhosis nahin. Aapke symptoms, jaise ki weight ki kami, emotional instability, aur ek haath ka flap, isse HE episode ke liye koi evidence nahin dikhata hai. Lekin, aapke drinking ki aadat aur aapke liver ke condition ke liye, main aapko doctor se milne ke liye kahaunga.",0.25,0.25,0.0,0.0,0.0,0.0
P01184,edema,0.5111,high,"Bhai, main dekh raha hoon, tumhara condition thoda complicated hai. Pitting edema, nosebleeds, aur aankhon ke aas paas bleeding, sab kuchh ek saath ho raha hai. Yeh Interferon aur ribavirin therapy ke side effects ho sakte hain, lekin Lasix ka dosage bhi kuchh problem ho sakta hai. Hum zaroori hai ki Lasix ka dosage kam kiya jaye aur tumhein ek specialist se milna hoga.","Bhai, main dekh raha hoon. Aapke paas hypertensive stroke hai, jisse aapke brain mein hypoxic-ischemic brain damage ho gaya hai. Isse aapke legs aur feet mein pitting edema ho gaya hai. Aapke legs mein 4/5 bilateral lower extremity spastic diplegia hai, jisse aapko stand up ya mobilize karne mein mushkil hoti hai. Aapke nosebleeds aur aankhon ke aas paas bleeding ke liye, main aapko Lasix 40mg lete hue dekh raha hoon, lekin iska koi direct sambandh nahi hai. Aapko neupogen shots lena padta hai kyunki aapke white blood counts low hain.",1.0,1.0,0.0,0.0,0.0,0.0
P01193,skin_irritation,0.4887,medium,"Arre bhai, main samajh gaya. Aapke symptoms bahut chintit kar rahe hain. Gall bladder ka remove ho jaana aur abhi bhi liver function ke symptoms, yeh bahut achha nahi hai. Bilkul ho sakta hai ki aapke liver function mein kuch problem hai, jisse SGOT, SGPT aur bilirubin ke levels badh rahe hain. Aur Primolute N lekar periods ko delay karne ke liye, yeh liver function par bhi asar kar sakta hai. Main aapko ek doctor se milne ke liye kahaunga, woh aapke symptoms aur liver function ke liye test karwa kar diagnosis kar payenge.","Arre bhai, main aapko kuchh baat batata hoon. Aapka case bahut complicated hai. Aapka gall bladder 10 saal pehle remove ho gaya tha, lekin aapke symptoms bahut hi similar hain. Mera khayal hai ki aapke is baar-baar symptoms ke liye koi connection hai third-degree burns aur septic shock ke saath. Aapke symptoms jaise ki skin irritation, itching, aur body temperature fluctuation, ye sabhi third-degree burns aur septic shock ke side effects ho sakte hain. 

Aapke is baar-baar symptoms ke liye koi direct connection to Cetzine aur Ursocol se nahi pata chalta. Lekin aapke Primolute N ke liye, haan, yeh medicine liver function ko affect kar sakti hai, jisse SGOT, SGPT aur bilirubin ke levels badh sakte hain. Lekin isse aapke current symptoms ke liye nahi pata chalta.",0.25,0.5,0.0,0.5,0.25,-0.5
P01199,skin_dryness,0.4829,medium,"Arre bhai, aapke symptoms bahut interesting hain. Ye solar plexus par khujli wale laal daag aur irregular heartbeat ke sath, mujhe lagta hai ki aapko rheumatic fever ka risa ho sakta hai. Iske alawa, aapke liver problems aur sharab peene ka habit bhi is cheez ke liye karan ho sakte hain. Main aapko ek dermatologist ke paas jaane ke liye kahaunga, woh aapke symptoms aur liver problems ke beech connection ko check kar sakte hain.","Arre bhai, main aapki baat sun raha hoon. Aapke symptoms aur clinical signs ke hisaab se, main aapko yeh batata hoon. Aapke jawline aur lower cheek par follicular hyperkeratosis hai, jo dryness aur roughness ka karan hai. Main aapko confirm kar sakta hoon ki aapke pas Demodex mites hain, jo aapke skin problem ka karan hai. Lekin, main aapke solar plexus par khujli wale laal daag, irregular heartbeat, anxiety, liver problems, aur ringworm ke baare mein confirm nahin kar sakta hoon, kyunki yeh clinical evidence mein nahin diya gaya hai. Main aapko suggest kar sakta hoon ki aapko apne doctor se milna chahiye aur unhe apne symptoms aur clinical signs ke baare mein batana chahiye.",0.0,0.25,1.0,0.0,0.25,1.0
P01202,edema,0.5913,high,"Bhai, aapka case bahut complex hai. Aapke liver enzymes elevated hain, lekin bilirubin, albumin aur INR normal hai. Yeh kuchh jaanakar hai ki aapke liver mein kuchh problem hai, lekin yeh pata nahi ki kya hai. Aapke viral load mein 5 logs ka decrease hua hai, lekin treatment ke baad bhi yeh negative nahi hai, yeh kuchh galat hai. Aapko phir se treatment ki zaroorat ho sakti hai. Aapko doctor se milne ki zaroorat hai, woh aapke liye best treatment plan tay karenge.","Bhai, maine dekha hai ki tumhare paas fulminant myocarditis hai, jo ek jatil aur aatmshaktishali heart problem hai. Tumhare symptoms aur clinical signs iske liye match karte hain, jaise ki rapidly progressive exertional dyspnea, low voltage EKG, pulmonary edema aur cardiomegaly. 

Main tumhare liver ki problem se judi koi connection nahin dekh sakta, kyunki tumhare liver enzymes elevated hain, lekin bilirubin, albumin aur INR normal hain. Tumhare peg ifn n ribavarin ka course complete hone ke baad viral load mein five logs ki ghatna aayi hai, lekin treatment ka end hone ke baad viral load negative nahin hai.",1.0,1.0,0.0,0.0,0.0,0.0
P01206,swollen_tonsils,0.5979,high,"Namaste, main aapki baat samajh gaya hoon. Aapke symptoms bahut complex hain. Urticaria aur left rib ki dard aur heel ki dard ke saath, aapke liver par cyst aur rash ke symptoms hain. Ye sab kuchh ek dusre se juda ho sakta hai. Main aapko ek dermatologist (skin specialist) aur ek gastroenterologist (pett ka specialist) ke paas jana sujhata hoon. Unhone aapke symptoms ko better understand karne mein madad kar sakte hain.","Namaste, maine suna aapke symptoms aur diagnosis ke bare mein. Aapke paas left maxilla mein swelling hai, jiska CT scan mein hypodense, oval-shaped, unilocular, 1.5 cm in diameter, non-mineralized osteolytic lesion dikhaya gaya hai. Biopsy ke result ke anusar, aapke paas giant cell granuloma (GCG) hai. 

Aapke symptoms aur diagnosis se koi sambandh nahi hai, kyunki aapke paas left rib ki dard aur heel ki dard thi, lekin CT scan mein liver par cyst dikhayi gayi aur D Dimer test halka tara elevated tha. Aapke paas urticaria hai, lekin karan abhi tak nahi pata chala hai. 

Main kuchh nahin kahu, kyunki aapke symptoms aur diagnosis ke bare mein koi sambandh nahi hai. Aapko kisi specialist ko dekhne ki zaroorat nahi hai, lekin aapko apne symptoms aur diagnosis ke bare mein apne doctor se baat karni chahiye.",0.0,0.3333333333333333,1.0,0.6666666666666666,0.3333333333333333,0.3333333333333333
P01207,swollen_tonsils,0.6688,high,"Arre bhai, maine suna hai ki aapke gall bladder mein stone hai, lekin aap symptomatic nahi hain. Isme surgery zaroori hai, lekin aapko thoda sa dhyan dena hoga. Aapke thyroid ke liye bhi treatment chal raha hai, isliye surgery ke baad aapko thyroid ki medicine leni hogi. Main bhi surgery suggest karta hoon, lekin aapko doctor se puchne ke baad hi decision lena hoga.","Arre bhai, maine dekha hai ki aapke paas gall bladder mein 18 mm ka stone hai, lekin aap symptomatic nahi hain. Aur aapke paas thyroidectomy ki history hai aur aap hypothyroidism mein hain. Lekin aapke paas gastric mass hai, jiska CT scan mein 7 x 8 cm ka size dikhaaya gaya hai. Iske liye surgery ki zarurat hai, jaise radiologist ne bhi suggest kiya hai.",0.25,1.0,0.0,0.0,0.75,0.0
P01213,edema,0.5472,high,"Arre Swarenjeet ji, aapki ultrasound report dekhkar lagta hai ki aapke gall bladder mein koi bada problem nahi hai. Gall bladder distended hone ke kai kaaran ho sakte hain, jaise ki gallstones ki absence ke baavjood bhi. Lekin, aapko operation ya dawaaiyon ki zaroorat nahi hai. Aapko apne doctor se milkar aur ek baar phir ultrasound karwane ki zaroorat hai, taaki aapko puri jankari mil sake.","Bhai Swarenjeet, aapka ultrasound report gall bladder ke baare mein nahi hai. Aapka mudda pyogenic granuloma hai, jo aapke descending colon mein hai. Iske liye, aapko operation ki jarurat hai, kyunki histology report ne pyogenic granuloma ka nishkarsh diya hai.",0.25,0.25,0.0,0.0,0.0,0.0
P01217,swollen_tonsils,0.4794,medium,"Arre bhai, tumhare tonsils sujne ke sath hi aankhon mei peele daag aane ka matlab hai ki tumhare sharir me kuchh galti ho sakti hai. Ye liver se related ho sakta hai, lekin iska karan koi bhi ho sakta hai. Tumhare gerd ki history aur esophigal sujan ka bhi yeh samay ho sakta hai. Hum aapko ek doctor se milne ke liye kahaenge aur phir hi hum aapko koi nishkarsh de sakte hain.","Bilkul, tumhare symptoms aur clinical signs ke baare mein hum jaante hain. Tumhare paas thyroid neoplasm hai, jo right thyroid gland mein hai. Tumhare aankhon mein peele daag aane ke liye hum jaante hain, lekin yeh tumhare thyroid neoplasm se juda hai ya nahi, hum confirm nahin kar sakte. Tumhare blood test mein abnormal liver count tha, lekin yeh tumhare liver se juda hai ya nahi, hum confirm nahin kar sakte.",0.0,1.0,1.0,0.0,1.0,1.0
P01219,skin_rash,0.5542,high,"Arre beta, main tumhare paas aaya hoon. Ye peele daag aur skin colour yellow ho jana, yeh liver ke kuch problem ke symptoms ho sakte hain. Yeh possible hai ki tumhare papa ke liver mein jaanwaron ke liver cells ki wapasagat ho rahi ho, jisse bilirubin ka level badh raha ho. Iska matlab yeh hai ki liver ko thoda samay aur proper treatment ki zaroorat hai. Main tumhe kahaunga ki tum apne doctor se baat karo aur unhe yeh report bhejo. Unka treatment continue karo aur agar koi problem ho to unhe pata chala dena.","Arre beta, maine suna hai ki aapka papa ka HCC hai aur unka treatment chal raha hai. Lekin maine ye nahin dekha hai ki unka skin colour normal ho gaya hai aur phir se yellow ho gaya hai. Mere paas aapke papa ke clinical findings hai, jismein kaha gaya hai ki unka bilirubin direct 15.9 aur bilirubin unconjugated 4.5 tha, total bilirubin 20.4 tha. Lekin ismein koi baat nahin hai ki unka skin colour normal ho gaya hai aur phir se yellow ho gaya hai. Isliye, main kuch nahin bata sakta.",0.25,0.25,0.0,0.0,0.0,0.0
P01220,skin_rash,0.4698,medium,"Aapki chinta sach hai, kuchh bimariyon mein swallowing mein problem hota hai aur bahut buri halat bhi ho sakti hai. Ye hepatitis ka test karne ke baad bhi ho sakta hai, kyonki hepatitis liver ko affect karta hai aur isse skin par bhi impact hota hai. Aapki aunt ki skin ki tasveer dekhne ke baad lagta hai ki wo jaundice ke symptoms dikh rahi hai, iska matlab hai ki liver mein kuchh problem ho sakti hai.","Bhai, main aapko yeh batana chahta hoon ki aapka bhai ka case Nephrotic syndrome ke sath hai, jiska matlab hai ki uske kidney mein kuch galat hai. Iska karan Fanconi syndrome ka ho sakta hai, jiska matlab hai ki uske kidney mein protein ki kami ho rahi hai. 

Aapki aunt ki problem ko dekhte hue, main aapko yeh batana chahta hoon ki hepatitis ka test karne ke liye bheja gaya hai, lekin yeh clinical evidence mein nahi hai ki uski problem Nephrotic syndrome se judi hai.",0.25,0.25,0.0,0.0,0.0,0.0
P01222,swollen_tonsils,0.3265,low,"Arre beta, maine suna hai. Tumhare symptoms bahut hi interesting hain. Golakar gaanth aur panch gaanth ke symptoms ke saath, main soch raha hoon ki tumhare paas koi viral infection ho sakti hai, jaise ki herpes zoster (shingles) ya viral rash. Tonsils dard karne aur lymph nodes sujne ke symptoms ke saath, yeh bhi sambhav hai ki tumhare paas koi viral infection hai. Main tumhe ek dermatologist ke paas bhejne ke liye soch raha hoon, woh tumhare symptoms ka theek se diagnosis kar sakte hain.","Arre beta, maine dekha ki tumhare sir par ek golakar gaanth hai. Lekin maine yeh nahin dekha ki tumhare sir par panch gaanth hain. Tumhare case mein necrotizing gingivitis aur stomatitis ka diagnosis kiya gaya hai, jo tumhare left mandibular molar area, buccal mucosa, aur floor of the mouth mein dekha gaya hai. Yeh koi bhi cheez hai jo tumhare sir par gaanthon ka karan ho sakti hai.",0.2,0.25,0.8,0.0,0.0499999999999999,0.8
P01226,hand_lump,0.5116,high,"Arre beta, main tumhe thoda sa shanti de sakta hoon. Ek hand rail par girne se aapke hath mein ek lump ho sakta hai, lekin isse blood burst hone ka koi connection nahin hai. Yeh sambhav hai ki aapke hath mein ek hematoma ho, jisse dard ho raha hai. Ab aapko doctor ke paas jaana chahiye, woh aapke hath ko check karke aapko sahi treatment de payenge.","Bilkul, main aapki baat samajhne ki koshish karunga. Aapke case mein pseudoaneurysm hai, jo ek type of false aneurysm hai. Iske liye, aapko doctor ke paas jaana zaroori hai. Pseudoaneurysm ke symptoms aapke case mein match karte hain, jaise ki swollen, painful hand aur pulsatile tumor. Aapke symptoms bahut serious hain aur aapko tatti se treatment ki zaroorat hai. Main aapko shant karne ki koshish karunga, lekin aapko doctor ke paas jaana zaroori hai.",1.0,1.0,0.0,0.0,0.0,0.0
P01228,hand_lump,0.5496,high,"Beta, maine dekha hai, uske symptoms bahut hi unusual hain. Yeh bruising aur knots hand mein, colds aur night sweats, aur ab yeh lump groin mein, sab kuch bahut hi chinta lagane wala hai. Main sochta hoon ki yeh kuch jyada serious ho sakta hai, jaise ki lymphoma ya leukemia. Hum zaroori hai ki doctor se milke iske baare mein puchte hain, lekin aapko thoda relax rakhna chahiye aur humein iske baare mein aur investigate karna hai.","Beta, maine dekha hai ki aapka boyfriend ek firm mass left forearm mein rakha hai, jiska size 5.5x4x2 cm hai. Iska MRI report bhi aaya hai, jismein soft tissue mass ki presence dikhai gayi hai. Iska koi connection colds, night sweats ya right side groin area mein lump se nahi hai, kyunki yeh symptoms aapne boyfriend ki case mein nahi diye gaye hain. Main kya kahu, iska koi connection stretching ke bina weights lift karna se bhi nahi hai, kyunki yeh symptoms aapne boyfriend ki case mein nahi diye gaye hain.",1.0,1.0,0.0,0.0,0.0,0.0
P01233,hand_lump,0.4984,medium,"Arre bhai, aapki samasya bahut ghatiya hai. Aapka description mujhe elbow joint (gole) ki problem lagta hai. Aapka dard ungli, haath ke peeche aur kalai mein hone ke sath-sath hatheli mein cartilage ke ganthe hain, yeh sab symptoms elbow joint ki problem ko indicate karte hain. Aapko doctor se milne ki zaroorat hai, woh aapko proper diagnosis aur treatment provide kar sakte hain.","Arre bhai, main tumhein yeh batata hoon ki tumhare haath mein ek trans-scaphoid perilunate wrist dislocation hai, jisse tumhare wrist, hand aur kalai mein dard ho raha hai. Iske alawa, tumhare bazu mein bhi dard ho raha hai. Hamaare doctor ne radiographic assessment karke pata lagaya hai ki tumhare wrist mein ek external cuneiform fracture aur distal radius hai, aur kalai mein posterolateral dislocation hai.",0.25,1.0,0.0,0.0,0.75,0.0
P01234,skin_growth,0.5121,high,"Arre bhai, ye bahut hi chintit kar raha hai. Lekin main aapko yeh batana chahta hoon ki skin lump ke andar abnormality ki goli aise hi nahi ho sakti. Aapko dermatologist se milne ki zaroorat hai, woh aapki skin ko dekhkar hi yeh decide kar sakte hain ki ye khatarnak hai ya nahi. Aapko apne doctor se appointment lena chahiye aur unse yeh sawal puchna chahiye.","Bilkul, maine dekha hai ki tumhare skin lump mein EP (Epidermoid Cyst) aur BCC (Basal Cell Carcinoma) dono hain. Iska size 3.5x2.5 cm hai aur yeh left occipital scalp par hai. Ismein kuch yellowish-brown crusts bhi hain. Tumhare symptoms mild hain aur tumhare skin lump mein dard nahi hota hai. Lekin, tumhare doctor ne tumhare skin lump ko excise karke biopsy kiya hai, jismein tumhare EP ke tumor cells lower epidermis aur dermis mein sheets aur cords ki shape mein extend kiye gaye hain.",1.0,1.0,0.0,0.0,0.0,0.0
P01236,hand_lump,0.4507,medium,"Bilkul samajh gaya, madam. Aapka description sunke lagta hai ki aapko ek chhoti si cheez neeche hath ke tambe ke niche, ungliyo ke neeche lag gayi ho. Yeh kuchh ho sakta hai jaise ki ek chhoti si cheez, jaise ki ek chhote kaatna ya ek cheez jo aapne pole ko pakadkar chalaane se aapke hath mein ghus gayi ho. Hum iske liye ek doctor se milne ki zaroorat hai.","Arre bhai, tumhare case mein degloving wound hai, jiska size 10 x 5 cm hai, muscle deep palmar aspect se first to fourth web space tak hai. Iske alawa, tumhare CMC joint dislocation hai aur first metacarpal ka compound fracture hai. Kuchh symptoms ya signs tumhare case mein mention nahi kiye gaye hain.",0.25,1.0,0.0,0.0,0.75,0.0
P01239,hand_lump,0.4931,medium,"Beta, aapki photo dekh kar lagta hai ki aapke hatheli mein ek cyst ho sakta hai. Yeh cyst skin ke andar develop ho sakta hai aur dheere dheere badi ho sakti hai. Aapko iski checkup karwane ki zaroorat hai, kyunki yeh size badh rahi hai aur humein pata chalna hai ki yeh cyst cancer hai ya nahi. Main aapko ek specialist doctor se milwane ki salah dunga, woh aapki checkup karke aapko sahi tareeke se treatment karwane ki madad karenge.","Arre bhai, tumhare hatheli mein ek pseudoaneurysm hai, jo ek false aneurysm hai. Iska size 25 mm hai aur yeh deep palmar arch se ulnar artery se vascularized hai. Ye bahut bada ho sakta hai, isliye aapko iska check-up karwana chahiye.",0.0,0.25,1.0,0.0,0.25,1.0
P01240,edema,0.5051,high,"Arre bhai, main samajh gaya ki tumko bahut parmeshani ho rahi hai. Tumhare symptoms bahut ghatiya hain. Ye thick lumps aur dard tumhare lymph nodes ke saath sambandhit ho sakte hain, lekin tumhare hisaab se ye kuch aur bhi ho sakta hai. Tumhare spinal surgeries aur infections ke hisaab se tumhe spinal cord ke kuch problems ho sakte hain. Main tumhe ek spinal specialist ya neurologist se milne ki salah deta hoon. Unhone tumhe MRI ya CT scan karne ki zaroorat ho sakti hai. Main tumhe apne internal medicine doctor se bhi milne ki salah deta hoon, jinhone tumhe 10 March ko appointment diya hai.","Bhai, main tumhare symptoms aur clinical signs ko dekh raha hoon. Tumhare paas diffuse large B-cell lymphoma (DLBCL) ka diagnosis hai, jo tumhare left breast mein ek 6 x 7 cm ki painless mass aur ipsilateral axillary lymphadenopathy ke saath hai. Ye ek aggressive cancer hai, jiska treatment zaroori hai. Tumhare elevated lactate dehydrogenase levels bhi is baat ka indication dete hain. Main tumhare spinal dard aur infection ke liye kuchh nahi dekh sakta, kyunki yeh clinical evidence mein nahi diya gaya hai. Lekin tumhare DLBCL ka treatment zaroori hai, aur main tumhare internal medicine doctor se baat karne ke liye tumhe advice karta hoon.",0.6666666666666666,0.6,0.3333333333333333,0.4,-0.0666666666666666,-0.0666666666666667
P01241,skin_growth,0.4592,medium,"Beta, maine suna hai ki aapki maa ko bahut bura lag raha hai. ""Rabbit pelting"" ka matlab hai ki woh bahut tang hai aur aankhon se pani nikal raha hai. Iske saath hi uski ulti bhi ho rahi hai, toh yeh bahut bura hai. Maine suna hai ki aapne magnesium ciltrate diya hai, lekin yeh kuch samay ke liye relief de sakta hai. Main aapko kuchh chinta hai, aapko doctor se milne ki zaroorat hai.","Beti, maine suna hai ki aapki maa ko lagbhag 2-3 dino se sahi se paakhane nahi ho pa raha hai. Ismein ""rabbit pelting"" karne ka kya matlab hai? Kya aapko lagta hai ki woh kisi bimari se peedit hai? 

Aapne kaha hai ki aapne maake ko magnesium ciltrate diya hai, lekin usko ulti ho rahi hai. Ismein koi connection hai lupus nephritis ke symptoms se, jaise ki edema, labored breathing, aur oliguria. Kya aapko lagta hai ki aapki maa ko bhi yeh symptoms hain?",0.25,1.0,0.0,0.0,0.75,0.0
P01244,hand_lump,0.6129,high,"Arre beta, main dekh raha hoon, yeh gaanth aur purple bruise bahut chinta lagane wala hai. Yeh possible hai ki aapko koi blood clot ho gaya ho ya koi infection ho gaya ho. Main aapko ek doctor se milne ki suggestion karta hoon, woh aapko proper checkup karega aur aapki symptoms ko samajh payega.","Beta, main dekh raha hoon, aapka case bahut hi alag hai. Pehle to aapka PIP joint left middle finger mein fusiform swelling hai, aur aapko koi dard ya functional limitation nahi hai. Lekin aapka right index finger mein moveable gaanth hai, aur aapko bright purple bruise bhi hai. Main kya dekh sakta hoon, koi puncture wounds nahi hai, aur aapka right haath thoda thanda hai. 

Main kya dekh sakta hoon, aapka case PDD (Pigmented Dermatofibrosarcoma Protuberans) se related hai, jismein coarse fibrosis, adipose tissue, peripheral nerve fibers aur eccrine glands hoti hain.",0.0,0.5,1.0,0.5,0.5,0.5
P01248,hand_lump,0.411,medium,"Arre bhai, thoda sa chinta mat karo. Needle poke karne ke liye aapne kuch samay ke liye lidocaine 2% ka injection kiya hai, lekin aapko koi bhi khatra nahi hai. Yeh injection aapke haath ke upar ek chota sa kaalikaa (nodule) banane ke liye hai, jiska naam ""injection site granuloma"" hai. Yeh koi bhi khatarnaak nahi hai aur aapke haath ko koi nuksaan nahi pahunchayega.","Arre bhai, maine dekh liya tumhara case. Tumhare paas lower jaw pain hai aur tumhein uljhan hai ki tumne apne haath par lidocaine inject kar liya hai. Lekin, maine clinical evidence mein kuchh nahi dekha jo is baat ka jhutla hai ki tumne apne haath par inject kiya hai. Tumhare paas adenocarcinoma hai, jo ek prakaar ka cancer hai, aur yeh tumhare lower jaw (left lower gingiva) aur rectum mein hai. Main tumhein dawa dene se pehle tumhare doctor se baat karne ki salah dunga.",0.0,1.0,1.0,0.0,1.0,1.0
P01250,hand_lump,0.5447,high,"Arre bhai, main tumhe kuchh samajhne ki koshish karta hoon. Ganglion ki ganth aapke case mein sambhav hai, lekin yeh bhi sambhav hai ki yeh koi anya cheez ho. Main tumhe ek orthopedic doctor ke paas jana suggest karta hoon, kyunki ve orthopedic problems ko treat karte hain. Unke paas aapko ek sahi diagnosis aur treatment mil sakta hai.","Bilkul, maine dekha hai ki aapke paas left elbow mein dard hai aur aapke doctor ne aapko surgical fixation ke liye indicate kiya hai. Lekin, aapne mujhe kaha hai ki aapke paas left wrist ke neeche ek ganth hai, jiska aapko laga hai ki ye ganglion ki description se match karta hai. 

Main aapko yeh batana chahta hoon ki clinical evidence mein kuch bhi nahi diya gaya hai jo is ganth ke baare mein batata hai. Lekin, aapke doctor ne aapko hand surgeon se appointment lena suggest kiya hai, jisse main aapko yeh suggest karta hoon ki aap unke paas ja sakte hain aur unse apne ganth ke baare mein consult kar sakte hain.",0.25,0.25,0.0,0.0,0.0,0.0
P01255,skin_growth,0.528,high,"Arre bhai, tumhare symptoms bahut interesting hain. Ye blue bulge aur purple bruise ring finger ke first knuckle par, yeh kuchh chot ya injury ka pradarshan ho sakta hai. Hamaare doctor ko tumhare case ko dekhna hoga, lekin mujhe lagta hai ki tumhe kisi specialist se milna chahiye, shayad ek orthopedic doctor ya dermatologist.","Beta, tumhare case mein PIP joint ke liye malunited intra-articular fracture hai. Iske liye tumhe surgical treatment ki zaroorat hai. Tumhare PIP joint mein bony defect aur cartilage defect hai, jisse tumhare dard aur range of motion ki samasya hai. Koi aur karan nahi hai jo tumhare symptoms ko samjhata hai. Tumhe kisi se milna chahiye, lekin is case mein humein surgical treatment ki zaroorat hai.",0.25,1.0,0.0,0.0,0.75,0.0
P01256,skin_rash,0.5005,high,"Bhai, aapka description sunke lagta hai aapko kuchh autoimmune disorder ho sakta hai. Lupus jaisi symptoms aapke paas hain, lekin rash ke liye confirm karna mushkil hai. Aapko ek dermatologist se milna chahiye aur ek doctor se bhi, jisse aapka complete checkup ho sakta hai.","Arre bhai, maine dekha hai aapke symptoms, lekin clinical evidence mein yeh sab nahi hai. Main kuchh bata sakta hoon, lekin kuchh cheezein confirm nahin kar sakta. Aapke symptoms, jaise low-grade fevers, swollen soft tissue lumps, bursitis, petechiae, aur rash, yeh CCV ke symptoms nahin hain. CCV mein erythematous to hyperpigmented nonblanchable, nontender macules aur petechial lesions hoti hain, lekin yeh symptoms aapke case mein nahi hain.",1.0,0.5714285714285714,0.0,0.4285714285714285,-0.4285714285714286,-0.4285714285714285
P01260,neck_swelling,0.6019,high,"Namaste, Aapka naam XYZ hai na? Aapke symptoms bahut hi ghatiya hain. Mere khayal se, aapka right side ke gaal mein sujan aur naak mein guthli kaafi bada issue ho sakta hai. Main aapko thyroid ke alawa thyroid-related problems ke liye bhi check karne ki salah dunga, jaise ki parathyroid gland ka problem ya thyroid nodules.","Arre XYZ ji, main aapko sun sakta hoon. Aapka right side ke gaal mein sujan hai aur aapko thakan mahsoos hoti hai. Aapke paas fever bhi hai aur aapka naak mein koi problem hai. 

Yeh sab baatein dikhayi dete hain ki aapke paas septic arthritis ya abscess hai, jo aapke right shoulder joint aur aas-paas ke tisse mein hai. Iska matlab yeh hai ki aapke gaal mein pus ki cavity hai, jo infraspinatus, teres minor aur deltoid ke beech mein hai.",0.0,1.0,1.0,0.0,1.0,1.0
P01262,hand_lump,0.5646,high,"Arre bhai, tumhare description aur image se lagta hai ki ye tumhare paas Lipoma ho sakte hain. Ye ek aisa fatty tissue hai jo aapke shareer mein develop ho sakta hai. Ye generally harmless hota hai aur koi pain nahin deta. Lekin, agar ye bahut bada ho gaya hai to iska ilaaj karwana zaroori ho sakta hai. Main tumhe doctor se milwane ke liye kahaunga, woh aapko vishesh jankari dega.","Arre bhai, maine aapka case dekh liya hai. Aapke paas left forearm mein ek firme mass hai, jiska size 5.5x4x2 cm hai. Iska MRI report bhi aaya hai, jismein mass ki uniform hyperintensities dikhai gayi hain. Biopsy report bhi aaya hai, jismein small round cell tumor ka presence hai. Ye kuchh chinta ki baat hai, Doctor keh rahe hain ki iski koi chinta nahi hai, lekin humein iska behtar treatment dena hoga.",1.0,1.0,0.0,0.0,0.0,0.0
P01265,hand_lump,0.5181,high,"Bhai, aapke symptoms bahut interesting hain. Main aapko yeh batana chahta hoon ki yeh symptoms muscle cramps, spasms, aur swelling ka sambandhit ho sakte hain. Yeh kuchh times exercise ki nayi routine ke karan ho sakta hai, jaise ki aapne kaha ki aap nayi exercise kar rahe hain. 

Lekin, yeh diabetes ka sign nahi hai. Diabetes ke symptoms mein blood sugar ki kami ya jyada, excessive thirst, aur fatigue shamil hote hain. Aapke symptoms bahut alag hain. Main aapko ek doctor se milne ke liye kahaunga, woh aapke symptoms ko dekhkar aapko proper diagnosis aur treatment provide karega.","Arre bhai, maine aapki baat suni hai. Aapke symptoms, jaise muscles mein knots, zyada dabav, swelling, aur itching, yeh ulnar nerve lesion ke karan ho sakte hain. Yeh symptoms aapke case mein ulnar nerve lesion ke karan ho sakte hain, kyonki aapke symptoms ulnar nerve lesion ke saath jude huye hain. Lekin, maine aapke diabetes ke baare mein kuch nahin dekha hai. Aapka age 34 hai, isliye diabetes ke liye aapko koi risk factor nahin hai. Lekin, aapka zyada peena aur binge night ke baad irritation, yeh aapke diabetes ke liye kuch indication ho sakta hai. Main aapko ek doctor se milne ke liye kahaunga, woh aapke symptoms aur diabetes ke liye check kar sakta hai.",1.0,0.6666666666666666,0.0,0.3333333333333333,-0.3333333333333333,-0.3333333333333333
P01267,foot_swelling,0.5682,high,"Arre bhai, main aapko yeh batata hoon ki heart stents lagane ke baad, patient ko leg mein sujan hone ka koi risa nahi hai, lekin yeh kuchh normal hai. Lekin agar woh right ankle aur foot mein bahut sujan kar rahi hai, to humein blood clot ya dard ka koi risa nahi hone chahiye. Humein yeh dekhna hoga ki kya woh groyin area mein koi dard hai ya blood flow normal hai ya nahi. Hum ek doctor se baat karenge aur test karwaen, jaise ki Doppler ya X-ray, aur phir hi humein pata chalega ki kya ho raha hai.","Arre bhai, maine dekha hai ki patient ki left knee ke posterior aspect par focal swelling hai, jisse unhe left calf me thoda edema aur weakness bhi ho raha hai. MRI examination ke dauraan ek subcutaneous soft-tissue lesion dikhaya gaya hai, jo ek tangle of vessels se bana hua hai. Ye venous angioma ki sambhavna hai, jiska diagnosis do radiologists ne consensus se kiya hai. Main aapko confirm kar sakta hoon ki patient ki left calf me thoda edema hai, lekin main koi blood clot ki sambhavna nahin confirm kar sakta.",0.25,1.0,0.0,0.0,0.75,0.0
P01268,skin_rash,0.4551,medium,"Dost, aapke symptoms bahut interesting hain. Main samajh sakta hoon ki aapko chote chote katte hain jo machar ke katne jaise lagte hain, lekin machar nahi hain aas paas. Ye symptoms kuchh skin conditions jaise bed bugs, mosquito bites, ya kuchh dermatitis ke karan ho sakte hain. Main aapko ek dermatologist se milne ki suggestion karta hoon, jisse unhone aapke symptoms ko aur vistarit karke aapko behtar treatment diya ja sake.","Bhai, mujhe lagta hai ki aapke symptoms kuchh iske liye ho sakte hain. Aapke paas chote chote katte ho rahe hain, jo machar ke katne jaise lagte hain, lekin machar nahi hain. Ye kuch minutes ke andar ubhar aate hain aur aapko itching hoti hai. Ye baar baar ho raha hai. 

Aapke symptoms aur clinical signs ke hisaab se, mujhe lagta hai ki aapke paas native valve infective endocarditis hai, jo aapke aortic valve, thoracic aur lumbar areas, left chest wall, left testicle, lungs, spine aur pelvis mein ho sakta hai. Ye infection aapke paas 3 mahine se ho sakti hai. 

Mujhe koi evidence nahi mila hai jo aapke symptoms se allergy ki wajah ko samjhaata hai. Lekin aapke paas koi allergy ki history nahi hai.",0.0,0.3333333333333333,1.0,0.6666666666666666,0.3333333333333333,0.3333333333333333
P01270,hand_lump,0.6134,high,"Arre bhai, aapka description sunke lagta hai ki aapko koi lump ho gaya hai, jiska size ek nickel hai. Iska ek possible reason yeh ho sakta hai ki aapko ek cyst ho gaya hai ya koi small tumor. Lekin, aapka pain aur sore muscles ka description sunke, mujhe lagta hai ki ismein koi infection bhi ho sakti hai. Main aapko thoda relax karne aur doctor se meeting karne ki suggestion dunga.","Arre bhai, tumhare right wrist ke CT scan mein ek fracture hai, jismein volar ulnar corner of distal radius ka involvement hai. Iske liye, tumhein concern hona chahiye. Is lump ko dekhte hue, tumhare arm ki us jagah par tenderness aur muscles sore hai, jisse tumhare hath ki taraf pain ho rahi hai. Iska matlab hai ki tumhare wrist mechanics mein change ho sakta hai, jisse tumhare future mein problems ho sakti hai.",0.3333333333333333,0.3333333333333333,0.6666666666666666,0.6666666666666666,0.0,0.0
P01273,neck_swelling,0.4807,medium,"Arre bhai, tumhare symptoms bahut hi ghatiya hain. Yeh ganth ya thakaan tumhare back mein ho sakti hai, lekin cancer ke liye ismein kuchh nahi hai. Aapko sir ghoomane par dard aur aage jhukne par dard, yeh sab kuchh back mein thakaan ke symptoms hain. Maine suna hai ki aapne garam kapde rakhne ki koshish ki hai, lekin yeh thakaan ko door karne mein madad nahi kar sakti. Main aapko ek doctor ke paas jana sujhata hoon, woh aapki madad karenge.","Arre bhai, main dekh raha hoon tere symptoms aur clinical signs. Tere paas necrotizing gingivitis aur stomatitis hai, jo left mandibular molar area, buccal mucosa, aur floor of the mouth mein hai. Yeh symptoms aur signs severe hain aur 6 months se hai. 

Mujhe lagta hai ki tumko medical attention ki taraf jana chahiye. Tere paas facial asymmetry, swelling of the left cheek, necrosis of the left mandible, exposed bone, missing right mandibular canine tooth, lymph node swelling in the submandibular regions, stomatitis, ill-defined bony destruction, aur floating teeth hai. 

Kuchh evidence ke anusar, doctor ne pahle se cancer jaise lymphoma ya multiple myeloma ka sankshep kiya tha. Lekin, abhi tak main confirm nahi kar sakta ki yeh cancer hai ya nahi. Tumko medical attention ki taraf jana chahiye aur doctor tumhare symptoms aur signs ko dekhkar treatment decide karega.",1.0,1.0,0.0,0.0,0.0,0.0
P01276,hand_lump,0.5694,high,"Bhai, aapki samasya bahut serious hai. Yeh ganth aur tingling hath ka shikar hone ka koi bhi karan cancer ho sakta hai, lekin ismein kuch aur bhi ho sakte hain. Aapko iska treatment karwane ke liye jaldi se jaldi apne PCP se milna chahiye. Cancer ki family history ke saath, aapko iska checkup karwane ke liye jaldi se jaldi apne doctor se milna chahiye.","Bhai, tumhare case mein Grade 1 chondrosarcoma ka diagnosis kiya gaya hai, jo ek prakaar ka cancer hai. Iska arth hai ki tumhare kandhe ke beech ki rid ki uparwale hisse mein ek ganth hai jo cancer se pahuncha hai. Isse tumhare hath mein tingling aur numbness ka anubhav ho sakta hai. 

Note: I did not confirm the tingling and numbness as symptoms directly related to the Grade 1 chondrosarcoma as the clinical evidence does not explicitly mention them. However, it is possible that they could be related to the tumor's impact on the surrounding tissues.",1.0,1.0,0.0,0.0,0.0,0.0
P01279,knee_swelling,0.5378,high,"Bhai, aapka sawal bahut achha hai. Ye lump aapke knee mein lateral meniscus tear ka karan ho sakta hai, lekin ismein acl stump bhi shamil ho sakta hai. Lateral meniscus tear ke karan aapko thoda dard ho sakta hai jab stairs se chalne mein, aur yeh lump bhi mehsus ho sakta hai. Lekin ismein acl stump ka karan bhi ho sakta hai, jisse bhi aapko dard aur lump mehsus ho sakta hai. 

Main aapko iske liye doctor se milne ki salah dunga, woh aapke knee ko dekhkar aur MRI reports ko dekhte hue aapke sawal ka jawab de payenge.","Bhai, maine dekha ki tumhare knee mein ACL complete midsubstance tear aur possible lateral meniscus tear hai. Lekin tumhare sawal mein kaha gaya hai ki tumhare knee mein koi buckling signs nahi hain. Isliye, main koi buckling ki wajah se lateral meniscus tear ka koi evidence nahi dekh sakta.

Lekin tumhare sawal mein kaha gaya hai ki tumhare knee ki lateral side par ek chota lump mehssoh raha hai. Ismein ACL stump ki sambhavna hai, kyunki tumhari ACL reconstructive surgery February 20 ko hogi. Lekin ismein koi confirmation nahi hai.",1.0,1.0,0.0,0.0,0.0,0.0
P01280,hand_lump,0.557,high,"Arre bhai, maine dekha hai ki tumhare underarm ke niche ek gaanth hai, jo bahut komal hai aur dard nahi hota. Yeh sambhav hai ki yeh ek benign tumor ho, jaise ki lipoma. Iske alawa, tumhare transplant ke kaaran, tumhe immunosuppressive medicine leni hogi, jo tumhe kuch anokhi symptoms dikhane mein madad karegi.

Maine dekha hai ki tumhare symptoms bahut kamjor hain, aur tumhare liver transplant ka 9 saal ho gaya hai. Lekin, C. Difficile Colitis ka diagnosis hua hai, jisse tumhe baar baar problems ho sakte hain. Main tumhe doctor se milne ke liye kahaunga, woh aapke symptoms aur transplant ke kaaran ke liye aapke liye behtar treatment decide kar sakte hain.","Bhai, aapka case bahut hi interesting hai. Aapka primary finding hai neurofibromas, jo aapke haathon mein paaye gaye hain. Neurofibromas aam taur par growing aur painful masses ke roop mein pehchane jaate hain. 

Aapke case mein, neurofibromas ka size 1x1 cm aur 3x0.7 cm hai. Pathology report bhi neurofibromas ke sath hi match karta hai. 

Mujhe aapke liver transplant ke baare mein pata chala hai, lekin iska neurofibromas se koi connection nahin hai. Aapke symptoms, jaise ki jalan aur khujli, aapke neurofibromas ke sath hi related ho sakte hain.",1.0,1.0,0.0,0.0,0.0,0.0
P01281,hand_lump,0.5194,high,"Arre bhai, aapki wajah se chinta mat karein. Ek hard hit karne se knuckle par lump ho sakta hai, yeh ek common cheez hai. Ismein dard ka ho sakta hai, lekin agar aap finger ko normal tarah se move kar sakti hain, to shayad koi bada problem nahin hai. Lekin agar dard badhne laga ya finger ka rang badalne laga, to phir doctor se milne ki zaroorat hai.","Arre bhai, tumhare symptoms aur physical examination ke dauran paaye gaye clinical signs ke anusaar, tumhare paas cubital tunnel syndrome hai. Yeh condition tumhare motorcycle posture aur ek small occult ganglion ke kaaran hai. Tumhare symptoms aur clinical signs, jaise ki numbness ring aur little finger aur ulnar side of the hand mein, decreased hand grip strength, aur medial side pain of the left elbow joint, cubital tunnel syndrome ka anumatr hai. 

Main tumhare peeshevar kaaran ke bare mein kuch nahi pata, lekin tumhare symptoms aur clinical signs ke anusaar, tumhari condition khud hi thik ho sakti hai. Lekin humein iska nirdharan aur niyantran ke liye doctor ke paas jaana hoga.",0.0,1.0,1.0,0.0,1.0,1.0
P01282,neck_swelling,0.4981,medium,"Arre beti, maine suna hai aapke paas kai gaanth hain. Ye bahut hi chintit baat hai. Aapki gaanthen bahut hi unusual hain, unmein se kuch pulsating bhi hain. Aapko ankylosing spondylitis ka diagnosis hua tha, lekin ye gaanthen aapke spinal cord se judi hui nahi hain. Main aapko ek specialist se milne ki salah deta hoon, jaise ki dermatologist ya oncologist. Unhein aapki gaanthen aur aapke symptoms dekhkar aapki diagnosis kar sakte hain.","Bilkul, main samajh gayi. Aapke paas ek gaanth hai jo aapki nabhi ke right side mein hai, lagbhag 1 inch lambi hai, aur do saal se hai. Ye bean shape ki hai, hil sakti hai, aur dard nahi hai. Lekin aapke left upper thigh mein bhi ek gaanth hai, aur aapke gale ke ek taraf bhi ek aisi hi gaanth hai. Aapko lagbhag ek hafte pahle hi notice hua hai ki mere gale mein kuch samasya hai. Mujhe hamesha se ek palpable aur pulsating gaanth hai meri upper neck mein jo aati jaati hai. Lekin main kuch bhi nahi pata ki aapke paas kya samasya hai, kyunki clinical evidence mein kuch bhi nahi hai jo is baat ka jawab de sake.",0.25,0.25,0.0,0.0,0.0,0.0
P01284,edema,0.5345,high,"Arre beta, main samajh sakta hoon ki aapko bahut anxiety ho rahi hai. Jab rib ke side par moveable lump develop hota hai, toh yeh breast cancer ke kuchh symptoms ho sakte hain. Lekin yeh bhi sambhav hai ki yeh lymph node ki problem ho, jo breast cancer ke saath jude hote hain. Main aapko shant karne ke liye kuchh baat karta hoon - aapko apne doctor ke paas jaana chahiye aur unke paas hi koi nishkarsh nahi hai, toh humein yeh sochne ki zarurat nahi hai.","Arre bhai, main samajh gaya ki tumhara ganglion cyst hai. Ye cysts generally bone ke neeche develop hote hain, jaise ki tumhare case mein fibula ke neeche hai. Yeh cysts peroneus longus tendon ke neeche develop hote hain. 

Main tumhare case ke liye differential diagnosis nahi de sakta, kyunki yeh evidence tumhare case ke liye hi hai. 

Management ke liye, tumhe apne doctor se consult karna chahiye. Vah tumhare case ke liye best treatment plan decide kar sakte hain.",0.3333333333333333,0.25,0.6666666666666666,0.0,-0.0833333333333333,0.6666666666666666
P01285,hand_lump,0.5331,high,"Arre, aapki samasya bahut interesting hai. Yeh ganth aapke right arm mein ek common problem hai, jise ""tennis elbow"" ya ""lateral epicondylitis"" kaha jata hai. Iska karan aapke swimming aur regular exercise ke kaaran ho sakta hai. Aapko thoda time dijiye aur apne symptoms par dhyan dena, main doctor se baat karke aapko aur sahi tareeke se treatment karne ka plan banane ka prayaas karoonga.","Arre, maine dekha hai ki aapke paas right hand mein hypothenar hammer syndrome (HHS) ka diagnosis hai. Iska matlab hai ki aapke ulnar artery mein thrombotic defect hai, jisse aapke hand mein pain, cold intolerance, aur abhi pins and needles ka anubhav ho raha hai. Aapke paas ulcer bhi hai right long fingertip par. Main aapko kahaunga ki aapko apne doctor se milne ki zaroorat hai, kyunki aapke symptoms bahut severe hain.",0.25,1.0,0.0,0.0,0.75,0.0
P01287,neck_swelling,0.4545,medium,"Bhai, main samajh gaya. Aapke symptoms bahut hi interesting hain. Aapke collar bone ke neeche swelling ya fluid jaise pockets hone ke liye kai karan ho sakte hain. Ek sambhav karan yeh hai ki aapke mastitis ke antibiotics ke karan side effect ho gaye hain, jisse aapke gale mein fluid collection ho gaya hai. Iske alawa, yeh bhi ho sakta hai ki aapke gale mein abscess ho gaya hai, jo ek type of infection hai. Hum iske liye ek doctor se milne ka plan banayenge.","Arre bhai, main aapki saari cheezein samajh gaya hoon. Lekin, yeh clinical evidence ke andar nahi hai, isliye main kuch bhi nahi confirm kar sakta. Aapka case bahut hi alag hai, jisme aapke gale ke niche swelling aur fluid pockets hai. Yeh koi specific diagnosis nahi hai, isliye main kuch bhi nahi bata sakta. Aapko apne doctor se milna chahiye, woh aapki cheezein dekhkar aur check-up karke aapko sahi jawab de payenge.",0.3333333333333333,1.0,0.6666666666666666,0.0,0.6666666666666667,0.6666666666666666
P01289,lip_swelling,0.4306,medium,"Bilkul, main samajh gaya. Assault ke baad aapke liye bahut mushkil hua hoga. Ek ajeeb sa gaanth hard hone ka matlab hai ki aapke liye ek scar ho sakta hai. Ye scars kaam karne mein lagbhag 6-12 mahine lage sakte hain, lekin yeh kaam karne ke baad aapke liye normal ho jaayega. 

Aapke liye ek halki si nishan bhi hai, yeh aapke lip par taaza skin aane ke baad dikhai dega. Aapko dermatologist se milna chahiye, woh aapke liye best treatment suggest kar sakte hain.","Beta, aapke symptoms aur clinical signs ke hisaab se, aapke mandibular dentoalveolar fracture ke liye treatment shuru kar diya gaya hai. Swelling ke baad, aapke lip par ek ajeeb sa gaanth hai, jo hard hai, iska karan dentoalveolar fracture ke karan hai. Aapke doctor ne aapko 3 dissolvable stitches lagaye hain. 

Aapke lip par halki si nishan hai, iska karan taaza skin upar nahi aane ka hai, jo ek normal process hai. 

Aapka lip normal ho jayega, lekin isme samay lag sakta hai.",0.25,0.6666666666666666,0.0,0.3333333333333333,0.4166666666666666,-0.3333333333333333
P01291,skin_irritation,0.4213,medium,"Arre bhaiya, main samajh gaya. Bacche ke saath galti se ghul marne se aapko kuch problem ho sakti hai. Aapko anxiety ya stress ka shikaar ho sakta hai, jo aapki tabiyat ko kamzor kar raha hai. Main aapko ek doctor se milvane ke liye kahaunga, jisse aapko sahi treatment mil sakega.","Beta, tumhare case mein Atopic Dermatitis (AD) ka diagnosis kiya gaya hai. Iska matlab hai ki tumhare shareer mein ek allergy hai jo skin ko red, scab, scale aur thick banata hai. Ye symptoms 9 saal se ho raha hai aur aapke shareer ke trunk aur extremities par hai. Aapko milk, freshwater fish, sesame seeds, animal hair aur pollen se allergy hai. Aapke symptoms ko kam karne ke liye aapne abhi tak antihistamines, topical glucocorticosteroid creams aur calcineurin inhibitors liye hain, lekin unka upayog karke bhi symptoms thode hi kam hote hain.",0.25,1.0,0.0,0.0,0.75,0.0
P01293,neck_swelling,0.4163,medium,"Arre bhai, aapki baat suni hai. Yeh ganth aur dard aapke hoth ki taraf aane ke kai karan ho sakte hain. Ek sambhavna yeh hai ki aapko koi viral infection ho gayi ho, jaise ki mononucleosis ya mumps. Iske alawa, yeh bhi ho sakta hai ki aapko koi bacterial infection ho gayi ho, jaise ki parotitis. 

Hum aapki tasveer dekh kar aur aapke symptoms ke baare mein puchkar aapki diagnosis karne ki koshish karenge. Lekin aapko thoda patience rakhna hoga aur humein aapke symptoms aur tasveer dekhne ki zaroorat hai.","Bhai, tumhare symptoms aur clinical signs ke anusaar, tumhare abdomen mein kuchh ghatna hogi hai. Tumhare left flank mein dard hai, tum dhoondh rahe ho, lekin tumhare left upper quadrant mein mild tenderness hai. Ye splenic injury ka lakshan hai, jiska evidence hai severe extravasation at the hilum of the spleen along with poor contrast effect, implying splenic artery injury.",0.0,1.0,1.0,0.0,1.0,1.0
P01298,neck_swelling,0.5179,high,"Arre bhai, aapki chinta kuchh nahi hai. Ye round gaanth aapke left collar bone ke neeche ek chhoti si lymph node ho sakti hai. Ye strain ke baad aati hai, lekin agar yeh 2-3 hafee mein nahi gayab ho jati hai toh doctor se phir se milna chahiye.","Bhai, maine dekha hai ki tumhare case mein giant cell granuloma hai, jo left maxilla mein hai. Clinical signs ke anusaar, tumhare paas cervical lymphadenopathy nahin hai, aur blood count aur routine laboratory tests normal hain. Gaanth ke baare mein, main kuch nahin dekh sakta hoon, kyonki clinical evidence mein koi jankari nahin hai. Lekin doctor ne tumhe kaha hai ki ye strain hai, aur tumhe apni gardan idhar udhar ghumane ke liye kaha hai.",1.0,1.0,0.0,0.0,0.0,0.0
P01299,skin_rash,0.5641,high,"Arre bhai, aapka problem kuchh serious ho sakta hai. Yeh red bumps, jo aapke right eye ke neeche dikh rahe hain, possible skin conditions jaise ki milia, keratin cysts ya seborrheic keratoses ho sakte hain. Hum aapko ek dermatologist se milane ki zaroorat hai, jo aapke symptoms ko aur vishleshan kar sakega.","Arre bhai, maine aapki complaint dekhi hai. Lekin maine aapke case notes mein kuchh nahi dekha hai jo aapke red bumps ke baare mein batata hai. Aapke symptoms aur clinical signs ke liye, maine aapke Horner syndrome ke liye test kiye hain, jismein 10% cocaine test positive aaya hai. Lekin maine aapke red bumps ke baare mein kuchh nahi pata hai. Main aapko ek dermatologist ke paas bhejna chahta hoon jo aapke red bumps ke liye diagnosis kar sake.",0.0,0.0,1.0,1.0,0.0,0.0
P01301,knee_swelling,0.5258,high,"Arre bhai, main aapki maa ki jaankari sunne ke liye bahut khush hoon. Yeh gaanth jisse aapki maa kahta hai, yeh bahut saari cheezein suggest karta hai. Main sochta hoon, yeh gaanth shayad osteoarthritis ya rheumatoid arthritis ka symptom ho sakta hai. Iske alawa, yeh gaanth fibromyalgia ya even gout ka bhi symptom ho sakta hai. Lekin, yeh sabhi cheezein tootne ke baad hi confirm ki ja sakti hain. Main aapko ek doctor se milne ki suggestion karta hoon, woh aapki maa ki jaankari aur check-up karke aapko sahi jawab de sakte hain.","Aapki maa ki gaanth ka karan yah hai ki vah 55 saal ki umar hai aur 10 saalo se chote chote chot ke baad ajeeb sa sujan wali gaanth hoti hai. High resolution computed tomography of the chest ne dekha hai ki vah ek pulmonary bulla ka shikar hai, jisse right upper lobe ka compression collapse ho raha hai. Iska matlab hai ki vah ek lung ka hissa hai jisme se air nikal raha hai aur vah compress ho raha hai.",1.0,0.25,0.0,0.0,-0.75,0.0
P01302,neck_swelling,0.5489,high,"Beta, tumhare symptoms bahut hi ghatiya hain. Ye ganthein tumhare shareer mein kuch anidraatmak ho sakte hain, lekin humein kuch aur bhi samajhne ki zaroorat hai. Lymph nodes ka koi bhi gantha dard se juda nahi hota, aur yeh hil sakte hain. Lekin tumhare shareer mein kai ganthein hain, jo bahut hi chinta ka karan hai. Humein tumhare ganthein dikhane aur kuch test karne ki zaroorat hai, tabhi humein pata chalega ki ye kya hai.","Beta, maine dekha hai ki tumhare shareer mein kai chote ganthein hain. Pehli ganth jo tumne notice ki hai, woh right lower region par hai, jo right pelvic bone ke upar hai. Ye ganth 1 cm ki size ki hai, jo touch karne par hil jaati hai, lekin region se judi lagti hai. Dard nahi hota hai, bas kabhi kabhi twitching hoti hai.

Maine dekha hai ki tumhare case mein renal cell carcinoma hai, jo right kidney mein hai aur metastasis (bimari ka faayda) mandible (cheekbone) mein hai. Ye bimari tumhare shareer mein kai ganthein pahuncha sakti hai, jaise ki tumne bhi notice kiya hai.

Main kuchh confirm nahi kar sakta, lekin tumhare ganthein lymph nodes (lymph nodes) nahi lagte hain. Lekin tumhe chinta karne ki zaroorat hai, kyunki tumhare shareer mein kai ganthein hain aur tumhare case mein cancer hai. Main tumhe ek specialist se milne ki salah deta hoon.",0.0,0.3333333333333333,1.0,0.6666666666666666,0.3333333333333333,0.3333333333333333
P01303,hand_lump,0.5152,high,"Bhai, aapka description sunke lagta hai aapke paas ek ganth hai, jisse aapko dard ho raha hai. Yeh sambhav hai ki yeh ek ganth hai jo aapke wrist mein pressure daal raha hai. Main aapko ek orthopedic doctor ki reference karunga, woh aapke paas aayenge aur aapke wrist aur hand ko check karenge.","Arre bhai, maine dekha hai ki aapke right thumb ke MCP joint mein volar dislocation hai aur UCL ka complete rupture hua hai. Iska matlab hai ki aapke thumb ke neeche ek choti matar jaisi ganth hai, jiska image aapne diya hai. Touch karne par aapko dard hota hai, aur iska asar aapke wrist tak bhi ho gaya hai.",0.25,0.25,0.0,0.0,0.0,0.0
P01309,hand_lump,0.6394,high,"Arre bhai, aapka description sunke lagta hai ki aapko ek lymph node ki problem ho sakti hai. Ye lymph node aapke upper right arm muscle ke upar hai, aur isne aapke right hand ke little finger tak stinging sensation ko cause karne laga hai. Ye ek common scenario hai, lekin humein iska diagnosis karne ke liye test aur examination ki zaroorat hogi. Aapko doctor se milne aur test karwane ki zaroorat hogi.","Bachche, aapke symptoms bahut hi similar hain apne pehle case ke symptoms se. Upper right arm muscle ke upar ek chhoti pea size ki goanth par, jiska size aapne mention kiya hai, yeh bhi ek cystic expansile lesion ho sakta hai. Yeh enchondromata ho sakta hai, jiska clinical evidence hai. Lekin, aapke pehle case mein, yeh tuberculosis ke karan ho gaya tha. Aapke pehle case mein, h/o exposure to pulmonary tuberculosis tha, aur sputum ke AFB test mein positive result aaya tha. Aapko is baat ka dhyan rakhna chahiye.",0.0,1.0,1.0,0.0,1.0,1.0
P01312,neck_swelling,0.5457,high,"Arre bhai, aapka description sunke lagta hai ki aapke paas ek cyst hai. Yeh ek naram, fatty ball ki tarah ka hoga, jo aapke neck ke piche collar bone ke neeche hai. Yeh cyst aapke skin ke andar se nikal raha hai, jisse aapko lagta hai ki woh upar chadh kar bahar nikal jata hai. Hum isey check karne ke liye doctor se baat karenge aur fir hi decision lenge.","Bhai, maine dekha hai ki tumhara neck ke paas ek naram ganth hai. Lekin clinical evidence mein yeh nahi diya gaya hai ki tumhara neck ke paas koi ganth hai. Haan, tumhari submandibular lymph nodes mein swelling hai, lekin yeh normal touch feel karta hai. Mujhe nahi pata ki yeh ganth kya hai, lekin maine clinical evidence se kuchh nahi dekha hai jo iske bare mein batata hai.",0.25,1.0,0.0,0.0,0.75,0.0
P01313,skin_rash,0.5106,high,"Arre beti ki hals hai? Aapko chinta mat karna, main aapko kuchh jaankari de sakta hoon. Ye rash aur white lumps jaise symptoms virus ke karan ho sakte hain, lekin ismein surety nahin hai. Iske alawa, hont chapped hone aur naak ke andar dard hone ka karan bhi virus ho sakta hai. Main aapko ek dermatologist ke paas le jana chahiye, woh aapko acchi tarah se diagnose kar sakte hain aur treatment bhi de sakte hain.","Beta, maine dekh liya hai ki aapki beti ko vaginal discharge hai, jo watery, foul-smelling hai aur occasional blood-stained. Iske alawa, uske labia majora par do small ulcers hain. Ye symptoms aapke doctor ne dekh liye hain aur unhone kaha hai ki ye symptoms 6 months se hain. 

Kuchh aur symptoms hain jo aapne bataye hain, jaise ki hont chapped hai, naak ke andar dard hai, aur jeebh par white lumps hain. Lekin is clinical evidence mein ye symptoms nahin hain. Main is baat par surety nahin kar sakta.",0.3333333333333333,0.5,0.6666666666666666,0.5,0.1666666666666666,0.1666666666666666
P01315,lip_swelling,0.4245,medium,"Arre bhai, maine dekha hai ki aapke chote honton par ek chota sa dardnak gadda hai. Yeh gadda aapke tonsils ke paas ho sakta hai, lekin aapne uss area ko dekha hai aur usme kuch bhi nahi mila hai. Main sochta hoon ki yeh gadda aapke labia majora ke paas ho sakta hai, kyunki aapne uss area ko bhi dekha hai aur usme bhi kuch bhi nahi mila hai. Main samajhta hoon ki yeh gadda ek boil ho sakta hai, jo aapke labia majora ke paas aata hai. Yeh gadda aapke body mein bacteria ki wajah se ho sakta hai, jo aapke skin ko infection deti hai.","Bhai, maine dekha hai ki tumhare chote honton par ek chota sa dardnak gadda hai. Yeh gadda melena ke sath hua hai, jiska matlab hai ki tumhare gastrointestinal tract mein kuch problem hai. Pehle se hi humne Peutz-Jeghers syndrome (PJS) ka diagnosis kiya hai, jisme gastrointestinal tract mein polyps hoti hain. 

Maine dekha hai ki tumhare gaddon se safed cheez nikli hai, jiska matlab hai ki tumhare gastrointestinal tract mein bleeding ho rahi hai. Yeh bleeding tumhare severe anemia ke liye bhi jimmewar hai. 

Main kuch confirm nahi kar sakta ki yeh gadda kya hai, lekin humne tumhare gastrointestinal tract mein polyps aur bleeding ki problem dekhi hai. Hum aapko ek doctor se milne ke liye kahaenge.",0.0,0.25,1.0,0.0,0.25,1.0
P01320,hand_lump,0.5802,high,"Arre bhai, aapka concern sahi hai. Yeh ganth aapke wrist par ek vein ke saath mila hua hai, jisse aapko lagta hai ki yeh IV test ke baad aaya hai. Lekin, mujhe lagta hai ki yeh ek normal vein hai, jiska naam ""arteriovenous fistula"" hota hai. Yeh ek normal condition hai, jismein artery aur vein mil jati hain.","Arre bhai, maine dekha hai ki aapke CT scan ke dauran, aapke ulnar artery par teen aneurysm pade the. Ek 2.3 x 1.5 cm ka tha ulnar-carpal junction par, doosra 0.5 cm ka hamate ke hook ke paas, aur teesra 1.5 x 1.2 cm ka palm mein. Aapke kisi bhi vein ke saath sambandh nahin pata chala hai. Aapka CT scan bhi koi vein ke aneurysm nahin dikha raha hai.",0.25,0.25,0.0,0.0,0.0,0.0
P01324,skin_rash,0.4799,medium,"Arre beta, main samajh gaya ki aapke paas irritation aur khujli ki samasya hai. Jab aap epilator se shave karte hain, toh kuch baar irritation ho sakta hai. Cortisone wali creams aapke liye zaroori ho sakti hain, lekin yeh permanent nishan chhod sakti hai. Main aapko hydrocortisone cream ka sujhav dunga, jo over-the-counter hai aur aapke liye saf hai.","Bilkul, beta. Aapke symptoms aur Braun epilator se shave hone ke baad aane wali khujli aur lal chhale ka koi sambandh aapke lung cancer ke symptoms se nahi hai. Yeh symptoms aapke epilator se shave hone ke baad aane wali skin irritation ke karan ho sakte hain. Cortisone wali creams aapko thoda araam denge, lekin permanent nishan chod sakti hai, isliye humein iska istemaal karne se pehle sochna hoga.",0.25,1.0,0.0,0.0,0.75,0.0
P01326,hand_lump,0.4517,medium,"Arre bhai, aapka sawal sunke main samajh gaya. Aapka description sunke lagta hai ki aapko cervical spondylosis ho sakte hain. Ismein neck ke nerves compress ho jate hain, jisse haatho mein ganthe aur sunpana ka problem ho sakta hai. Aapko doctor se milke test karvane ki zaroorat hogi, lekin main aapko ek cheez keh sakta hoon, aapko neck ka proper sleep posture maintain karna chahiye.","Arre bhai, main aapki health queries answer kar sakta hoon. Aapka case bahut serious hai. Aapke right upper extremity mein multiple fractures, lunate dislocation, aur compartment syndrome hai. Iske liye aapko urgent medical attention ki zaroorat hai. Aapke symptoms aur clinical signs ke hisaab se, aapke right hand mein tenderness, lacerations, swelling, aur pain hai. Aapke compartment pressures bhi bahut elevated hain. Aapko immediate treatment ki zaroorat hai.",0.25,1.0,0.0,0.0,0.75,0.0
P01327,foot_swelling,0.5815,high,"Arre bhai, maine suna hai aapke paas left foot par ek cyst jaisi feeling hai aur redness hai. Ye bahut achha hai ki aapne doctor ko samjhaaya hai. Main sochta hoon ki aapke symptoms gout, athlete's foot, ya fungal infection se judne ho sakte hain, lekin aapne keh diya hai ki ye athlete's foot nahi hai aur gout nahi hai. Main ek aur cheez sochta hoon, bhai, ki aapke diabetes hai aur aapke foot mein circulation acchi hai, lekin aapke symptoms bahut kuch dinon se chal rahe hain. Main sochta hoon ki aapke paas possibly cellulitis ho sakta hai, jo ek bacterial infection hai jo skin ke neeche ke bal ke upar ho sakta hai. Main aapko ek appointment ke liye bulaunga aur aapke symptoms ke liye test karwayenge.","Arre bhai, maine dekha hai aapka case. Aapka foot pain bahut jyada hai, aur aapko left foot par 1st aur 2nd toe ke beech ek cyst jaisa feeling hai. Aapko minor redness aur khujli bhi thi, lekin ab rash nahi hai aur khujli bhi nahi hai, sirf red hai. 

Main aapko kuchh bat sakta hoon. Aapka clinical history bahut jyada hai, jismein aapke symptoms aur clinical signs hain. Lekin maine dekha hai ki aapke symptoms foot pain aur redness ke liye hai, aur aapka clinical history osteomyelitis ke liye hai. 

Main aapko koi specific diagnosis nahi de sakta, lekin main aapko kuchh bat sakta hoon. Aapke symptoms foot pain aur redness ke liye hai, aur aapka clinical history osteomyelitis ke liye hai. Aapko kuchh tests karne ki zaroorat hai, jaise MRI ya CT scan, jisse aapke doctor aapke symptoms aur clinical signs ko samajh sake.",0.8,0.6666666666666666,0.2,0.3333333333333333,-0.1333333333333334,-0.1333333333333333
P01328,edema,0.58,high,"Arre bhai, tumhare symptoms bahut hi interesting hain. Ye hard lump tensor fascia latae ke paas ho sakta hai, lekin isse pehle takrayne se jodna thoda difficult hai. Main tumhe kuchh symptoms ke liye sochta hoon, jaise ki tumhare left leg mein koi pain ya stiffness ho rahi ho, ya phir tumhare left leg ko koi weakness ho rahi ho. Hum iske liye ek physical examination karenge aur fir humein iske baare mein aur jaan jayega.","Arre beta, maine dekha hai ki tumhare paas ek hard pea size lump hai tensor fasciae latae ke pass. Lekin clinical evidence mein kuch bhi nahi hai jisse yeh pata chalta hai ki yeh lump tensor fasciae latae ke pass hai ya koi aur jagah hai. Main kuch bhi confirm nahi kar sakta.",0.5,0.0,0.5,1.0,-0.5,-0.5
P01330,hand_lump,0.4596,medium,"Arre bhai, main tumhein kuchh samajhne ki koshish karunga. Yeh bumps toh skin ke kuchh problem ke symptoms ho sakte hain. Ek possibility yeh hai ki yeh eczema ho, jo skin ki irritation ka karan ban sakta hai. Jab aap inhe scratch karte hain, toh hot/cold sensation aati hai, yeh bhi ek common symptom hai. Main tumhein dermatologist ke paas le jaana chahiye, woh aapki skin ki problem ko aur vishesh roop se dekhega.","Bhai, aapke symptoms aur clinical signs ARPC (Atopic dermatitis) ke liye match karte hain. Aapke paas severe itching, itchy keratotic papules, aur keratotic papules ke saath hi scratched lesions hain jo merged ho gaye hain. Ye sab Faver's diagnostic criteria ke anusaar hai. 

Aapke paas lower and upper limbs, torso par keratotic papules hain, jo 3-12 mm ki diameter ke hain. Ye papules concave umbilical shape aur crater shape ke hain. Koebner Phenomenon positive hai, jisse yeh pata chalta hai ki aapke skin lesions ko scratch karne se bhi yeh symptoms badh sakte hain.",0.0,0.6666666666666666,1.0,0.3333333333333333,0.6666666666666666,0.6666666666666667
P01333,neck_swelling,0.4107,medium,"Bhai, aapki baat suni. Aapke gardan ke neeche do gaanth hain, ek kathor aur doosra thoda kam kathor. Ye gaanth shaving ke irritation ke alawa, aapke gale mein jama hone aur naak mein dabaav lagane ki wajah se ho sakte hain. 

Main aapko kuchh samay ke liye chinta mat karna chahiye, lekin aapko ek doctor se milne ki zaroorat hai. Aapke gale mein jama hone aur naak mein dabaav lagane ki wajah se kuchh bimariyan ho sakti hain, jaise ki lymphadenopathy ya thyroid ke samasya. 

Aapko ek doctor se milne ki zaroorat hai, woh aapke gale ke neeche ke gaanthon ka check-up karke aapko pata chal sakta hai ki ye kya hai aur aapko kya karna chahiye.","Bachche, aapke paas cervical aur inguinal areas mein lymphadenopathy hai, aur ye ek week se hai. Aapke paas hepatosplenomegaly bhi hai, jo liver aur spleen ki badi hai. Ye clinical findings aapke pehle hospitalization ke dauran nikalaye gaye the. Ab aapke paas kuch naye symptoms hain, jaise ki protracted cough aur fever of unknown origin. Aapko lagbhag 3/4 se 1/2 CM bada lymph node cervical area mein hai, aur yeh ek hafta se lagbhag isi size ka hai. Yeh kathor hai, lekin shaving ke irritation ke alawa, usne phir se kam ho gaya hai aur shayad thoda aur chota ho gaya hai.",1.0,1.0,0.0,0.0,0.0,0.0
P01335,swollen_eye,0.4775,medium,"Bhai, aapke symptoms bahut hi ghatiya hain. Aankh ke bhaisal ya jadde mein gaanth hone ka matlab hai ki aapke aankhon mein kuchh ghatna ho sakti hai. Iske liye humein aapke chest mein swollen lymph nodes aur thyroid gland par nodule ke liye bhi sochna hoga. Yeh sab irregularities ek dusre se juda hua ho sakte hain, jaise ki thyroid problem se aankhon mein problem ho sakti hai ya phir chest mein swollen lymph nodes se aankhon mein infection ho sakti hai. Humein aapko ek specialist doctor ke paas le jana hoga, jaise ki ophthalmologist ya endocrinologist.","Bhai, aapki aankh ki bhaisal ya aankh ki jadde ke soft tissue mein ek gaanth hai, iska karan ek orbital mass hai. Yeh mass retrobulbar space mein hai, jisse aapki aankh ki dekhbhal kam ho rahi hai. Aapke chest mein swollen lymph nodes aur thyroid gland par nodule hai, lekin iski wajah aapke chest wall neoplasm se hai. Yeh neoplasm left chest wall mein hai aur iska karan aapke hamesha ka smoking aur alcohol ka istemaal hai.",0.25,0.5,0.75,0.5,0.25,0.25
P01337,swollen_tonsils,0.5032,high,"Arre bhai, main tumhe sun raha hoon. Tumhare symptoms bahut hi ghatiya hain. Copd ke saath, tumhare symptoms ke liye kuchh possible reasons ho sakti hain. 

Ek to tumhare saans lene mein taklif aur gala mein ahsaas ho raha hai, jo bronchitis ya pneumonia ke symptoms jaisa lagta hai. Aur tumhare sir mein bohot uncomfortable feeling aur tumhe girne jaisa lag raha hai, yeh dehydration ke symptoms jaisa lagta hai. 

Main tumhe ek glass paani pilane ke liye kahu, aur tum kuchh ghante ke liye rest karo. Agar symptoms badhne ki baat hai, to humein aur checkup karna hoga.","Arre bhai, maine dekha hai ki tumko pulmonary embolism ka diagnosis hua hai, aur tumhare saans lene mein taklif ho rahi hai. Tumhare chest mein pain hai, jiska kendra right lower anterior aur lateral chest mein hai. Tumhare haath suj gaye hain, lekin tumhare blood pressure normal hai. Tumhare symptoms severe hain, aur tumne ek saal pehle COPD ka diagnosis hua tha.",0.25,1.0,0.0,0.0,0.75,0.0
P01343,neck_swelling,0.4858,medium,"Arre bhai, maine dekha hai ki aapke gardan ke neeche ek samasya hai. Ye samasya kabhi-kabhi ghutan-maar ka hissa ho sakti hai, lekin aapke CT scan ka report clear aaya hai, toh yeh thoda sa surakshit lagta hai. Kya aapko kabhi-kabhi throat mein kuchh dard ya khujli ka anubhav hota hai?","Bilkul, madam. Aapka case dekha hai. Aapke gardan ke neeche ek 2 x 2 cm ki well-defined swelling hai, jo right common carotid artery ke bifurcation ke paas hai. Iski ultrasonography mein, ek ovoid homogenously isoechoic lesion dikhayi gayi hai. Iska matlab hai ki yeh ek solid tumor ho sakta hai.",0.25,0.6666666666666666,0.0,0.3333333333333333,0.4166666666666666,-0.3333333333333333
P01347,hand_lump,0.4811,medium,"Arre beta, aapki chinta karna majaboor hai. Yeh lump aapke finger ke beech mein ek possible fracture ho sakta hai, jisse aapko dard ho raha hai. Iske liye aapko doctor ke paas jana chahiye, woh aapki checkup karke pata lagayenge ki yeh fracture kya tarah ka hai aur aapko kya treatment ki zaroorat hai. Aapko apne doctor ko zaroor batana ki aapne fence par lagne se aapko yeh dard aur lump ho gaya hai.","Bilkul, beta, main aapki madad karoonga. Aapke case mein, maine dekha ki aapke haath mein ek osteochondroma hai, jo ek pedunculated bony lesion hai jo 5th metacarpal ke distal metaphyseal region se nikalta hai. Iska matlab hai ki yeh ek bony growth hai jo aapke haath mein hai aur yeh aapke middle finger ke pass hai. Aapko chinta karna chahiye ki yeh growth aapke haath mein dard aur pain ka karan ho sakta hai. Main aapko ek orthopedic specialist ke paas jaane ki salah deta hoon jinhone aapke case ko dekhkar aapko sahi treatment diya ja sakta hai.",0.5,1.0,0.5,0.0,0.5,0.5
P01348,knee_swelling,0.519,high,"Vicky ji, aapka ehsaas kuchh chinta-jankar hai. Ye sambhav hai ki aapka rib cage ke upar ka hard lump ek tumor ho, jaise ki riboma (rib tumor) ya metastasis (faujiya vahikaran). Aapke gallbladder se nikalne ke baad bhi yeh sambhav hai kyunki kai cancer faujiya vahikaran ke roop mein pahunchte hain. Maine image dekhi hai, lekin maine kuchh nahi dekha. Aapko iske liye doctor se milne ka zaroorat hai.","Arre bhai, tumhara patella lateral taraf se dislocated hai, isliye tumhein knee pain aur knee giving away ka ehsaas hota hai. Lekin tumhara liver aur gallbladder ke baare mein kuchh nahi diya gaya hai, isliye main kuchh bhi nahi keh sakta. Tumhara ultrsound karwane ja raha hai, uske result aane ke baad hi humein pata chalega ki kya hai.",0.5,1.0,0.5,0.0,0.5,0.5
P01349,skin_rash,0.4761,medium,Bete ki symptoms bahut interesting hain. Maine socha hai ki shayad ismein Peripheral Neuropathy ka koi connection ho sakta hai. Peripheral Neuropathy mein taang aur haathon par khujli waale dane aate hain aur sensation ke sath-sath ganth bhi aate hain. Hum iske liye doctor se baat karenge aur test karke pehle se hi diagnosis karne ka prayaas karenge.,"Bete ko ek type IB tibial tubercle fracture hua hai, jo ki uske left knee mein hai. Iske saath hi patellar tendon ki periosteal sleeve avulsion bhi hui hai. Iske karan uske left knee mein pain hai aur usko weight bear nahi karna hai.",0.25,1.0,0.0,0.0,0.75,0.0
P01350,neck_swelling,0.5158,high,"Beta, main tumhein thoda sauch mehsoos karne wala hoon. Ye ganth jo tumne notice kiya hai, wah possible thyroid nodu ho sakta hai. Ye nodu thyroid gland mein upasthit ho sakte hain aur unmein se kuchh cancer ho sakte hain, lekin ismein mono ke symptoms nahi dikhne ke baavjood bhi cancer ho sakta hai. Main tumhein thoda sauch karne wala hoon, tumhein koi bhi symptoms nahi dikhne ke baavjood bhi koi bhi cheez ho sakti hai. Main tumhein doctor ke paas le jana chahiye.","Beti, maine dekha hai ki aapke paas ek ganth hai jo aapke gardan ke niche hai. Iska matlab hai ki aapke thyroid gland mein kuch problem ho sakti hai. Clinical evidence ke anusaar, aapke paas Graves' disease hai, jiska lakshana hai thyrotoxicosis. Iska matlab hai ki aapke thyroid gland mein kuchh extra hormone utpann ho rahi hai, jisse aapke ganth badh raha hai.",0.0,0.25,1.0,0.0,0.25,1.0
P01355,hand_lump,0.5548,high,"Bhai, aapki baat suni. Cancer dono taraf parivar mein ho raha hai, lekin aapko cancer ke koi symptoms nahi hai. Lekin aapke baap ke hath mein dard aur kamzori kaafi bada issue hai. Aapke hath mein aaj wala gola ya gola se chhota kuchh aisa laga jaisa golf ball se chhota ho sakta hai, iska matlab yeh hai ki aapke hath mein koi tumor ho sakta hai. Hum aapko ek specialist se milne ke liye bhej denge.","Bhai, aapka case bahut hi alag hai. Aapka aayu 58 hai, aur aapka lambai 165.3 cm aur vajan 57.2 kg hai. Aapke paas diabetes hai, aur aapke glycemik control poor hai. Aapke paas diplopia hai, jiska matlab hai ki aapko dono aankhon se do badee dekh rahe hain. Aapke paas slight ptosis bhi hai, aur aapke right eye mein adduction ki kami hai.",0.5,0.25,0.5,0.0,-0.25,0.5
P01356,foot_swelling,0.4742,medium,"Bhai, aapki baat suni. Soft tissue sprain ke baad, swelling aur sakht ganth aane ke liye bahut normal hai. X-ray se kuch nahin dikhaane ke baavjood, yeh soft tissue injury ho sakta hai. Aapko chinta nahin karna chahiye, lekin aapko rest aur ice pack lagana chahiye. Aapko lagbhag 2-3 hafte mein thik ho jana chahiye, lekin yeh aapke body par nirbhar karta hai.","Bhai, main aapko yeh batana chahta hoon ki aapke pairo mein ek bada mass hai, jo ek cancer hai, jise myoepithelial carcinoma kehte hain. Yeh cancer aapke pairo mein tha, lekin ab yeh aapke dimag mein bhi gaya hai. Aapke dimag mein ek bada tumor hai, jo aapke ganv ka kuchh bhi kar sakta hai. Main aapko yeh batana chahta hoon ki aapko iske baare mein chinta karni chahiye aur aapko zaroorat mandal par treatment karwana hoga.",1.0,1.0,0.0,0.0,0.0,0.0
P01360,neck_swelling,0.5642,high,"Arre bhai, main aapki problem ko samajhne ki koshish karta hoon. Aapke neck ke piche ek ganth hai, jisse aapko dard ho raha hai. Yeh sambhav hai ki yeh neck ke nerves mein tension ho rahi ho, jisse aapko body ke alag-alag hisson mein dard ho raha ho. Main aapko ek orthopedic doctor ya neurologist ke paas le jana chahiye, woh aapki problem ko aur vishleshan kar sakte hain.","Bilkul, main aapki samasya ko samajhne ki koshish karta hoon. Aapke paas ek painless left parotid mass hai, jo 3-4 mahine se badh raha hai. Clinical signs ke anusar, yeh mass 2 cm x 2 cm ki size ka hai aur ismein koi dard nahin hai. 

Aapke paas SmCC (Small Cell Carcinoma) ka diagnosis hai, jismein mitotic rate high hai aur necrotic areas bhi hain. Iske liye, aapko left superficial parotidectomy aur left modified neck dissection ke liye operation kiya gaya hai. 

Main aapke neck mein samasya ke baare mein kuch nahin keh sakta, kyunki clinical evidence mein yeh cheez nahin di gayi hai. Lekin aapke paas SmCC ka diagnosis hai, jisse aapko dard ho sakta hai, jo aapke body mein ghumta hai.",0.25,0.75,0.0,0.25,0.5,-0.25
P01363,knee_swelling,0.4956,medium,"Arre beta, main tumhein thoda sa aasaan karne ke liye yeh kahaunga. PMS ke symptoms bahut hain, jaise ki dard, badan mein tension, aur mood swings. Lekin tumhein yeh pata hai ki tumhein sirf itna pata lagana hai, aur tumhein koi aur symptoms nahi hai. Main tumhein yeh kahaunga ki tumhein kai baar general practitioner se puchhna chahiye, lekin yeh koi cancer symptoms nahi hai.","Arre, beta, main aapko yeh batata hoon ki aapke paas optic nerve sheath meningioma hai, jo aapke left eye mein hai. Yeh ek type of tumor hai jo optic nerve ke aas-paas hota hai. Aapke paas proptosis, papilledema, aur visual acuity kam hone ki symptoms hain. 

Main aapko yeh bhi batata hoon ki MRI findings ne bataya hai ki tumor optic nerve ke origin se hai. Aur, aapke paas 5 mm ke pupil diameter aur hand motion (HM) 10 cm par hai. 

Main aapko yeh bhi batata hoon ki aapke paas koi aur symptoms nahi hain jo cancer ke liye indication karte hain. Lekin, main aapko yeh bhi batata hoon ki aapke paas RAPD (relative afferent pupillary defect) hai, jo optic nerve ke damage ke liye ek indicator hai.",0.0,0.5,1.0,0.5,0.5,0.5
P01364,neck_swelling,0.5797,high,"Bachchi ki umr 28 mahine hai, aur aapke bataye ke anusar uske gale me ek ganth hai, jo use ek taraf se double chin lagti hai. Yeh bahut choti umr hai, isliye yeh koi bimari nahi honi chahiye. Lekin, aapke bataye ke anusar uski bazu me lymphagoma hai, jo thoda chinta ka vishay hai. Hum iske liye ek doctor se milne ka plan banayenge, jisse hum iska theek se treatment kar sakte hain.","Arre bhai, maine suna hai ki tumhara bachcha ek ganth hai, lekin maine yahaan clinical evidence nahi dekhi hai. Main kuch bhi nahi bol sakta.",0.25,0.25,0.0,0.0,0.0,0.0
P01365,hand_lump,0.4127,medium,"Arre bhai, maine dekha hai ki tumhara left hand ke beech ki vein mein ek bada ganth hai. Yeh sambhav hai ki yeh ek blood clot ho sakta hai, jo ki ek common problem hai, especially jab log bahut mehnat karte hain. Isse dard aur takleef ho sakti hai, aur agar yeh thoda zyada samay tak rah jata hai, to yeh bleeding ki wajah se bruise bhi ho sakta hai. Main tumhe doctor se milne ki salah dunga, woh aapki checkup karke aapko sahi tareeke se treatment diya ja sakta hai.","Arre bhai, maine dekha hai ki tumhara MRI report aaya hai aur usmein pata chala hai ki tumhare left wrist mein ek abnormality hai. Iska matlab hai ki tumhare left wrist mein ek extra muscle belly hai, jo flexor tendons ke neeche hai. Ye ek congenital variation hai, jiska matlab hai ki ye tumhein pehle se hi tha, lekin abhi tak tumhein pata nahi tha. Iska koi dard ya pain nahi hai, aur tumhare left wrist mein swelling bhi hai.",0.25,0.5,0.0,0.5,0.25,-0.5
P01366,skin_rash,0.4732,medium,"Arre bhai, aapki chinta theek hai. Ye ganthe aapke shareer mein stored fat cells ho sakte hain ya fir aapke paachan tantra mein koi samasya ho sakti hai. Aapke haathon aur uppar shareer par ganthe aane ka karan bhi ho sakta hai ki aapke paachan tantra mein koi samasya ho, jisse aapke shareer mein fat cells store ho rahe hain. Main aapko ek doctor se milne ke liye kahaunga, woh aapki checkup karenge aur aapko sahi treatment diya jayega.","Beta, aapke symptoms aur CT scanning ke results ke anusaar, aapke shareer mein bahut saare ganthe hain, jinhe tumour ke karan ho sakte hain. Ye ganthe tumour ke karan aapke thoracic vertebra, lumbar vertebra, adrenal gland, aur sigmoid mein bhi hain. Aapko chinta nahi karna chahiye, hum aapki treatment karne ke liye taiyar hain.",1.0,1.0,0.0,0.0,0.0,0.0
P01368,lip_swelling,0.3817,medium,"Arre beta, main tumhein thoda sa shant karne aaya hoon. Yeh ganthein aur dard kee wajah tumhein kuchh bhi galat nahin lag raha hai. Yeh shayad tumhare yoni kee twacha kee ek reaction ho sakti hai, jaise ki yoni kee infection ya irritation. Jab bhi tumne cotton aur chamomile se saaf kiya, to yeh ganthein aur dard badh gaye ho sakte hain. Ab tumhein kuchh dinon tak dhyan rakhna hoga aur doctor ko milne ke baad hi koi nishchit faisla karne ka prayaas karna hoga.","Bhai, maine aapki baat suni hai. Aapke case mein yehi hai ki aapke hone par kuch ganthein dikhayi di hain, jo 2 din se hai. Yeh ganthein aapke hone ke neeche hai, nahi ki upar. Aapne yeh bhi kaha hai ki jab aap chalti hain to dard hota hai, lekin aapke hone par touch karne se dard nahi hota hai. Yeh ganthein aapke hone ke neeche utni gehri hai ki aapke hone ke neeche ki twacha ko dabane se aapne yeh ganthein mehsus ki hain.",0.0,0.25,1.0,0.0,0.25,1.0
P01369,neck_swelling,0.5204,high,"Beta, tumhare symptoms bahut interesting hain. Ye sambhav hai ki tumhare paas ek cyst ho, jisse tumhare neck mein ek lump dikh raha hai. Iske alawa, tumhare numbness ka shikaar hone ka matlab hai ki tumhare nerves mein kuch problem ho sakti hai. Main tumhe ek specialist, jaise ki ENT doctor ke paas bhejne ke liye khud ko majboor karunga, woh aapki condition ka theek se diagnosis kar sakte hain.","Bhai, tumhare symptoms aur clinical signs ke liye humein kuch chintan karna padega. Tumhare gardan mein ek komal gathh mili hai, jiska matlab hai ki tumhare neck mein kuch problem ho sakti hai. Lekin humein tumhare pichhle clinical findings aur imaging results mein se kuch baatein dekhi ja rahi hain, jismein tumhare left mandibular molar area mein necrotizing gingivitis aur stomatitis ki problem thi, jiska karan tumhare facial asymmetry, swelling of the left cheek, necrosis of the left mandible, exposed bone, lymph node swelling in the submandibular regions, stomatitis, ill-defined bony destruction, aur floating teeth the.

Hum tumhare middle ear ka carcinoid ke baare mein soch sakte hain, lekin humein kuch aur clinical evidence ki zaroorat hai iske liye. Aajkal tumhare symptoms aur clinical signs ke liye humein tumhare pichhle clinical findings aur imaging results ko dekhte hain, aur humein kuch aur clinical evidence ki zaroorat hai iske liye.",1.0,1.0,0.0,0.0,0.0,0.0
P01370,neck_swelling,0.3953,medium,"Bhai, aapka hua hai kuch majboor. Ek girne ke baad aapke sir par aane wali gaanth se dard aur sunn ka saman aana normal hai. Lekin agar aapko lagta hai ki dard aur sunn badh raha hai ya aapko koi aur symptoms dekh rahe hain jaise ki bhaagidaar hone, to aapko zaroorat hai ki aapko doctor ke paas le jaayein. Main aapko ek prescription di sakta hoon jisse aapke dard ko thoda kam kar sakte hain, lekin aapko zaroorat hai ki aapko proper checkup karvayein.","Beta, main aapki samasya ka dhyan rakhta hoon, lekin clinical evidence mein aapki gardan ki chot ya gaanth ki koi jaankari nahin hai. Aapke symptoms aur clinical signs ke hisaab se, aapke paas acute leukemia hai, jo aapke sharir ke kai bhagon mein ja raha hai. Aapke paas tumor lysis syndrome (TLS) bhi hai, jo aapke paas uric acid, calcium, phosphorus, potassium ki kami aur anya symptoms ka karan hai. Main aapko najdiki shehar tak jana aur aapke symptoms ke liye upchar karwana sujhata hoon.",0.25,1.0,0.0,0.0,0.75,0.0
P01371,neck_swelling,0.4881,medium,"Namaste, beta. Main tumhare symptoms ko sun raha hoon. Tumhare neck mein ganth aisa lagta hai ki yeh cervical spondylosis ho sakta hai, jismein neck ki hone wali sambandhi problem hoti hai. Aur tumhare haathon mein dard aisa lagta hai ki yeh fibromyalgia ho sakta hai, jismein body mein pain aur stiffness hota hai. Main aapko doctor ke paas le jana chahunga, woh aapki check-up karenge aur aapki problem ka theek solution dengen.","Arre bhai, main dekh raha hoon patient ki image aur clinical evidence. Tumhare case mein, tumhare neck mein ek chota ganth hai, jisse tumhe dard hota hai. Iske alawa, tumhare baye haath mein 4 din se dard hai aur aaj tumhare dusre haath mein bhi dard hai. 

Lekin, clinical evidence ke anusaar, tumhare ganth ka karan sinus histiocytosis with massive lymphadenopathy (SHML) or Rosai-Dorfman disease (RDD) hai. Ismein histiocytic infiltrate aur emperipolesis hota hai, jisse tumhare neck mein ganth aata hai. Haathon ke dard ke liye, clinical evidence mein koi jodh nahin hai, toh main iske baare mein kuchh nahin keh sakta.",0.0,1.0,1.0,0.0,1.0,1.0
P01372,mouth_ulcers,0.4935,medium,"Arre bhai, ye laal ganth ya daana aapke muh ke chhat par ek common problem hai. Ye sambhav hai ki aapke jeebh ke peeche ki taraf ek small daana ho, jo aapke jibh ko ragadne se dard karta hai. Main aapko ek doctor se milne ke liye kahaunga, woh aapke liye behtar treatment decide kar sakte hain.","Bhai, main dekha hoon ki tumhare muh ke chhat par ek laal ganth hai, lekin main yeh nahi dekh sakta ki ye kya hai. Tumhare case notes mein kuchh bhi nahi hai jo is baat ka jhankara deta hai. Lekin tumhare muh ke chhat ke peeche ki taraf, tumhare jibh ke neeche, tumhare dard ka karan hai tumhare jibh ko ragadna. Yeh dard tumhare compartment syndrome ke karan ho sakta hai, jiska clinical sign hai ki tumhare hand aur forearm mein dard aur takleef hai.",0.25,0.25,0.0,0.0,0.0,0.0
P01376,dry_scalp,0.4495,medium,"Aapko chinta nahin karni chahiye, main aapko sahi disha mein le sakta hoon. Ye gaanth aapke balon ke upar ki twacha ke neeche viksit hone ka sambhav hai, jo ek common problem hai. Lekin, aapke behen ke squameous cell carcinoma ke hisaab se, humein ek dermatologist ke paas jaana chahiye, jo skin ke cancer ke liye visheshagya hote hain. Main aapko ek dermatologist ke paas jaane ke liye kahaunga, jisse hum aapke problem ka theek se treatment kar sakte hain.","Bhai, main tumhe sakht gaanth ke liye koi vishesh chikitsa nahi kar sakta. Lekin, tumhare symptoms aur clinical signs ke anusaar, tumhare paas septic shock, metabolic acidosis, aur acute kidney injury hai. Iske liye, tumhe ICU mein treatment kar raha hai. Main tumhe koi vishesh dermatologist ya skin specialist nahi dikh sakta, lekin tumhe apne MD se baat karna chahiye. Unhone tumhe koi vishesh chikitsa ya test karne ki zaroorat nahi pahunchi hai.",1.0,1.0,0.0,0.0,0.0,0.0
P01379,skin_growth,0.6188,high,"Arre bhai, aapke symptoms bahut hi common hain. Ye chote chote dane eyelid ke outer corner ke niche aane ke liye kai karan ho sakte hain, jaise ki dry eyes, allergy ya koi dermatological condition. Lekin aapke eyelid par ek aisa dane aaya hai, iska matlab hai ki aapko dermatologist se milna chahiye. Main aapko ek dermatology appointment schedule karwa dunga, lekin pehle aapko ek ointment lagana hoga jisse aapke symptoms thode thode kam ho jayenge.","Arre bhai, aapke case mein painless exophthalmos hai, aur CT scan ne left posterior eyeball mein ek homogeneous aur non-calcified mass nikala hai. Ye mass extraconal compartment mein hai aur brain parenchyma ki density se similar hai. Aapke symptoms aur clinical signs ke anusaar, aapko dermatology appointment schedule karna nahin chahiye. Aapko ek ophthalmology specialist se milna chahiye.",0.0,1.0,1.0,0.0,1.0,1.0
P01380,neck_swelling,0.4615,medium,"Bilkul, madam, main aapki chinta ko samajh sakta hoon. Aapke ganthe gale ka cancer ho sakte hain, lekin ismein koi vishwas nahi hai. Aapke smoking aur heavy drinking ka hissa bhi ho sakta hai. Lekin, aapke symptoms ka kuch aur bhi possible reason ho sakta hai, jaise ki gale ke neeche ki septicemia ya abscess. X-ray ke baad hi sahi diagnosis kar payenge.","Beta, tumhare case mein kuchh cheezein dekhne mein aayi hain. Tumhare submental region mein ek bada sujan hai, jo smooth, doughy aur compressible hai. Ultrasound ke dauran, iska size 8.3 x 7.7 x 5 cm pata chala hai. Ismein multiple rounded lobulated echogenic structures hain. Ye koi cancer ya sankramit area se juda nahi hai, kyunki tumhare symptoms aur clinical signs aise hain jo cystic structure ke liye suggest karte hain.",1.0,1.0,0.0,0.0,0.0,0.0
P01382,lip_swelling,0.6081,high,"Arre bhai, ek soft gaanth lower jawline aur neck ke top par notice hone ka matlab hai ki aapke paas kuch infection ho sakti hai. Ye left side ki taraf ho raha hai, to shayad aapke left upper molar ke aas paas ka gum infection ho gaya ho. Iske alawa, aapke lips bhi suj gaye hain, jo gum infection ke symptoms hain. Main aapko ek doctor se milne ke liye kahaunga, woh aapki check-up karenge aur aapko sahi treatment diyenge.","Bhai, maine dekha hai ki tumhe ek soft gaanth notice hui hai lower jawline ke saath neck ki top par. Ye left side ki taraf hai aur move ho sakta hai. Lekin clinical signs mein kuch bhi nahi diya gaya hai jisse yeh pata chale ki yeh gaanth kaisi hai. Humari clinical evidence mein kuch bhi nahi hai jo is gaanth ke sambandh mein kuch bhi batata hai.",0.0,0.25,1.0,0.0,0.25,1.0
P01383,hand_lump,0.654,high,"Bilkul, main aapki baat samajh gaya hoon. Volar wrist ganglion ek common problem hai, lekin aapke previous history ke wajah se, humein iska dhyan rakhna hoga. Aapke breast cancer ke treatment ke karan, aapko bone-related problems ho sakte hain, jaise ki osteoporosis ya bone cancer. Lekin, aapke case mein, yeh ganglion aapke wrist mein ek separate issue ho sakta hai. Main aapko ek orthopedic surgeon se milne ki salah deta hoon, jo bone-related problems ko deal karta hai.","Arre bhai, tumhare previous history ke liye chinta karni nahin chahiye. Tumhare breast cancer ka treatment 1999/2000 mein ho chuka hai aur abhi tak sab check-ups theek rahe hain. Ye volar wrist ganglion ho sakta hai, lekin iska koi connection tumhare previous cancer history se nahin diya gaya hai. Iska checkup karwana chahiye, lekin tumhe iska koi connection tumhare previous cancer history se nahin mana jayega.",1.0,1.0,0.0,0.0,0.0,0.0
P01384,skin_rash,0.5067,high,"Arre bhai, main samajh sakta hoon ki aapko bahut chinta ho rahi hai. Prickly heat aur ezcema jaisa rash bahut common hai, lekin protruding sore lump thigh par thoda unusual hai. Main aapko ek dermatologist ke paas jana chahunga, woh aapki skin ko dekhkar aapko sahi treatment de sakte hain. Aapko koi allergy ya infection ho sakti hai, isliye ek doctor ka mulaakan zaroori hai.","Bachche ki condition bahut serious hai. Bullous mastocytosis ke symptoms hain, jismein severe itching, especially back par, aur multiple tense vesicles aur bullae hain. Dermographism bhi dikhaya gaya hai. 

Aapki symptoms aur physical examination ke anusaar, iska koi family history ya previous vaccination ke baare mein pata nahi chalta. 

Main aapko kuchh symptoms aur rash ke liye ek possible diagnosis deti hoon, lekin iska koi final diagnosis sirf histological examination ke baad hi kiya ja sakta hai.",0.0,0.5,1.0,0.5,0.5,0.5
P01386,neck_swelling,0.6288,high,"Arre bhai, aapki patni ka case bahut interesting hai. Neck ke peeche mein hard, painful lump ho gaya hai, iske liye main kuch possible reasons soch sakta hoon. Yeh ho sakta hai ki yeh lymph node ki problem hai, jaise ki lymphadenopathy, ya phir yeh neck mein ek small cyst ho sakta hai, jaise ki branchial cleft cyst. Iske alawa, yeh bhi ho sakta hai ki yeh neck mein ek small infection ho gaya hai, jaise ki abscess.","Arre bhai, maine aapki clinical evidence dekhi hai. Lekin, aapke pati ke case mein koi similarity nahi hai patient 1 aur patient 2 ke case se. Aapke pati ke symptoms hives aur facial hui hai, jisse high stress ka samna karna pad raha hai. Aur kal raat ek hard, painful lump neck ke peeche mein ho gaya hai. 

Lekin, aapke pati ke symptoms aur clinical signs patient 1 aur patient 2 ke case se alag hain. Patient 1 ke case mein global developmental delay, hypotonia, sleeping disorder, body rocking, head banging, moaning, screaming, overlapping toes, dysmorphic features, mild hypertelorism, prominent forehead, flat facial profile, broad nose, smooth philtrum with thin upper lip, upslanting palpebral fissures with epicanthal folds, aur normal brain MRI the. Aur patient 2 ke case mein seizure, mild developmental delay, fever, mild hypertelorism, low nasal bridge, thin upper lip, strabismus, relative macrocephaly, widening of the frontotemporal lobe on MRI the.

Toh, main aapko koi specific diagnosis nahi de sakta. Lekin, aapke pati ke symptoms aur clinical signs ke liye, main aapko kuch possible reasons batata h",0.0,0.3333333333333333,1.0,0.6666666666666666,0.3333333333333333,0.3333333333333333
P01388,knee_swelling,0.5483,high,"Bilkul, main samajh gaya. Aapki beti ki symptoms bahut hi ghatiya hain. Yeh possible hai ki usme koi allergy ho, lekin yeh bhi ho sakta hai ki usme koi viral ya bacterial infection ho. Tanzania ke liye immunization karwaye hone ke baad bhi yeh ho sakta hai. Main aapko ek dermatologist ke paas le jana chaahta hoon. Woh aapki beti ki symptoms ko dekhkar kuchh vishesh advice de sakte hain.","Beti ki umar 17 saal hai aur uske paas ek jaga localized swelling hai, jo pichle hafte se badh raha hai. Swelling touch karne par sakht aur garam hai, lekin uske upar ki baju mein bhi hai. Haal mein uske ghutne ke andar, pair ki talve, haath, upar ki hoth aur gaal mein bhi badh gayi hai. 

Kuchh cheezon ka dhyan rakhna hoga: 

- Beti ki lab test mein koi abnormality nahi hai, jaise ki fever, weight loss ya thyroid hormone related symptoms.
- Uske physical examination mein koi regional lymphadenopathy nahi hai.
- Tumor markers mein alpha-fetoprotein (AFP) 1.74 ng/ml hai, jo normal hai, lekin lactate dehydrogenase (LDH) 309U/l hai, jo normal range se adhik hai.
- Thyroid ultrasound mein ek big lesion of about 40 ml hai, jo right lobe ke caudal part mein hai.

Kya hua hai, iska koi idea nahin hai, lekin iske liye doctor se milna hoga.",0.0,0.8,1.0,0.2,0.8,0.8
P01396,swollen_eye,0.4331,medium,"Bhai, aapki baat suni. Aankhon ke palak mein floating fluid filled ka issue ho sakta hai, jise cataract kehte hain. Iske liye aapko doctor se appointment lena chahiye. Hum aapki aankhon ki janch karne ke liye ek specialist doctor ka call karwaenge.","Bhai, aapke symptoms aur clinical signs ke anusar, aapke aankhon mein EMZL (Extranodal marginal zone lymphoma) ka kuchh shikaar ho sakta hai. Aapke paas ek salmon-colored lesion hai, jo superior conjunctiva par hai. Iske alawa, aapke cornea mein thinning aur epithelium ki thickness 40 microns hai. 

Main aapko kuchh chhote changes ke liye dekhne ke liye kahaunga, par aapko koi dard ya lalima nahi hai. Aapke paas ek gaanth hai, jo muhase ki taraf hone wale kone mein hai aur hil sakti hai. Iske liye, aapko ek ophthalmologist se milna chahiye, jo aapke aankhon ki image dekhkar aur aapke symptoms ko samajhkar aapko sahi tareeke se treatment kar sakte hain.",0.25,1.0,0.0,0.0,0.75,0.0
P01399,foot_swelling,0.5905,high,"Arre bhai, main tumhe dekh raha hoon. Ye sujan aur khujli wala area right bicep ke andar, laal aur chhune par garam hone ka, yeh symptoms kuchh serious ho sakte hain. Main tumhe kuchh possible reasons ke bare mein batata hoon, jaise ki cellulitis, lymphedema ya even cancer. Lekin ismein koi bhi cheez bina check-up ke nahin pata chal sakta hai, isliye doctor ko dekhne ke liye zaroori hai.","Bhai, maine dekha hai ki tumhare upper and lower limbs ke strength normal hai, lekin tumhare patellar reflexes absent hai. Tumhare lower limbs aur perineal region ke light touch ke liye sensation kam hai. Ye symptoms spinal cord ke kuch problem ke liye indicate kar sakte hain. Main aapko spinal cord ke kuch problem ke liye refer kar sakta hoon, jaise ki spinal cord injury ya spinal cord disease.",0.0,0.25,1.0,0.0,0.25,1.0
P01402,knee_swelling,0.5181,high,"Arre beta, maine dekha hai ki tumhe ek saal pehle girne ka chot laga tha aur ab tumhare dono taango ke seedhe baad wale area mein ek noticeable lump hai. Yeh kuchh chinta ka vishay hai, lekin maine kuchh cheezein dekhi hain jo mujhe samajhne mein madad karegi. Tumhare baare mein kuchh cheezein, jaise ki tumhare diabetes, high blood pressure ya koi bhi health issues nahi hai, yeh bahut achha hai. Lekin, tumhare 19 lbs weight loss ke baare mein sochne ka zaroorat hai, kyunki yeh kai cheezon ki wajah se ho sakta hai, jaise ki thyroid problem, adrenal insufficiency ya koi bhi hormonal imbalance. Main aapko ek doctor se milne ki salah deta hoon, woh aapki sahi diagnosis kar sakte hain aur aapki treatment bhi kar sakte hain.","Bilkul, main aapki baat samajh gaya hoon. Aapke symptoms aur clinical signs ke hisaab se, main aapko kahaunga ki aapke paas mononeuritis multiplex ki sambhavana hai. Iska EMG study mein bhi evidence hai. Aapke symptoms jaise ki gait disturbance, pain, swelling, joint deformation, aur motor weakness ke hisaab se, yeh sambhavana hai ki aapke nerves ko kuch problem hai. Ismein diabetes, high blood pressure, ya koi aur health issues ka sambhavana bhi hai, lekin aapne kaha hai ki aapko abhi tak koi health issues nahi hai.",1.0,1.0,0.0,0.0,0.0,0.0
P01403,neck_swelling,0.5509,high,"Bhai, maine suna hai ki aapko gale mein ek ganth hai aur daaye taraf jeebh ke neeche pressure aur dard hai. Aapke symptoms bahut similar hain root canal ke baad dikhaye gaye symptoms se. Main sochta hoon ki aapko dental abscess ho sakta hai, jismein jeebh ke neeche uljha hua area se liquid nikalta hai. Iske liye humein ek dentist se consult karna hoga aur ek X-ray karwana hoga.","Bhai, maine dekha hai ki tumhare gale mein ek ganth hai, jo ki 4 cm ka hai. Tumhare symptoms bahut hi similar hain tumhare central abdomen mein 10 cm ka firm mass hua tha. Tumhare gale mein ganth ka ho sakta hai lymph node ki problem. Lekin, maine tumhare clinical evidence se pata ki tumhare central abdomen mein 10 cm ka firm mass tha, aur tumhare lymph nodes mein Non-Hodgkin Lymphoma (NHL) ka diagnosis kiya gaya tha. Isliye, main tumhare gale mein ganth ka ho sakta hai lymph node ki problem, lekin iska koi direct evidence nahin hai. Main tumhare symptoms aur clinical signs ke basis par tumhare gale mein ganth ka ho sakta hai lymph node ki problem ka sambhavnaa hai.",0.0,1.0,1.0,0.0,1.0,1.0
P01407,neck_swelling,0.4956,medium,"Bhai, aapki samasya kaafi ghatiya hai. Lymph node swelling ya ganth aisi cheez hai jo kai karan se ho sakti hai, jaise ki infection, injury ya cancer. Aapke symptoms, jaise ki dard aur maspeshi, ismein sambhav hai. Main aapko ek doctor ke paas le jana hoga, woh aapki check-up karenge aur aapke symptoms ka karan pata karenge.","Bhai, maine dekha hai ki tumhare paas necrotizing gingivitis aur stomatitis hai, jo tumhare left mandibular molar area, buccal mucosa aur floor of the mouth mein hai. Yeh condition bahut severe hai aur 6 mahino se hai. Clinical signs ke anusaar, tumhare paas facial asymmetry, swelling of the left cheek, necrosis of the left mandible, exposed bone, missing right mandibular canine tooth aur lymph node swelling in the submandibular regions hai. 

Main tumhare symptoms aur clinical signs ke anusaar kaha sakta hoon ki tumhare paas koi bhi cancer jaise lymphoma ya multiple myeloma ka koi evidence nahin hai, lekin yeh bhi possible hai ki tumhare paas koi bhi anya condition hai jo tumhare symptoms aur clinical signs ko cause kar rahi hai. 

Main tumhare paas koi bhi specific treatment ya solution nahin de sakta, lekin main tumhein suggest karta hoon ki tum apne doctor se baat karo aur unke advice ke anusaar treatment karo.",0.75,1.0,0.25,0.0,0.25,0.25
P01408,foot_swelling,0.4641,medium,"Bilkul, main samajh gaya. Ye bahut hi common baat hai. Jab lipoma bahut bada ho jata hai, to yeh dard aur sujan ka karan ban sakta hai. Aur agar yeh gathli shift ho gayi hai, to chalne mein dard ho sakta hai. Lipoma burst hone ka chance hai, lekin infection spread hone ka chance bahut kam hai, agar hum isey samay par nahi chhodte. Hum isey ek specialist doctor se padhva kar dekhein, woh aapko sahi treatment diya sakta hai.","Bilkul, saas ji, maine dekha hai ki unke paas tethered cord syndrome hai, jismein unke lower legs mein dard aur sujan ho raha hai. Ye condition unke spinal cord mein ek cystic dilation ke karan hai, jo unke T12-L1 ke beech mein hai. Issey unke lower legs mein dard aur sujan ho raha hai, aur unhein chalne mein bhi dard hota hai. 

Lipoma ki baat karne mein main kuch nahi bata sakta, kyunki clinical evidence mein yeh nahi diya gaya hai.",0.0,1.0,1.0,0.0,1.0,1.0
P01409,hand_lump,0.5734,high,"Arre beta, main dekh raha hoon, tumhare haath mein kuchh problem hai. Ye brown lump aur bruising kaafi ghatiya hai. Hemangioma ek common condition hai, lekin iske alawa bhi kuchh aur cheezen ho sakti hain jaise ki trauma, injury ya koi bhi anya condition. Main aapko ek specialist doctor ke paas bhejunga, woh aapki problem ko aur vishleshan karenge.","Beta, tumhare hand mein ek pseudoaneurysm hai, jo ek false aneurysm hai. Iska diameter 25 mm hai aur yeh neck 5 mm ka hai. Yeh aneurysm deep palmar arch se aata hai. Tumhare hand mein pain aur swelling hai, aur yeh pulsatile tumor hai. Main tumhe confirm kar sakta hoon ki tumhare hand mein infection ki koi sign nahi hai.",1.0,0.75,0.0,0.25,-0.25,-0.25
P01410,neck_swelling,0.4439,medium,"Arre bhai, main dekha hai picture, aur tumhara description sunke, mujhe lagta hai ki tumhara ganth neck ki side mein ho sakta hai. Yeh possible hai ki tumhara neck ki ligament ya muscle mein strain ho gaya ho, jo aapke head ko neeche rakhte hain aur phir upar uthane par dard ho raha ho. Main aapko ek MRI ya CT scan ke liye bhejaunga, jisse hum pata lag sakte hain ki kya ho raha hai.","Arre bhai, main dekh raha hoon tumhare case ka. Tumhare paas right cheek par ek painless tumor hai, jo ki 1.64 cm x 4.8 cm ka hai. Yeh tumor right major zygomaticus muscle se nikla hai aur right parotid gland tak jaata hai. Mere paas kuchh evidence hai ki yeh tumor cancer ho sakta hai, lekin main confirm nahin kar sakta. Tumhare symptoms, jaise ki dard aur tension, ho sakte hain, lekin yeh tumor ke karan nahin hai, kyunki tumhe painless tumor hai.",0.25,1.0,0.0,0.0,0.75,0.0
P01411,lip_swelling,0.4224,medium,"Bhai, maine suna hai ki aapne apni hont pe gir kar daant toda hai aur ab 2-3 hafte ke baad do golak hain. Ye normal hai, kyonki hoth ke neeche wala golak chota hai aur dard nahi karta, to shayad woh theek ho raha hai. Lekin hont pe wala golak bada hai, isliye aapko thoda dhyan dena hoga. Aap jaise hain, aap arnica aur vitamins le rahe hain, jo accha hai. Ab aapko hoth ko dhyan se dhoyen aur ek cream lagayein jo hoth ko heal karne mein madad karta hai, jaise aloe vera cream. Isse hoth ki tasveer acchi ho sakti hai aur golak gayab ho sakte hain.","Beta, maine dekha hai ki aapke hoth pe do golak hain. Ek chota hai aur dard nahi karta, lekin aapko pareshan karta hai. Doosra bada hai, lekin aapko lagta hai ki woh abhi bhi healing ho raha hai. 

Main aapko yeh batana chahta hoon ki aapke hoth pe ek painless mass hai, jiska size 2 x 2 cm hai. Yah EBV-positive Extramedullary Natural Killer/T-cell Lymphoma (EMZL) ka karan hai. 

Main aapko koi treatment ya upchar nahi de sakta, lekin aapko doctor se milna hoga. Vah aapko sahi treatment aur upchar dengi.",0.25,1.0,0.0,0.0,0.75,0.0
P01415,foot_swelling,0.517,high,"Bhai, aapka description sunke lagta hai ki aapke pairon mein kuchh gandagi hai. Ye laal/neela daane aapke pair ke neeche aur right foot ke upar aur aas-pass ho sakte hain, lekin aapne kaha hai ki ye khoon ke gadde ya skin infection nahin hain. Abhi biopsy ka result aane ka wait kar rahe hain, lekin aapko bahut sujan hai. Main aapko ek dermatologist ya podiatrist se milne ka sujhav deta hoon, jo aapke pairon ke ilaaj ke liye upyogi ho sakte hain.","Beta, maine dekha hai aapke pairon mein gehra laal/neela rang hai, jiska matlab hai ki aapke pairon mein kuch infection ho sakti hai. Lekin testing se pata chala hai ki ye khoon ke gadde nahin hain aur skin infection bhi nahin hai. Biopsy ka result abhi aaya hai, jismein pata chala hai ki aapke pairon mein membrano-proliferative glomerulonephritis (MPGN) pattern of injury hai. Ye ek type of kidney disease hai, jismein kidney ke glomeruli mein kuch problem hoti hai.

Main aapko kuch sujhav de sakta hoon. Aapko apne doctor se baat karni chahiye, jisse vah aapko behtar treatment de sake. Aapko apne kidney specialist se bhi baat karni chahiye, jisse vah aapke kidney ke liye treatment de sake.",1.0,1.0,0.0,0.0,0.0,0.0
P01416,hand_lump,0.5959,high,"Bhai, aapka description sunke lagta hai ki aapko ek ganth hai jo aapke left arm pit ke neeche se haath ki taraf chala gaya hai. Yeh vascular system ke sambandh mein ho sakta hai, lekin iske liye tootne ya phailne ke karan bhi ho sakta hai. Main aapko ek vascular specialist ke paas bhejne ke liye kahaunga, woh aapko adhik visheshagya tareeke se dekhenge.","Arre bhai, maine dekha hai ki tumhare haath mein fractures hain. Tumhare left hand ke 5th metacarpal shaft par ek displaced avulsed base fracture hai, jiske liye aapko operation ke liye plan kiya gaya hai. Aapke haath mein dard aur swelling hai, aur aapke left hand ke ulnar deviation strength kam hai. Main kuchh vascular problem ke liye confirm nahin kar sakta, lekin aapke haath mein fractures ke karan aapko dard ho sakta hai.",0.25,0.5,0.0,0.5,0.25,-0.5
P01422,skin_growth,0.4358,medium,"Bhai, aapki baat suni. Ye ganthe aapke gaal ke neeche ke hisse mein hain, lekin aapko koi dard nahin hai. Ye lal rang bhi ho sakta hai, lekin yah bhi ho sakta hai ki yeh aapke tootne se hua hai. Jab aap inhe dhakka dete hain, to aapki skin se chote-mote matar ki tarah uthne wala cheez nikalta hai, lekin yeh gathila hai. 

Mujhe lagta hai ki yeh kuchh anidra (lymph node) ho sakta hai. Lekin iska koi bhi vishesh karan nahin hai. Aapko koi dard nahin hai, aur aapke family mein high blood pressure, cholesterol aur cancer hai, lekin yeh koi vishesh karan nahin hai. Main aapko ek doctor se milne ke liye kahaunga, woh aapko vishesh karan aur treatment ke liye dekhenge.","Bhai, maine dekha hai ki tumhare gaal/eye socket area ke neeche do ganthe hain, lekin ve dardnahi hain aur thodi si lal hai. Ye bleeding painless aur spontaneous hai, aur iska karan tumhare left side of the face, left eye, aur tear duct se bleeding ho raha hai. 

Maine dekha hai ki tumhare symptoms painless bleeding, occasional gum bleeds, aur epistaxis (nose bleeding) hain. Tumhare clinical signs mein mild periorbital tenderness, intact skin, aur no blood or redness hai. 

Maine tumhare family mein high blood pressure, cholesterol/heart disease, aur cancer ki baat suni hai, lekin ye bleeding ke liye koi direct evidence nahi hai. Main koi confirm karne mein asamarth hoon ki ye sujan ke karan related hai ya nahin.",0.5,0.6666666666666666,0.5,0.3333333333333333,0.1666666666666666,0.1666666666666666
P01424,skin_growth,0.5343,high,"Beta, yeh ganthein dekhkar thoda chinta to hai, lekin aapko iske liye doctor se milne ki zaroorat hai. Yeh ganthein kisi bhi bimari ke liye nishan ho sakti hain, jaise ki diabetes, thyroid, ya koi anya metabolic samasya. Aapko unke chehre par aur kamar par aane wali phunsiyon ka bhi dhyan rakhna chahiye, yeh bhi kuchh samasya ho sakti hai. Aapko doctor se milkar hi sahi tareeke se treatment karne ki zaroorat hai.","Arre bhai, maine dekha hai ki aapke pati ko pulmonary embolism hai, jisse unke lung mein problem ho rahi hai. Ye ganthein chinta ki baat hai, lekin doctor ne aapko dekhna hai. Unke chehre par aur kamar par phunsiya aane ki baat hai, lekin clinical signs mein kuchh bhi nahi diya gaya hai. Main kuchh nahin confirm kar sakta.",0.25,0.25,0.0,0.0,0.0,0.0
P01428,hand_lump,0.5572,high,"Bhai, tumhare haath ke umeedon mein ganthein aane ke liye kai reasons ho sakte hain. Main tumhein ek chot, ek injury, ya ek skin condition ke liye soch sakta hoon. EPITHELIOID SARCOMAS bahut hi uncommon hai, lekin humein iske liye sochna hoga. Main tumhein ek dermatologist ya ek orthopedic specialist se milne ke liye bhej dunga, woh tumhare symptoms ko dekhkar diagnosis kar sakte hain.","Bilkul, madam, main aapko yeh batana chahta hoon ki aapke case mein synovial osteochondromatosis (SOC) ka diagnosis kiya gaya hai. Pathology examination ne pata lagaya ki aapke haath mein fibrous tissue hai jo cartilaginous areas ke saath calcification ke saath aata hai, jo SOC ke saath match karta hai. Ye diagnosis aapke symptoms, jaise ki pain aur swelling, aur clinical signs, jaise ki palpable aur tender mass, se match karta hai.",1.0,1.0,0.0,0.0,0.0,0.0
P01434,foot_swelling,0.4314,medium,"Arre bhai, aapka description sunke lagta hai ki aapke pair ke gaanth mein kuch gandagi ho sakti hai. Yeh brown cheese-like texture bahar aane ka karan ho sakta hai cyst ya keratinaceous cyst ka. Isme koi badi cheez nahi hai, lekin humein zaroori hai iska checkup karwana. Hum aapko ek dermatologist se milwane ki koshish karenge, woh aapke pair ke gaanth ko dekhkar aur image ke madhyam se aapke samasya ka pata lagayenge.","Bhai, main aapko kahunga ki aapke case mein ek bahut bada khatra hai. Aapke paas necrotizing gingivitis aur stomatitis hai, jo aapke left mandibular molar area, buccal mucosa, aur floor of the mouth mein hai. Yeh condition bahut severe hai aur aapke 6 mahino se hai. 

Aapke symptoms aur clinical signs ke hisaab se, aapke doctor ne pehle hi suspect kiya tha ki yeh koi cancer ho sakta hai, jaise ki lymphoma ya multiple myeloma. Aapke orthopantomography aur gallium-67 citrate scintigraphy ke results bhi is baat ka evidence deta hai. 

Main aapko kahunga ki aapko is condition ke liye immediate medical attention leni chahiye.",0.25,1.0,0.0,0.0,0.75,0.0
P01435,eye_redness,0.5149,high,"Arre bhai, mere khyaal se yeh kuchh normal hai. Ganth ke neeche ek chhoti si cheez ho sakti hai, jaise ki ek kankar ya ek chhoti si cheez jo aapke bete ke eyebrow ke neeche pad gayi hai. Raat ko andar se fatne ka prateet hona aur chehre ki taraf sujan hone ka koi sambandh nahin hai. Hum aapke bete ko ek dermatologist ke paas le jayenge, woh dekhenge aur kuchh bhi nahi hai, toh hum aapko shant kar denge.","Arre beta, aapke symptoms aur image ke anusaar, aapke aankhon mein kuchh ganth hai, lekin koi dard, laalima ya bukhar nahi hai. Chest CT mein bhi kuchh ganth dikhayi gayi hai, jo sarcoidosis ke liye ek pramukh lakshana hai. Histopathological work-up bhi isi cheez ko saabit karta hai. Abhi tak, koi anya karan nahin pata chala hai. Hum aapke liye ek specialist ke saath appointment karwa sakte hain.",0.25,0.25,0.0,0.0,0.0,0.0
P01437,neck_swelling,0.5,medium,"Arre beti, aapki baat suni. Aapke symptoms bahut hi unusual hain. Main soch raha hoon ki aapko lymphadenopathy ho sakta hai, jismein lymph nodes swollen ho jate hain. Iske liye aapko doctor se milna hoga. Main aapko ek appointment diya karoonga, woh aapko test karwaakar aapki samasya ka solution nikal sakta hai.","Arre beti, maine dekha hai ki tumhare paas ek bahut bada facial swelling hai aur tumhare left ankh ki dekhbhal bhi kharab ho gayi hai. Microscopic examination se pata chala hai ki tumhare paas ek neoplastic plasma cell tumour hai. Main tumhare symptoms aur clinical signs ke liye kuchh samajh nahi sakta, kyonki ye alag hi cheez hai. Lekin tumhare case mein, tumhare paas bilateral enlarged cervical lymph nodes bhi hain.",0.5,0.6666666666666666,0.5,0.3333333333333333,0.1666666666666666,0.1666666666666666
P01442,skin_rash,0.5435,high,"Teresa ji, aapka shukriya apni samasya ke baare mein batane ke liye. Pehle, main aapko sakht jatan deti hoon ki aap apni breast ke lump ya bump ke liye doctor ke paas zaroor jaayein. Yeh kuchh bhi ho sakta hai, jaise ki cyst, abscess ya bahut bhi ghabraate hue breast cancer. Main aapko ek appointment karwane ke liye kahaunga, aur phir hum iske baare mein aur vistar se baat kar sakte hain.","Namaste Teresa ji, main aapko yeh batana chahta hoon ki aapki breast mein ek tumor hai, jise Phyllodes tumor kaha jaata hai. Yeh tumor aapki right breast ke neeche aur bahar ke quadrant mein hai. Aapki symptoms, jaise ki dard aur occasional bleeding, is tumor ke karan ho sakti hain. 

Main aapko yeh bhi batana chahta hoon ki aapka tumor ek hanging mass hai, jo ulcerated, irregular surface aur nodular appearance rakhta hai. Yeh tumor aapki right breast ko asymmetrically down kiya hai.",0.6666666666666666,1.0,0.3333333333333333,0.0,0.3333333333333333,0.3333333333333333
P01446,hand_lump,0.4625,medium,"Bhai, main samajh gaya. Aapka problem bohot ghatiya hai. Ye sujan armpit ke neeche aane ki sambhavana hai ki yeh Boils (Bhagwan ki khatarnak cheez) ho sakte hain. Ye chest par bhi ho rahi hai, iska matlab hai ki yeh infection badh rahi hai. Maine dekha hai ki aapne antibiotics tablets use ki hain, lekin yeh infection badh rahi hai, isliye humein doctar se milne ki zaroorat hai.","Beta, main aapki problem ka samajh nahi sakta. Aapka case yahaan nahi hai. Aapka case FDP tendon ki rupture hai, aur aapka problem left little finger ke sath hai. Aapka FDP tendon rupture hamate hook ke nonunion ke karan hua hai. Aapka TAM 70% hai, aur grip strength kam hai. Main aapki problem ka samajh nahi sakta, kyonki aapka case yahaan nahi hai.",0.0,0.25,1.0,0.0,0.25,1.0
P01448,eye_inflammation,0.4612,medium,"Arre bhai, tumhare symptoms bahut hi interesting hain! Ye sambhav hai ki tumhare paas ek chalit cyst hai jo tear ducts ke andar se leak kar raha hai. Jab yeh cyst drain ho gaya, to aapko kuchh badbu aayi hogi, kyunki yeh cyst ke andar se nikalne wala paani aapke chehre par gaya ho. Isliye, aapko kuchh dhokha ho sakta hai ki aapko aankhon se kuchh nikal raha hai. Main aapko dermatologist ya ophthalmologist ke paas jana sujhata hoon, woh aapko sahi diagnosis aur treatment de sakte hain.","Arre bhai, maine aapki baat suni hai. Lekin mujhe lagta hai ki aapki problem aankhon se jodi hui nahi hai. Aapne kaha hai ki aapko tear ducts ke pass ek chota cystic lump hai, lekin aapne aankhon ki koi problem nahi di hai. Aapke symptoms bahut alag hain, jaise ki khujli, foul smell, aur skin par drain. Main aapki aankhon ki image dekhne ke liye taiyaar hoon, lekin aapne kaha hai ki aapne aankhon ki image nahi di hai. 

Mujhe lagta hai ki aapko ek dermatologist ya ENT specialist ke paas jana chahiye, kyonki aapke symptoms skin aur nose ke saath jude huye hain. Main aapko koi specific diagnosis nahi kar sakta, lekin aapko ek specialist ke paas jana hoga jo aapki problem ko samajh sake aur aapko upchar kar sake.",0.25,1.0,0.0,0.0,0.75,0.0
P01449,lip_swelling,0.5211,high,"Arre bhai, tumhare case mein kuchh possible hai. Ye hard area stitches ke aas paas ek keloid ho sakta hai, jo ek type of scar hai jo time se badhta hai. Iska karan stitches ke neeche ki skin ko zyada tension milne se hota hai. Flucloxacillin antibiotic ne infection ko rokne mein madad ki hogi, lekin keloid ke liye koi treatment nahi hai. Aapko doctor se phir se meeting karni hogi, woh aapko ek cream ya ointment prescribe kar sakte hain jo keloid ko kam karne mein madad karega.","Arre beta, tumhare symptoms bahut achhe hain. Tumhare chehre par ek fibromyxoma tha, jo tumhare naak aur upper lip area par thaa. Iske baad tumhare doctor ne tumhare tumor ko nikal diya hai aur tumhare chehre par stitches kar diye hain. 

Aapke chehre par sujan aane ka koi clinical evidence nahin hai, lekin aapke doctor ne Flucloxacillin ka course prescribe kiya hai, jo ek antibiotics hai. Ab aapke chehre par ek hard area hai, jo sujan nahin hai, balki ek gaanth ki tarah hai. Yeh possible hai ki yeh ek keloid hai, jo ek common complication hai fibromyxoma ke baad.",0.0,0.5,1.0,0.5,0.5,0.5
P01452,knee_swelling,0.488,medium,"Arre bhai, tumhara thigh mein lump ho gaya hai, ismein kuchh chinta hai. Main tumhein ek orthopedic specialist ke paas bhejaunga, woh tumhare thigh ko dekhkar pata lagayenge ki yeh fracture hai ya koi aur cheez hai. Abhi tumhara thigh bahut suj gaya hai, isliye tumhein thoda dard kaafi ho sakta hai. Abhi thoda patience rakho, doctor tumhare thigh ko dekhkar tumhein sahi treatment dengi.","Arre bhai, main dekha hoon tumhare case ka. Tumhare paas hallux deformity hai, jiske karan tumhare paas right hallux mein dard hai aur right heel stiff hai. Tumhare MRI mein fibular aur posterior tibial tenosynovitis ka sign hai, lekin tumhare thigh mein lump aur tumhare haath ki size ke barabar hai. Main tumhare thigh ka MRI nahi dekh sakta, lekin tumhare case mein koi mention nahi hai ki tumhare thigh mein koi fracture hai. Main aapko kuch bhi karne se pehle ek orthopedic specialist se milne ki salah deta hoon.",0.0,0.0,1.0,1.0,0.0,0.0
P01453,skin_irritation,0.4883,medium,"Arre bhai, aapka dard samajhne ke liye main aapki madad kar sakta hoon. Ye white bumps aapke naak ke andar ke bhag ke paas hone ke liye kai karan ho sakte hain, jaise ki sebaceous cysts ya keratin cysts. Inme se kuchh baar khujalate ho sakte hain. Lekin, agar aapke doctor ne kaha hai ki ye sukhhi twacha hai, to ismein koi badi baat nahi hai. Lekin agar aapko koi aur symptoms ho rahe hain, jaise ki dard, bhojan ke baad paani nikalna, ya aapke naak ke andar ke bhag mein koi aur change ho raha hai, to aapko doctor se phir se milna chahiye.","Arre bhai, main tumhare symptoms aur image ko dekhkar kuchh samajh sakta hoon. Tumhare case mein metastatic lung adenocarcinoma ka diagnosis kiya gaya hai, jo tumhare naak ke andar ke bhag mein bhi affect kar raha hai. Ye white bumps tumhare cancer ke karan ho sakte hain, lekin iska koi confirmatory evidence nahin hai. Kya tumne apne doctor se kaha ki tumhare naak ke andar ke bhag ke paas koi biopsy ya test kiya gaya hai?",0.25,1.0,0.0,0.0,0.75,0.0
P01456,neck_swelling,0.4234,medium,"Arre bhai, aapko sakht sujan gardan mein mehsoos hone ka matlab hai ki aapke nerves ya muscles gardan mein tanaav mein hain. Iska karan koi bhi ho sakta hai, jaise ki tension, headache, ya even koi neurological samasya. Main aapko thoda relax karne aur saans lena seekhne ka advice dunga. Aapko kabhi bhi chest pain ya difficulty breathing hone par doctor ko call karna chahiye.","Arre bhai, maine dekha hai ki tumhein gardan mein sakht sujan ho raha hai aur sir mein dabav bhi mehsoos ho raha tha. Iske alawa, tumhare paas cervical lymphadenopathy aur right submandibular swelling bhi hai. Cerebral MRI ke report mein dikhaaya gaya hai ki tumhare paas right pterygoid-palatine fossa mein ek pseudotumoral lesion hai, jo orbital aur intracranial cavity mein spread kar raha hai. Iska matlab hai ki tumhare paas ek bada problem hai, aur iska treatment zaroori hai.",1.0,1.0,0.0,0.0,0.0,0.0
P01457,hand_lump,0.489,medium,"Arre beta, main tumhein thoda sa asar deta hoon. Ye gaanth tumhare armpit mein ho rahi hai, lekin yeh tumhare peeth ya kandhe ka hissa nahi hai. Iska karan tumhari weight training ki wajah se ho sakta hai, jisse tumhare muscles mein strain ho gaya hai. Ye gaanth tumhare left armpit ke muqabale mein badi hai, lekin yeh koi serious cheez nahi hai. Main tumhein ek doctor se milne ke liye kahaunga, woh tumhein adhik jankari dega.","Beta, mujhe pata nahi hai ki aapka case yeh hai. Aapka case left wrist mass ke baare mein hai, aur aapka armpit mein gaanth hai. 

Aapka armpit ka gaanth aapko sirf tab dard karta hai jab aap usse touch karte hain, aur yeh kabhi kabhi bhi badi ho jati hai. 

Mujhe aapke case ke bare mein pata nahi hai, lekin aapka left wrist mass ek congenital variation hai jo PL muscle variant ke kaaran hai.",0.25,1.0,0.0,0.0,0.75,0.0
P01458,hand_lump,0.5763,high,"Arre bhai, main tumhe thoda sa relief dena chahta hoon. Ye dard aur red bumps tumhe cancer ke liye test karane ke baad bhi aaye hai, toh isme kuch aur bhi ho sakta hai. Main sochta hoon ki tumhe shayad fibromyalgia ho sakta hai, yeh ek common condition hai jismein shoulder aur back mein dard hota hai. Aur red bumps tumhe shayad shingles ke liye ho sakte hain, yeh ek viral infection hai jo skin par red spots aur dard deta hai.","Bhai, maine suna hai ki tumhare paas Giant Cell Tumor (GCT) hai, jo ki tumhare left wrist ke ulna ke distal end par hai. Iska matlab hai ki tumhare wrist mein pain aur swelling hai, aur tumhare grip strength kam hai. 

Mujhe kuchh aur symptoms ke baare mein pata nahi hai, lekin tumhare blood test theek the, aur tumhare cancer ke liye koi evidence nahi hai. Lekin tumhare shoulder aur back mein dard ho raha hai, jo ki tumhare GCT se juda ho sakta hai. 

Main tumhe kuchh test karwana chahunga, jaise ki tumhare aankhon ki image aur tumhare health department wali blondes (blood test) dekhna. Isse humein pata chalega ki tumhare GCT ka kya stage hai aur kya treatment ki zaroorat hai.",0.4,0.75,0.6,0.25,0.35,0.35
P01461,hand_lump,0.4614,medium,"Bilkul, main samajh gaya. Yeh lump shaving ke karan ho sakta hai, lekin isme dard aur stretch karne par dard hone ka matlab hai ki yeh kuch aur bhi ho sakta hai. Main aapko ek dermatologist se milne ke liye kahaunga, woh aapke armpit ke lump ko dekhkar pata lagaa sakte hain ki yeh shaving ke karan hai ya kuch aur bhi.","Arre beta, main dekh raha hoon ki tumhare armpit ke neeche ek chota sa internal lump hai, lekin clinical evidence mein kuch bhi nahi diya gaya hai jisse main iska karan shaving ke liye ya kisi aur cheez ke liye samjh sakoon. Clinical evidence mein organomegaly (organ ki badi) nahi diya gaya hai, aur motor aur sensory examination normal hai. Main kuch bhi confirm nahi kar sakoon.",0.0,0.0,1.0,1.0,0.0,0.0
P01463,neck_swelling,0.4843,medium,"Beta, main aapko yeh batana chahta hoon ki 16 saal ke bachche ke shareer ke piche 3 ganthe hote hue, jab bhi unhe dard hota hai, toh yeh infection ke kaaran ho sakta hai. Lekin, yeh bhi sambhav hai ki yeh lymphoma jaisa cancer ho sakta hai, lekin ismein koi clinical evidence nahi hai. Humko doctor ke saath appointment karne ki zaroorat hai, aur unke test karke hi sahi diagnosis kiya ja sakta hai.","Bhai, aapke bete ke shareer ke piche 3 ganthe hai jo sparsh hone par thoda dard hote hai. Lekin clinical evidence mein koi suchna nahin hai jisse hum isse lymph nodes cancer ke roop mein samajh sakte hain. Aapke bete ke symptoms ke anusaar, unke case mein schizophrenia ke symptoms dikhai dete hain, jaise ki iritability, insomnia, aggressive behaviors, aur hallucinations. 

Lekin, aapke bete ke shareer ke piche 3 ganthe hai jo sparsh hone par thoda dard hote hai, ismein koi suchna nahin hai. Aapke doctor se milkar hi iska theek tarah se diagnosis karaya ja sakta hai.",0.0,0.0,1.0,1.0,0.0,0.0
P01467,knee_swelling,0.4045,medium,"Namaste Chandra ji, main aapki samasya ko samajhne ki koshish karunga. Aapka description sunke lagta hai ki aapke paas ek varicose vein ki wajah se ek blood clot ho sakta hai, jo ki aapke walk ke dauran dard aur sujan ka karan ho sakta hai. Iska ilaaj karne ke liye, main aapko ek orthopedic specialist ya vascular specialist se milne ki salah deta hoon. Unhone aapki check-up karke aapke liye sabse achhi tareeke se ilaaj ki vajah batayenge.","Bilkul, Chandra ji, main aapki baat samajh gayi. Aapke paas ek gath hai, jo aapke paas 2 saal ho gaye hain, lekin yeh kathor nahi hai. Iske liye main aapko kuchh cheezein batati hoon. Aapke lab report mein serum creatinine 0.99 mg/dl hai, jo normal hai. Lekin aapke C3 level low hai, jo 0.603 gm/l hai. Iske liye humein renal biopsy kiya tha, jismein membrano-proliferative glomerulonephritis (MPGN) pattern of injury dikhaya gaya hai. Iske liye main aapko kuchh cheezein batati hoon: aapko apne college mein walk assessment ke liye train karna hai, lekin aapke paas ek gath hai. Main aapko kahaunga ki aapko apne doctor se baat karni chahiye, woh aapko kuchh cheezein batayenge.",0.25,0.25,0.0,0.0,0.0,0.0
P01468,swollen_tonsils,0.506,high,"Bilkul, main aapko batata hoon. Aapke symptoms ke liye kai karan ho sakte hain. Cold sore left hand side ke crease of mouth mein aane ke liye herpes simplex virus ka karan ho sakta hai. Aur aapke tonsils ka dard aur sukha hone ka karan bhi herpes simplex virus ho sakta hai. 

Aapke chin ke neeche ya jeebh ke neeche wala ganth, jise swollen gland kehte hain, yeh parotid gland ka swelling ho sakta hai, jo herpes virus se bhi ho sakta hai. 

Aapko antiseptic lotion ya cream lagane se aur paracetamol lekar dard kam karne se aapko thoda relief mil sakta hai. Lekin main aapko yeh bhi batana chahta hoon ki aapko dermatologist ya ENT specialist se milna chahiye, jo aapke symptoms ko aur vishleshan kar sake aur aapko sahi treatment de sake.","Arre bhai, main aapko batata hoon ki aapke paas mandibular fracture hai, jo aapke left jaw ke neeche hai. Iske karan aapko dard, swelling, aur jaw mobility ki kami ho rahi hai. Aapke symptoms aur clinical signs is evidence se match karte hain. Mujhe aapke tonsils ki image neeche dekhi nahi gayi hai, aur iske liye main kuch bhi nahi keh sakta hoon. Lekin aapke chin ke neeche ya jeebh ke neeche ek ganth hai, jo chhoo kar ya halka touch karne par dard hota hai, jo aapke mandibular fracture ke symptoms se match karta hai.",0.25,0.3333333333333333,0.75,0.6666666666666666,0.0833333333333333,0.0833333333333333
P01470,eye_inflammation,0.5185,high,"Arre bhai, maine dekha hai, tumhare haath mein kuchh alag hai. Ye possible hai ki tumhare gaanth mein blood vessels ko kuchh nuksaan ho gaya hai, jisse tumhe dard aur bruises ho rahe hain. Iska karan IV sedation ke baad ho sakta hai, jisse blood vessels kamzor ho gaye hain. Main tumhe ek doctor se milne ke liye kahaunga, woh aapki check-up karke aapko sahi treatment de payenge.","Bilkul, maine dekha hai ki aapke paas ophthalmoplegia hai, jo ek neurological condition hai. Aapke symptoms, jaise ki gaanth, dabav, aur dard, is condition ke hisaab se ho sakte hain. Lekin, main aapko yeh bata sakta hoon ki aapke symptoms 7 din ke baad spontaneously subsided ho gaye the, lekin aapke haath mein phir se bruises hain aur dard ho raha hai. Main koi idea nahin de sakta, lekin main aapko doctor se milne ki salah deta hoon.",0.25,0.25,0.0,0.0,0.0,0.0
P01472,neck_swelling,0.4856,medium,"Arre bhai, main aapko sun raha hoon. Aapke symptoms bahut hi ghatiya hain. Ye thyroid problem nahi ho sakta hai, kyunki test negative aaye hain. Main soch raha hoon ki aapke symptoms kuch aur se jud sakte hain. Aapke gardan ke dard, thandak, bloat aur gassiness ke symptoms ke saath-saath dizziness aur poor circulation bhi ho raha hai. Main aapko ek aur cheez puchna chahta hoon, aapke paas koi family history hai kya, koi khaan-paan ki cheez hai jo aapke symptoms ko badhava dene mein madad karegi?","Bachchon ka problem bahut accha hai. Esophageal food impaction aur Eosinophilic Esophagitis (EoE) ka problem hai. Tumhare symptoms ke hisaab se, tumhare esophagus mein food impaction ho raha hai aur iska karan EoE hai. Tumhare symptoms mein acute dysphagia, drooling, choking episodes, sore throat, difficulty swallowing, aur chest pain shamil hain.",0.25,1.0,0.0,0.0,0.75,0.0
P01476,foot_swelling,0.4567,medium,"Namaste Rolly M! Aapka dar hai sach hai, yeh sirf ek sujan nahi ho sakta hai. Ye symptoms nerves ya veins ke damage ke karan ho sakte hain. Main aapko ek orthopedic ya neurologist se milne ki salah deta hoon, woh aapki problem ka theek se assessment kar sakte hain. Aapko kuch time ke liye rest lena chahiye aur dard kam hone ke liye ice pack lagana bhi faydemand ho sakta hai.","Namaste Rolly M. Aapka dar zaroori hai, lekin humein pata hai ki aapke paas hallux deformity hai, jo aapke right foot ke upar hai. Iske alawa, aapke paas plantar fasciitis, fibular aur posterior tibial tenosynovitis, aur CCJ subluxation hai. Aapke paas osseous avulsion bhi hai, jo calcaneal-apophysis par hai. Aapke symptoms ka sabse bada karan aapke hallux deformity aur plantar fasciitis hai. Aapko aapke doctor se milna chahiye taaki ve aapke symptoms ko aur detail mein dekhein aur aapko behtar treatment de sakein.",0.25,0.25,0.0,0.0,0.0,0.0
P01479,hand_lump,0.581,high,"Bhai, aapke case mein wah skin balls, jo aapne Watts kehte hain, wah hamesha se hi ek common problem hai. Yeh generally dry skin, friction, ya repetitive motion ka result hota hai. Aapke case mein, plastic se banne wala mouse hold karna ek possible reason ho sakta hai, lekin kuch aur bhi factors ho sakte hain, jaise ki dry skin, vitamin deficiency, ya hormonal changes.

Aapko kuch karne ki zaroorat hai:
1. Aapko apne fingers ko moisturize karna chahiye.
2. Aapko apne fingers ko regular basis par wash karna chahiye.
3. Aapko apne mouse ko change karna chahiye, jisse friction kam ho jaye.
4. Aapko apne diet mein vitamin aur mineral ke supplements lena chahiye.

Aapko doctor se appointment lena chahiye, tabhi aapko sahi treatment mil sakta hai.","Bhai, main aapko yeh batata hoon ki aapke index finger aur middle finger par hard thick skin balls hain, jisey doctor Watts kehte hain. Lekin clinical evidence mein ye nahi diya gaya hai ki yeh Watts kya hai. Main iska reason nahi batata sakta. Iske liye doctor se baat karein.",0.25,0.25,0.0,0.0,0.0,0.0
P01480,swollen_tonsils,0.3988,medium,"Namaste beta, main aapki madad karne ke liye yahaan hoon. Aapke symptoms dekhkar lagta hai ki aapko viral infection ho sakti hai, jaise ki common cold ya sore throat. Yeh antibacterial medicine aapne liye lagbhag sahi nahi hai, kyunki yeh bacteria se ladne ke liye hai, lekin aapke symptoms viral infection ke liye hai. Aapko phir se doctor se milkar kuch aur medicine leni chahiye.","Didi, main aapki madad karne ke liye yahaan hoon. Aapki symptoms aur clinical signs aapke case mein necrotizing gingivitis aur stomatitis ke liye similar hain, lekin aapki umar aur symptoms aise hain ki main aapke liye kuchh aur suspect karna chahta hoon. Aapke symptoms aur clinical signs aapke case mein malignancy, jaise lymphoma ya multiple myeloma ke liye suggest karte hain. Main aapko ek specialist se milne ke liye kahaunga, jisse aapke case ka pata lagaya ja sake.",0.0,1.0,1.0,0.0,1.0,1.0
P01482,skin_rash,0.5383,high,"Beta, aapki photo dekhkar lagta hai ki yeh ek ek type ki rash hai jo ek square shape mein hai. Yeh rash kuchh infections ya allergies ke karan ho sakta hai. Haath par cluster hua rash bhi kuchh skin conditions jaise eczema ya dermatitis ke karan ho sakta hai. Main aapko ek appointment karne ke liye kuchh dinon mein doctor se baat karna chahunga.","Bete ka rash square ke shape mein hai, lekin aapka rash dome-shaped aur erythematous nodule hai. Yeh nodule 4 mm ka hai aur 10 mahine se hai. Histological sections mein basaloid cells ka jigsaw puzzle-like pattern dekhaya gaya hai. Main nahi pata ki iske liye koi square-shaped rash ho sakta hai, lekin aapka rash ki description aur histological findings ke anusaar yeh basal cell carcinoma ho sakta hai.",0.0,0.5,1.0,0.5,0.5,0.5
P01487,eye_inflammation,0.4654,medium,"Arre bhai, maine dekha hai, tumhare aankhon ke kone mein ek ganth hai, jiska naam ""ganglion"" hai. Lekin yeh ganth aapke haath par nahi hai, yeh aapke aankhon ke kone mein hai. Yeh ganth aapke neck ke nerves ke karan ho sakta hai, jisse aapko sir dard ho raha hai. Main aapko ek doctor se milne ki salah deta hoon, woh aapki problem ka theek se treatment karega.","Bhai, maine dekha hai ki aapke paas ek bada dard hai aapke naak ke upar aur aankh ke kone mein. Iska karan ek fleshy mass hai jiska sthan aapke left middle meatus mein hai. Ye mass aapke maxillary aur anterior ethmoid sinuses ko bhi involved kar raha hai. Isse aapke left eye ko redness, periorbital pain, aur tearing ho raha hai.",0.25,1.0,0.0,0.0,0.75,0.0
P01488,hand_lump,0.5372,high,"Arre bhai, aapki chinta sach hai. Yeh soft mass aapke forearm mein ek cyst ho sakta hai. Yeh cyst aapke skin ke andar se nikal sakta hai. Main aapko ek MRI ya CT scan karne ki salah dunga, isse hum dekh sakte hain ki yeh cyst kis tarah ka hai. Abhi tak, humko lagta hai ki yeh normal hai, lekin humko sure karne ke liye test ki zaroorat hai.","Arre bhai, aapka mass soft aur spongy hai, aur uska size 1/2 medium egg ke barabar hai. Aapka dard bhi hamesha nahin hota tha, lekin aaj hiper-sensitive hai. Kuchh saal pehle aapke paas car accident hua tha, aur aapke arm mein nerve damage hai. Lekin yeh sawal hai ki aapka mass kya hai. Humne ultrasound examination karke dekha hai ki aapke paas subcutaneous plane mein ek heterogeneously hypoechoic lesion hai. 

Humne tumhein histopathological examination ke liye bhi kaha hai, jisse humein pata chalega ki aapka mass kya hai.",1.0,1.0,0.0,0.0,0.0,0.0
P01494,hand_lump,0.5534,high,"Arre bhai, aapka description sunke lagta hai aapko koi skin problem ho sakti hai. Ye black bumps aur rash aapke inner thighs aur hands par aane se lagta hai ki aapko koi fungal infection ho sakti hai, jaise ki ringworm. Ye infection ek rash aur black spots ke saath aata hai aur itching nahi karta. Main aapko ek dermatologist ke paas jaane ki suggestion deta hoon, woh aapki problem ko pehle se hi identify kar sakte hain aur aapko proper treatment dengay.","Arre bhai, main aapko kuchh batata hoon. Aapke symptoms aur skin ki image ke liye main kuchh nahi dekh sakta. Lekin aapke case ke liye, main aapko yeh batata hoon ki aapke paas ek painless mass hai, jo aapke left foot aur ankle ke extensor aspect par hai. Yeh mass slow growth ke saath badh raha hai. 

Main aapko yeh bhi batata hoon ki aapke mass ki histopathological examination ki gayi thi, lekin is case ke liye koi diagnosis nahi di gayi hai. Aapke doctor ne aapke mass ko surgical excision ke liye schedule kiya hai.",0.25,1.0,0.75,0.0,0.75,0.75
P01495,hand_lump,0.4892,medium,"Arre bhai, main samajh gaya. Aapke thumb ke base par ek gaanth hai, jo hil rahi hai aur dard kar rahi hai. Yeh sambhav hai ki yeh ek joint dislocation ho sakti hai ya koi bhi bone fracture. Main aapko ek orthopedic specialist se milne ke liye bhejaunga. Unhone aapko x-ray karwaya jayega aur phir hi treatment ke liye decision li jayegi.","Bhai, aapka case malunited intra-articular fracture of PIP joint hai, jo aapke right middle finger ke PIP joint mein hai. Aapka injury 5 mahine pehle hua tha aur aapko dard aur range of motion ki kamjori ho rahi hai. Pehla treatment course aapke hospital ne splint fixation kiya tha, lekin aapne follow-up nahin kiya. Ab aapko surgical treatment ki zaroorat hai.",1.0,1.0,0.0,0.0,0.0,0.0
P01496,swollen_tonsils,0.5087,high,"Namaste, aapki chinta sahi hai. Tetanus shot lagane ke baad thoda dard aur sujan normal hai, lekin agar dard aur sujan badh raha hai, to aapko doctor se milna chahiye. Lymph node ka dard bhi ho sakta hai, lekin agar aapko fever, headache ya anya symptoms hain, to iska matlab hai ki kuchh galat ho sakta hai. Aapko doctor se milkar checkup karwana chahiye.","Namaste beta, maine dekha hai ki tumhare paas mandibular fracture hai, jisse tumhe dard, sujan aur jaw mobility ki kami ho rahi hai. Iske alawa, tumhare nasal septum deviated hai, jisse tumhe nasal passage mein problem ho sakti hai. Lekin tumhare lymph nodes ke baare mein kuchh nahin likha hai, isliye main kuchh nahin keh sakta.",0.3333333333333333,0.0,0.6666666666666666,1.0,-0.3333333333333333,-0.3333333333333333
P01503,foot_swelling,0.525,high,"Beta, aapki problem ko dekhte hue, mujhe lagta hai ki aapke paas soft tissue ki problem ho sakti hai. Ye lumps/bumps skin ke under mein ho sakte hain aur pressure par sore ho sakte hain. Aapko orthopedic se baat karne ke baad bhi MRI inconclusive hai, isliye aapko ek specialist doctor ke paas jana chahiye jo soft tissue ke problems ko dekhta hai, jaise ki rheumatologist ya musculoskeletal specialist.

Aapko apni beti ko rheumatologist ya musculoskeletal specialist ke paas le jana chahiye. Vah aapki problem ko dekhkar aapko sahi treatment dengi.","Bilkul, main samajh gaya. Tethered cord syndrome ka karan hai spinal cord ka lower portion ka tethering. Iske symptoms mein weakness, numbness aur burning ho sakte hain. 

Aapke symptoms aur MRI report ke anusaar, kuch bhi lumps ya bumps skin ke under nahi dikhai de rahe hain. MRI report mein cystic dilation of distal cord near T12-L1 ki baat hai, jo CSF ki intensity ke aasani se dekhi ja sakti hai aur contrast enhancement nahi hai. 

Orthopedic ne bhi kaha hai ki shin splints ya shin splint lumps se related nahi hai. 

Aapko apne symptoms ke liye ek neurosurgeon ya neurologist ke paas jana chahiye. Vah aapko sahi diagnosis aur treatment ke liye madad kar sakte hain.",0.0,0.5,1.0,0.5,0.5,0.5
P01508,edema,0.5573,high,"Bhai, maine dekha hai ki tumhare paas ek chota hard hai, lekin doctor ne ultrasound se pata lagaya hai ki ye hernia nahi hai. Ye sambhav hai ki ye ek lipoma ho, jo ek non-cancerous tumour hai. Antibiotics ke liye prescribe kiye gaye antibiotics infection ko kam karenge, lekin lipoma ko break down karne ke liye humein aur treatment ki zaroorat hogi, jaise ki steroid injection ya surgery.","Bhai, tumhare case mein pseudoaneurysm hai, jo ek type of false aneurysm hai. Ye aapke hand ke dorson par hai, first aur second metacarpal bones ke beech. Ultrasonography se pata chala hai ki iska diameter 25 mm hai aur neck 5 mm ka hai. MRA aur DSA se pata chala hai ki yeh aneurysm ulnar artery ke deep palmar arch se aata hai.",0.3333333333333333,0.25,0.6666666666666666,0.0,-0.0833333333333333,0.6666666666666666
P01512,neck_swelling,0.5385,high,"Arre bhai, aapki baat suni. Ek ganth jaw ke niche, phir uske niche aur phir gale mein, yeh samanya chikitsa ke kshetra mein kai cheezon ki wajah se ho sakta hai. Aapko koi bhi dard, bala ya anya lakshan to nahi hain, isliye abhi thoda chinta nahin karna chahiye. Lekin humein aapki jaanch karne aur test karne ki zaroorat hai. Aapko koi bhi dard ya bala ho to mujhe batayein.","Beti, aapke paas ek papillary thyroid carcinoma (PTC) hai, jo aapke jaw ke niche aur gale ke niche mehsus ho raha hai. Yeh ek cancer hai jo thyroid gland se utpann hota hai. Aapke paas ek raised mass hai jaw ke niche aur ek mass hai gale ke niche, jo poori tarah se define nahin hota hai aur poori tarah se aage-piche nahin ho sakta hai.",0.25,1.0,0.0,0.0,0.75,0.0
P01516,skin_rash,0.444,medium,"Arre bhai, maine dekha hai ki tumhare calf mein ek ganth hai aur ek chota sa rash bhi aa gaya hai. Ye dvt jaisa lag raha hai, lekin rash ka kuchh alag hi ho sakta hai. Main tumhe thoda sa asar deta hoon, rash ka kuchh cancerous hone ka khatra nahin hai, lekin humein iske liye doctor se baat karni chahiye. Hum tumhare liye ek doctor ko call karenge aur woh tumhe thoda sa aur vishleshan karenge.","Arre bhai, maine dekha hai ki tumhare paas congenital triangular alopecia (CTA) hai, jo ki tumhare calf mein ek ganth ka roop hai. Ye ek aisa condition hai jo se aapke paas koi symptoms nahin hain. Clinical signs ke anusaar, tumhare paas ek 2.5 cm x 3.5 cm triangular alopecic patch hai, jismein vellus hair aur white dots hain, aur skin changes jaise ki erythema aur atrophy nahin hain. Main nahin sakta confirm karo ki iska cancerous hone ki sambhavna hai, kyunki clinical evidence mein koi suchna nahin hai.",0.0,0.5,1.0,0.5,0.5,0.5
P01518,neck_swelling,0.4609,medium,"Bhai, main tumhe thoda sa asar de sakta hoon. Tumhare symptoms bahut hi ghatiya hain. Ek ganth sir ke piche badh rahi hai aur dard karti hai, yeh bahut hi ghatiya cheez hai. Iske saath hi tumhare gardan mein dard aur chhoti chhoti ganthen hain, yeh bhi bahut hi ghatiya cheez hai. Main tumhe suggest karta hoon ki tum doctor se milo aur MRI ya CT scan karwao, isse humein pata chalega ki yeh ganth kya hai aur iska ilaaj kya hai. Aur tumhare narcolepsy aur short term memory problems ke liye bhi humein kuch naya treatment plan banana hoga.","Bachche, maine aapki tasveer ko dekh li hai, lekin maine yahaan kuchh nahi dekha jo aapne bataye hain. Main sirf aapke clinical evidence par base karta hoon. Aapke paas Diabetic Ketoacidosis (DKA) aur COVID-19 ka ilaj chal raha hai. Aapke symptoms aur clinical signs ke hisaab se, aapke paas fever, tachycardia, bilateral wheezes, crackles, rales, leukocytosis, ketoacidosis, aur hyperglycaemia hai. Main aapke sir ke piche ganth ke baare mein kuchh nahi pata, kyunki yeh clinical evidence mein nahi hai. Main aapke parivar mein cancer ka itihaas ke baare mein bhi kuchh nahi pata, kyunki yeh clinical evidence mein nahi hai.",0.25,0.5,0.0,0.5,0.25,-0.5
P01519,lip_swelling,0.5232,high,"Arre bhai, aapka case bahut interesting hai. Main samajh raha hoon ki aapka upper lip ka pimple suj gaya hai aur ab ek ganth ho gaya hai. Yeh sambhav hai ki aapka ganth ek chhoti si abscess ho sakti hai, jo ek pimple ke baad bani hoti hai. Main aapko ek dermatologist ke paas le jana chaahta hoon, woh aapka case dekhkar aapko sahi treatment dengay.","Arre beta, aapke upper lip ke beech mein ek pimple ki shuruaat thi, lekin usne suj gaya aur bura ho gaya hai. Doctor ne kaha ki yeh sirf swollen lip hai, aur aapko ek steroid diya gaya tha. Ab aapko ek sakht ganth hai, jo ek mungfali se thodi badi hai, aur yeh dard nahi ho rahi hai, lekin aapko pareshan kar rahi hai.",0.0,0.0,1.0,1.0,0.0,0.0
P01520,hand_lump,0.4835,medium,"Namaste, aapka thumb ka ganth ek choti si choti hai, lekin aapko bahut dard ho raha hai. Aisa lagta hai ki aapka ganth ka koi infection ho sakta hai, jaise ki paronychia ya septic bursitis. Aapko thoda dard hota hai jab aap touch karte hain, iska matlab yeh hai ki koi inflammation ho sakta hai. Main aapko ek doctor se milne ke liye kahaunga, woh aapka proper checkup karenge aur aapko behtar treatment diyenge.","Arre beta, maine dekha hai ki aapke right hand par skin degloving injury hai, jiske baad aapke thumb ke neeche ek chota sa ganth ho gaya hai. Yeh ganth aapke arteria digitalis communis ke ruptured hone ka prabhav hai, jo aapke ulnar artery se anastomosed gaya hai. Iska matlab hai ki aapke right hand ke blood supply mein kuch problem hai, jisse aapko dard hota hai aur pakadna ya kaatna mushkil ho jata hai.",0.0,1.0,1.0,0.0,1.0,1.0
P01527,eye_redness,0.5437,high,"Arre beti ki situation thodi suspicious hai. Left eye ka laal rang kal aaya tha, aaj thoda theek hai, lekin yeh kuch infection ho sakti hai. Right eye ka gunkiness aur dhundla dikhana thoda chintit karta hai, aur throat ki soreness aur teen chote bumps pehle se hi nahi dikhe hain. Main aapko ek doctor se milne ke liye kahaunga, woh aapki beti ki checkup karenge.","Arre beta, maine dekha hai ki aapki beti ki left eye ka case normal hai. Lekin right eye ka case hai, jismein traumatic iritis hai. Ye ek common symptom hai jo blunt trauma ke baad hota hai. 

Aapki beti ki throat ke peeche teen chote flesh-colored bumps dikhe hain. Lekin is clinical evidence mein ye detail nahin hai. Main is baat ka nahi bata sakta.",0.0,1.0,1.0,0.0,1.0,1.0
P01528,skin_irritation,0.529,high,"Arre bhai, aapka dard aur khujli bahut chinta lagti hai. Lekin aapko thoda relax karna hoga. Hernia repair surgery ke baad reaction aane ki sambhavna hai. Aapke symptoms, jaise ki dard, khujli, sujan, aur swollen lymph node, surgery ke reaction ke karan ho sakte hain. Hum aapko doctor se milvaayenge aur test karvaayenge, toh aapko pata chalega ki aapka kya hai.","Bhai, maine dekha hai ki aapke paas primary paratesticular grade 1 leiomyosarcoma hai, jo aapke spermatic cord se nikla hai. Aapke symptoms aur clinical signs aapke case ka match karte hain. Lekin aapke current symptoms aur signs, jaise ki dard, hatho mein khujli, sujan, aur swollen lymph node, ismein reaction ki sambhavana hai, lekin iska koi direct evidence nahin hai. Humein aur investigation ke liye zaroorat hai.",0.5,0.6666666666666666,0.5,0.3333333333333333,0.1666666666666666,0.1666666666666666
P01530,neck_swelling,0.5665,high,"Bhai, aapki chinta hai sahi, lekin aapke gathon ke liye thoda chinta mat karein. Aapke gath kuchh se bhi ho sakte hain, jaise ki cysts ya lipomas. Ye aam baatein hain aur inhe koi dard ya lakshan nahi hota. Lekin, aapke doctor ne aapko dekhte rehne aur check karne ki salah di hai, jo theek hai. Aapko inhe dekhte rehne aur doctor se baat karne ki zaroorat hai, lekin aapke liye koi badi chinta nahi hai.","Bilkul, main aapki samasya ka dhyan rakhta hoon. Aapke paas ek painless lump hai left neck mein, jiska size 3 x 5 cm hai. Iske alawa, aapke paas ek 2 x 2 cm ki thyroid nodule bhi hai left lobe mein. Ye dono gath aapke liye koi dard ya lakshan nahi hai, aur aapke paas fever, drenching night sweats, ya weight loss bhi nahi hai. Lekin, aapke paas PTC (Papillary thyroid carcinoma) ka diagnosis kiya gaya hai, jiska nishan aapke left thyroid lobe mein ek suspicious nodule hai. Isliye, main aapko chinta karne ki jarurat hai aur iske liye treatment kiya jaana chahiye.",0.25,0.8,0.0,0.2,0.55,-0.2
P01531,hand_lump,0.4043,medium,"Arre bhai, aapka dard aur dhamak dar ka saman aapne haath mein ek cyst ho sakta hai, jaise ki ganglion cyst. Iska karan aapke haath mein jyada stress ya overuse ho sakta hai. Aapke haath mein dant ka presence bhi is cheez ko suggest karta hai. Main aapko ek orthopedic doctor se meeting karne ke liye kahaunga, woh aapke haath ko check karke sahi tareeke se diagnose kar sakte hain.","Bhai, maine suna hai ki tumhe apni kalai par dard ho raha hai. Clinical evidence ke anusaar, tumhare symptoms abdominal pain, nausea, pallor, hiccup, aur severe nausea without vomiting hain. Ye symptoms severe abdominal pain ke liye indicative hain. 

Maine dekha hai ki tumhare blood pressure 85/P mmHg hai, jo thoda kam hai, aur tumhare pulse rate 140/minute hai, jo thoda adhik hai. Iske alawa, tumhare O2 Saturation 85% hai, jo kam hai. 

Main kuchh predict nahin kar sakta hoon ki tumhare symptoms ganglion cyst se ho sakte hain ya nahin, kyunki clinical evidence mein yeh detail nahin di gayi hai.",0.25,1.0,0.0,0.0,0.75,0.0
P01532,hand_lump,0.4196,medium,"Arre bhai, aapka description sunke lagta hai ki aapko कुछ प्रकार का सूजन या फोड़ा हो सकता है। ये सूजन कभी-कभी दिखाई देती है और फिर गायब हो जाती है, जैसे कि एक छोटा सा फोड़ा हो सकता है। अगर यह दर्द करता है और कभी-कभी दिखाई देता है, तो मुझे लगता है कि आपको डॉक्टर से मिलना चाहिए और उन्हें दिखाना चाहिए। वो आपकी जांच करेंगे और बताएंगे कि यह क्या है।","Arre bhai, aapke symptoms bahut hi samajh mein aaye hain. Ultrasonography ke dauran aapke haath ke dorsum par ek pseudoaneurysm (false aneurysm) nikala hai, jo ki 25 mm ka hai aur iska neck 5 mm ka hai. Yeh aneurysm deep palmar arch se ulnar artery se vascularized hai. Aapke symptoms ke hisaab se, yeh sambhav hai ki aapke paas ek pulsatile tumor hai jo ki kabhi-kabhi dikhayi deta hai aur kabhi-kabhi nahi.",0.25,1.0,0.0,0.0,0.75,0.0
P01534,hand_lump,0.404,medium,"Bhai, aapko thoda dar mat kijiyega. Yeh symptoms bahut bada dar dene wale hai, lekin humein kuchh pata chalne ke baad, aapko thoda sukh dene ke liye kuchh karein hain. Aapke haath mein se kohni se upar tak ganthe hona aur raat ko dard hona, yeh symptoms rheumatoid arthritis ya osteoarthritis jaise bimariyon ke liye bhi ho sakte hain. Humein aapke liye kuchh test aur checkup karne honge, to aapko thoda patience rakhen aur humein aapke symptoms ke baare mein pata karna hoga.","Bhai, main dekh raha hoon ki tumhare paas juxta-articular myxoma (JAM) hai, jo ek prakaar ki swelling hai. Yeh koi lung-related cheez nahin hai, isliye tumhein lung se koi sambandh nahin hai. Yeh tumhare haath mein ho raha hai, jisse tumhein dard hota hai, lekin yeh saracodism se juda nahin hai. 

JAM ka karan aur pathogenesis is clinical evidence mein nahin diya gaya hai, isliye main kuch bhi nahin bata sakta. 

JAM ko ganglion cyst se alag karna ek excisional biopsy ke madhyam se kiya jata hai, jismein JAM ki jankari mil jati hai. 

JAM aur anya fibroproliferative lesions histology mein alag hote hain, lekin is clinical evidence mein kuch bhi nahin diya gaya hai. 

JAM ka ilaaj excisional biopsy ke madhyam se kiya jata hai, jismein JAM ko completely remove kiya jata hai. Is clinical evidence mein prognosis ke baare mein kuch bhi nahin diya gaya hai.",0.25,1.0,0.0,0.0,0.75,0.0
P01538,swollen_eye,0.6031,high,"Arre Laxman bhai, aapki problem ka ilaaj karne ke liye humein kuchh details aur symptoms ki zaroorat hai. Lekin aapke symptoms ke liye, yeh sambhav hai ki aapko angrez (hordeolum) ya kisi andar ki problem ho sakti hai. Aapko koi bhi aaramadai ki chinta nahi hai, na? Hum aapko ek dermatologist ke paas bhej denge, woh aapki problem ka ilaaj kar sakte hain.","Laxman ji, main aapko yeh batana chahta hoon ki aapke case mein koi sambandh nahin hai. Aapke case mein right eyebrow par cystic swelling hai, lekin aapke case ki aankhon ki image aur symptoms aapke case se alag hain. Aapke case mein left eye ki symptoms aur clinical signs bahut alag hain, jaise ki bacterial conjunctivitis aur corneal ulcer. Aapke case mein koi suchna nahin hai.",0.25,0.75,0.0,0.25,0.5,-0.25
P01541,neck_swelling,0.5876,high,"Bhai, aapka case serious hai. Prolapse ke baad aapko neck mein pain aur swollen lump ho gaya hai, jo garam aur lal hai. Yeh symptoms lymphadenopathy (lymph nodes ki problem) ke liye indicate karte hain. Aapko koi infection ho sakti hai, jaise ki abscess ya cellulitis. Hum aapko ek specialist se milne ki zaroorat hai, jaise ki ENT ya dermatologist.","Bhai, mujhe lagta hai ki tumhare symptoms neeche hain: pain left hand side of neck, swelling, garam area, lal rang, sujan, aur dard. 

Yeh symptoms CD (Crohn's Disease) ke symptoms kee jaisi lagte hain, jismein neck mein swelling aur pain ho sakti hai. 

Lekin, main kuch confirm nahin kar sakta. Aapko doctor se zaroor milna chahiye.",0.8333333333333334,1.0,0.1666666666666666,0.0,0.1666666666666666,0.1666666666666666
P01542,lip_swelling,0.4807,medium,"Arre beta, aapki chinta nahin karna hai. Aapke description se lagta hai ki aapko lip ki cheez hai. Yeh cheez ek cheez ho sakti hai jise lip lump ya lip bump kaha jata hai. Yeh cheez bahut common hai aur aapke lip ki outer side par hoti hai. Ismein numbness aur itching bhi ho sakta hai. Main aapko ek dermatologist ke paas bhejne ke liye kahaunga.","Dekhiye, patient, aapka hoth ek dark red nodule hai, jo aapke lower lip ke left side par hai. Yeh nodule painless, asymptomatic hai aur aapko koi symptoms nahin hain. MRI ke report ke anusaar, yeh nodule intravascular papillary endothelial hyperplasia se juda hua hai, jo venous pool se juda hua hai.",0.5,1.0,0.5,0.0,0.5,0.5
P01543,neck_swelling,0.5,high,"Arre beta, aapki chinta karna zaroori hai. Ye sujan wale ganth aapke gale ke neeche neck mein ek common problem ho sakta hai, jise ""lipoma"" kaha jaata hai. Ye ek non-cancerous lump hota hai, jismein fatty tissue hota hai. Main aapko ek doctor se milne aur check-up karne ki salah dunga, taaki hum iska theek se diagnosis kar sakein aur aapki treatment kiya ja sake.","Bilkul, maine dekha hai ki tumhare neck mein kuch problem hai. Lekin, clinical evidence ke anusaar, tumhare neck mein lymph node swelling hai, lekin lymph nodes feel normal to the touch. Ye koi cancer ki sign nahi hai, lekin iska koi confirm bhi nahi hai. Main tumhe kahaunga ki tumhari thyroid tests normal hain, isliye ismein koi problem nahi hai.",1.0,1.0,0.0,0.0,0.0,0.0
P01544,foot_swelling,0.4902,medium,"Arre beta, tumhara case bahut interesting hai. Chalo, main tumhe batata hoon, tumhari wajah se ghusse ki wajah se blood clot ho sakta hai. Ismein skin ke neeche gaanth mehsoos hone ki wajah se bhi shayad blood clot ho sakta hai. Main tumhe ek doctor se milne ke liye bhejaunga, woh aapki check-up karega aur confirm kar dega ki aapke paas blood clot hai ya nahin.","Bachchon ke doctor hoon, main aapko yeh batana chahta hoon ki aapke paas nephrotic syndrome hai, jiska arth hai ki aapke kidneys mein kuch problem hai. Aapke biopsy report mein dikhaaya gaya hai ki aapke kidneys mein membrano-proliferative glomerulonephritis (MPGN) pattern of injury hai, jiska arth hai ki aapke kidneys mein glomeruli (kidneys ki kuchh choteli choteli cheezein) mein kuch problem hai. 

Aapne kaha hai ki aapne bathtub mein gir gaye hain aur aapke lower leg mein kuch issue hai. Lekin clinical evidence mein kuchh bhi nahi diya gaya hai jiska arth ho ki aapke paas blood clot hai. Humein aapke biopsy report mein kuchh bhi nahi diya gaya hai jiska arth ho ki aapke paas blood clot hai.",0.25,0.25,0.0,0.0,0.0,0.0
P01549,mouth_ulcers,0.4651,medium,"Arre, main samajh gayi. Aapke symptoms bahut common hain. Sinus, thakan, body ache, aur ganth ke dard ke sath, yeh sab viral infection ke symptoms ho sakte hain. Aur aapke herpes virus ke karan chhale aane ke liye bhi yeh normal hai. Lekin aapki tonsils ka niche latakna aur munh ke piche mehsus karna thoda unusual hai. Main aapko ek doctor ke paas jaane ke liye kahu, woh aapke symptoms aur history ke anusaar diagnosis kar sakte hain.","Bilkul, main aapki chinta ko kam karne ke liye yahaan hoon. Aapke symptoms aur clinical signs ka mukhya karan Pulmonary Arteriovenous Malformation (PAVM) hai, jo aapke paas pehle se hi hai. Aapke paas cyanosis, clubbing, aur telengiectasia hai, jo PAVM ke lakshanon mein shamil hain. 

Aapke paas sinus, halki thakan, aur halki body ache hai, jo PAVM ke symptoms ho sakte hain. Lekin, aapke paas Herpes virus hai, jisse aapko chhale aate hain, aur yeh aapke symptoms ko samajhne mein madad kar sakta hai. 

Lekin, aapko chinta honi chahiye ki aapke PAVM ke symptoms badh rahe hain, aur aapko apne doctor se milne ki zaroorat hai.",0.25,0.6666666666666666,0.75,0.3333333333333333,0.4166666666666666,0.4166666666666667
P01552,knee_swelling,0.6111,high,"Arre bhai, main aapki problem ko samajhne ki koshish karunga. Yeh dard aur lump knee ke right hand side par, sambhav hai ki yeh patella (knee cap) ke problem se hai. Patella ka fracture ya patellar bursitis ho sakta hai, jisse dard aur lump ho sakta hai. Main aapko doctor se milne aur test karwane ki salah deta hoon, taaki asli diagnosis ki ja sake.","Bhai, main aapko kuchh baat bata sakta hoon. Aapke right knee mein posterolateral knee dislocation (KD) hai, jiska matlab hai ki aapke knee ke right side par ek choti si chot hai aur aapke knee ka shape normal nahin hai. Aapke knee mein tibia subluxation bhi hai, jiska matlab hai ki aapke shin bone ke neeche ki side par ek choti si chot hai. Aapke knee mein knee extension deficit bhi hai, jiska matlab hai ki aap apne knee ko 20 degree tak hi extend kar sakte hain.",0.0,0.25,1.0,0.0,0.25,1.0
P01558,hand_lump,0.5045,high,"Arre bhai, main samajh gaya. Injection ke baad hard lump aur sujan aane ka sawal bahut common hai. Jab injection galat jagah par di jati hai, to yeh problem ho sakti hai. Surgery ke liye zaroorat hogi, lekin iska treatment aasani se ho sakta hai. Doctor ne surgery ki zaroorat ke liye kaha hai, isliye humein uske paas jaana hoga aur unke vichaar ke anusaar treatment karana hoga.","Beta, tumhare haath mein pseudoaneurysm hai, jo ek galat jagah par blood vessel ke rupture ke kaaran hota hai. Iska size 25 mm hai aur yeh deep palmar arch se vascularized hai. Ye aasani se treat nahi kiya ja sakta hai, kyunki yeh ek surgical condition hai. Surgery ke liye zaroorat hai, jismein aneurysm ko remove kiya ja sakta hai.",1.0,0.25,0.0,0.0,-0.75,0.0
P01559,neck_swelling,0.502,high,"Arre bhai, aapke symptoms bahut hi serious hain. Aapke left diaphragm par ek gaanth hone ke sath, aapke pet par dard aur jalan hone ka matlab hai ki kuchh galat ho sakta hai. Aapke lymph node mein sujan hone ka matlab hai ki aapke shareer mein koi infection ho sakta hai. Main aapko ek specialist doctor ke paas bhejne ki salah deta hoon, jaise ki thoracic surgeon ya oncologist.","Arre bhai, maine dekha hai ki tumhare left side par kuch issue hai. Clinical signs ke anusaar, tumhare left mandibular molar area, buccal mucosa, aur floor of the mouth mein necrotizing gingivitis aur stomatitis hai. Iske alawa, tumhare left cheek mein swelling hai, aur tumhare left mandible mein necrosis hai. 

Lymph node swelling tumhare submandibular regions mein hai, aur tumhare lower alveolar ridge par ill-defined bony destruction hai. Ye sabhi symptoms severe hain aur 6 months se hai. 

Maine dekha hai ki tumhare pet par kuch dard aur jalan hai, aur tumhare neck aur collar bone mein lymph node sujan hai. Lekin main confirm nahin kar sakta ki ye koi cancer hai, kyunki clinical findings aur imaging results se to aisa lagta hai, lekin iske liye aur test ki zaroorat hai.",0.5,1.0,0.5,0.0,0.5,0.5
P01560,knee_swelling,0.4375,medium,"Bhai, tumhare symptoms bahut interesting hain. Ek mahine pehle concrete par girne se tumhare ghutne mein chot aayi ho sakti hai, jisse dard aur suj aaya ho. Ab yeh dard fir se aaya hai aur ek ganth bhi ho gaya hai, iska matlab yeh hai ki tumhare ghutne mein fracture ho sakti hai. Hum tumhe ek orthopedic specialist se milvane ke liye bhej denge, woh tumhare ghutne ka X-ray karke pehchan karenge aur phir aapke liye sahi treatment decide karenge.","Bhai, aapke symptoms aur clinical signs bahut hi similar hain distal patellar tendon ka avulsion. Aapne concrete par girne se pehle bhi dard kiya tha aur ab bhi yehi jagah par dard hai. Ultrasound ki report ke anusaar, distal insertion of patellar tendon tibial tuberosity se avulsed hai. Iska matlab hai ki aapke patellar tendon ka ek hissa tibial tuberosity se utar gaya hai.",0.0,0.25,1.0,0.0,0.25,1.0
P01561,neck_swelling,0.5663,high,"Bhai, aapka gale ke right side mein sujan aur ganth bahut chinta lagane wala hai. Ek sambhav karan yeh hai ki aapke gale mein koi masla ho sakta hai, jaise ki trigeminal neuralgia ya gale ke nerves mein koi problem. Iske alawa, aapke esr 43 ka kaaran bhi yeh ho sakta hai ki aapke gale mein koi masla ho raha hai. Hum iske liye doctor se baat karenge aur aapko aur test karvane ki zaroorat hogi.","Bhai, aapka case bahut hi interesting hai. Aapke gale ke right side mein sujan aur ganth hai, lekin aapke blood test normal aate hain. Lekin ek baat hai, fine-needle aspiration cytology ne lymphocytic thyroiditis ka suggesion diya hai. Yeh ek type of thyroid problem hai jismein thyroid gland ko kuch infection ho jati hai.",0.0,0.0,1.0,1.0,0.0,0.0
P01562,foot_swelling,0.5931,high,"Bhai, aapka case serious hai. Aapne ek bada aadhaans kiya hai aur ab aapko ganth aaya hai, jisse darr lag raha hai. Yeh sambhav hai ki aapke shin par fracture ho gaya ho, jisse tendons aur ligaments aasani se chot lag sakti hain. Iske alawa, aapke shin par koi chipped bone bhi ho sakta hai. Main aapko ek orthopedic doctor ke paas jaane ki salah deta hoon, woh aapka check-up karein aur aapko sahi treatment dijiye.","Doctor aapko patla lag raha hai, lekin clinical evidence ke anusar, aapke shin par koi tumorous growth nahi hai. Aapke MRI mein koi abnormality nahi dikhai di gayi hai. Aapke shin par ek ganth hai, jo aapke left shin par hai, jo aapne ek month pehle ek fall mein liya tha.",0.0,0.0,1.0,1.0,0.0,0.0
P01564,foot_swelling,0.3428,low,"Arre beta, tumhari chinta ka koi sabab nahin hai. Agar tumhare papa ke paas ek gaanth thi, toh yeh koi cancerous nahi hona chahiye. Gaanth ek normal skin problem hai, jiska naam keloid ya hypertrophic scar hai. Yeh aapke papa ke paas 30 saal se thi, toh yeh bahut bada problem nahi hai. Lekin agar tumne apne haath dhone bhool gaye, toh tumhari chinta ka koi sabab nahin hai.","Beta, maine dekha hai ki aapke papa ki gaanth bahar se drain hone lagi hai. Lekin clinical evidence mein kuch bhi nahi hai jo is baat ka jhutaa de raha hai ki yeh cancerous hai. Main kuch bhi confirm nahi kar sakta. Aapke haath dhone bhoolne se koi cancer nahi ho sakta. Aapko thoda relax karein. Ab aapke legs ki samasya dekhne mein aapko koi dar nahi karna chahiye. Aapke clinical findings mein kuch bhi nahi hai jo is baat ka jhutaa de raha hai ki aapke legs mein koi samasya hai.",0.0,0.0,1.0,1.0,0.0,0.0
P01566,neck_swelling,0.4977,medium,"Arre bhai, aapka description sunke lagta hai ki aapke paas ek chhoti si issue hai. Jab tak aapke jawline par chhota sa gantha hai aur aapko dard nahin hai, toh ismein koi badi baat nahin hai. Lekin aapke daayi taraf wale area mein pinched nerve ka samajh aaya hai, toh aapko ek neurologist ya ENT specialist se milna chahiye. Vah aapki problem ko solve karne mein madad kar sakte hain.","Beta, maine aapki baat suni hai. Lekin clinical evidence mein aapke jawline mein gantha ya pinched nerve ke baare mein koi jankari nahin hai. Aapke symptoms aur clinical signs mein koi reference nahin hai, jo is cheez ke liye evidence provide kare. Main aapko koi diagnosis ya treatment ka suggestion nahin kar sakta. Aapko cardiothoracic surgery consultation ke liye coronary care unit mein admission kiya gaya hai, jahan aapko apne symptoms aur clinical signs ke baare mein aur detail mein discuss kiya jayega.",0.25,0.25,0.0,0.0,0.0,0.0
P01567,neck_swelling,0.469,medium,"Bilkul, main samajh gaya. Ye sujan aapke gardan ke ganth ke liye ho sakti hai, jisse aapke neck ki nerves prabhavit ho sakti hain. Iska ek karan yeh bhi ho sakta hai ki aapke ganth se aapke neck ki muscles mein tension ho gayi ho, jisse sujan aane lag jaati hai. Main aapko ek doctor se milne ki salah dega, woh aapke symptoms aur physical examination ke baad hi aapko sahi treatment diya ja sakta hai.","Bhai, maine dekha hai ki aapke paas abdomen ke trauma aur hemoperitoneum ka mudda hai. Aapke symptoms mein left flank pain, dizziness, vomiting, aur anemic conjunctivae shaamil hain. 

Main aapko kahaunga ki aapke neck ke dard ke liye koi evidence nahin hai, isliye main iske liye koi jawab nahin de sakta. Lekin aapke abdomen ke trauma aur hemoperitoneum ke liye, main kahaunga ki aapke symptoms aur clinical signs aapke spleen ke artery injury ke karan ho sakte hain, jiske liye severe extravasation at the hilum of the spleen hai.",0.25,1.0,0.0,0.0,0.75,0.0
P01571,skin_growth,0.534,high,"Arre beta, maine suna hai ki aapko lower back mein dard ho raha hai aur neck mein bhi kuch issue hai. Ye symptoms bahut common hain, lekin humein zaroorat hai ki doctor aapko dekhe aur test karaye. Aapko kuch dawa leni hogi aur rest karne ki zaroorat hogi. Swollen glands ke liye, kya aapko fever ya anya symptoms hain? Aapko koi viral infection ho sakti hai, jisme dard aur swelling ho sakti hai.","Arre beta, maine dekha hai ki tumhare paas left submandibular region aur left anterior cervical region mein painless swelling hai, jiska 6 saal se time hai. Yeh swelling aapke neck mein bhi gaya hai. Clinical signs ke anusaar, yeh cystic lesion hai, jismein anechoic loculated fluid collection hai. Yeh swelling aapke neck mein bahut bada hai, lagbhag 12 cm x 6 cm ka hai. 

Aapko dard hota hai aur aap use touch ya bed pe nahi rakh sakti, lekin yeh dard painless swelling ke saath hai. Aapko left-hand side mein ek chota dana bhi aa gaya hai, lekin yeh dard kam hota hai. 

Mujhe koi evidence nahi mila hai ki yeh swollen glands ho sakte hain. Lekin yeh possible hai ki aapko lymphatic malformation ho sakte hai, jiska diagnosis karne ke liye doctar ko aur test karna hoga.",0.0,0.75,1.0,0.25,0.75,0.75
P01572,neck_swelling,0.4659,medium,"Bhai, aapka description sunke lagta hai ki aapke paas ek gardan ki cheez hai jo aapko dard kar rahi hai. Yeh hard bump aur sensitivity ka ilaaj karne ke liye humein kuch test karne honge. Main aapko ek ENT specialist ke paas bhejunga jo aapke liye behtar treatment decide kar sakega.","Bhai, maine dekha hai ki tumhare paas ek hard bump hai, jiska sthaan gardan ke haddi par hai. Ye ½"" chauraai tak hai aur gehre hisse tak jaata hai. Iska sthaan aur saamaanyaat se alag hai, lekin iska karan abhi tak pata nahi chala hai. Main aapko kahaunga ki aapko apne doctor se milna chahiye, lekin main iske liye koi nishkarsh nahin de sakta.",0.25,0.25,0.0,0.0,0.0,0.0
P01574,neck_swelling,0.557,high,"Arre bhai, main dekh raha hoon, tumhare case mein kuchh chinta lag rahi hai. Ye rock hard lump aur tumhare symptoms ke liye, main tumhe kuchh test karne aur doctor se milne ke liye kahaunga. Ye swollen gland ho sakta hai, lekin iska size aur hardness kaafi bada hai, jisse kuchh ghatna ho sakti hai. Main tumhe kisi bhi chance par ignore nahi karna chahunga, tumhe kisi doctor ya specialist se milne ki zaroorat hai.","Arre bhai, main aapko dekh raha hoon. Aapka description sunke, main samajh raha hoon ki aapko neck mein ek rock hard lump mila hai. Lekin, main aapko yeh bata sakta hoon ki aapka clinical evidence aur symptoms bahut different hain. Aapke paas necrotizing gingivitis aur stomatitis hai, jisse aapko discomfort, pain on swallowing, loosening of teeth aur weight loss ho rahi hai. 

Main aapko yeh bhi bata sakta hoon ki aapka lymph node swelling submandibular regions mein hai, jo aapke current complaint se alag hai. Main aapko koi confirm karne wala jawab nahi de sakta, kyunki aapka current complaint aur symptoms alag hain. Main aapko kisi doctor se milne aur apne symptoms aur complaint discuss karne ke liye kahaunga.",1.0,1.0,0.0,0.0,0.0,0.0
P01575,cyanosis,0.5393,high,"Arre beti, maine dekha hai. Ye blue dana cyanosis jaisa lag raha hai, lekin aapke paas koi chot ya sujan nahi hai. Iska ek karan yeh ho sakta hai ki aapke paas peripheral artery disease (PAD) ho sakta hai, jo aapke ankle mein blood flow kam kar sakta hai. Iska ek anya karan yeh ho sakta hai ki aapke paas deep vein thrombosis (DVT) ho sakta hai, jo aapke ankle mein swelling aur dard ka karan ho sakta hai.","Arre, 53 saal ki mahila, main aapko batana chahta hoon ki aapke left thumb ke CM joint ke dorsal aspect par ek ganglion cyst ya synovial osteochondromatosis (SOC) hai. Ye ek fibrous tissue hai jo cartilaginous areas aur calcification ke saath hai. Aapke symptoms pain aur swelling hai, aur physical examination mein palpable aur tender mass hai. 

Aapke case mein blot clots ke baare mein koi chinta nahi hai kyonki laboratory analyses normal the.",0.5,1.0,0.5,0.0,0.5,0.5
P01577,skin_growth,0.4859,medium,"Bilkul, main samajh gaya. Yeh bahut chintit karne wala hai. Iska sambhav hai ki yeh mastitis hai, jo breast mein dard aur sujaa hone ka karan ho sakta hai. Iske alawa, yeh mastitis ke karan MIT bhi start ho sakti hai. Main aapko kahaunga ki aapko iske liye doctor ke paas jana chahiye, lekin aapko a & e jana chahiye, kyunki yeh mastitis ke alawa koi aur bhi samasya ho sakti hai.","Arre bhai, main dekh raha hoon ki tumhara beta ki image aayi hai, lekin main kuchh nahi dekh sakta kyunki tumne image nahi di. Lekin tumne kaha ki uski breast par kuchh kat laga hua hai aur woh bahut laal aur sujaa hua hai. Ye kuchh galat hai, kyunki humari clinical evidence mein kuchh breast-related symptoms ya signs nahi hain. 

Humari clinical evidence mein kaha gaya hai ki tumhara beta ki diagnosis malignant melanoma hai, jo ek prakaar ki skin cancer hai. Iska kuchh laal rang ka sign ho sakta hai, lekin yeh breast-related symptoms ya signs se juda nahi hai. 

Main kuchh nahi dekh sakta ki tumhara beta ko kahan jana chahiye, lekin main suggest karta hoon ki tum usko doctor ke paas jana chahiye, jisse woh proper diagnosis aur treatment mil sake.",0.25,1.0,0.0,0.0,0.75,0.0
P01581,hand_lump,0.5023,high,"Arre bhai, main aapki problem ko samajhne ki koshish karunga. Aapke description ke hisaab se, yeh sambhav hai ki aapke andar ke upar ek cyst ho sakta hai. Yeh cyst kabhi kabhi gayab ho sakta hai, lekin jab woh aata hai to aapko tingling aur strain ka anubhav hota hai. Iske alawa, heavy tools uthane ki wajah se aapke arm mein strain ho sakta hai. Main aapko ek dermatologist ya specialist se milne ki salah dunga, jinhone aapke case ko dekhkar aapki problem ka theek solution dikhaya ja sakta hai.","Bilkul, main aapki madad kar sakta hoon. Aapke symptoms aur clinical signs ke liye, main aapko batana chahta hoon ki aapki condition bahut hi rare hai. Aapke paas ectopic ACTH-producing malignant paraganglioma hai, jo aapke mediastinum aur lungs mein hai. Iske karan aapke paas Cushingoid features, truncal obesity, hyperpigmentation, ecchymoses, acne, mild hirsuitism, proximal limb weakness, easy bruising, amenorrhea, acne, significant weight loss, insomnia, aur symptomatic hypokalemia hai. 

Aapke symptoms aur clinical signs ke liye, main aapko batana chahta hoon ki aapke underarm ke lump ke liye, main aapko batana chahta hoon ki iska koi direct evidence nahin hai. Lekin aapke symptoms aur clinical signs ke liye, main aapko batana chahta hoon ki aapke underarm ke lump soft aur kabhi kabhi gayab ho jaata hai, iska matlab hai ki iska sambandh aapke paraganglioma se ho sakta hai.",0.25,1.0,0.0,0.0,0.75,0.0
P01583,knee_swelling,0.5197,high,"Bhai, aapka description sunke lagta hai ki aapko kuchh injury ho sakti hai. Aapne ankhon ki haddi hilane aur girne ke baad, left wrist mein haddi bahar jhuki dikh rahi hai, jo dard kar rahi hai. Ye symptoms suggest ki aapko left wrist mein fracture ho sakti hai. Mujhe lagta hai ki aapko doctor ke paas jana chahiye, unhone aapke left wrist, ankle, aur knee ka X-ray karvaya hona chahiye.","Bhai, aapka case bahut hi specific hai. Aapka right hallux mein IPJ ka dislocation hai aur aapko pain, swelling aur tenderness hai. Mere paas aapka case note hai, lekin aapka current complaint hai left wrist mein ek haddi bahar jhuki dikh rahi hai aur dard kar rahi hai. 

Mujhe aapka current complaint ka koi clinical evidence nahi mil raha hai, isliye main kuch bhi nahi confirm kar sakta. Aapko hospital ya doctor ke paas laut jana chahiye further examination ke liye, jismein left ankle, wrist ya knee ka xray karvaya ja sakta hai.",0.0,1.0,1.0,0.0,1.0,1.0
P01585,neck_swelling,0.4632,medium,"Bete ke gardan mein baye taraf ki sujan kaafi choti hai. Aapne bataya hai ki teen hafte pehle shuru hui thi, ismein mastishk mein kuch problem ho sakti hai. Lekin aapne bhi bataya hai ki jab aap use chuhe toh chote chote ganthein hain, ismein dard bahut kam hai. Main aapko ek dermatologist ya neurologist ke paas le jana chahiye, woh aapki problem ko solve kar sakte hain.","Bete ke gardan mein sujan ka karan necrotizing gingivitis aur stomatitis hai, jo left mandibular molar area, buccal mucosa, aur floor of the mouth mein hai. Iska clinical sign facial asymmetry, swelling of the left cheek, necrosis of the left mandible, exposed bone, aur lymph node swelling in the submandibular regions hai. 

Dard bahut kam hai, lekin jab use disturb karo ya dabao toh mild pain hota hai, ismein koi shayad necrotizing gingivitis ka prabhav hai.",0.25,1.0,0.0,0.0,0.75,0.0
P01587,hand_lump,0.6089,high,"Bhai, aapka description sunke lagta hai ki aapke paas ek ganth hai, jo aapke left hath ke andar hai. Trigger surgery ke baad yeh bahut common hai. Kya aapko lagta hai ki ganth ka size badh raha hai ya kam ho raha hai? Aur kya aapko koi bhi anya symptoms dekhne ko mil rahe hain, jaise ki hath ka color badal raha ho ya aapko fever ho rahi ho?","Bhai, aapke case mein complex comminuted metacarpal fractures hain, jismein significant bone loss hai. Iske liye, treatment options mein bone grafting, internal fixation, aur rehabilitation shamil hain. Bone grafting ka best time fracture ki initial phase mein hota hai, jab bone loss ka assessment kiya ja sakta hai.

Iliac crest bone grafts ka upyog karna ek common practice hai, kyunki yeh donor site se easily accessible hai aur bone loss ko purna karna mein madad karta hai. Iliac crest bone grafts ka upyog karna ke benefits mein bone loss ko purna karna, fracture ki stability badhna, aur hand ke function ko sudharana shamil hain.

Lekin, iliac crest bone grafting ke complications mein donor site ki pain, infection, aur nerve damage shamil hain.",0.0,0.6666666666666666,1.0,0.3333333333333333,0.6666666666666666,0.6666666666666667
P01595,swollen_tonsils,0.5173,high,"Arre beti, aapki baat suni. Yeh ganth ka anubhav aapke liye normal nahin hai. Yeh esophagus ke bahar ek ganth ya thakaan ka anubhav ho sakta hai, jo ki gastroesophageal reflux disease (GERD) ke karan ho sakta hai. Main aapko ek doctor se milne aur test karwane ki salah dunga, taaki yeh pehchan kiya ja sake ki yeh kya hai.","Arre beta, aapki baat suni. Aapke hathon ko niche hisse aur tonsils se neeche le jati hoon, toh aisa lagta hai ki gale ke base mein ek ganth hai. Lekin, clinical evidence ke anusaar, aapke paas MPNST hai, jo ek prakaar ka cancer hai. Iske liye, aapke paas abdominal discomfort, occasional left-sided abdominal pain, decreased appetite, aur projectile vomiting hai. 

Aapke paas thyroid gland bhi bada hai, aur ek suspicious nodule right lobe of thyroid mein hai. Lekin, aapke paas esophagus ke baare mein koi cheez nahi hai. Aapke paas kabhi-kabhi shoulder blades ke aas-paas ek muscle pulled ka feel hota hai, lekin iske liye koi clinical evidence nahi hai.",0.25,0.75,0.0,0.25,0.5,-0.25
P01597,neck_swelling,0.4852,medium,"Bhai, aapka description sunke lagta hai aapke neck mei ek cyst ho sakta hai, jaise ki parathyroid cyst ya lymph node cyst. Yeh cyst aapke neck mei haddiyon ke beech mei ho sakta hai. Iska treatment depend karta hai cyst ki size aur aapke symptoms par. Main aapko ek specialist doctor se milne ki suggestion karta hoon, jaise ki ENT ya endocrinologist.","Bhai, tumhare gaal ke haddi aur gale ke haddi ke beech mein ek ganth hai, jise tum touch karne par mehsoos kar sakte ho. Yeh ghayal sa lagta hai. Iska kya ho sakta hai, main nahi jaanta, lekin tumhare clinical signs aur symptoms ke hisaab se, mujhe lagta hai ki tumhare paas necrotizing gingivitis aur stomatitis hai, jo tumhare chehre par sujan aur tumhare neck mein lymph node swelling ka karan ho sakta hai. Mujhe tumhare doctor ne kaha hai ki tumhare paas kuch bhi bhi ho sakta hai, jaise ki lymphoma ya multiple myeloma, lekin iske liye tootne ke liye zyada evidence chahiye.",1.0,1.0,0.0,0.0,0.0,0.0
P01599,mouth_ulcers,0.5615,high,"Bhai, tumhare symptoms bahut hi important hain. Mere khayal se, tumhare case mein tonsillitis ya jaw joint ki problem ho sakti hai. Tonsillitis ka karan bacteria ya virus ho sakta hai. Jaw mein pehle se bhi ek pathar ho gaya tha, to iska matlab yeh hai ki jaw mein problem ho sakti hai. Main tumhe ek ENT specialist ke paas bhejne ki salah deta hoon.","Bilkul, beta. Mere paas aapki chehre ki right half tak dard phail raha hai, lekin yeh to pata chala hai ki aapka dard aapki right chin aur lower lip ki tingling sensation se juda hai. Radiographic studies ne dekha hai ki aapke mandibular canal mein ek mixed radio-opaque/radiolucent mass hai, jo aapke right mandibular third molar ke saath juda hai. Yeh ek type of odontogenic tumor ho sakta hai, jismein dental aur interdental branches of inferior alveolar nerve ka involvement ho sakta hai, jisse aapki tingling sensation ho rahi hai.",0.0,1.0,1.0,0.0,1.0,1.0
P01600,hand_lump,0.53,high,"Arre beta, main samajh gaya. Aapke hath mein ek gadda hai, jo badh raha hai. Yeh bahut chinta dene wala hai, lekin doctor ne kaha hai ki yeh khatarnak nahi hai. Main aapko ek cheez kehna chahta hoon, aapko iske baare mein doctor se aur baat karni chahiye. Kya aapko pata hai ki aapne koi injury ya accident hua hai jo is gadda ke liye jimmewar ho sakta hai?","Beta, main samajh gayi. Aapke sharir mein kuch gadda hain, jaise ki hath par. Ye baat clinical evidence mein bhi likhi hai. Case 1 mein bhi hath par gadda hain, aur yeh khatarnak ho sakta hai. Lekin, doctor ne kaha hai ki yeh khatarnak nahi hai aur aap ise ignore kar sakti hain. Lekin, main aapko yeh bhi batana chahti hoon ki Case 1 mein patient ko hath par gadda ke saath-saath aur bhi kai symptoms the, jaise ki developmental delay, seizures, hypoglycemia.",0.25,0.25,0.0,0.0,0.0,0.0
P01603,knee_swelling,0.526,high,"Bhai, aapka description sunke lagta hai ki aapko knee joint ki samasya ho sakti hai. Ye ganthe, jo naram hain, knee joint ke ligaments ya tendons ke karan ho sakte hain. Haal hi mein sujane hone ka matlab hai ki aapko knee joint mein dard ho raha hai, jo aapke jhukav ke neeche aur paon ke najdik hai. Aapko chinta honi chahiye, lekin iske liye doctor ko dekhne ki zaroorat hai.","Beta, aapke left knee mein do ganthe hain jo sparsh mein naram hain. Ye clinical signs hain jo aapke case ke saath match karte hain. Aapke doctor ne inhein dekha hai aur aapke knee radiographs mein bhi inhein dikhaya gaya hai. Aapko is baat se chinta honi chahiye kyunki yeh aapke left knee ke liye khatarnaak ho sakte hain.",0.25,0.25,0.0,0.0,0.0,0.0
P01606,knee_swelling,0.5504,high,"Aapka pati ka left buttock par ek gaanth hai, jo hard aur tender hai. Yeh ek possible cause ho sakta hai ki woh piriformis syndrome ka shikaar ho gaya hai, jismein piriformis muscle tight ho jata hai aur sciatica ke symptoms dikhate hain. Main aapko ek orthopedic specialist se milne ki salah dunga, woh aapke pati ka check-up karega aur treatment decide karega.","Bhai, main aapki baat sun raha hoon. Lekin, clinical evidence mein koi jaankari nahin hai ki aapke left buttock par ek gaanth hai. MRI ya radiography ke report mein bhi koi jaankari nahin hai. Isliye, main koi nishkarsh nahin de sakta. Aapko apne doctor se baat karni chahiye.",1.0,0.25,0.0,0.0,-0.75,0.0
P01608,hand_lump,0.4583,medium,"Bhai, aapka haath ka base par gaanth (sujanwali manspeshi) aur dard ka shikayat sunke, main aapko kuchh cheezein batana chahta hoon. Aapka shikayat wrist sprain ya strain ka ho sakta hai, jo aapke haath ko kisi specific tarike se move karne par tez dard deta hai. Haath ka movement normal hai, lekin aapko koi bhi pressure daalne mein mushkil hai, jisse mujhe lagta hai ki aapko doctor se milna chahiye.","Bhai, aapka haath ka dard aur sujan bahut mushkil hai. X-ray ke report ke anusaar, aapke wrist ke carpal bones aur 3rd aur 4th metacarpals ke base par lytic lesions hain. Yeh symptoms aur clinical signs aapke case ke saath match karte hain. Aapko apne doctor se milna chahiye, kyunki iska treatment karna bahut zaroori hai.",0.25,1.0,0.0,0.0,0.75,0.0
P01609,hand_lump,0.4426,medium,"Bilkul, main aapki madad kar sakta hoon. Aapke symptoms bahut hi common hain, yeh kaha jata hai ki macchar ka kaatna, jisse infection ho jati hai, ek common problem hai. Main aapko kuch suggest kar sakta hoon, aapko antibiotic cream lagwana chahiye aur us area ko clean aur dry rakhein. Aapko paracetamol ya ibuprofen tablet leni chahiye, yeh aapke dard ko kam kar dega. Aapko thoda time lene ki zaroorat hai, aapko rest karna chahiye aur infection kam hone mein madad milegi.","Bhai, maine suna hai ki tumhare paas ek hyperplastic tenosynovitis hai, jo ki ek tenosynovitis hai jismein fibrinous loose bodies hote hain. Yeh aapke right distal forearm mein hai. Main aapko yeh batana chahta hoon ki aapke paas swelling aur pain hai, aur aapke wrist joint ki range of motion restricted hai, lekin finger joint ka motion normal hai. 

Main aapko suggest karta hoon ki aapko rest aur ice pack lagana chahiye. Aapko apne arm ko 30 degree par rakha jana chahiye aur ice pack lagane se dard kam hoga. Aapko apne doctor se baat karni chahiye ki woh aapko koi injection de sakte hain ya koi aur treatment suggest karein.",0.0,1.0,1.0,0.0,1.0,1.0
P01610,hand_lump,0.4785,medium,"Arre bhai, maine dekha hai. Yeh to sujan aayi hui vein hai, lekin yeh bahut khujli kar rahi hai aur jal rahi hai, yeh galat hai. Yeh shayad phlebitis ho sakta hai, jismein vein mein saaf nahi hota hai. Main aapko doctor se milwane ki salah deta hoon, woh aapko behtar tareeke se dekhenge.","Bhai, main aapko yeh batata hoon ki ultrasonography ke dauran ek pseudoaneurysm (false aneurysm) nikla hai, jiska diameter 25 mm hai aur neck 5 mm ka hai. Yeh aneurysm deep palmar arch se ular artery se aane wala hai. Aapka haath swelled aur painful hai, aur aapko ek pulsatile tumor bhi dikhai deta hai. Main aapko yeh bhi batata hoon ki aapke haath ke vascularization theek hai aur radial aur ulnar pulses normal hai.",0.25,1.0,0.0,0.0,0.75,0.0
P01612,hand_lump,0.557,high,"Arre bhai, aapka dard aur bluish lump ke liye main kuchh samajh sakta hoon. Yeh ek kai possible reasons ke liye ho sakta hai, lekin main aapko ek cheez batana chahta hoon. Aapne garden mein khudai karne ke baad yeh dard shuru hua hai, to shayad yeh ek minor injury ka side effect ho sakta hai, jaise ki ek small blood clot ya ek minor sprain. Main aapko ek doctor se milne ke liye kahaunga, woh aapka check-up karke aapko sahi treatment de payenge.","Arre bhai, tumhare case mein ek pseudoaneurysm hai, jo ki ek false aneurysm hai. Yeh tumhare left hand ke dorsum par hai, beech mein first aur second metacarpal bones ke beech. Ultrasonography ke result ke anusaar, yeh pseudoaneurysm 25 mm ka hai aur iska neck 5 mm ka hai. Ismein koi infection ke alawa koi bhi cheez nahi hai, kyunki physical examination mein infection ke koi sign nahi mila hai.",0.5,0.0,0.5,1.0,-0.5,-0.5
P01620,lip_swelling,0.6187,high,"Arre bhai, aapka lip bahut dard kar raha hai, ismein kuchh ghata hai. Ye white head aapke lip par ek abscess ho sakta hai, jo ek infected nodule hai. Iska karan aapke lip par koi infection ho sakta hai, jaise ki bacterial infection. Hum iske liye ek antibiotic tablet lene ka plan banayein aur aapka lip ko clean aur dry rakhna hoga.","Beta, maine dekha hai, tumhare left lip par cleft hai aur alveolar notch hai. Ye kuch din se hai, aur aaj white head wala dikh raha hai. Main kuch confirm nahin kar sakta, lekin yeh sambhav hai ki yeh cleft ke karan ho sakta hai. Hum iske liye doctor se baat karenge aur check karwane ke liye aapko refer karenge.",0.0,0.25,1.0,0.0,0.25,1.0
P01621,neck_swelling,0.428,medium,"Arre bhai, maine suna hai. Aapka piercing karwaya hai aur aapne salt water solution se clean kar raha hoon, jis par aapka doctor ne kaha tha. Lekin Coca-Cola peene ke baad aapne hard lump notice kiya hai, jiska aapko lagta hai ki yeh swelling ka hissa ho sakta hai ya piercing ka ball mouth ke neeche ho raha hai. Main aapko kuchh suggestion deta hoon. Aapko chahiye ki aap neeche wala lump garam compress se cover karein aur raat ko piercing ke ball ko mouth ke neeche check karein. Agar yeh ball mouth ke neeche ho raha hai, toh aapko doctor se milna chahiye.","Arre bhai, maine dekha hai ki tumne Wednesday ko tongue piercing karwaya tha aur ab tumhara chin ke neeche bahar ek hard lump ban gaya hai. Lekin clinical evidence mein kuch bhi nahi hai jo is baat ka jawaab de sake ki tumhara lump infected hai ya nahi. Main kuch bhi confirm nahi kar sakta, lekin tumhara tongue piercing aur swelling ke liye tumne bendryl ya ibuprofen liya hai, jo theek hai. Ab tumhara jawab dekhne ke liye tumhara doctor aapko check karne ke liye hospital bhejega.",0.0,0.0,1.0,1.0,0.0,0.0
P01625,neck_swelling,0.5089,high,"Arre bhai, tumhara dimag theek se raha hai. Ye lump jo tumne notice kiya hai, yeh throat ke opening mein ek common problem hai, jiseya ""peritonsillar abscess"" ya ""quinsy"" kaha jata hai. Iska matlab yeh hai ki tumhare beti ke tonsil ke peeche ek infection ho sakti hai. Mujhe lagta hai ki tumhe iske liye doctor ke paas jaana chahiye, woh iski checkup karke aapko theek karega.","Beta, tumhara beti ki throat dard ho rahi hai aur throat redness hai, lekin tonsils normal hain. Main tumhein yeh batana chahta hoon ki tumhein iske liye doctor ke paas jana chahiye. Tumne tumhari beti ki throat mein ek lump notice kiya hai, jo tumhein chinta lag rahi hai. Main tumhein yeh batana chahta hoon ki hum tumhari beti ki throat ki cheezon ko dekhne ke liye ek specialist doctor ke paas jana chahiye.",0.3333333333333333,0.6666666666666666,0.6666666666666666,0.3333333333333333,0.3333333333333333,0.3333333333333333
P01630,swollen_eye,0.5174,high,"Bhai, aapka accident bahut serious tha, lekin aapki khatron se bach gaye hain. Aapka CT scan normal aaya hai, lekin aapke left eye ke niche ki black marks kaafi chinta lagti hain. Yeh toofan se phansi hone ke baad aane wala common side effect hai, lekin humein iske liye thoda time dene ka zaroorat hai. Aapko rest aur ice pack lagane ki zaroorat hai, aur agar symptoms badhne ki baat ho to humein doctor se milna hoga.","Bhai, main aapko yeh batata hoon ki aapke case mein traumatic epidural hematoma aur traumatic CCF hai. Aapke symptoms, jaise headache, proptosis, conjunctival chemosis, aur edema of the eyelid, is baat ka indication hain ki aapke left eye ke andar blood flow mein problem hai. 

Aapke CT scan ke report mein bataya gaya hai ki aapke left frontal base mein ek bada hematoma hai, jisse aapke left eye ke andar blood flow mein problem ho rahi hai. Iske liye, aapko operation ke through hematoma ko evacuate karna hoga.",0.25,1.0,0.0,0.0,0.75,0.0
P01632,hand_lump,0.4213,medium,"Arre bhai, maine dekha hai ki tumhare tailbone ke hand mein ek laal aur suj gaya rash hai. Ye kuchh ghatane ke liye ho sakta hai, jaise ki abscess ya septic arthritis. Tumhare bronchitis ke liye corticosteroids course complete hone ke baad, tumhara immune system kamzor ho sakta hai, jisse infection lagne ki sambhavana badh jati hai. Main aapko clinic mein jaane aur ek doctor se milne ki salah deta hoon, taaki ve aapko proper diagnosis aur treatment kar sakein.","Arre bhai, maine dekha hai ki aapka tailbone ke hand mein dard hai aur usmein laal aur suj gaya hai. Ye shaggy periosteal reaction ke liye lagta hai, jo seronegative rheumatoid arthritis ke karan ho sakta hai. Aapka itihaas hai ki aapko acne aur clubbing ka saman hai, aur aapke paas leflunomide aur analgesics ka istemaal ho raha hai. Main kya bata sakta hoon ki aapko antibiotics aur garam compression ka istemaal karne ke alawa, clinic mein jaane ki zaroorat hai.",0.0,0.25,1.0,0.0,0.25,1.0
P01639,mouth_ulcers,0.5006,high,"Arre bhai, aapka partner ka yeh sujan wala gland/lump jaw ke neeche left side par hai, aur yeh aur zyada noticeable ho gaya hai. Iska karan kai ho sakta hai, jaise ki ek small cyst, tumor, ya even ek infected gland ho sakta hai. Aur yeh purpley color bhi ek sign hai ki yeh kuch infection ya inflammation ka shikaar ho sakta hai. Main aapko ek doctor se milne ki salah deta hoon, woh aapko behtar tareeke se diagnose kar sakte hain.","Bhai, main aapko kuchh bat sakta hoon. Aapka partner ke jaw ke neeche left side par ek sujan wala gland/lump hai, aur uska chehre ke left side par bhi sujan hai. Lekin main aapko yeh nahin pata kar sakta ki yeh kya ho sakta hai, kyunki aapka partner ke symptoms aur clinical signs aise nahin diye gaye hain jo main aapko bat sakun. 

Mujhe lagta hai ki aapka partner ke lower lip par ek injury ho gaya tha, aur uske liye operation bhi hui thi. Lekin main aapko yeh nahin pata kar sakta ki yeh injury se koi side effect ho sakta hai ya nahin.",0.0,0.0,1.0,1.0,0.0,0.0
P01641,skin_rash,0.5143,high,"Arre bhai, PICC line ke baad skin ke neeche ganth banne aur itching hone ka sawal bahut serious hai. Yeh infection ke karan ho sakta hai, jaise ki cellulitis ya abscess. Tumhe turant doctor ko dikhana chahiye, Monday morning ko wait nahi karna chahiye. Hum tumhe appointment diwana hain, aur tumhe kuchh antibiotics ya cream di ja sakti hai.","Bilkul, beta, tumhara case bahut hi serious hai. Tumhara vulva par ISCC (Invasive Squamous Cell Carcinoma) hai, jo ek prakaar ki cancer hai. Tumhe turant ek doctor ko dikhana chahiye, kyonki tumhara condition bahut hi serious hai aur tumhe apne doctor se baat karne ki zaroorat hai. Monday morning ko call karne se pehle, tumhe apne doctor se milna hoga.",0.3333333333333333,0.0,0.6666666666666666,1.0,-0.3333333333333333,-0.3333333333333333
P01642,hand_lump,0.482,medium,"Arre bhai, aapka case serious hai. Aapne handstand karke belt buckle par thappad lagaya hai, jisse wahan injury ho sakti hai. Yeh hard lump possibly hematoma ho sakta hai, jiska matlab hai ki aapke blood vessels mein se kuchh blood leak ho gaya hai. Ab aapko zaroor doctor se milna chahiye, woh aapki jaroorat ke anusaar test karwaenge.","Arre bhai, aapka ultrasound aur MRI report dekhne ke baad, main aapko yeh batana chahta hoon ki aapke left wrist mein ek congenital variation hai, jise palmaris longus (PL) muscle variant kehte hain. Yeh ek accessory muscle belly hai, jo flexor tendons ke neeche hai. Iska matlab hai ki yeh aapke left wrist mein ek abnormal mass hai, lekin yeh koi cancer ya neoplasm nahi hai. Aapko chinta karne ki zaroorat nahi hai, lekin aapko apne doctor se regular check-up karwana chahiye.",1.0,0.5,0.0,0.5,-0.5,-0.5
P01646,skin_growth,0.5207,high,"Arre bhai, aapka CT scan ka result aisa hai ki haddi toot nahi hai, lekin abhi bhi saphai hai. Aapka gale mein ek gathna aur chubhan ka anubhav hai, jo galat hai. Main sochta hoon ki aapko haddi ki saphai ke liye kuch davaa leni hogi aur gale mein gathna ko kam karne ke liye bhi kuch treatment kiya jayega. Main aapko ek specialist doctor ke paas bhejne ki salah deta hoon, jisse aapka paaramparik treatment ho sakta hai.","दोस्त, मैं आपकी चोट की जानकारी देख रहा हूं। आपकी चोट की जानकारी के अनुसार, आपको गाल के हाड़ पर एल्बो से चोट लगी है और वहां सूजन और सड़न हुई है। यह देखा गया है कि आपका CT स्कैन बताता है कि वहां टूटा हुआ हिस्सा नहीं है। लेकिन आपको अभी भी चुभन जैसा एहसास हो रहा है, जो कि चोट के कारण हो सकता है।",0.25,0.25,0.0,0.0,0.0,0.0
P01647,skin_growth,0.5226,high,"Bhai, main tumhare symptoms ko dekh kar kuch samajh sakta hoon. Yeh itching aur bites tumhare scrotum aur shaft par ho raha hai, lekin lumps itchy nahin hain. Yeh symptoms HPV aur herpes se match nahin karte. Main sochta hoon ki tumhare symptoms ek fungal infection jaise jock itch (jock itch) se ho sakte hain. Ismein itching aur itching wale bites ho sakte hain. Lekin main yeh bhi sochta hoon ki yeh symptoms ek bacterial infection jaise balanitis se ho sakte hain, jo foreskin mein itching aur irritation pahuncha sakta hai. Main tumhe ek dermatologist ke paas le jana chahunga, woh aapko sahi diagnosis aur treatment de payenge.","Bhai, main tumhare symptoms ko dekh raha hoon. Tumhare thighs, lower abdomen, aur hands pe itching wale bites ho gaye hain, jo pehle chote the lekin abhi bhi irritation hone par itch karte hain. Lekin, tumhare scrotum pe wale abnormality aur shaft pe wala pimple jaisa lag raha hai, jo itch nahi karte hai jab tak aap unhe scratch na kare. 

Main tumhare symptoms ko dekhte hue, kuchh cheezon ka dhyan rakhna hoga. Tumhare symptoms aur physical examination ke anusaar, tumhare case mein bullous mastocytosis ka sambhav hai, jo ki tumhare trunk, back, chest, neck, scalp, aur extremities (excluding palms aur soles) par ho sakta hai.",0.1666666666666666,1.0,0.8333333333333334,0.0,0.8333333333333334,0.8333333333333334
P01648,hand_lump,0.5597,high,"Bhai, aapka case serious hai. Vein par sujhne ka koi bhi reason chot, takraav, ya kisi bhi tarah ka dard ho sakta hai. Iske liye main aapko doctor se milne ki salah dunga, kyonki ye koi bhi case nahi hai ki aap khud se thik ho jayen. Aapko iske liye jaldi se doctor se milne ki zaroorat hai.","Arre beta, aapka case bahut serious hai. Aapke haath mein comminuted fractures hain, jo koi bhi choti si cheez nahi hai. Yeh aapke hand ko permanent damage kar sakti hai. Aapko zaroorat padegi bone grafting aur surgery ke liye. Iliac crest bone grafts ka upyog karna ek common practice hai, lekin iska best time kuchh aur research ke liye pata lagana padega.

Bone grafting ke liye aapko doctor se consult karna hoga, lekin isse aapko 6-8 weeks ke andar karna chahiye. Iliac crest bone grafts ka upyog karna bahut beneficial hai kyunki yeh aapke hand ko strong aur stable banane mein madad karta hai. Lekin iske saath hi kuch complications bhi ho sakti hain, jaise ki infection, bleeding, aur iliac crest ki wound healing mein delay.",0.25,0.5,0.0,0.5,0.25,-0.5
P01652,hand_lump,0.4017,medium,"Bhai, aapke haath ke upari hisse mein dard ho raha hai, jisse aapko likhne mein bhi dikkat ho rahi hai. Aisa lagta hai ki aapke haath mein ek cheez hai jo aapko dard deta hai. Haath ke upar ki taraf, kohni ki kalai ke neeche ek gaanth ho sakti hai, jise hum ""tennis elbow"" khte hain. Iska matlab hai ki aapke haath ke upari hisse mein ek tendon ka dard ho sakta hai.","Bhai, aapke haath ke upar ki gaanth ka dard bahut acha hai. Ye soft-tissue mass hai, jise aapke haath ke upar ki taraf, kohni ki kalai ke neeche dekha ja sakta hai. 

Aapke symptoms, jaise ki dard, subah ki sthirta, aur kaam mein dikkat, inke liye kai karan ho sakte hain, jaise ki ganglion cyst, lipoma, ya fibroma. 

Radiographic imaging, jaise ki X-ray ya MRI, aapke haath ke upar ki gaanth ka diagnosis karne mein madad kar sakte hain. 

Aapke kaam ke karan, jaise ki construction work, aapke haath ke upar ki gaanth ka vikaas mein madad kar sakte hain. 

Intraoperatively, aapke haath ke upar ki gaanth kaatne ke dauran, aapko aapke haath ke upar ki nadiyon aur veinon ko avoid karna hoga.",0.25,1.0,0.0,0.0,0.75,0.0
P01654,foot_swelling,0.4323,medium,"Arre Denise ji, aapke symptoms bahut hi interesting hain. Aapka soft knot aur knee swelling left leg ke saath ho raha hai, ismein ligament injury ya strain ka rishta ho sakta hai. Aur aapka dard leg ke peeche ki taraf, yeh bhi ligament injury ya muscle strain ka karan ho sakta hai. Main aapko ek orthopedic specialist se milne ki salah dunga, woh aapke symptoms ko aur vishleshan kar sakte hain.","Namaste Denise ji, main aapki problem samajhne ke liye yahaan hoon. Aapka MRI report aapke left knee mein medial meniscal bucket handle tear ka nishkarsh deta hai. Iska matlab hai ki aapke left knee mein meniscal tear hai jisse aapko dard ho raha hai aur aap apni knee ko thoda jhukti hain.",1.0,0.25,0.0,0.0,-0.75,0.0
P01656,neck_swelling,0.4813,medium,"Arre bhai, aapki chinta karna zaroori hai. Ye sambhav hai ki aapke paas ek swollen lymph node ho sakta hai, lekin iska karan kuch aur bhi ho sakta hai. Aapke baal bleach karwane se iska koi sambandh nahin hai, yeh ek alag cheez hai. Main aapko ek doctor se milne ki salah deta hoon, woh aapki jaanch karke sahi tareeke se treatment karwa sakte hain.","Arre bhai, maine dekha hai ki tumhare parotid duct mein laceration hai, aur yeh wapas aa gaya hai. Lekin, maine kuchh bhi nahi dekha jo swollen lymph node jaisa lagta hai. Haan, parotid duct ki laceration ke karan sensitivity ho sakti hai, lekin maine koi lymph node ki baat nahi ki.",0.0,0.25,1.0,0.0,0.25,1.0
P01659,skin_growth,0.4406,medium,"Namaste, aapka samasya suna. Yeh kuchh samay ke liye ho sakta hai. Ek piercing ke neeche aniyamitata ya bruise aane ke kai karan ho sakte hain. Lagatar siyahi ka upyog karne se skin infection ho sakti hai, jo bruise jaise symptoms ko bhi daal sakti hai. Aapko apne piercing ko dhyan se saaf karne aur antibiotic cream lagane ki zaroorat ho sakti hai.","Arre bhai, maine dekha hai tumhare paas basaloid squamous cell carcinoma ka diagnosis hai. Yeh ek prakaar ka cancer hai jo nasal cavity, ethmoid sinus, sphenoid sinus, aur hard palate bone mein paaya gaya hai. Tumhare symptoms nasal bleeding, anosmia, aur bilateral nasal congestion ke anusaar hai. Main tumhare piercing ke hole ke neeche ki aniyamitata ya bruise ke bare mein kuch nahin pata chala. Main kuch nahin confirm kar sakta.",0.0,1.0,1.0,0.0,1.0,1.0
P01661,skin_growth,0.5108,high,"Bhai, aapka description sunke lagta hai ki aapko koi infection ho sakti hai. Ye ganth aur pasina aana bahut hi common symptoms hain. Lekin iske liye humein zaroori hai ki aapko doctor se meeting karna hai. Woh aapke symptoms ko dekhkar aur kuchh test karke aapki sahi diagnosis kar sakte hain. Ab aapko koi tension nahin karna, main aapko doctor se milvane ke liye appointment kar dunga.","Bhai, maine aapki baat suni hai. Lekin, clinical evidence ke anusaar, aapke current symptoms aur condition se koi sambandh nahin hai. Aapke paas septic arthritis aur osteomyelitis hai, jo aapke left wrist aur forearm mein hai. Aapke symptoms aur clinical signs iske anusaar hai, lekin aapke naye symptoms aur image ke baare mein main kuch nahin pata chala. Main kuch nahin confirm kar sakta.",1.0,1.0,0.0,0.0,0.0,0.0
P01663,skin_growth,0.3944,medium,"Arre bhai, main tumhe thoda sa asar deta hoon. Ye ganth aur rash aapke stan par ho sakte hain, lekin cancer ke liye yeh kuchh bhi nahi hai. Ye rash aur spots ke liye humein aur test karna hoga. Main aapko ek dermatologist ya gynecologist se milne ki salah deta hoon. Vah aapko aur test karke aapke stan ke samasya ko solve kar sakte hain.","Bhai, main aapki baat samajhne ki koshish karta hoon. Lekin aapki symptoms aur main aapke clinical evidence ke beech koi sambandh nahin mil raha hai. Aapke clinical evidence mein abdominal pain aur nausea ki baat hai, aur aapke symptoms mein bhi abdominal pain aur nausea ki baat hai, lekin aapke symptoms mein stano se judi baat nahin hai. 

Main aapko kuchh cheezein puchna chahta hoon. Aapke symptoms mein stano se judi baat nahin hai, toh aapko kya lagta hai ki aapke symptoms aur main aapke clinical evidence ke beech koi sambandh nahin hai?",0.0,1.0,1.0,0.0,1.0,1.0
P01666,hand_lump,0.5338,high,"Arre beta, aapka ghav kya hai, yeh dekhne ke liye main aapko ek doctor ke saath baithaunga. Lekin mujhe lagta hai ki aapka ghav ek ""keloid"" ho sakta hai, jo ek prakaar ki skin ki ghatna hai jismein skin ko bahut jaldi se heal hota hai, lekin phir bhi uski jagah par ek thoda sa bada, sensitive aur chhoti si jagah ban jaati hai. Aapko kabhi bhi yeh jagah chot nahi lagne ki yaad nahi hai, to yeh bhi ek sambhavata hai.","Bhai, tumhare left hand par ek ghav hai, jo pinky finger ke knuckle ke neeche hai. X-ray ke according, yeh ek displaced avulsed base fracture hai. Yeh ek serious injury hai, jiske liye treatment ki zaroorat hai. Tumhare doctor ne operation ke liye plan kiya hai, jismein fracture ko reduce kiya jayega aur stablize kiya jayega.",0.25,0.5,0.0,0.5,0.25,-0.5
P01668,skin_growth,0.472,medium,"Arre bhai, main dekh raha hoon. Aapka impact bahut serious hai. Is hard abnormality ka koi normal nahi hai. Yeh sambhav hai ki aapko subcutaneous hematoma ho gaya ho, jo kuch dinon mein kam ho jata hai. Lekin aapke case mein yeh kam nahi ho raha hai, jisse maine socha hai ki aapko doctor se milna chahiye.","Arre bhai, tumhare symptoms aur clinical signs dekhe, toh tumhare paas ek hard abnormality hai, marble ki size ki, aur yeh tumhare mathhe par hai. Iska koi dissipation nahi hua hai. Ye symptoms aur signs tumhare breast cancer ke liye suspicious hain. Hum tumhe doctor se milvane ke liye bhejenge.",0.25,1.0,0.0,0.0,0.75,0.0
P01674,neck_swelling,0.6377,high,"Arre bhai, aapki problem bahut serious hai. Ye lump aur difficulty swallowing ka combination ek thyroid problem ke liye suggest karta hai, jaise ki thyroid nodules ya thyroid goiter. Ismein pain ki absence aur tenderness ka presence bhi thyroid ke sambandh hai. Main aapko ek specialist se meeting karne ke liye kahaunga, lekin aapko iske liye urgent medical attention leni chahiye.","Bhai, maine dekha hai ki tumhare neck mein ek lump hai, jiska kendra right high jugular node par hai. Iska size 2*2 cm hai. Tumhare DR ne check kiya hai ki yeh lump Thyroid se related hai, lekin yeh nahi hai. Yeh papillary thyroid carcinoma se related metastasis hai, isliye tumhare DR ne tumhein bata diya hai ki tumhare neck mein tumhara Thyroid cancer hai.",0.6666666666666666,1.0,0.3333333333333333,0.0,0.3333333333333333,0.3333333333333333
P01681,skin_rash,0.4613,medium,"Arre bhai, aapke symptoms bahut hi ghatiya hain. Main samajhne ki koshish karta hoon. Aapke bataye gaye symptoms ke liye ek sambhavit karan hai ki aapka indoor air pollution ho sakta hai. Aapke bahut hi bekar khusbu aati thi, jisse aapke shareer mein kuchh problem ho sakti hai. Aapke symptoms aise hain jaise aap puraane hawaa ka saans le rahe hain, jisse aapke shareer mein takleef ho rahi hai. Main aapko ek doctor se milne ki salah deta hoon, jisse aapke symptoms ka theek se treatment ho sake.","Bhai, aapke symptoms bahut hi complex hain. Lekin humein kuchh cheezein dekhne ko mil rahi hain. Aapka kahaan se aane ke baad ultiya hone lagi, iska matlab hai ki aapka hawa ka saans lene ka kaam theek se nahi ho raha hai. Ismein aapke dil mein dard, dhundhla dekhna, badhatar constant headache, dhyaan dene mein mushkil, atyadhik gussa, aur red cracked skin ka shamil hain. 

Yeh symptoms aapke mantle cell lymphoma ke karan ho sakte hain, jismein aapke lymphocytes ka abnormal growth hai. Aapke clinical signs mein bhi erythematous skin lesions aur hemorrhagic eruptions hain, jo aapke lymphoma ke symptoms hain.",0.25,0.8,0.0,0.2,0.55,-0.2
P01682,swollen_tonsils,0.5213,high,"Arre, meri friend, main dekh raha hoon, uske symptoms bahut serious hain. Blood vomit, dyspnea, chest mein dard, throat ka sujan, gaal ke aage ke nodes ka sujan, aur coughing fits ke dard par rone wala - sab kuch mila hua hai. Iske liye, main sochta hoon ki esophagal perforation ya phir se throat mein koi injury ho sakti hai, jisse blood vomit ho rahi ho. Main aapko kahaunga ki woh zaroor doctor ke paas jaye, aur unhe kahaunga ki woh zaroor ek specialist doctor ke paas jaye, jaise ki thoracic surgeon ya pulmonologist.","Arre, meri friend ki situation bahut serious hai. Thoda saamne aaya hoon, main kuchh batata hoon. Clinical evidence ke anusaar, uski throat mein pedunculated mass tha, jo upper pole of left palatine tonsil se nikla tha. Iske alawa, uske paas foreign body sensation aur mass the, lekin koi sore throat ya difficulty swallowing ka history nahi tha. Blood parameters normal the. 

Lekin, uske baare mein aapke bataye gaye symptoms, jaise ki blood vomit, dyspnea, chest mein dard, throat ki sujhaai, aur gaal ke aage ke nodes ki sujhaai, clinical evidence mein nahi hain. Isliye, main kuch bhi confirm nahi kar sakta. 

Aapke friend ko zaroor doctor ke paas jana chahiye.",0.25,1.0,0.0,0.0,0.75,0.0
P01684,neck_swelling,0.5144,high,"Bilkul, main samajh sakta hoon. Maa ji ki symptoms bahut chintit karne wali hain. Tightness aur pain neck aur chest ke saath, aur aankhon mein issue, yeh sab kuchh Alendronate sodium tablets ke side effects ho sakte hain. Ismein jawan hua blood pressure bhi shamil ho sakta hai, aur yeh bhi ho sakta hai ki woh kuchh dard ka ilaaj kar rahi hai.","Mam, main aapko yeh batana chahta hoon ki aapki maa ki hali aur uska breast cancer se guzarne ka hissa aapke case se juda nahi hai. Lekin, is case mein, patient ki maa ki hali aur uska breast cancer se guzarne ka hissa aapke case se juda nahi hai.

Aapki maa ne Alendronate sodium tablets li hain, jo bone health ke liye upyog kiya jata hai. Lekin, is case mein, aapki maa ki hali aur uska breast cancer se guzarne ka hissa aapke case se juda nahi hai.

Aapki maa ne 3 baje tightness aur pain in neck and chest ke saath uthi, phir 5:30 baje mere aankhon mein kuchh issue hua. Lekin, is case mein, aapki maa ki hali aur uska breast cancer se guzarne ka hissa aapke case se juda nahi hai.

Main aapko yeh batana chahta hoon ki aapki maa ki hali aur uska breast cancer se guzarne ka hissa aapke case se juda nahi hai.",1.0,1.0,0.0,0.0,0.0,0.0
P01688,edema,0.5785,high,"Arre bhai, main samajhne ki koshish karunga. Pulmonary hypertension ke saath mucus producing cough bahut common hai. OTC cough suppressant ka upyog karne se thoda relief mil sakta hai, lekin yeh permanent solution nahin hai. Doctor se strong medicine maangne ki zaroorat hai, jaise ki cough suppressants jinka naam morphine hai ya oxygen therapy. Unse hamaare maa ki cough ki tabiyat mein thoda improvement ho sakta hai.","Bhai, maine aapki baat suni hai. Lekin clinical evidence mein kuchh bhi nahi hai jo is baat ka jhutla hai ki patient ko pulmonary hypertension hai. Haan, patient ko HCC aur hemochromatosis hai, aur ek mass right atrium aur IVC mein hai. Mucus producing cough ka koi jikr nahi hai. Isliye, main koi OTC cough suppressant ya strong medicine dehne ka suggestion nahi kar sakta. Aapko doctor se baat karni chahiye.",0.25,1.0,0.0,0.0,0.75,0.0
P01690,swollen_eye,0.441,medium,"Betaab karein, maine suna hai. Khansi aur bhari naak ke saath aankhon se pani aur gooey nikalna bahut bada signal hai. Iske liye humein doctor ko dekhna hoga, lekin aapke bete ko thoda dard aur irritation hoga, isliye humein uske aankhon ko saaf karne ke liye garam bhiga hua kapda ka upyog kar sakte hain. Lekin maine dekha ki uske aankhon me laal chunawala tha, jo kuch bhi ho sakta hai, isliye doctor ko dekhna hoga.","Bete ka case toh aapke bete ka nahi hai, lekin main aapko kuch batata hoon. Aapke bete ko khansi aur bhari naak hai, aur uske aankhon se pani aur gooey nikalta hai. Yeh symptoms aapke bete ka nahi hai, lekin main aapko batata hoon ki aankhon se pani aur gooey nikalna ek common symptom hai ocular cysticercosis ke liye. Aapke bete ka right eye suj gaya hai, lekin yeh aapke bete ka nahi hai, lekin main aapko batata hoon ki visual acuity 6/6 hai, jisse aapke bete ka dikhne ka kaam theek se ho raha hai.",0.25,0.25,0.0,0.0,0.0,0.0
P01695,skin_growth,0.4625,medium,"Beta, aapki samasya ka pata lagane ke liye humein zaroori hai ki aapko doctor ke paas le jayein. Aapke sunn mein bhari pan ka ehsas aur gale mein sujan aur muskil saans lena hai, yeh symptoms bahut serious hain. Aapko chahiye ki aap doctor ke paas jayein aur unhe apne symptoms ke bare mein batayein. Woh aapki check-up karne aur aapko sahi treatment diya ja sakta hai.","Bilkul, main aapki baat samajh gayi hoon. Lekin, aapki symptoms aur mera expertise ke hisaab se, main aapko kahaunga ki aapke symptoms SSPE (Subacute Sclerosing Panencephalitis) ke saath judte hain. Yeh ek serious neurological disorder hai jo measles ke karan hota hai. Aapke symptoms, jaise ki myoclonic jerks, atonic episodes, aur vision loss, SSPE ke saath judte hain.

Aapko zaroorat hai apne doctor se milne ki, aur unhone aapke symptoms ko dekhkar diagnosis karne ki zaroorat hai. Main aapko intezaar karne ki salah nahi de sakta. Aapko jaldi se treatment karwana chahiye.",0.25,0.25,0.0,0.0,0.0,0.0
P01697,swollen_tonsils,0.529,high,"Namaste beta, maine suna. Aapke symptoms bahut hi ghatiya hain. Aapke isharon se lagta hai ki aapko neurological symptoms ho rahe hain, jaise ki dard, palpitations, aur saans lene mein takleef. Mera khayal hai ki aapke is symptoms ke liye aapko neurological consultation ki zaroorat hai.

Aapke isharon se lagta hai ki aapko stroke ke lakshan ho rahe hain, lekin 2D echo karwaya gaya hai aur koi blockage nahi hai. Abhi bhi, aapko neurological symptoms ho rahe hain, jaise ki nerves ka dard aur tonsils ka sujan. Main aapko ek neurological specialist se milne ki salah deta hoon.","Arre bhai, maine suna hai ki aapke paas paroxysmal atrial fibrillation hai, jiska ECG par pramanik hai. Aapke paas chest precordial pain, shortness of breath, nausea, diaphoresis, abdominal pain, aur abhi tak achank se dil ke daura/stroke ke lakshan hain. Aapke paas cerebellar ischemic stroke hai, jiska MRI par pramanik hai. Aapke paas intracranial hypertension bhi hai, jiska ICP monitoring par pramanik hai.",1.0,1.0,0.0,0.0,0.0,0.0
P01700,edema,0.5166,high,"Bilkul, main aapki madad kar sakta hoon. Aapki mother-in-law ki symptoms bahut hi important hain. Ye sab baatein dikhai deti hain ki uski heart ki problem ho sakti hai, lekin CHF (Congestive Heart Failure) ke liye kuch aur symptoms hote hain jaise ki peed ka problem, chest pain, aur bahut saari baar saans lene ka problem. 

Aapki mother-in-law ki diabetes aur overweight bhi heart ki problem ko badhava dete hain. Lekin aapki symptoms ka match karne ke liye, main aapko ek doctor se milne ki suggestion deta hoon.","Arre, main aapko kuchh batata hoon. Aapki mother-in-law ki symptoms aur clinical signs bahut hi similar hain sarcoma ke symptoms ke saath. Spindle aur epithelioid sarcoma ka CT guided core needle biopsy kiya gaya hai aur pathology report bhi aaya hai. Iske alawa, uski chest X-ray mein cardiomegaly aur small bilateral pleural effusions dikhayi gayi hain. Kya aapko pata hai ki sarcoma ka koi cancer treatment hai?",0.0,1.0,1.0,0.0,1.0,1.0
P01702,swollen_tonsils,0.5896,high,"Didi, main aapki baat samajh gaya hoon. Aapke symptoms bahut hi complex hain. Aapke calcium level badhne ke saath, aapke thyroid level bhi kam hai, jo kaafi chinta ka vishay hai. Aapko ek endocrinologist ya parathyroid specialist dekhna chahiye, jo aapke parathyroid gland ki cyst ke liye upchar kar sakta hai. Unhone aapke thyroid ki bhi jaanch kar sakte hain aur aapke symptoms ke liye upchar kar sakte hain.","Bilkul, main samajh rahi hoon. Aapka case bahut hi alag hai. Aapka MRI neeche ki image mein kuch bhi nahi dikha raha hai. Aapka sestamibi scan neeche ki image mein right parathyroid gland par cyst diya hai, lekin aapka case yahaan prastut kiye gaye case se alag hai. Aapka peeth mein nerve pain hai, jisse aapka left shoulder aur left arm mein dard ho raha hai, aur aapka upper thighs aur legs ke joints mein bhi dard ho raha hai. 

Main aapko koi visheshagy dekhne ke liye nahi keh rahi hoon, kyunki aapka case yahaan prastut kiye gaye case se alag hai. Lekin aapko apne PCP se baat karni chahiye aur unse puchna chahiye ki aapko kya karna chahiye.",0.25,0.0,0.0,1.0,-0.25,-1.0
P01705,edema,0.6049,high,"Arre bhai, main samajh gaya. Aapki maa ka condition bahut serious hai. Ye sab symptoms diabetes complications ke liye indicate karte hain, jaise ki renal failure aur heart failure. Unki water retention, saans lene mein dikkat, aur extreme thakan ka karan shayad kidney failure ho sakta hai. Hum unhe doctor se milwane ki zaroorat hai aur unhe proper treatment diya jaye.","Bilkul, main aapki maa ki problem samajhne ki koshish karta hoon. Aapki maa ki creatinine 1.4 hai, GFR 28 hai, microalbumin 22.79 hai, aur urea 86 hai. Ye sab symptoms aortic dissection ke liye indicative hain. Aapki maa ki fasting sugar 169 hai aur PP 220 hai, jo diabetes ke liye indicative hain. 

Aapki maa ki image mein kya hai, main nahin dekh sakta, lekin aapki maa ki symptoms aur lab findings aortic dissection ke liye suggestive hain. Iska kaaran aapki maa ki aortic dissection ho sakta hai.",0.25,0.25,0.0,0.0,0.0,0.0
P01706,edema,0.4645,medium,"Bhai, aapke symptoms bahut hi chintit karne wale hain. CHF (Cardiac Failure) ke baad aapke saans ki takleef aur pairon aur pairo ki sujan ka matlab hai ki aapke dil ki performance thodi kam ho sakti hai. Iska ek possible reason hai ki aapke dil ki wall se related problems ho sakte hain. Main aapko ek cardiologist ke paas jana chahiye aur unse apne symptoms ke baare mein discuss karna chahiye.","Arre bhai, maine dekha hai ki tumhe unstable angina hui thi aur tumhe off-pump coronary artery bypass grafting kiya gaya tha. Ab tumhari saans ki takleef aur pairon aur pairo ki sujan hai. Main kuchh chinta kar sakta hoon ki tumhari left ventricular ejection fraction kam hai (45-40%), jisse tumhe CHF ke karan hospital mein admit hona pada tha. Lekin tumhari clinical signs mein koi chinta karne ki zaroorat nahi hai, tumhari blood pressure normal hai aur tumhari heart rate bhi normal hai.",0.25,0.25,0.0,0.0,0.0,0.0
P01714,skin_rash,0.552,high,"Arre bhai, aapki chinta sahi hai. Ye symptoms bahut serious ho sakte hain. Main aapko kuchh possible reasons batata hoon. Aapka upper right chest mein tight aur stabbing sensation, elbow tak extend hone, skin sensitivity, aur rash - ye symptoms heart attack, angina, ya thoracic outlet syndrome ke symptoms ho sakte hain. Aapko zaroorat se zyada paani peene, thoda kam khane, aur apne haath ko rest karne ki zaroorat hai. Main aapko doctor se meeting karne ki suggestion karta hoon.","Beta, maine dekha hai ki tumhe upper right chest mein tight aur stabbing sensation mehsoos ho rahi hai, aur yeh dard tumhare elbow tak extend ho jati hai. Lekin, maine clinical evidence mein kuchh bhi nahi dekha hai jisse main yeh confirm kar sakun ki yeh symptoms tumhare lung cancer se judi hui hain. Main aapko asani se apne doctor se milne ki salah de sakta hoon.",0.0,1.0,1.0,0.0,1.0,1.0
P01717,swollen_tonsils,0.5265,high,"Namaste Faith ji, main aapki madad karna chahta hoon. Aapke symptoms bahut hi ghatiya hain, jaise ki tight chest, throat ka sujan, aur saans nahi le paana. Yeh symptoms asthma, bronchitis, ya pneumonia jaise bimariyon ka lakshana ho sakte hain. Aapko doctor se milne ki zaroorat hai, woh aapke symptoms ka theek se treatment kar sakte hain.","Namaste Faith ji, main aapko samajhne ki koshish karta hoon. Aapke symptoms, tight chest aur dard ki feeling, throat ki suj, aur saans nahi le paana, ismein subglottic obstruction ka karan ho sakta hai. Clinical Signs mein bhi aapke subglottic semicircular mass ke liye mention kiya gaya hai, jisse 70% subglottic cavity ka obstruction ho raha hai.",0.25,1.0,0.0,0.0,0.75,0.0
P01718,neck_swelling,0.4909,medium,"Namaste Hari ji, main aapko sunne aaya hoon. Aapke gale mein sujan ka dikhayi di gayi hai, jo dard bardasht karne layak hai. Yeh kuchh possible reasons ke liye ho sakta hai, jaise ki gale mein koi infection ho sakti hai ya gale ke muscles mein tension ho sakti hai. Main aapko ek doctor se milne ke liye kahaunga, woh aapki problem ko aur vishleshan karke aapko sahi tareeke se treatment diya ja sakta hai.","Namaste Hari ji, main aapki madad karne aaya hoon. Aapka left side gale mein ek sujan hai, jo 6 cm x 6 cm ki hai. Yeh sujan insidious onset se shuru hua tha aur 12 saal tak aapke paas raha. Iske baad isne 2 mahino mein sudhar se badh gaya hai. Yeh sujan firm, nodular aur nontender hai aur yeh common carotid artery se juda hua hai.",0.0,1.0,1.0,0.0,1.0,1.0
P01722,skin_rash,0.5332,high,"Arre bhai, Preterax ek blood pressure control kiya hai, lekin yeh skin problem ke liye bhi kaaran ho sakta hai. Ye laal dhanne (petechiae) aur skin khujli (itching) ka sign ho sakta hai. Yeh Preterax ke side effect ke liye nahi, lekin yeh kuch aur bhi samasya ho sakti hai. Main aapko dermatologist se milne ki salah dunga, woh aapke pati ki skin problem ko check kar sakte hain.","Bhai, maine aapke case ko padha hai, lekin maine koi jaankari nahin payi ki Preterax se koi skin problem ho sakti hai. Main aapko kuchh bhi nahin keh sakta hoon. Aapka patient Hypogammaglobulinemia ke saath hai aur uske paas progressive left-sided ptosis hai. Iske alawa, koi jaankari nahin hai.",0.0,0.25,1.0,0.0,0.25,1.0
P01723,skin_rash,0.4414,medium,"Arre beta, main samajh gaya. Birth control pill ke kuch side effects ho sakte hain, jaise ki skin reactions, hives, aur bhukhar. Portia aur Apri dono hi estrogen aur progesterone ke combination mein hote hain, jo skin reactions ko trigger kar sakte hain. Aapka non-allergic rhinitis ka diagnosis bhi shayad isse juda ho sakta hai, kyunki hormones ki chaabi mein badlav se aapki skin reactions badh sakti hain.

Aapko kuch cheezein karni hongi: aapko apne doctor se baat karni chahiye aur unhe aapke symptoms ke bare mein batani chahiye. Unhe aapke skin reactions ke liye koi aur treatment kiya ja sakta hai, jaise ki corticosteroid creams ya ointments. Aapko apne doctor se kuch aur options bhi poochhne chahiye, jaise ki hormonal imbalance ko control karne ke liye koi aur treatment.","Bilkul, main aapko batata hoon. Clinical evidence ke anusaar, neonatal compartment syndrome ka karan nahi bataya gaya hai. Lekin hum jante hain ki ismein maternal aur neonatal factors ka yogdan hota hai.

Aapka case neonatal compartment syndrome ka hai, jismein aapke haath aur baahon ki skin me desquamation, leathery appearance aur frank ischemia hai. Ye symptoms severe hain aur aapke doctor ne aapko treatment diya hoga.

Aapka case aur symptoms ke anusaar, main aapko kuchh batata hoon. Aapka case neonatal compartment syndrome ka hai, jismein aapke haath aur baahon ki skin me desquamation, leathery appearance aur frank ischemia hai. Ye symptoms severe hain aur aapke doctor ne aapko treatment diya hoga.",0.0,0.25,1.0,0.0,0.25,1.0
P01726,skin_rash,0.4307,medium,"Bhai, maine suna hai ki aapko azithral 500 ke do dose liye the, aur phir aapko bahut jyada reaction hua. Hotho mein tingling, skin mein problem, saans lene mein dikkat, kaale urine aur stool - yeh sab symptoms bahut chintit karne wale hain.

Hotho mein tingling azithral ke side effects ka sign ho sakta hai, lekin iska koi sure shot evidence nahin hai. Aapke smoking aur alcohol ki aadat bhi ismein role play sakti hai. Main aapko ek dermatologist ya ENT specialist ke paas jaane ki salah deta hoon, jo aapki symptoms ko aur vishleshan kar sake.

Aapko kuch dinon tak iska effect rahega, lekin iska exact samay nahin bataya ja sakta hai. Aapko apne symptoms ko theek karne ke liye kuch dinon tak patience rakhna hoga.","Arre bhai, maine dekha hai ki aapne azithral 500 liya tha, lekin uske baad aapko bahut jyada reaction hua. Skin mein problem, saans lene mein dikkat, kaale urine aur stool, aur hotho mein jalan - yeh sab symptoms kuchh side effects ho sakte hain. Lekin, main hotho mein tingling ke bare mein kuchh nahi de sakta, kyunki yeh evidence mein nahi hai. Aap regularly raat ko smoke aur alcohol lete hain, iska effect aapke hotho mein tingling par hoga ya nahi, yeh bhi nahi pata. Main aapko suggest karta hoon ki aapko apne doctor se baat karni chahiye.",0.25,0.25,0.0,0.0,0.0,0.0
P01727,lip_swelling,0.4295,medium,"Namaste, main aapki baat samajh gaya hoon. Cipralex (escitalopram) anxiety ke liye dawai hai, lekin iske kuch side effects ho sakte hain. Aapki neeche ki hont ka problem, jise ""drooping eyelid"" ya ""ptosis"" kaha jata hai, cipralex ke karan ho sakta hai. Iska karan aapki hont ke muscles mein kam power ho sakti hai.

Main aapko kahaunga ki aapko is dawai ko band karne ki zaroorat nahi hai, lekin aapko apne doctor se milne ke baad hi koi nishkarsh nikal sakta hai. Aapko iske baare mein aur jankari leni chahiye. Ab aapko apne doctor se milne ke liye 4 din ka wait karna padega, isse aapko theek saavdhaan rehne ka mauka milega.","Arre beta, main aapko kuchh samajh nahi sakta. Aapka case yahaan ek kutte ka hai jo giraftar hua hai aur uska TBI aur lung contusion hai. Aapka symptoms aur clinical signs yahaan nahi diye gaye hain. Main aapko kuchh bhi nahi pata, kyonki aapka case kutte ka hai. Main aapko kuchh bhi nahi bat sakta.",0.25,0.25,0.0,0.0,0.0,0.0
P01731,eye_redness,0.5181,high,"Bhai, aapka case serious lagta hai. Yeh red area aur dard ka feeling aapke left eye mein ek possible allergy ya infection ka sign ho sakta hai. Ofloxacin drops use karne se pehle, humein aapke eye ko check karne aur test karne ki zaroorat hai. Main aapko ofloxacin drops ka use karne se pehle doctor se meeting karne ki salah dunga.","Bhai, main aapko kuchh baat bata sakta hoon. Aapka left eye mein endophthalmitis hai aur aapka left eye blind hai. Aapko ofloxacin drops use karne se koi fayda nahi hoga, kyunki aapka left eye mein corneal endothelial cell quality detection mein almost no intact corneal cells dekhne ko mila hai. Aapka left eye ka cornea aur eyeball almost completely destroyed hai.",0.6666666666666666,0.25,0.3333333333333333,0.0,-0.4166666666666666,0.3333333333333333
P01732,mouth_ulcers,0.4303,medium,"Beta, maine suna hai aapka beta Amphetamine salt combo le raha hai. Ye ek stimulant hai jo depression aur ADHD ke liye use kiya jaata hai. Mouth cankers, sore throat aur tongue ki shikayat karna ek common side effect ho sakta hai, lekin haal hi mein yeh shuru hua hai, iska matlab hai ki kuchh chiz galat ho sakti hai. Main aapko doctor se milne ke liye kahaunga, woh aur test karke aapko sahi jawab dega.","Beta, maine dekha hai ki aapka beta formic acid poisoning ke symptoms dikh raha hai. Throat pain, sore throat, mouth cankers, aur tongue ki shikayat karna formic acid ke side effects se juda hai. Ye symptoms oral cavity, esophagus, stomach, aur urinary tract mein formic acid ki wapas mein ho sakte hain. Main aapko kahaunga ki aapko iski jaanch karwana chahiye aur aapka doctor iska treatment decide karega.",0.25,1.0,0.0,0.0,0.75,0.0
P01734,swollen_eye,0.4696,medium,"Arre beta, maine suna. Buspar ki overdose ho sakti hai, aur iske symptoms hain, jaise ki aankhon ki sujai, laal rang, aur chehre par daag. Ear pain bhi overdose ke symptoms hain. Atarax lene se redness kam ho sakta hai, lekin Buspar ki overdose ke liye zaroori hai ki aapko immediately doctor ya emergency room mein jaana chahiye.","Arre, beta, maine suna hai ki aapke paas kuch ghatna hui hai. Aapne buspar ki bottle pakad li thi, lekin aapko nahi pata ki aapne kitni dose li thi. Aapke symptoms, jaise ki aankhe suji aur laal ho gayi, chehre par laal daag, aur right ear mai dard, ye sab buspar ki overdose ke symptoms ho sakte hain. Aapke paas pehle bhi effexor ke saath similar reaction hui thi, lekin ab aapke paas ear pain aur puffy eyes bhi hain. 

Main kuch confirm nahin kar sakta ki ye allergic reaction hai ya overdose, lekin aapko zaroorat hai apne doctor se milne ki. Aapko zaroorat hai apne symptoms aur medications ke baare mein poora vichaar karna.",0.5,0.0,0.5,1.0,-0.5,-0.5
P01736,skin_rash,0.4182,medium,"Arre bhai, aapka rash cheetah ke spots ki tarah dikh raha hai. Yeh kuchh possible ho sakta hai, jaise ki viral rash ya fungal infection. Jab aapne ise scratch kiya, to yeh skin ki tarah lagne laga, yeh normal hai. Maine suna hai ki yeh viral rash ke liye koi treatment nahi hota hai, par yeh aapke doctor se hi pata chalega. Aapko doctor se milne ki zaroorat hai.","Bachche, tumhare case mein abdominal wall hernia ka diagnosis kiya gaya hai. Iska matlab hai ki tumhare abdominal wall mein ek chhipka hua hissa hai jo intestinal tract ke hisse se nikla hua hai. Yeh hernia tumhare right abdominal wall par hai aur iska size 8 x 6 x 2 cm hai. Iska kuch symptoms hai, jaise ki local tenderness aur gut sounds audible hain.",0.0,1.0,1.0,0.0,1.0,1.0
P01737,skin_rash,0.429,medium,"Arre beta, main tumhein thoda sa relax karne aaya hoon. Yeh rash aur itching bahut common symptoms hain, lekin humein yeh jaanana hoga ki yeh kya hai. Main sochta hoon ki yeh fungal infection ho sakta hai, jaise ki candida. Yeh vaginal area mein common hota hai, aur turmeric aur chandan ka paste lagane se thoda sa help ho sakta hai, lekin agar itching shuru ho jaati hai, toh humein andar ki cheezon ko check karna hoga. Main tumhein ek dermatologist se milne ke liye bhejaunga, woh tumhein proper diagnosis aur treatment kar sakte hain.","Arre beta, maine dekha hai aapke paas Embryonal rhabdomyosarcoma hai, jo ek prakaar ka cancer hai. Yeh cancer aapke lower abdomen, vulvar, left lower extremities aur right labia majora mein ho raha hai. Aapke symptoms, jaise ki pruritic skin eruptions, progressive oedema, multiple indistinct swellings, abdominal swelling aur weight loss, inka sabse bada karan yeh cancer hai. 

Main aapko neeche di gayi cream se koi aasaan nahi kar sakti, kyunki yeh cancer ka ilaaj karna hai. Aapko doctor se milna hoga aur unke paas hi aapko sahi treatment mil sakti hai.",0.5,1.0,0.5,0.0,0.5,0.5
P01738,skin_rash,0.5163,high,"Arre bhai, aapke symptoms bahut interesting hain. Aapka rash, eyebrow, cheeks, aur poore chehre par red aur itchy raha, iske baad elbows, neck, aur chest areas mein bhi spread ho gaya. Aapke symptoms ke hisab se, mujhe lagta hai ki aapka rash ek viral rash ho sakta hai, jaise ki measles ya chickenpox. Lekin, aapke symptoms mein fever aur headache bhi hain, jo viral rash ke sath milta hai.","Arre bhai, maine dekha hai ki tumhare paas ek erythematous rash hai jo aapke kaanon, eyebrow, cheeks, poore chehre, elbows, neck, chest, aur lips line ke neeche hai. Rash ka description burning aur itchy hai, aur yeh touch par bhi paindah hota hai. Tumhare symptoms fever, headache, joint stiffness, aur transient abdominal pain bhi hain. 

Lyme serology test ka result positive hai, isliye yeh sambhav hai ki tumhare paas Lyme disease hai.",1.0,1.0,0.0,0.0,0.0,0.0
P01741,skin_rash,0.4432,medium,"Bhai, aapke rash ka description sunke lagta hai ki yeh ek common skin condition ho sakti hai, jiska naam ""Eczema"" ya ""Dermatitis"" hai. Yeh rash aapke upar pairon, haath aur tango par aane ka karan ho sakta hai. Yeh rash raised, itchy aur sujaa hua ho sakta hai, aur yeh kuch hafte tak bright red rehta hai.","Arre, main aapko batata hoon ki aapke symptoms ke hisaab se, aapke paas ek nevus sebaceous hai, jo ki ek hairless, yellowish lesion hai. Iske alawa, aapke paas ek eccrine poroma bhi hai, jo ek asymptomatic red nodule hai. Yeh dono conditions aapke scalp par hai, jahaan aapne ek 3 x 6 cm ki hairless, yellowish verrucous plaque aur ek 3 cm ki solitary, slightly verrucous erythematous nodule dekha hai.",0.5,1.0,0.5,0.0,0.5,0.5
P01742,skin_rash,0.386,medium,"Namaste XYZ ji, main aapko samajhne ke liye koshish karta hoon. Aapke rash ka karan bandaid se ho sakta hai ya kuch aur bhi ho sakta hai. Main aapko kahaunga ki aap blood bank se contact karein aur unse puchhe ki aapko kya karna chahiye. Ye rash aapke blood donation ke baad aane ke liye ek common hai, lekin agar yeh thoda ajeeb lag raha hai, to zaroori hai ki aap iske baare mein jaankari lein.","Arre XYZ, main aapko kuchh baat sunaungi. Aapke rash ki wajah se, maine aapke clinical findings ko dekha hai. Aapke paas bacterial meningitis hai, jiska ilaaj zaroori hai. Aapke CSF mein protein 750 mg/dL aur glucose 25 mg/dL hai, jo aam taur par normal nahi hai. Iske alawa, aapke paas fever aur decreased oxygenation hai. Main aapko blood bank se contact karne ke liye kahaunga, kyunki aapke symptoms severe hain.",1.0,1.0,0.0,0.0,0.0,0.0
P01743,skin_rash,0.4066,medium,"Bhai, tumhare symptoms bahut hi ghatiya hain. Ye rash aur bumps collarbone par dikhne ke liye kuchh possible reasons ho sakte hain, jaise ki cellulitis ya abscess. Jab tumne peroxide aur bacitracin use kiya, toh shayad woh infection ko thoda time ke liye rokne mein madad ki, lekin ab yeh symptoms fir se aane ke liye aaye hain. Main tumhe dermatologist ya doctor ke paas le jana chaahta hoon, woh tumhare symptoms ko dekhkar sahi treatment decide kar sakte hain.","Arre bhai, maine dekha hai ki tumhare paas cutaneous squamous cell carcinoma hai, jo aapke right cheek par hai. Ye ek aggressive tumor hai, jiska center pin hole aur liquid nikalne ki baat hai, ismein koi evidence nahi hai. Ye tumor 5cm ka hai aur aapke right wing of the nose aur right eyelid ko press kar raha hai. Main kuch confirm nahi kar sakta ki ye rash aapke collarbone par hai, lekin tumhare symptoms aur clinical signs ke anusaar, ismein koi evidence nahi hai.",0.0,1.0,1.0,0.0,1.0,1.0
P01744,skin_rash,0.517,high,"Arre bhai, aapka description sunke lagta hai aapke jangh par ek abscess ho sakta hai. Ye abscess ka rang laal ho sakta hai aur uske andar safed dane ya pus ho sakta hai. Aapko der ho gayi hai, isliye aapko isey baraf se thanda karna nahi chahiye. Aapko isey doctor se milne ki zaroorat hai, woh aapko proper treatment karwaenge.","Bhai, maine aapki baat suni hai. Lekin, aapke case ke bare mein kuchh nahi likha gaya hai. Aapke symptoms, jaise ki dard aur sore, hain, lekin unka koi jodh nahi diya gaya hai. Aapke case mein Squamous cell carcinoma hai, jo ek cancer hai. Iska treatment surgery ke through kiya gaya hai. Aapke doctor ne aapko koi adhikaran therapy nahi di hai. Aapki chikitsa ke 9 mahine bad, aapko koi bimari nahi hai.",0.0,1.0,1.0,0.0,1.0,1.0
P01745,skin_rash,0.4801,medium,"Bhai, aapke IgE level bahut high hai, jisse aapko allergies ki samasya ho sakti hai. Aapke symptoms aur IgE level ke hisaab se, mujhe lagta hai ki aapko atopic dermatitis ya ek allergy ki wajah se skin problem ho sakti hai. Tab Ebasil 20 SOS aapko symptomatic treatment ke liye dene ke liye hain, lekin permanent treatment ke liye aapko ek dermatologist se consult karna chahiye.

Kuch savdhaniyan: aapko apne diet mein kuch changes karni chahiye, jaise ki aapko dairy products aur gluten se doori banani chahiye. Aapko apne skin ko moisturizer se protect karna chahiye aur aapko sun protection ka bhi dhyan rakhna chahiye.","Arre bhai, main tumhare symptoms ke bare mein jaanta hoon. Tumhare IgE level 466.3 hai, jo 6 mahine pehle kiya gaya test mein 111 kU/L tha. Tumhare symptoms CSU (Chronic Spontaneous Urticaria) ke hi hain, jismein wheals, facial angioedema aur pruritus shaamil hain. 

Tumhare case mein, second-generation AH (antihistamine) aur glucocorticosteroid therapy ka upyog kiya gaya tha, lekin yeh symptoms ko kam nahi kar saka. Abhi tak, main tumhare case ke liye koi permanent ilaj ya savdhaniyan nahi bat sakta. Humein aur test ya treatment ki zaroorat hai.",0.0,0.6666666666666666,1.0,0.3333333333333333,0.6666666666666666,0.6666666666666667
P01746,skin_rash,0.4258,medium,"Arre beta, main aapki samasya samajh gaya hoon. Aapka description sunke lagta hai ki aapko koi skin condition ho sakti hai. Ye pink aur purple rang haddi ke area mein hawas ki wajah se ho sakte hain. Main aapko ek dermatologist ke paas bhejne ki salah deta hoon, woh aapki skin ki check-up karke aapko sahi treatment dengi.","Arre beti, main aapki samasya ko samajhne ki koshish karunga. Lekin, aapne case se alag hai. Aapke case mein kya hai, yeh nahin dekhne ko mila hai. Aapki samasya ghutne ke haddi par pink aur purple rang ka hai, lekin aapke case mein ghutne ke haddi par fuscous skin, bleeding cracks, mild scaling, itch, aur severe edema hai. Aapke case mein nephrotic syndrome ka diagnosis kiya gaya hai, jismein proteinuria aur red blood cells ki presence hai.",0.25,1.0,0.0,0.0,0.75,0.0
P01750,skin_rash,0.4927,medium,"Arre bhai, aapka description sunke lagta hai ki aapko ek abscess ho sakta hai. Yeh ek type of infection hai jo skin mein ho sakta hai. Aapko thoda sa khoon nikal raha hai aur hole ki baat karte hue, yeh abscess ka sign hai. Main aapko ek doctor se meeting karne ke liye kahaunga, woh aapka checkup karenge aur treatment decide karenge.","Bilkul, main samajh gaya. Aapka problem upper lumber region mein hai, jahan ek cicatrized/epithelialized midline mass hai. Iska matlab hai ki aapke paas ek old wound hai jo abhi bhi skin ke andar se bahar nikal raha hai. Aapko urinary incontinence aur lower extremities mein weakness aur sensation ki kamjori bhi hai. Iska sabse bada karan hai tethered cord, jiska matlab hai ki aapke spinal cord ko mechanical tethering hai, jo aapke lower back mein ek myelomeningocele aur bone spur se hai.",0.0,1.0,1.0,0.0,1.0,1.0
P01752,skin_rash,0.5094,high,"Arre bhai, aapka rash aur khujli bahut interesting symptoms hai. Maine dekha, aapka rash groin area se shuru hua hai, lekin ab upper back par bhi khujli hone lagi hai. Yeh symptoms fungal infection jaise ringworm ya jock itch ke liye indicate karte hain, lekin yeh bhi ho sakta hai ki aapko eczema ya contact dermatitis ho gaya hai. Maine dekha, aapke symptoms cream se thoda kam hue hain, lekin abhi bhi khujli hoti hai, isliye aapko doctor se phir se milna chahiye aur unke paas aapke symptoms aur image ko dikhakar unke vichaar karna chahiye.","Arre bhai, main tumhare symptoms aur rash ke bare mein kuchh bat sakta hoon. Tumhare rash ki description cutaneous angiosarcoma jaisi lagti hai, jo ek prakaar ki cancer hai jo skin ke blood vessels ko affect karta hai. Iska ek mukhya symptom rash hai jo pruritic (khujli) aur mildly painful hota hai. 

Lekin, tumhare rash ki location aur symptoms alag hain. Tumhare rash neeche ki image mein dekhne mein lagta hai ki woh bahut bada hai aur tumhare upper back par bhi symptoms hain. Main tumhare rash ke bare mein confirm karna nahin chahta, lekin tumhari symptoms aur rash ki description se lagta hai ki tumhare paas kuchh ghatna ho sakti hai. Main tumhe ek specialist doctor ke paas jana chaahta hoon jinhone tumhare rash ki diagnosis ki ja sakti hai.",0.6,1.0,0.4,0.0,0.4,0.4
P01753,skin_rash,0.4401,medium,"Bhai, aapka rash dekhkar lagta hai ki yeh ek allergic reaction ho sakta hai. Aapke haathon par itchy aur red marks hain, jo hand cream se hi ho sakte hain, lekin yeh bhi sambhav hai ki aapko ek allergic reaction ho gaya ho. Main aapko ek dermatologist se milne ki salah dunga, woh aapke rash ka theek se treatment kar sakte hain.","Bilkul, main aapki baat samajh gaya hoon. Lekin, yeh clinical evidence aapke haathon ke liye nahi hai. Yeh clinical evidence aapke left eye ke liye hai, jismein pre-septal cellulitis aur acute dacryocystitis hai. Haathon ke liye koi clinical evidence nahi di gayi hai. Main aapko koi hand cream recommend nahin kar sakta. Aapko apne doctor se baat karni chahiye, woh aapko sahi tareeke se dekhbhaal kar sakte hain.",0.5,1.0,0.5,0.0,0.5,0.5
P01754,skin_rash,0.4637,medium,"Arre beta, main samajhne ki koshish karta hoon. Aapka allergy kele ke liye bahut jyada hai, lekin ab aapko ek rash ho raha hai jo sone ke baad hota hai. Yeh ho sakta hai ki aapka allergy aur bhi jatil ho gaya hai ya phir aapko ek anya allergy ho gaya hai. Main aapko ek dermatologist ya allergist se milne ki salah deta hoon, woh aapke symptoms ko aur vishleshan kar sakte hain.","Beta, maine dekha hai ki tumhare symptoms bahut severe hain. Tumhare paas irritability, insomnia, aggressive behaviors, irrational talking, aur poor personal hygiene ki symptoms hain. Ye sab symptoms tumhare case note mein likhe gaye hain. Tumhare thyroid gland mein problem hai, jisse tumhare central nervous system par bhi pressure aa raha hai.",0.0,0.25,1.0,0.0,0.25,1.0
P01756,skin_rash,0.4867,medium,"Arre beta, main tumhe samajhne ki koshish karta hoon. Ye rash tumhare butt cheek ke left side par ho raha hai, toh mujhe lagta hai ki yeh koi infection nahi hai, lekin tumhari skin mein irritation ho sakti hai. Ye rash red ya white ho raha hai, toh ismein kuchh allergy ya irritation ka chance hai. Main tumhe ek dermatologist se milne ki suggestion karta hoon, woh tumhare rash ko dekhkar aur tumhare symptoms ko samajhkar tumhe thoda aur sahi treatment de sakte hain.","Beta, main tumhein yeh batana chahta hoon ki tumhare symptoms aur rash ka description tumhari pregnant condition ke saath milta hai, lekin ismein myeloid sarcoma ka shauk hai. Tumhare rash ka description tumhare butt cheek ke left side par hai, jo ki myeloid sarcoma ke symptoms se milta hai. 

Main tumhein yeh batana chahta hoon ki myeloid sarcoma ek aggressive cancer hai jo blood cells ko affect karta hai. Iska rash paindah aur pruritic ho sakta hai, aur ismein greenish color bhi aata hai. 

Main tumhein yeh batana chahta hoon ki tumhari pregnant condition ke saath, tumhare rash ka treatment aur management karna bahut zaroori hai. Main tumhein doctor se milne ke liye kahaunga, woh tumhein sahi treatment aur advice de payenge.",0.25,0.75,0.75,0.25,0.5,0.5
