sample_id,query_hinglish,report_id,report_text,target_text,dataset_profile
OPENI_000248,What abnormality is present in this chest X-ray?,OPENI_000248,"FINDINGS: Heart size and mediastinal contour are normal. Pulmonary vascularity is normal. Lungs are clear. No pleural effusions or pneumothoraces. There is a mild anterior wedge XXXX deformity of L1, age-indeterminate.. IMPRESSION: 1. No acute cardiopulmonary process. 2. Age indeterminant grade 1 anterior wedge XXXX deformity of L1.","FINDINGS: Heart size and mediastinal contour are normal. Pulmonary vascularity is normal. Lungs are clear. No pleural effusions or pneumothoraces. There is a mild anterior wedge XXXX deformity of L1, age-indeterminate.. IMPRESSION: 1. No acute cardiopulmonary process. 2. Age indeterminant grade 1 anterior wedge XXXX deformity of L1.",openi
OPENI_002464,What abnormality is present in this chest X-ray?,OPENI_002464,FINDINGS: No focal consolidation. No pneumothorax. No pleural effusions. Heart size normal. Cardio mediastinal silhouette is unremarkable.. IMPRESSION: 1. No acute cardiopulmonary findings.,FINDINGS: No focal consolidation. No pneumothorax. No pleural effusions. Heart size normal. Cardio mediastinal silhouette is unremarkable.. IMPRESSION: 1. No acute cardiopulmonary findings.,openi
OPENI_006081,What abnormality is present in this chest X-ray?,OPENI_006081,FINDINGS: There is a moderate sized right pleural effusion. Severe slightly smaller than is compared to XXXX. There is a small left pleural effusion. This is unchanged as compared to the prior study. There is a right chest wall venous XXXX XXXX which appears accessed. No pneumothorax. Scaphoid abdomen.. IMPRESSION: 1. Moderate sized right pleural effusion appears smaller than the prior study. 2. Small left pleural effusion appears unchanged.,FINDINGS: There is a moderate sized right pleural effusion. Severe slightly smaller than is compared to XXXX. There is a small left pleural effusion. This is unchanged as compared to the prior study. There is a right chest wall venous XXXX XXXX which appears accessed. No pneumothorax. Scaphoid abdomen.. IMPRESSION: 1. Moderate sized right pleural effusion appears smaller than the prior study. 2. Small left pleural effusion appears unchanged.,openi
OPENI_005118,What abnormality is present in this chest X-ray?,OPENI_005118,FINDINGS: Normal cardiomediastinal contours. No pneumothorax or pleural effusions. No focal lung consolidation.. IMPRESSION: 1. No acute cardiopulmonary abnormalities.,FINDINGS: Normal cardiomediastinal contours. No pneumothorax or pleural effusions. No focal lung consolidation.. IMPRESSION: 1. No acute cardiopulmonary abnormalities.,openi
OPENI_002670,What abnormality is present in this chest X-ray?,OPENI_002670,"FINDINGS: The lungs are clear, and without focal airspace opacity. The cardiomediastinal silhouette is normal in size and contour, and stable. There is no pneumothorax or large pleural effusion.. IMPRESSION: No acute cardiopulmonary abnormality.","FINDINGS: The lungs are clear, and without focal airspace opacity. The cardiomediastinal silhouette is normal in size and contour, and stable. There is no pneumothorax or large pleural effusion.. IMPRESSION: No acute cardiopulmonary abnormality.",openi
OPENI_002390,What abnormality is present in this chest X-ray?,OPENI_002390,FINDINGS: The cardiomediastinal silhouette is within normal limits. There is rounded calcified density within the left lower lobe most consistent with granuloma. Remaining lungs are clear without evidence of focal opacification. No pneumothorax or large pleural effusion. No acute bone abnormality.. IMPRESSION: No acute cardiopulmonary process.,FINDINGS: The cardiomediastinal silhouette is within normal limits. There is rounded calcified density within the left lower lobe most consistent with granuloma. Remaining lungs are clear without evidence of focal opacification. No pneumothorax or large pleural effusion. No acute bone abnormality.. IMPRESSION: No acute cardiopulmonary process.,openi
OPENI_001966,What abnormality is present in this chest X-ray?,OPENI_001966,FINDINGS: Heart is mildly enlarged but stable. Pulmonary vascularity is normal. The patient is status post valve replacement. XXXX sternotomy XXXX intact. No focal airspace disease or effusion. Residuals of prior granulomatous infection. Degenerative change of the spine. No pneumothorax.. IMPRESSION: 1. Stable cardiomegaly without evidence for acute pulmonary process.,FINDINGS: Heart is mildly enlarged but stable. Pulmonary vascularity is normal. The patient is status post valve replacement. XXXX sternotomy XXXX intact. No focal airspace disease or effusion. Residuals of prior granulomatous infection. Degenerative change of the spine. No pneumothorax.. IMPRESSION: 1. Stable cardiomegaly without evidence for acute pulmonary process.,openi
OPENI_004476,What abnormality is present in this chest X-ray?,OPENI_004476,FINDINGS: . IMPRESSION: Small calcification right lung base with appearance of old granulomatous disease. Also small perihilar calcified lymph XXXX. Lungs are clear. No active parenchymal disease. No XXXX of pleural effusions. No pulmonary edema. Normal heart size. No XXXX of active cardiopulmonary disease. Unchanged.,FINDINGS: . IMPRESSION: Small calcification right lung base with appearance of old granulomatous disease. Also small perihilar calcified lymph XXXX. Lungs are clear. No active parenchymal disease. No XXXX of pleural effusions. No pulmonary edema. Normal heart size. No XXXX of active cardiopulmonary disease. Unchanged.,openi
OPENI_001401,What abnormality is present in this chest X-ray?,OPENI_001401,"FINDINGS: Heart size normal. Lungs are clear. XXXX are normal. No pneumonia, effusions, edema, pneumothorax, adenopathy, nodules or masses.. IMPRESSION: Normal chest","FINDINGS: Heart size normal. Lungs are clear. XXXX are normal. No pneumonia, effusions, edema, pneumothorax, adenopathy, nodules or masses.. IMPRESSION: Normal chest",openi
OPENI_002971,What abnormality is present in this chest X-ray?,OPENI_002971,FINDINGS: Heart size and pulmonary vascularity appear within normal limits. The lungs are free of focal airspace disease. No pleural effusion or pneumothorax is seen. There is eventration of the right hemidiaphragm. Degenerative changes are present in the spine.. IMPRESSION: 1. No evidence of active disease.,FINDINGS: Heart size and pulmonary vascularity appear within normal limits. The lungs are free of focal airspace disease. No pleural effusion or pneumothorax is seen. There is eventration of the right hemidiaphragm. Degenerative changes are present in the spine.. IMPRESSION: 1. No evidence of active disease.,openi
OPENI_003045,What abnormality is present in this chest X-ray?,OPENI_003045,FINDINGS: Cardiomegaly. No focal consolidation. No pleural effusions. No evidence of pneumothorax. Osseous structures intact. Levocurvature of the thoracic spine. Lumbar vertebral body stabilization XXXX.. IMPRESSION: 1. No acute cardiopulmonary abnormality. 2. Cardiomegaly. .,FINDINGS: Cardiomegaly. No focal consolidation. No pleural effusions. No evidence of pneumothorax. Osseous structures intact. Levocurvature of the thoracic spine. Lumbar vertebral body stabilization XXXX.. IMPRESSION: 1. No acute cardiopulmonary abnormality. 2. Cardiomegaly. .,openi
OPENI_000545,What abnormality is present in this chest X-ray?,OPENI_000545,"FINDINGS: There is a lobulated contour to the right paratracheal stripe, possibly consistent with a vascular structure or lymph XXXX. The cardiomediastinal silhouette is otherwise within normal limits for appearance. No focal areas of pulmonary consolidation. No pneumothorax. No pleural effusion. The thoracic spine appears intact.. IMPRESSION: 1. Lobulated contour of the right paratracheal stripe. This may represent a vascular structure or enlarged lymph node and could be evaluated further with chest CT. Otherwise, no acute intrathoracic abnormality.","FINDINGS: There is a lobulated contour to the right paratracheal stripe, possibly consistent with a vascular structure or lymph XXXX. The cardiomediastinal silhouette is otherwise within normal limits for appearance. No focal areas of pulmonary consolidation. No pneumothorax. No pleural effusion. The thoracic spine appears intact.. IMPRESSION: 1. Lobulated contour of the right paratracheal stripe. This may represent a vascular structure or enlarged lymph node and could be evaluated further with chest CT. Otherwise, no acute intrathoracic abnormality.",openi
OPENI_000231,What abnormality is present in this chest X-ray?,OPENI_000231,FINDINGS: The heart size and pulmonary vascularity appear within normal limits. The lungs are free of focal airspace disease. No pleural effusion or pneumothorax is seen. Degenerative changes are present in the spine.. IMPRESSION: 1. No evidence of active disease.,FINDINGS: The heart size and pulmonary vascularity appear within normal limits. The lungs are free of focal airspace disease. No pleural effusion or pneumothorax is seen. Degenerative changes are present in the spine.. IMPRESSION: 1. No evidence of active disease.,openi
OPENI_004759,What abnormality is present in this chest X-ray?,OPENI_004759,"FINDINGS: Normal heart size and mediastinal contours. There are reticular opacities in the medial right middle lobe with tubular airway ectasia which obscures the right heart XXXX. This was present previously and is most compatible with bronchiectasis. There is no XXXX focal airspace disease. No pneumothorax or pleural effusion. Unremarkable XXXX.. IMPRESSION: 1. No acute cardiopulmonary process. 2. Stable right middle lobe bronchiectasis, XXXX postinfectious/postinflammatory. .","FINDINGS: Normal heart size and mediastinal contours. There are reticular opacities in the medial right middle lobe with tubular airway ectasia which obscures the right heart XXXX. This was present previously and is most compatible with bronchiectasis. There is no XXXX focal airspace disease. No pneumothorax or pleural effusion. Unremarkable XXXX.. IMPRESSION: 1. No acute cardiopulmonary process. 2. Stable right middle lobe bronchiectasis, XXXX postinfectious/postinflammatory. .",openi
OPENI_003479,What abnormality is present in this chest X-ray?,OPENI_003479,"FINDINGS: Heart size normal. Lungs are clear. XXXX are normal. No pneumonia, effusions, edema, pneumothorax, adenopathy, nodules or masses.. IMPRESSION: Normal chest","FINDINGS: Heart size normal. Lungs are clear. XXXX are normal. No pneumonia, effusions, edema, pneumothorax, adenopathy, nodules or masses.. IMPRESSION: Normal chest",openi
OPENI_000813,What abnormality is present in this chest X-ray?,OPENI_000813,FINDINGS: Patient is status post CABG. The heart size and pulmonary vascularity appear within normal limits. The lungs are free of focal airspace disease. No pleural effusion or pneumothorax is seen. Calcified granuloma is noted.. IMPRESSION: No evidence of active disease.,FINDINGS: Patient is status post CABG. The heart size and pulmonary vascularity appear within normal limits. The lungs are free of focal airspace disease. No pleural effusion or pneumothorax is seen. Calcified granuloma is noted.. IMPRESSION: No evidence of active disease.,openi
OPENI_000436,What abnormality is present in this chest X-ray?,OPENI_000436,FINDINGS: . IMPRESSION: Well-expanded and clear lungs. Conspicuous for size 3-4 mm nodular opacity projecting in right lung is probably a small calcified granuloma. Mediastinal contour within normal limits. No acute cardiopulmonary abnormality identified.,FINDINGS: . IMPRESSION: Well-expanded and clear lungs. Conspicuous for size 3-4 mm nodular opacity projecting in right lung is probably a small calcified granuloma. Mediastinal contour within normal limits. No acute cardiopulmonary abnormality identified.,openi
OPENI_002216,What abnormality is present in this chest X-ray?,OPENI_002216,FINDINGS: The heart and lungs have XXXX XXXX in the interval. Both lungs are clear and expanded. Heart and mediastinum normal.. IMPRESSION: No active disease.,FINDINGS: The heart and lungs have XXXX XXXX in the interval. Both lungs are clear and expanded. Heart and mediastinum normal.. IMPRESSION: No active disease.,openi
OPENI_002378,What abnormality is present in this chest X-ray?,OPENI_002378,"FINDINGS: Lung volumes are low. In the interval, a patchy infiltrate has developed in the right lower lobe. Heart and pulmonary XXXX are normal.. IMPRESSION: XXXX. XXXX patchy right lower lobe infiltrate consistent with pneumonia.","FINDINGS: Lung volumes are low. In the interval, a patchy infiltrate has developed in the right lower lobe. Heart and pulmonary XXXX are normal.. IMPRESSION: XXXX. XXXX patchy right lower lobe infiltrate consistent with pneumonia.",openi
OPENI_003887,What abnormality is present in this chest X-ray?,OPENI_003887,"FINDINGS: The heart is normal in size. The pulmonary vascularity is within normal limits in appearance. No pneumothorax or pleural effusion. A wedge-shaped opacity has developed in the right upper lobe. There is also XXXX patchy opacification identified in the left upper lobe. No acute bony abnormality.. IMPRESSION: Interval development of bilateral upper lobe consolidation, right greater than left, XXXX representing pneumonia.. Followup imaging to document resolution is recommended.","FINDINGS: The heart is normal in size. The pulmonary vascularity is within normal limits in appearance. No pneumothorax or pleural effusion. A wedge-shaped opacity has developed in the right upper lobe. There is also XXXX patchy opacification identified in the left upper lobe. No acute bony abnormality.. IMPRESSION: Interval development of bilateral upper lobe consolidation, right greater than left, XXXX representing pneumonia.. Followup imaging to document resolution is recommended.",openi
OPENI_002448,What abnormality is present in this chest X-ray?,OPENI_002448,"FINDINGS: Heart size within normal limits. No focal alveolar consolidation, no definite pleural effusion seen. No typical findings of pulmonary edema. No pneumothorax.. IMPRESSION: No acute cardiopulmonary findings","FINDINGS: Heart size within normal limits. No focal alveolar consolidation, no definite pleural effusion seen. No typical findings of pulmonary edema. No pneumothorax.. IMPRESSION: No acute cardiopulmonary findings",openi
OPENI_002586,What abnormality is present in this chest X-ray?,OPENI_002586,"FINDINGS: Streaky and patchy bibasilar opacities, triangular density projected over the heart on the lateral view. No definite pleural effusion seen, no typical findings of pulmonary edema. Considering differences in technical factors XXXX stable cardiomediastinal silhouette with normal heart size.. IMPRESSION: Bibasilar opacities, right greater than left, features suggest a combination of consolidation and atelectasis","FINDINGS: Streaky and patchy bibasilar opacities, triangular density projected over the heart on the lateral view. No definite pleural effusion seen, no typical findings of pulmonary edema. Considering differences in technical factors XXXX stable cardiomediastinal silhouette with normal heart size.. IMPRESSION: Bibasilar opacities, right greater than left, features suggest a combination of consolidation and atelectasis",openi
OPENI_003574,What abnormality is present in this chest X-ray?,OPENI_003574,"FINDINGS: Normal cardiomediastinal silhouette. No airspace consolidation, pneumothorax, pleural effusion, or pulmonary edema. No acute bony abnormality.. IMPRESSION: No acute cardiopulmonary disease.","FINDINGS: Normal cardiomediastinal silhouette. No airspace consolidation, pneumothorax, pleural effusion, or pulmonary edema. No acute bony abnormality.. IMPRESSION: No acute cardiopulmonary disease.",openi
OPENI_001481,What abnormality is present in this chest X-ray?,OPENI_001481,"FINDINGS: Heart size normal. No pneumothorax, pleural effusion, or focal airspace disease. Bony structures appear intact. The trachea and XXXX pulmonary bronchi are unremarkable.. IMPRESSION: Normal chest radiograph.","FINDINGS: Heart size normal. No pneumothorax, pleural effusion, or focal airspace disease. Bony structures appear intact. The trachea and XXXX pulmonary bronchi are unremarkable.. IMPRESSION: Normal chest radiograph.",openi
OPENI_003510,What abnormality is present in this chest X-ray?,OPENI_003510,FINDINGS: Normal heart size. Clear lungs. Degenerative this disease within the spine. Prosthetic right shoulder. Possible XXXX body in the axillary recess of the left shoulder. Degenerative left glenohumeral osteoarthritis.. IMPRESSION: No acute pulmonary findings.,FINDINGS: Normal heart size. Clear lungs. Degenerative this disease within the spine. Prosthetic right shoulder. Possible XXXX body in the axillary recess of the left shoulder. Degenerative left glenohumeral osteoarthritis.. IMPRESSION: No acute pulmonary findings.,openi
OPENI_001570,What abnormality is present in this chest X-ray?,OPENI_001570,FINDINGS: Stable appearance of lower cervical fusion XXXX. Heart size normal. No pneumothorax or pleural effusion. No focal airspace disease. Calcified nodules consistent with chronic granulomatous disease. Bony structures appear intact. DISH of the thoracic spine.. IMPRESSION: Negative for acute cardiopulmonary disease.,FINDINGS: Stable appearance of lower cervical fusion XXXX. Heart size normal. No pneumothorax or pleural effusion. No focal airspace disease. Calcified nodules consistent with chronic granulomatous disease. Bony structures appear intact. DISH of the thoracic spine.. IMPRESSION: Negative for acute cardiopulmonary disease.,openi
OPENI_001919,What abnormality is present in this chest X-ray?,OPENI_001919,"FINDINGS: Heart size, mediastinal contour, and pulmonary vascularity are within normal limits. No focal consolidation, pleural effusion, or pneumothorax is identified. No acute osseous abnormality identified.. IMPRESSION: No acute cardiopulmonary abnormality. .","FINDINGS: Heart size, mediastinal contour, and pulmonary vascularity are within normal limits. No focal consolidation, pleural effusion, or pneumothorax is identified. No acute osseous abnormality identified.. IMPRESSION: No acute cardiopulmonary abnormality. .",openi
OPENI_000470,What abnormality is present in this chest X-ray?,OPENI_000470,"FINDINGS: XXXX sternotomy XXXX remain in XXXX. The cardiomediastinal silhouette is within normal limits for appearance. The thoracic aorta is tortuous. No focal areas of pulmonary consolidation. No pneumothorax. No pleural effusion. Moderate degenerative changes of the thoracic spine. No acute, displaced rib fractures identified.. IMPRESSION: 1. No acute intrathoracic abnormality.","FINDINGS: XXXX sternotomy XXXX remain in XXXX. The cardiomediastinal silhouette is within normal limits for appearance. The thoracic aorta is tortuous. No focal areas of pulmonary consolidation. No pneumothorax. No pleural effusion. Moderate degenerative changes of the thoracic spine. No acute, displaced rib fractures identified.. IMPRESSION: 1. No acute intrathoracic abnormality.",openi
OPENI_003207,What abnormality is present in this chest X-ray?,OPENI_003207,FINDINGS: Chest: The heart is enlarged. There may be a pericardial effusion. No definite pulmonary edema is seen. Lungs appear clear. There is no pleural effusion. The skeletal structures and soft tissues are unremarkable. KUB XXXX: XXXX single view of the abdomen was obtained. The bowel XXXX pattern is nonspecific. There is no evidence for obstruction or free intraperitoneal air. No large soft tissue masses or organomegaly are identified. The skeletal structures appear normal.. IMPRESSION: Chest. 1. Cardiomegaly with possible pericardial effusion. 2. No evidence for pulmonary edema or pneumonitis. KUB. 1. Nonspecific abdomen.,FINDINGS: Chest: The heart is enlarged. There may be a pericardial effusion. No definite pulmonary edema is seen. Lungs appear clear. There is no pleural effusion. The skeletal structures and soft tissues are unremarkable. KUB XXXX: XXXX single view of the abdomen was obtained. The bowel XXXX pattern is nonspecific. There is no evidence for obstruction or free intraperitoneal air. No large soft tissue masses or organomegaly are identified. The skeletal structures appear normal.. IMPRESSION: Chest. 1. Cardiomegaly with possible pericardial effusion. 2. No evidence for pulmonary edema or pneumonitis. KUB. 1. Nonspecific abdomen.,openi
OPENI_004672,What abnormality is present in this chest X-ray?,OPENI_004672,FINDINGS: The cardiac contours are normal. XXXX scarring left base. The lungs are clear. Thoracic spondylosis.. IMPRESSION: No acute preoperative process.,FINDINGS: The cardiac contours are normal. XXXX scarring left base. The lungs are clear. Thoracic spondylosis.. IMPRESSION: No acute preoperative process.,openi
OPENI_005307,What abnormality is present in this chest X-ray?,OPENI_005307,"FINDINGS: The XXXX examination consists of frontal and lateral radiographs of the chest. The cardiomediastinal contours are within normal limits. Pulmonary vascularity is within normal limits. No focal consolidation, pleural effusion, or pneumothorax identified. Old healed left 5th and 6th rib fractures are seen laterally.. IMPRESSION: No evidence of acute cardiopulmonary process.","FINDINGS: The XXXX examination consists of frontal and lateral radiographs of the chest. The cardiomediastinal contours are within normal limits. Pulmonary vascularity is within normal limits. No focal consolidation, pleural effusion, or pneumothorax identified. Old healed left 5th and 6th rib fractures are seen laterally.. IMPRESSION: No evidence of acute cardiopulmonary process.",openi
OPENI_005492,What abnormality is present in this chest X-ray?,OPENI_005492,"FINDINGS: Stable appearance of the right aortic XXXX. Normal heart size. No pneumothorax, pleural effusion or suspicious focal airspace opacity.. IMPRESSION: Stable exam with known right aortic XXXX.","FINDINGS: Stable appearance of the right aortic XXXX. Normal heart size. No pneumothorax, pleural effusion or suspicious focal airspace opacity.. IMPRESSION: Stable exam with known right aortic XXXX.",openi
OPENI_000961,What abnormality is present in this chest X-ray?,OPENI_000961,"FINDINGS: Low lung volumes with bronchovascular crowding. Otherwise, no focal alveolar consolidation, no definite pleural effusion seen. A dense nodule in the right base suggest a previous granulomatous process. Heart size within normal limits, bronchovascular crowding without typical findings of pulmonary edema.. IMPRESSION: Low lung volumes with no definite acute findings.","FINDINGS: Low lung volumes with bronchovascular crowding. Otherwise, no focal alveolar consolidation, no definite pleural effusion seen. A dense nodule in the right base suggest a previous granulomatous process. Heart size within normal limits, bronchovascular crowding without typical findings of pulmonary edema.. IMPRESSION: Low lung volumes with no definite acute findings.",openi
OPENI_005815,What abnormality is present in this chest X-ray?,OPENI_005815,"FINDINGS: 2 images. Heart size and pulmonary vascular engorgement appear within limits of normal. Mediastinal contour is unremarkable. No focal consolidation, pleural effusion, or pneumothorax identified. No convincing acute bony findings.. IMPRESSION: No acute cardiopulmonary abnormality identified.","FINDINGS: 2 images. Heart size and pulmonary vascular engorgement appear within limits of normal. Mediastinal contour is unremarkable. No focal consolidation, pleural effusion, or pneumothorax identified. No convincing acute bony findings.. IMPRESSION: No acute cardiopulmonary abnormality identified.",openi
OPENI_000218,What abnormality is present in this chest X-ray?,OPENI_000218,FINDINGS: Stable cardiomediastinal silhouette. Pulmonary vascularity is within normal limits. Lungs are expanded and clear airspace disease. Negative for pneumothorax or pleural effusion. Limited evaluation reveals the XXXX XXXX to be grossly intact.. IMPRESSION: 1. No acute cardiopulmonary abnormality.,FINDINGS: Stable cardiomediastinal silhouette. Pulmonary vascularity is within normal limits. Lungs are expanded and clear airspace disease. Negative for pneumothorax or pleural effusion. Limited evaluation reveals the XXXX XXXX to be grossly intact.. IMPRESSION: 1. No acute cardiopulmonary abnormality.,openi
OPENI_003974,What abnormality is present in this chest X-ray?,OPENI_003974,FINDINGS: Sequelae of old granulomatous disease. Lungs are clear without focal consolidation. No pleural effusions or pneumothoraces. Heart and mediastinum of normal size and contour.. IMPRESSION: Clear lungs.,FINDINGS: Sequelae of old granulomatous disease. Lungs are clear without focal consolidation. No pleural effusions or pneumothoraces. Heart and mediastinum of normal size and contour.. IMPRESSION: Clear lungs.,openi
OPENI_002156,What abnormality is present in this chest X-ray?,OPENI_002156,FINDINGS: There is a moderate sized right pleural effusion. Severe slightly smaller than is compared to XXXX. There is a small left pleural effusion. This is unchanged as compared to the prior study. There is a right chest wall venous XXXX XXXX which appears accessed. No pneumothorax. Scaphoid abdomen.. IMPRESSION: 1. Moderate sized right pleural effusion appears smaller than the prior study. 2. Small left pleural effusion appears unchanged.,FINDINGS: There is a moderate sized right pleural effusion. Severe slightly smaller than is compared to XXXX. There is a small left pleural effusion. This is unchanged as compared to the prior study. There is a right chest wall venous XXXX XXXX which appears accessed. No pneumothorax. Scaphoid abdomen.. IMPRESSION: 1. Moderate sized right pleural effusion appears smaller than the prior study. 2. Small left pleural effusion appears unchanged.,openi
OPENI_003246,What abnormality is present in this chest X-ray?,OPENI_003246,"FINDINGS: XXXX focal opacity in the medial right lung base XXXX seen on the frontal view. No definite pleural effusion. Stable cardiomediastinal silhouette with normal heart size, no typical findings of pulmonary edema.. IMPRESSION: Abnormal opacity in the right lung base which may be compatible with pneumonia in the appropriate clinical setting. Recommend clinical correlation for infection and followup to resolution. Or, if clinical findings are not compatible with XXXX may be of XXXX.","FINDINGS: XXXX focal opacity in the medial right lung base XXXX seen on the frontal view. No definite pleural effusion. Stable cardiomediastinal silhouette with normal heart size, no typical findings of pulmonary edema.. IMPRESSION: Abnormal opacity in the right lung base which may be compatible with pneumonia in the appropriate clinical setting. Recommend clinical correlation for infection and followup to resolution. Or, if clinical findings are not compatible with XXXX may be of XXXX.",openi
OPENI_006412,What abnormality is present in this chest X-ray?,OPENI_006412,"FINDINGS: The cardiomediastinal silhouette and pulmonary vasculature are within normal limits in size. The lungs are clear of focal airspace disease, pneumothorax, or pleural effusion. There are no acute bony findings.. IMPRESSION: No acute cardiopulmonary findings. .","FINDINGS: The cardiomediastinal silhouette and pulmonary vasculature are within normal limits in size. The lungs are clear of focal airspace disease, pneumothorax, or pleural effusion. There are no acute bony findings.. IMPRESSION: No acute cardiopulmonary findings. .",openi
OPENI_000497,What abnormality is present in this chest X-ray?,OPENI_000497,FINDINGS: The cardiac contours are normal. Prior granulomatous disease. The lungs are clear. Thoracic spondylosis.. IMPRESSION: No acute process.,FINDINGS: The cardiac contours are normal. Prior granulomatous disease. The lungs are clear. Thoracic spondylosis.. IMPRESSION: No acute process.,openi
OPENI_001962,What abnormality is present in this chest X-ray?,OPENI_001962,FINDINGS: Lungs are clear bilaterally. Cardiac and mediastinal silhouettes are normal. Pulmonary vasculature is normal. No pneumothorax or pleural effusion. No acute bony abnormality.. IMPRESSION: No acute cardiopulmonary abnormality.,FINDINGS: Lungs are clear bilaterally. Cardiac and mediastinal silhouettes are normal. Pulmonary vasculature is normal. No pneumothorax or pleural effusion. No acute bony abnormality.. IMPRESSION: No acute cardiopulmonary abnormality.,openi
OPENI_001887,What abnormality is present in this chest X-ray?,OPENI_001887,"FINDINGS: The heart size and cardiomediastinal silhouette are normal. The aorta is tortuous and atherosclerotic. The lungs are hyperexpanded with flattening of hemidiaphragms and increased retrosternal airspace. There is no focal airspace opacity, pleural effusion, or pneumothorax. There are degenerative changes in the thoracic spine.. IMPRESSION: 1. No acute cardiopulmonary finding. 2. Emphysema and atherosclerosis.","FINDINGS: The heart size and cardiomediastinal silhouette are normal. The aorta is tortuous and atherosclerotic. The lungs are hyperexpanded with flattening of hemidiaphragms and increased retrosternal airspace. There is no focal airspace opacity, pleural effusion, or pneumothorax. There are degenerative changes in the thoracic spine.. IMPRESSION: 1. No acute cardiopulmonary finding. 2. Emphysema and atherosclerosis.",openi
OPENI_003631,What abnormality is present in this chest X-ray?,OPENI_003631,FINDINGS: There are low volumes with bronchovascular crowding. No focal infiltrate or effusion. Heart and mediastinal contours within normal limits. No displaced fracture identified.. IMPRESSION: Low volumes with bronchovascular crowding. No acute abnormality.,FINDINGS: There are low volumes with bronchovascular crowding. No focal infiltrate or effusion. Heart and mediastinal contours within normal limits. No displaced fracture identified.. IMPRESSION: Low volumes with bronchovascular crowding. No acute abnormality.,openi
OPENI_001871,What abnormality is present in this chest X-ray?,OPENI_001871,FINDINGS: The heart is normal in size. The pulmonary vascularity is within normal limits in appearance. No focal air space opacities. No pleural effusions or pneumothorax. No acute bony abnormalities.. IMPRESSION: No acute cardiopulmonary abnormalities.,FINDINGS: The heart is normal in size. The pulmonary vascularity is within normal limits in appearance. No focal air space opacities. No pleural effusions or pneumothorax. No acute bony abnormalities.. IMPRESSION: No acute cardiopulmonary abnormalities.,openi
OPENI_000474,What abnormality is present in this chest X-ray?,OPENI_000474,FINDINGS: The cardiomediastinal silhouette is normal in size and appearance. No pleural effusion or pneumothorax. Lungs are clear.. IMPRESSION: Normal chest.,FINDINGS: The cardiomediastinal silhouette is normal in size and appearance. No pleural effusion or pneumothorax. Lungs are clear.. IMPRESSION: Normal chest.,openi
OPENI_001424,What abnormality is present in this chest X-ray?,OPENI_001424,"FINDINGS: Normal cardiomediastinal contours. Marrow pneumothorax, focal lung consolidation or pleural effusions.. IMPRESSION: No acute cardiopulmonary abnormality.","FINDINGS: Normal cardiomediastinal contours. Marrow pneumothorax, focal lung consolidation or pleural effusions.. IMPRESSION: No acute cardiopulmonary abnormality.",openi
OPENI_005556,What abnormality is present in this chest X-ray?,OPENI_005556,FINDINGS: Heart size is normal. There are densely calcified mediastinal and right hilar lymph XXXX which suggest prior histoplasmosis exposure. No consolidating airspace disease is seen within the lungs. No pleural effusion or pneumothorax. No convincing acute bony findings.. IMPRESSION: No acute abnormality identified.,FINDINGS: Heart size is normal. There are densely calcified mediastinal and right hilar lymph XXXX which suggest prior histoplasmosis exposure. No consolidating airspace disease is seen within the lungs. No pleural effusion or pneumothorax. No convincing acute bony findings.. IMPRESSION: No acute abnormality identified.,openi
OPENI_000866,What abnormality is present in this chest X-ray?,OPENI_000866,FINDINGS: Normal heart size. Mild unfolding and atherosclerotic calcification of the aorta. No focal air space consolidation. No pneumothorax or pleural effusion. Visualized bony structures are unremarkable in appearance.. IMPRESSION: No acute cardiopulmonary abnormalities.,FINDINGS: Normal heart size. Mild unfolding and atherosclerotic calcification of the aorta. No focal air space consolidation. No pneumothorax or pleural effusion. Visualized bony structures are unremarkable in appearance.. IMPRESSION: No acute cardiopulmonary abnormalities.,openi
OPENI_001282,What abnormality is present in this chest X-ray?,OPENI_001282,"FINDINGS: The cardiomediastinal silhouette and pulmonary vasculature are within normal limits in size. The lungs are clear of focal airspace disease, pneumothorax, or pleural effusion. There are no acute bony findings.. IMPRESSION: No acute cardiopulmonary findings. .","FINDINGS: The cardiomediastinal silhouette and pulmonary vasculature are within normal limits in size. The lungs are clear of focal airspace disease, pneumothorax, or pleural effusion. There are no acute bony findings.. IMPRESSION: No acute cardiopulmonary findings. .",openi
OPENI_003553,What abnormality is present in this chest X-ray?,OPENI_003553,"FINDINGS: Cardiomediastinal silhouette stable with atherosclerosis of the thoracic aorta. Diffusely coarsened interstitial markings are noted consistent with chronic lung disease, with worsened patchy opacities and a left apex and right base. No pneumothorax or pleural effusion. No acute bony abnormality.. IMPRESSION: Changes of chronic interstitial lung disease with ill-defined patchy left apical and right basilar airspace disease. PA and lateral chest radiograph may be of benefit XXXX clinically feasible.","FINDINGS: Cardiomediastinal silhouette stable with atherosclerosis of the thoracic aorta. Diffusely coarsened interstitial markings are noted consistent with chronic lung disease, with worsened patchy opacities and a left apex and right base. No pneumothorax or pleural effusion. No acute bony abnormality.. IMPRESSION: Changes of chronic interstitial lung disease with ill-defined patchy left apical and right basilar airspace disease. PA and lateral chest radiograph may be of benefit XXXX clinically feasible.",openi
OPENI_001422,What abnormality is present in this chest X-ray?,OPENI_001422,FINDINGS: Mild cardiomegaly. Tortuous aorta. No focal infiltrate. No pneumothorax or large pleural effusion. Soft tissue density identified in the medial right apex which is asymmetric compared to left.. IMPRESSION: Asymmetric right medial apical opacity which may be attributable to the sternoclavicular joint. Upper lobe airspace disease or pulmonary nodule is not entirely excluded. Recommend XXXX XXXX chest and apical lordotic view of the chest to further evaluate. Findings and recommendations were discussed XXXX. XXXX in the XXXX department at XXXX a.m. XXXX/XXXX.,FINDINGS: Mild cardiomegaly. Tortuous aorta. No focal infiltrate. No pneumothorax or large pleural effusion. Soft tissue density identified in the medial right apex which is asymmetric compared to left.. IMPRESSION: Asymmetric right medial apical opacity which may be attributable to the sternoclavicular joint. Upper lobe airspace disease or pulmonary nodule is not entirely excluded. Recommend XXXX XXXX chest and apical lordotic view of the chest to further evaluate. Findings and recommendations were discussed XXXX. XXXX in the XXXX department at XXXX a.m. XXXX/XXXX.,openi
OPENI_002993,What abnormality is present in this chest X-ray?,OPENI_002993,FINDINGS: The lungs are clear. No focal airspace consolidation. No pleural effusion or pneumothorax. Heart size is within normal limits.. IMPRESSION: Clear lungs.,FINDINGS: The lungs are clear. No focal airspace consolidation. No pleural effusion or pneumothorax. Heart size is within normal limits.. IMPRESSION: Clear lungs.,openi
OPENI_002664,What abnormality is present in this chest X-ray?,OPENI_002664,"FINDINGS: Lung volumes are low. The heart is large, the pulmonary XXXX are engorged. No infiltrates. XXXX opacity is present in the left midlung.. IMPRESSION: Hypoinflation with cardiomegaly and pulmonary venous hypertension. Left mid lung focal atelectasis.","FINDINGS: Lung volumes are low. The heart is large, the pulmonary XXXX are engorged. No infiltrates. XXXX opacity is present in the left midlung.. IMPRESSION: Hypoinflation with cardiomegaly and pulmonary venous hypertension. Left mid lung focal atelectasis.",openi
OPENI_003011,What abnormality is present in this chest X-ray?,OPENI_003011,FINDINGS: . IMPRESSION: No comparison chest x-XXXX. Well-expanded and clear lungs. Mediastinal contour within normal limits. No acute cardiopulmonary abnormality identified.,FINDINGS: . IMPRESSION: No comparison chest x-XXXX. Well-expanded and clear lungs. Mediastinal contour within normal limits. No acute cardiopulmonary abnormality identified.,openi
OPENI_001500,What abnormality is present in this chest X-ray?,OPENI_001500,FINDINGS: The heart is again enlarged. Aorta is tortuous. The lungs are hypoinflated but clear. No pleural effusion or pneumothorax is seen.. IMPRESSION: 1. Stable cardiomegaly without acute disease.,FINDINGS: The heart is again enlarged. Aorta is tortuous. The lungs are hypoinflated but clear. No pleural effusion or pneumothorax is seen.. IMPRESSION: 1. Stable cardiomegaly without acute disease.,openi
OPENI_004646,What abnormality is present in this chest X-ray?,OPENI_004646,FINDINGS: Heart size is normal. No focal consolidations. No pneumothorax or pleural effusion.. IMPRESSION: Negative chest. .,FINDINGS: Heart size is normal. No focal consolidations. No pneumothorax or pleural effusion.. IMPRESSION: Negative chest. .,openi
OPENI_001868,What abnormality is present in this chest X-ray?,OPENI_001868,"FINDINGS: CHEST. The heart, pulmonary XXXX and mediastinum are within normal limits. There is no pleural effusion or pneumothorax. There is no focal air space opacity to suggest a pneumonia. There are minimal degenerative changes of the spine. There is flattening of the hemidiaphragms. ABDOMEN. There is a normal bowel XXXX pattern. There is an IVC XXXX identified. There are phleboliths in pelvis. There mild degenerative changes of the spine.. IMPRESSION: CHEST. No acute cardiopulmonary disease. ABDOMEN. Normal bowel XXXX pattern.","FINDINGS: CHEST. The heart, pulmonary XXXX and mediastinum are within normal limits. There is no pleural effusion or pneumothorax. There is no focal air space opacity to suggest a pneumonia. There are minimal degenerative changes of the spine. There is flattening of the hemidiaphragms. ABDOMEN. There is a normal bowel XXXX pattern. There is an IVC XXXX identified. There are phleboliths in pelvis. There mild degenerative changes of the spine.. IMPRESSION: CHEST. No acute cardiopulmonary disease. ABDOMEN. Normal bowel XXXX pattern.",openi
OPENI_001298,What abnormality is present in this chest X-ray?,OPENI_001298,FINDINGS: The lungs hyperexpanded suggesting emphysema. The heart size and pulmonary vascularity appear within normal limits. Lungs are free of focal airspace disease. No pleural effusion or pneumothorax is seen. Osteopenia and degenerative changes are present in the spine.. IMPRESSION: No evidence of active disease.,FINDINGS: The lungs hyperexpanded suggesting emphysema. The heart size and pulmonary vascularity appear within normal limits. Lungs are free of focal airspace disease. No pleural effusion or pneumothorax is seen. Osteopenia and degenerative changes are present in the spine.. IMPRESSION: No evidence of active disease.,openi
OPENI_002522,What abnormality is present in this chest X-ray?,OPENI_002522,"FINDINGS: The lungs are clear bilaterally. Specifically, no evidence of focal consolidation, pneumothorax, or pleural effusion.. Cardio mediastinal silhouette is unremarkable. Visualized osseous structures of the thorax are without acute abnormality.. IMPRESSION: No acute cardiopulmonary abnormality..","FINDINGS: The lungs are clear bilaterally. Specifically, no evidence of focal consolidation, pneumothorax, or pleural effusion.. Cardio mediastinal silhouette is unremarkable. Visualized osseous structures of the thorax are without acute abnormality.. IMPRESSION: No acute cardiopulmonary abnormality..",openi
OPENI_001756,What abnormality is present in this chest X-ray?,OPENI_001756,"FINDINGS: Heart size mildly to moderately enlarged. Mild right hemidiaphragm elevation with mild bronchovascular crowding, right greater than left, indistinct vascular margination. No definite focal alveolar consolidation, no pleural effusion XXXX demonstrated.. IMPRESSION: 1. Cardiomegaly 2. Indistinct vascular margination which may be secondary to bronchovascular crowding however differential diagnosis includes mild pulmonary edema, atypical infection, inflammation","FINDINGS: Heart size mildly to moderately enlarged. Mild right hemidiaphragm elevation with mild bronchovascular crowding, right greater than left, indistinct vascular margination. No definite focal alveolar consolidation, no pleural effusion XXXX demonstrated.. IMPRESSION: 1. Cardiomegaly 2. Indistinct vascular margination which may be secondary to bronchovascular crowding however differential diagnosis includes mild pulmonary edema, atypical infection, inflammation",openi
OPENI_006559,What abnormality is present in this chest X-ray?,OPENI_006559,"FINDINGS: Stable flattening of the posterior diaphragm and scattered chronic appearing irregular interstitial markings with no focal alveolar consolidation. Stable cardiomediastinal silhouette with normal heart size and aortic ectasia/tortuosity, stable mediastinal contours. No definite pleural effusion seen, no typical findings of pulmonary edema. Following spine ossifications and marginal osteophytes again noted.. IMPRESSION: Chronic changes as described, no acute findings","FINDINGS: Stable flattening of the posterior diaphragm and scattered chronic appearing irregular interstitial markings with no focal alveolar consolidation. Stable cardiomediastinal silhouette with normal heart size and aortic ectasia/tortuosity, stable mediastinal contours. No definite pleural effusion seen, no typical findings of pulmonary edema. Following spine ossifications and marginal osteophytes again noted.. IMPRESSION: Chronic changes as described, no acute findings",openi
OPENI_000753,What abnormality is present in this chest X-ray?,OPENI_000753,FINDINGS: Normal cardiac size. Normal pulmonary vasculature. No airspace disease. Negative for pneumothorax. Negative for acute osseous deformity. The thoracic spine has a normal appearance.. IMPRESSION: Unremarkable 2 views of the chest.,FINDINGS: Normal cardiac size. Normal pulmonary vasculature. No airspace disease. Negative for pneumothorax. Negative for acute osseous deformity. The thoracic spine has a normal appearance.. IMPRESSION: Unremarkable 2 views of the chest.,openi
OPENI_003873,What abnormality is present in this chest X-ray?,OPENI_003873,FINDINGS: . IMPRESSION: Heart size normal.No significant change in left base airspace disease and small effusion. Small residual right pneumothorax. Increased right base atelectasis.Catheter overlying the right mediastinum may be outside the patient is.,FINDINGS: . IMPRESSION: Heart size normal.No significant change in left base airspace disease and small effusion. Small residual right pneumothorax. Increased right base atelectasis.Catheter overlying the right mediastinum may be outside the patient is.,openi
OPENI_001421,What abnormality is present in this chest X-ray?,OPENI_001421,"FINDINGS: There are T-spine osteophytes. There calcified costochondral cartilages. There is loss of disc XXXX of a midthoracic vertebral body. There are streaky opacities in both lung bases which may represent atelectasis or scarring. No pneumothorax. The heart is borderline enlarged.. IMPRESSION: 1. Borderline cardiomegaly. 2. Age-indeterminate, XXXX chronic, XXXX deformity in the midthoracic spine.","FINDINGS: There are T-spine osteophytes. There calcified costochondral cartilages. There is loss of disc XXXX of a midthoracic vertebral body. There are streaky opacities in both lung bases which may represent atelectasis or scarring. No pneumothorax. The heart is borderline enlarged.. IMPRESSION: 1. Borderline cardiomegaly. 2. Age-indeterminate, XXXX chronic, XXXX deformity in the midthoracic spine.",openi
OPENI_004093,What abnormality is present in this chest X-ray?,OPENI_004093,FINDINGS: Stable cardiomediastinal silhouette with borderline heart size and aortic ectasia/tortuosity. Stable hyperinflation without focal alveolar consolidation. No definite pleural effusion seen. No typical findings of pulmonary edema. Healed left rib fractures again noted.. IMPRESSION: No acute findings,FINDINGS: Stable cardiomediastinal silhouette with borderline heart size and aortic ectasia/tortuosity. Stable hyperinflation without focal alveolar consolidation. No definite pleural effusion seen. No typical findings of pulmonary edema. Healed left rib fractures again noted.. IMPRESSION: No acute findings,openi
OPENI_001727,What abnormality is present in this chest X-ray?,OPENI_001727,"FINDINGS: The heart and cardiomediastinal silhouette or normal in size and contour. There is no focal air space opacity, pleural effusion, or pneumothorax. The osseous structures are intact.. IMPRESSION: No acute cardiopulmonary finding.","FINDINGS: The heart and cardiomediastinal silhouette or normal in size and contour. There is no focal air space opacity, pleural effusion, or pneumothorax. The osseous structures are intact.. IMPRESSION: No acute cardiopulmonary finding.",openi
OPENI_000744,What abnormality is present in this chest X-ray?,OPENI_000744,"FINDINGS: The lungs are clear bilaterally. Specifically, no evidence of focal consolidation, pneumothorax, or pleural effusion.. Scattered calcified granulomas noted. Cardio mediastinal silhouette is unremarkable. Visualized osseous structures of the thorax demonstrate mild multilevel degenerative disc disease of the thoracolumbar spine without acute abnormality.. IMPRESSION: No acute cardiopulmonary abnormality.","FINDINGS: The lungs are clear bilaterally. Specifically, no evidence of focal consolidation, pneumothorax, or pleural effusion.. Scattered calcified granulomas noted. Cardio mediastinal silhouette is unremarkable. Visualized osseous structures of the thorax demonstrate mild multilevel degenerative disc disease of the thoracolumbar spine without acute abnormality.. IMPRESSION: No acute cardiopulmonary abnormality.",openi
OPENI_003482,What abnormality is present in this chest X-ray?,OPENI_003482,"FINDINGS: Heart size normal. Lungs are clear. XXXX are normal. No pneumonia, effusions, edema, pneumothorax, adenopathy, nodules or masses.. IMPRESSION: Normal chest","FINDINGS: Heart size normal. Lungs are clear. XXXX are normal. No pneumonia, effusions, edema, pneumothorax, adenopathy, nodules or masses.. IMPRESSION: Normal chest",openi
OPENI_006320,What abnormality is present in this chest X-ray?,OPENI_006320,"FINDINGS: There are midline sternotomy XXXX and mediastinal clips consistent with prior CABG. The heart is enlarged with unfolding of the aorta. There is prominence of the interstitial markings with fluid in the fissures consistent with interstitial edema. There is no focal airspace opacity, large pleural effusion, or pneumothorax. There multilevel degenerative spine changes.. IMPRESSION: 1. Interstitial pulmonary edema. 2. Cardiomegaly.","FINDINGS: There are midline sternotomy XXXX and mediastinal clips consistent with prior CABG. The heart is enlarged with unfolding of the aorta. There is prominence of the interstitial markings with fluid in the fissures consistent with interstitial edema. There is no focal airspace opacity, large pleural effusion, or pneumothorax. There multilevel degenerative spine changes.. IMPRESSION: 1. Interstitial pulmonary edema. 2. Cardiomegaly.",openi
OPENI_005390,What abnormality is present in this chest X-ray?,OPENI_005390,"FINDINGS: There is interval placement of a XXXX on the left chest with the catheter tip in the cavoatrial junction. The heart size is within normal limits. Lung volumes within normal limits. Slightly prominent pulmonary vascularity noted. Increased peribronchial cuffing. No large consolidation, effusion, or pneumothorax. There is subpleural edema outlining the right XXXX fissure.. IMPRESSION: 1. Stable and adequately placed XXXX. 2. Prominent pulmonary vasculature, subpleural edema, and peribronchial cuffing suggestive of volume overload versus viral bronchiolitis.","FINDINGS: There is interval placement of a XXXX on the left chest with the catheter tip in the cavoatrial junction. The heart size is within normal limits. Lung volumes within normal limits. Slightly prominent pulmonary vascularity noted. Increased peribronchial cuffing. No large consolidation, effusion, or pneumothorax. There is subpleural edema outlining the right XXXX fissure.. IMPRESSION: 1. Stable and adequately placed XXXX. 2. Prominent pulmonary vasculature, subpleural edema, and peribronchial cuffing suggestive of volume overload versus viral bronchiolitis.",openi
OPENI_003129,What abnormality is present in this chest X-ray?,OPENI_003129,FINDINGS: The heart size and pulmonary vascularity appear within normal limits. The lungs are free of focal airspace disease. No pleural effusion or pneumothorax is seen. PICC line is in XXXX. The tip is in the upper right atrium.. IMPRESSION: 1. No evidence of active disease.,FINDINGS: The heart size and pulmonary vascularity appear within normal limits. The lungs are free of focal airspace disease. No pleural effusion or pneumothorax is seen. PICC line is in XXXX. The tip is in the upper right atrium.. IMPRESSION: 1. No evidence of active disease.,openi
OPENI_001150,What abnormality is present in this chest X-ray?,OPENI_001150,FINDINGS: . IMPRESSION: The heart size and cardiomediastinal silhouette are within normal limits. Pulmonary vasculature appears normal. There is no focal air space consolidation. No pleural effusion or pneumothorax.,FINDINGS: . IMPRESSION: The heart size and cardiomediastinal silhouette are within normal limits. Pulmonary vasculature appears normal. There is no focal air space consolidation. No pleural effusion or pneumothorax.,openi
OPENI_001076,What abnormality is present in this chest X-ray?,OPENI_001076,"FINDINGS: . IMPRESSION: Mild hyperinflation. Scattered chronic appearing irregular interstitial markings with no focal alveolar consolidation. No definite pleural effusion seen. Heart size near top normal limits, aortic ectasia/tortuosity similar to prior. Right hemidiaphragm eventration. No typical findings of pulmonary edema.","FINDINGS: . IMPRESSION: Mild hyperinflation. Scattered chronic appearing irregular interstitial markings with no focal alveolar consolidation. No definite pleural effusion seen. Heart size near top normal limits, aortic ectasia/tortuosity similar to prior. Right hemidiaphragm eventration. No typical findings of pulmonary edema.",openi
OPENI_001340,What abnormality is present in this chest X-ray?,OPENI_001340,FINDINGS: Lungs are clear. No pleural effusions or pneumothoraces. Heart size is normal with postoperative changes consistent with CABG. Degenerative changes in the thoracic spine.. IMPRESSION: Clear lungs,FINDINGS: Lungs are clear. No pleural effusions or pneumothoraces. Heart size is normal with postoperative changes consistent with CABG. Degenerative changes in the thoracic spine.. IMPRESSION: Clear lungs,openi
OPENI_001329,What abnormality is present in this chest X-ray?,OPENI_001329,"FINDINGS: Chest. Lung volumes are low, but no focal infiltrates are present. Heart and mediastinum remain normal. Abdomen. Multiple slightly distended loops are present from stomach to rectum. Formed stool is present in the rectum.. IMPRESSION: 1. Chest. Hypoinflation with no visible active cardiopulmonary disease. 2. Abdomen. Negative. No mechanical obstruction.","FINDINGS: Chest. Lung volumes are low, but no focal infiltrates are present. Heart and mediastinum remain normal. Abdomen. Multiple slightly distended loops are present from stomach to rectum. Formed stool is present in the rectum.. IMPRESSION: 1. Chest. Hypoinflation with no visible active cardiopulmonary disease. 2. Abdomen. Negative. No mechanical obstruction.",openi
OPENI_001906,What abnormality is present in this chest X-ray?,OPENI_001906,FINDINGS: Normal heart size and mediastinal contour. Right lung base airspace disease on frontal XXXX. XXXX opacities in the left lung base consistent with atelectasis. No pneumothorax. No pleural effusion. Mild wedge XXXX deformity of T12.. IMPRESSION: Right lung base airspace disease and left base atelectasis.,FINDINGS: Normal heart size and mediastinal contour. Right lung base airspace disease on frontal XXXX. XXXX opacities in the left lung base consistent with atelectasis. No pneumothorax. No pleural effusion. Mild wedge XXXX deformity of T12.. IMPRESSION: Right lung base airspace disease and left base atelectasis.,openi
OPENI_002624,What abnormality is present in this chest X-ray?,OPENI_002624,FINDINGS: There's been interval enlargement in the cardiac silhouette. These XXXX't contours are within normal limits. The lungs are normally inflated and clear. Osseous structures are within normal limits for patient age.. IMPRESSION: 1. No acute radiographic cardiopulmonary process. 2. Interval development of cardiomegaly.,FINDINGS: There's been interval enlargement in the cardiac silhouette. These XXXX't contours are within normal limits. The lungs are normally inflated and clear. Osseous structures are within normal limits for patient age.. IMPRESSION: 1. No acute radiographic cardiopulmonary process. 2. Interval development of cardiomegaly.,openi
OPENI_005328,What abnormality is present in this chest X-ray?,OPENI_005328,"FINDINGS: Lung volumes are low. Prominent increased interstitial markings in both lungs are unchanged in the interval. Bullae are present both upper lobes, right worse than left. No pleural air collections. Heart size normal.. IMPRESSION: Chronic interstitial and bullous disease. No acute findings.","FINDINGS: Lung volumes are low. Prominent increased interstitial markings in both lungs are unchanged in the interval. Bullae are present both upper lobes, right worse than left. No pleural air collections. Heart size normal.. IMPRESSION: Chronic interstitial and bullous disease. No acute findings.",openi
OPENI_006075,What abnormality is present in this chest X-ray?,OPENI_006075,FINDINGS: Heart size and pulmonary vascularity appear within normal limits. There is mild tortuosity to the descending thoracic aorta. The lungs are free of focal airspace disease. No pleural effusion or pneumothorax is seen. No discrete nodules or adenopathy are noted. Degenerative changes are present in the spine.. IMPRESSION: No evidence of active disease.,FINDINGS: Heart size and pulmonary vascularity appear within normal limits. There is mild tortuosity to the descending thoracic aorta. The lungs are free of focal airspace disease. No pleural effusion or pneumothorax is seen. No discrete nodules or adenopathy are noted. Degenerative changes are present in the spine.. IMPRESSION: No evidence of active disease.,openi
OPENI_004681,What abnormality is present in this chest X-ray?,OPENI_004681,FINDINGS: On the right there is marked narrowing of the hip joint space uniformly throughout. Osteophyte formation is present with some sclerosis and subchondral cyst formation vertically along the superior acetabulum and femoral head. I do not see evidence for fracture or destructive process. AP view of the femur shows no femoral XXXX destructive process or other significant abnormality. For of the Left hip shows near-complete obliteration of the joint space with severe subchondral sclerosis and cystic formation in both the superior acetabulum and superior aspect of the femoral head. No fracture or destructive process is identified. Surgical markers were XXXX in the images and left hip for the purpose of surgical planning. PA and lateral chest show the lungs to be clear. There may be some hyperinflation. No pleural effusion is identified. The heart is normal in size. There are calcified mediastinal lymph XXXX. The skeletal structures appear normal.. IMPRESSION: 1.Severe arthritic changes in both hips left worse than right. 2. Possible COPD but no acute pulmonary disease.,FINDINGS: On the right there is marked narrowing of the hip joint space uniformly throughout. Osteophyte formation is present with some sclerosis and subchondral cyst formation vertically along the superior acetabulum and femoral head. I do not see evidence for fracture or destructive process. AP view of the femur shows no femoral XXXX destructive process or other significant abnormality. For of the Left hip shows near-complete obliteration of the joint space with severe subchondral sclerosis and cystic formation in both the superior acetabulum and superior aspect of the femoral head. No fracture or destructive process is identified. Surgical markers were XXXX in the images and left hip for the purpose of surgical planning. PA and lateral chest show the lungs to be clear. There may be some hyperinflation. No pleural effusion is identified. The heart is normal in size. There are calcified mediastinal lymph XXXX. The skeletal structures appear normal.. IMPRESSION: 1.Severe arthritic changes in both hips left worse than right. 2. Possible COPD but no acute pulmonary disease.,openi
OPENI_006569,What abnormality is present in this chest X-ray?,OPENI_006569,"FINDINGS: The trachea is midline. The cardiomediastinal silhouette appears normal. There are no acute infiltrates, effusions. There is no evidence of pneumothorax. Visualized bony structures are intact with no acute abnormalities.. IMPRESSION: Normal chest x-XXXX","FINDINGS: The trachea is midline. The cardiomediastinal silhouette appears normal. There are no acute infiltrates, effusions. There is no evidence of pneumothorax. Visualized bony structures are intact with no acute abnormalities.. IMPRESSION: Normal chest x-XXXX",openi
OPENI_000240,What abnormality is present in this chest X-ray?,OPENI_000240,"FINDINGS: No focal consolidation, pneumothorax, or pleural effusion. Cardiomediastinal silhouette is stable and unremarkable. No acute osseous abnormalities are identified.. IMPRESSION: No acute cardiopulmonary abnormality..","FINDINGS: No focal consolidation, pneumothorax, or pleural effusion. Cardiomediastinal silhouette is stable and unremarkable. No acute osseous abnormalities are identified.. IMPRESSION: No acute cardiopulmonary abnormality..",openi
OPENI_003219,What abnormality is present in this chest X-ray?,OPENI_003219,"FINDINGS: Heart size and mediastinal contours are within normal limits. There is no pneumothorax, pleural effusion, focal airspace consolidation.. IMPRESSION: No acute cardiopulmonary findings.","FINDINGS: Heart size and mediastinal contours are within normal limits. There is no pneumothorax, pleural effusion, focal airspace consolidation.. IMPRESSION: No acute cardiopulmonary findings.",openi
OPENI_004669,What abnormality is present in this chest X-ray?,OPENI_004669,FINDINGS: The heart and lungs have XXXX XXXX in the interval. Both lungs are clear and expanded. Heart and mediastinum normal.. IMPRESSION: No active disease.,FINDINGS: The heart and lungs have XXXX XXXX in the interval. Both lungs are clear and expanded. Heart and mediastinum normal.. IMPRESSION: No active disease.,openi
OPENI_004715,What abnormality is present in this chest X-ray?,OPENI_004715,FINDINGS: The lungs are clear without evidence of focal airspace disease. There is no evidence of pneumothorax or large pleural effusion. The cardiac and mediastinal contours are within normal limits. The XXXX are unremarkable.. IMPRESSION: No radiographic evidence of acute cardiopulmonary disease.,FINDINGS: The lungs are clear without evidence of focal airspace disease. There is no evidence of pneumothorax or large pleural effusion. The cardiac and mediastinal contours are within normal limits. The XXXX are unremarkable.. IMPRESSION: No radiographic evidence of acute cardiopulmonary disease.,openi
OPENI_005861,What abnormality is present in this chest X-ray?,OPENI_005861,"FINDINGS: . IMPRESSION: Stable appearing chest with low lung volumes. Reticulonodular changes in left lung base and periphery of left lung most XXXX representing chronic inflammatory change. Also some peripheral XXXX fibrotic appearing opacity in the periphery the right upper lobe, grossly stable. No XXXX acute airspace consolidation. Stable mediastinal contour.","FINDINGS: . IMPRESSION: Stable appearing chest with low lung volumes. Reticulonodular changes in left lung base and periphery of left lung most XXXX representing chronic inflammatory change. Also some peripheral XXXX fibrotic appearing opacity in the periphery the right upper lobe, grossly stable. No XXXX acute airspace consolidation. Stable mediastinal contour.",openi
OPENI_002604,What abnormality is present in this chest X-ray?,OPENI_002604,"FINDINGS: Cardiomediastinal silhouette is unchanged with mild cardiomegaly. There is relative elevation of the right hemidiaphragm consistent with history of right lower lobectomy, without focal consolidation, pneumothorax, or effusion identified. Irregularity of the right fifth and sixth ribs stable since at XXXX XXXX and XXXX postsurgical/post traumatic in XXXX. Left shoulder rotator XXXX bone anchor noted. No acute osseous abnormality identified.. IMPRESSION: Surgical changes of the right hemithorax and mild cardiomegaly without acute cardiopulmonary abnormality identified. .","FINDINGS: Cardiomediastinal silhouette is unchanged with mild cardiomegaly. There is relative elevation of the right hemidiaphragm consistent with history of right lower lobectomy, without focal consolidation, pneumothorax, or effusion identified. Irregularity of the right fifth and sixth ribs stable since at XXXX XXXX and XXXX postsurgical/post traumatic in XXXX. Left shoulder rotator XXXX bone anchor noted. No acute osseous abnormality identified.. IMPRESSION: Surgical changes of the right hemithorax and mild cardiomegaly without acute cardiopulmonary abnormality identified. .",openi
OPENI_002595,What abnormality is present in this chest X-ray?,OPENI_002595,"FINDINGS: Heart size is normal. Prior calcified granulomatous disease. On the lateral view in the anterior costophrenic XXXX, there is a 2.1 x 2 cm nodular density which seems to be present previously but is more nodular in appearance on this examination. No pleural effusion or pneumothorax. Endplate degenerative changes of the thoracolumbar spine and mild scoliosis are unchanged.. IMPRESSION: 2.1 cm nodular density in the anterior costophrenic XXXX on the lateral view, which could represent overlapping shadows or actual pulmonary nodule. Recommend followup with chest CT.","FINDINGS: Heart size is normal. Prior calcified granulomatous disease. On the lateral view in the anterior costophrenic XXXX, there is a 2.1 x 2 cm nodular density which seems to be present previously but is more nodular in appearance on this examination. No pleural effusion or pneumothorax. Endplate degenerative changes of the thoracolumbar spine and mild scoliosis are unchanged.. IMPRESSION: 2.1 cm nodular density in the anterior costophrenic XXXX on the lateral view, which could represent overlapping shadows or actual pulmonary nodule. Recommend followup with chest CT.",openi
OPENI_006611,What abnormality is present in this chest X-ray?,OPENI_006611,"FINDINGS: The lungs are clear bilaterally. Specifically, no evidence of focal consolidation, pneumothorax, or pleural effusion.. Cardiomediastinal silhouette is unremarkable. Visualized osseous structures of the thorax are without acute abnormality.. IMPRESSION: No acute cardiopulmonary abnormality.","FINDINGS: The lungs are clear bilaterally. Specifically, no evidence of focal consolidation, pneumothorax, or pleural effusion.. Cardiomediastinal silhouette is unremarkable. Visualized osseous structures of the thorax are without acute abnormality.. IMPRESSION: No acute cardiopulmonary abnormality.",openi
OPENI_000707,What abnormality is present in this chest X-ray?,OPENI_000707,"FINDINGS: There are diffuse bilateral interstitial and alveolar opacities consistent with chronic obstructive lung disease and bullous emphysema. There are irregular opacities in the left lung apex, that could represent a cavitary lesion in the left lung apex.There are streaky opacities in the right upper lobe, XXXX scarring. The cardiomediastinal silhouette is normal in size and contour. There is no pneumothorax or large pleural effusion.. IMPRESSION: 1. Bullous emphysema and interstitial fibrosis. 2. Probably scarring in the left apex, although difficult to exclude a cavitary lesion. 3. Opacities in the bilateral upper lobes could represent scarring, however the absence of comparison exam, recommend short interval followup radiograph or CT thorax to document resolution.","FINDINGS: There are diffuse bilateral interstitial and alveolar opacities consistent with chronic obstructive lung disease and bullous emphysema. There are irregular opacities in the left lung apex, that could represent a cavitary lesion in the left lung apex.There are streaky opacities in the right upper lobe, XXXX scarring. The cardiomediastinal silhouette is normal in size and contour. There is no pneumothorax or large pleural effusion.. IMPRESSION: 1. Bullous emphysema and interstitial fibrosis. 2. Probably scarring in the left apex, although difficult to exclude a cavitary lesion. 3. Opacities in the bilateral upper lobes could represent scarring, however the absence of comparison exam, recommend short interval followup radiograph or CT thorax to document resolution.",openi
OPENI_003625,What abnormality is present in this chest X-ray?,OPENI_003625,FINDINGS: The lungs are clear. The cardiomediastinal silhouette is within normal limits. No pneumothorax or pleural effusion.. IMPRESSION: Negative chest .,FINDINGS: The lungs are clear. The cardiomediastinal silhouette is within normal limits. No pneumothorax or pleural effusion.. IMPRESSION: Negative chest .,openi
OPENI_005363,What abnormality is present in this chest X-ray?,OPENI_005363,FINDINGS: . IMPRESSION: No focal lung consolidation. No pneumothorax or large pleural effusion. There is marked cardiomegaly. Aortic calcifications consistent with atherosclerotic disease. Degenerative changes of the thoracic spine and right shoulder.,FINDINGS: . IMPRESSION: No focal lung consolidation. No pneumothorax or large pleural effusion. There is marked cardiomegaly. Aortic calcifications consistent with atherosclerotic disease. Degenerative changes of the thoracic spine and right shoulder.,openi
OPENI_003793,What abnormality is present in this chest X-ray?,OPENI_003793,"FINDINGS: The cardiomediastinal silhouette is within normal limits for appearance. No focal areas of pulmonary consolidation. Calcified lymph XXXX are identified in the left infrahilar region. No pneumothorax. No pleural effusion. No acute, displaced rib fractures identified.. IMPRESSION: 1. No acute intrathoracic abnormality.","FINDINGS: The cardiomediastinal silhouette is within normal limits for appearance. No focal areas of pulmonary consolidation. Calcified lymph XXXX are identified in the left infrahilar region. No pneumothorax. No pleural effusion. No acute, displaced rib fractures identified.. IMPRESSION: 1. No acute intrathoracic abnormality.",openi
OPENI_006589,What abnormality is present in this chest X-ray?,OPENI_006589,"FINDINGS: Right jugular XXXX catheter present with tip overlying the lower SVC. Curvilinear density projecting over the upper chest appears external on the lateral projection. Correlate clinically. Normal heart size and mediastinal contour appear normal pulmonary vascularity. XXXX scar/subsegmental atelectasis in the lingula. No focal airspace consolidation, pleural effusion, or pneumothorax. No acute osseous findings. Mild degenerative changes of the spine.. IMPRESSION: No acute cardiopulmonary findings.","FINDINGS: Right jugular XXXX catheter present with tip overlying the lower SVC. Curvilinear density projecting over the upper chest appears external on the lateral projection. Correlate clinically. Normal heart size and mediastinal contour appear normal pulmonary vascularity. XXXX scar/subsegmental atelectasis in the lingula. No focal airspace consolidation, pleural effusion, or pneumothorax. No acute osseous findings. Mild degenerative changes of the spine.. IMPRESSION: No acute cardiopulmonary findings.",openi
OPENI_003384,What abnormality is present in this chest X-ray?,OPENI_003384,FINDINGS: . IMPRESSION: No comparison chest x-XXXX. Well-expanded and clear lungs. Mediastinal contour within normal limits. No acute cardiopulmonary abnormality identified.,FINDINGS: . IMPRESSION: No comparison chest x-XXXX. Well-expanded and clear lungs. Mediastinal contour within normal limits. No acute cardiopulmonary abnormality identified.,openi
OPENI_002587,What abnormality is present in this chest X-ray?,OPENI_002587,FINDINGS: No pneumothorax. Heart size is normal. No large pleural effusions. No focal airspace consolidation.. IMPRESSION: No acute cardiopulmonary abnormalities.,FINDINGS: No pneumothorax. Heart size is normal. No large pleural effusions. No focal airspace consolidation.. IMPRESSION: No acute cardiopulmonary abnormalities.,openi
OPENI_002597,What abnormality is present in this chest X-ray?,OPENI_002597,FINDINGS: Lungs are clear bilaterally. Cardiac and mediastinal silhouettes are normal. Pulmonary vasculature is normal. No pneumothorax or pleural effusion. No acute bony abnormality.. IMPRESSION: No acute cardiopulmonary abnormality.,FINDINGS: Lungs are clear bilaterally. Cardiac and mediastinal silhouettes are normal. Pulmonary vasculature is normal. No pneumothorax or pleural effusion. No acute bony abnormality.. IMPRESSION: No acute cardiopulmonary abnormality.,openi
OPENI_001375,What abnormality is present in this chest X-ray?,OPENI_001375,FINDINGS: Normal heart. Clear lungs. Stable calcified granuloma left midlung. No pneumothorax. No pleural effusion. Midline trachea.. IMPRESSION: Normal chest exam.,FINDINGS: Normal heart. Clear lungs. Stable calcified granuloma left midlung. No pneumothorax. No pleural effusion. Midline trachea.. IMPRESSION: Normal chest exam.,openi
OPENI_002411,What abnormality is present in this chest X-ray?,OPENI_002411,FINDINGS: There is mild hyperinflation. There is no focal consolidation. There is no pneumothorax or large pleural effusion. The cardiomediastinal contours are grossly unremarkable. The heart size is within normal limits. cardiac XXXX generator overlies the left upper thorax with XXXX XXXX tips overlying the right atrium and ventricles.. IMPRESSION: No acute cardiopulmonary findings. .,FINDINGS: There is mild hyperinflation. There is no focal consolidation. There is no pneumothorax or large pleural effusion. The cardiomediastinal contours are grossly unremarkable. The heart size is within normal limits. cardiac XXXX generator overlies the left upper thorax with XXXX XXXX tips overlying the right atrium and ventricles.. IMPRESSION: No acute cardiopulmonary findings. .,openi
OPENI_004261,What abnormality is present in this chest X-ray?,OPENI_004261,FINDINGS: There is a moderate right-sided pneumothorax measuring approximately 3.3 cm in the right apex. There is a minimally displaced right lateral 8th rib fracture and probable nondisplaced right lateral 7th rib fracture. Cardiomediastinal silhouette is within normal limits. Left lung is clear.. IMPRESSION: 1. Moderate right-sided pneumothorax measuring approximately 3.3 cm in the right apex. 2. Minimally displaced right lateral 8th rib fracture probable nondisplaced right lateral 7th rib fracture.,FINDINGS: There is a moderate right-sided pneumothorax measuring approximately 3.3 cm in the right apex. There is a minimally displaced right lateral 8th rib fracture and probable nondisplaced right lateral 7th rib fracture. Cardiomediastinal silhouette is within normal limits. Left lung is clear.. IMPRESSION: 1. Moderate right-sided pneumothorax measuring approximately 3.3 cm in the right apex. 2. Minimally displaced right lateral 8th rib fracture probable nondisplaced right lateral 7th rib fracture.,openi
OPENI_001761,What abnormality is present in this chest X-ray?,OPENI_001761,"FINDINGS: Lung volumes are decreased from XXXX, and there is resultant bronchovascular crowding. No evidence of focal airspace disease. No definite pleural effusion or pneumothorax. Cardiomediastinal silhouette is within normal limits given the low lung volumes. No free subdiaphragmatic air. Grossly stable mild degenerative changes of the right lower thoracic spine.. IMPRESSION: No acute pulmonary disease.","FINDINGS: Lung volumes are decreased from XXXX, and there is resultant bronchovascular crowding. No evidence of focal airspace disease. No definite pleural effusion or pneumothorax. Cardiomediastinal silhouette is within normal limits given the low lung volumes. No free subdiaphragmatic air. Grossly stable mild degenerative changes of the right lower thoracic spine.. IMPRESSION: No acute pulmonary disease.",openi
OPENI_002657,What abnormality is present in this chest X-ray?,OPENI_002657,FINDINGS: Soft tissue neck. The airway is XXXX. No laryngeal edema. Laryngeal XXXX intact. Cervical spine intact. Chest. The heart is large. Diffuse parahilar and alveolar consolidations are present. Bilateral costophrenic XXXX blunting is present.. IMPRESSION: 1. Soft tissue neck negative. 2. Chest. Heart failure with pulmonary alveolar edema and pleural effusion.,FINDINGS: Soft tissue neck. The airway is XXXX. No laryngeal edema. Laryngeal XXXX intact. Cervical spine intact. Chest. The heart is large. Diffuse parahilar and alveolar consolidations are present. Bilateral costophrenic XXXX blunting is present.. IMPRESSION: 1. Soft tissue neck negative. 2. Chest. Heart failure with pulmonary alveolar edema and pleural effusion.,openi
OPENI_004428,What abnormality is present in this chest X-ray?,OPENI_004428,FINDINGS: Lungs are clear. No pleural effusions or pneumothoraces. Heart and mediastinum of normal size and contour.. IMPRESSION: Clear lungs.,FINDINGS: Lungs are clear. No pleural effusions or pneumothoraces. Heart and mediastinum of normal size and contour.. IMPRESSION: Clear lungs.,openi
OPENI_005461,What abnormality is present in this chest X-ray?,OPENI_005461,FINDINGS: The heart is normal in size. The mediastinum is unremarkable. The lungs are clear.. IMPRESSION: No acute disease.,FINDINGS: The heart is normal in size. The mediastinum is unremarkable. The lungs are clear.. IMPRESSION: No acute disease.,openi
OPENI_004376,What abnormality is present in this chest X-ray?,OPENI_004376,FINDINGS: The lungs are clear. There are calcified left hilar lymph XXXX. The heart and mediastinum are normal. The skeletal structures are notable for an old apparent fracture at T12-L1 or congenital fusion unchanged from the prior study.. IMPRESSION: 1. No acute pulmonary disease. 2. Possible old injury or developmental anomaly partially T12-L1.,FINDINGS: The lungs are clear. There are calcified left hilar lymph XXXX. The heart and mediastinum are normal. The skeletal structures are notable for an old apparent fracture at T12-L1 or congenital fusion unchanged from the prior study.. IMPRESSION: 1. No acute pulmonary disease. 2. Possible old injury or developmental anomaly partially T12-L1.,openi
OPENI_006298,What abnormality is present in this chest X-ray?,OPENI_006298,FINDINGS: Heart size and pulmonary vascularity appear within normal limits. Calcified granuloma is present in the right base. No pneumothorax or pleural effusion is seen. In the lateral right base is identified an ill-defined somewhat oblong opacity. This was not present on the previous study. The remainder of the lungs appear clear.. IMPRESSION: 1. Ill-defined oblong opacity in the lateral right base. This may represent pleural based process. The exact XXXX is unclear. Followup exam is suggested to confirm clearing or stability.,FINDINGS: Heart size and pulmonary vascularity appear within normal limits. Calcified granuloma is present in the right base. No pneumothorax or pleural effusion is seen. In the lateral right base is identified an ill-defined somewhat oblong opacity. This was not present on the previous study. The remainder of the lungs appear clear.. IMPRESSION: 1. Ill-defined oblong opacity in the lateral right base. This may represent pleural based process. The exact XXXX is unclear. Followup exam is suggested to confirm clearing or stability.,openi
OPENI_000477,What abnormality is present in this chest X-ray?,OPENI_000477,FINDINGS: The heart is normal in size and contour. There is no mediastinal widening. The lungs are clear bilaterally. No large pleural effusion or pneumothorax. The XXXX are intact.. IMPRESSION: No acute cardiopulmonary abnormalities.,FINDINGS: The heart is normal in size and contour. There is no mediastinal widening. The lungs are clear bilaterally. No large pleural effusion or pneumothorax. The XXXX are intact.. IMPRESSION: No acute cardiopulmonary abnormalities.,openi
OPENI_004036,What abnormality is present in this chest X-ray?,OPENI_004036,FINDINGS: Heart size is within normal limits. Trachea is midline. The lung volumes are slightly on the low side. Lungs are otherwise clear without pleural effusion or pneumothorax. No focal consolidations. No bony or soft tissue abnormalities.. IMPRESSION: No acute cardiopulmonary abnormality.,FINDINGS: Heart size is within normal limits. Trachea is midline. The lung volumes are slightly on the low side. Lungs are otherwise clear without pleural effusion or pneumothorax. No focal consolidations. No bony or soft tissue abnormalities.. IMPRESSION: No acute cardiopulmonary abnormality.,openi
OPENI_006092,What abnormality is present in this chest X-ray?,OPENI_006092,"FINDINGS: Borderline cardiomegaly, XXXX at XXXX partially accentuated by low lung volumes. Right upper lobe calcified granuloma. No focal consolidation, pneumothorax or large pleural effusion. Negative for acute bone abnormality.. IMPRESSION: Low lung volumes, otherwise clear.","FINDINGS: Borderline cardiomegaly, XXXX at XXXX partially accentuated by low lung volumes. Right upper lobe calcified granuloma. No focal consolidation, pneumothorax or large pleural effusion. Negative for acute bone abnormality.. IMPRESSION: Low lung volumes, otherwise clear.",openi
OPENI_003090,What abnormality is present in this chest X-ray?,OPENI_003090,FINDINGS: . IMPRESSION: Heart size is normal. Lungs are clear. Minimal platelike atelectasis left base.,FINDINGS: . IMPRESSION: Heart size is normal. Lungs are clear. Minimal platelike atelectasis left base.,openi
OPENI_005383,What abnormality is present in this chest X-ray?,OPENI_005383,FINDINGS: There are no focal areas of consolidation. No pleural effusions. No pneumothorax. Heart size within normal limits. Calcified granulomas. Degenerative changes thoracic spine.. IMPRESSION: ,FINDINGS: There are no focal areas of consolidation. No pleural effusions. No pneumothorax. Heart size within normal limits. Calcified granulomas. Degenerative changes thoracic spine.. IMPRESSION: ,openi
OPENI_005696,What abnormality is present in this chest X-ray?,OPENI_005696,"FINDINGS: The cardiomediastinal silhouette is normal in size and contour. Low lung volumes without focal consolidation, pneumothorax or large pleural effusion. Negative for acute bone abnormality.. IMPRESSION: Low lung volumes, otherwise clear.","FINDINGS: The cardiomediastinal silhouette is normal in size and contour. Low lung volumes without focal consolidation, pneumothorax or large pleural effusion. Negative for acute bone abnormality.. IMPRESSION: Low lung volumes, otherwise clear.",openi
OPENI_003440,What abnormality is present in this chest X-ray?,OPENI_003440,"FINDINGS: Heart size normal. Lungs XXXX clear. XXXX XXXX normal. No pneumonia, effusions, edema, pneumothorax, adenopathy, nodules or masses.. IMPRESSION: Normal chest","FINDINGS: Heart size normal. Lungs XXXX clear. XXXX XXXX normal. No pneumonia, effusions, edema, pneumothorax, adenopathy, nodules or masses.. IMPRESSION: Normal chest",openi
OPENI_001407,What abnormality is present in this chest X-ray?,OPENI_001407,"FINDINGS: The lungs are clear, and without focal air space opacity. The cardiomediastinal silhouette is normal in size and contour, and stable. There is no pneumothorax large pleural effusion.. IMPRESSION: No acute cardiopulmonary abnormality.","FINDINGS: The lungs are clear, and without focal air space opacity. The cardiomediastinal silhouette is normal in size and contour, and stable. There is no pneumothorax large pleural effusion.. IMPRESSION: No acute cardiopulmonary abnormality.",openi
OPENI_005479,What abnormality is present in this chest X-ray?,OPENI_005479,"FINDINGS: Heart size within normal limits. Small, nodular opacity in the right upper lobe. This does not look like an acute infiltrate, and more XXXX represents a granuloma. No pneumothorax or effusions.. IMPRESSION: No acute findings, no evidence for active TB.","FINDINGS: Heart size within normal limits. Small, nodular opacity in the right upper lobe. This does not look like an acute infiltrate, and more XXXX represents a granuloma. No pneumothorax or effusions.. IMPRESSION: No acute findings, no evidence for active TB.",openi
OPENI_000562,What abnormality is present in this chest X-ray?,OPENI_000562,FINDINGS: Mediastinal contours are normal. Lungs are clear. There is no pneumothorax or large pleural effusion.. IMPRESSION: No acute cardiopulmonary abnormality.,FINDINGS: Mediastinal contours are normal. Lungs are clear. There is no pneumothorax or large pleural effusion.. IMPRESSION: No acute cardiopulmonary abnormality.,openi
OPENI_005234,What abnormality is present in this chest X-ray?,OPENI_005234,FINDINGS: The heart is normal in size. The mediastinum is unremarkable. The lungs are clear.. IMPRESSION: No acute disease.,FINDINGS: The heart is normal in size. The mediastinum is unremarkable. The lungs are clear.. IMPRESSION: No acute disease.,openi
OPENI_001091,What abnormality is present in this chest X-ray?,OPENI_001091,"FINDINGS: Stable obscuration of the left cardiac XXXX, XXXX representing left pleural thickening. Stable nodular opacity within the left midlung. The lungs are clear bilaterally with no focal consolidation, pleural effusions, or pneumothoraces. Cardiomediastinal silhouette is stable. XXXX are unremarkable.. IMPRESSION: 1. No acute cardiopulmonary abnormality. 2. No evidence of tuberculosis.","FINDINGS: Stable obscuration of the left cardiac XXXX, XXXX representing left pleural thickening. Stable nodular opacity within the left midlung. The lungs are clear bilaterally with no focal consolidation, pleural effusions, or pneumothoraces. Cardiomediastinal silhouette is stable. XXXX are unremarkable.. IMPRESSION: 1. No acute cardiopulmonary abnormality. 2. No evidence of tuberculosis.",openi
OPENI_001567,What abnormality is present in this chest X-ray?,OPENI_001567,"FINDINGS: The trachea is midline. Cardio mediastinal silhouette is normal in contour with overlying sternotomy XXXX. The lungs are clear without acute infiltrate, effusion or pneumothorax. The visualized bony structures reveal no fractures or dislocations.. IMPRESSION: No acute abnormalities.","FINDINGS: The trachea is midline. Cardio mediastinal silhouette is normal in contour with overlying sternotomy XXXX. The lungs are clear without acute infiltrate, effusion or pneumothorax. The visualized bony structures reveal no fractures or dislocations.. IMPRESSION: No acute abnormalities.",openi
OPENI_000504,What abnormality is present in this chest X-ray?,OPENI_000504,"FINDINGS: The heart is normal in size and contour. The lungs are clear, without evidence of infiltrate. There is no pneumothorax or effusion.. IMPRESSION: No acute cardiopulmonary disease.","FINDINGS: The heart is normal in size and contour. The lungs are clear, without evidence of infiltrate. There is no pneumothorax or effusion.. IMPRESSION: No acute cardiopulmonary disease.",openi
OPENI_005415,What abnormality is present in this chest X-ray?,OPENI_005415,FINDINGS: The cardiac silhouette mediastinal contours are within normal limits. There is no definite focal infiltrate. There is no large pleural effusion. There is no pneumothorax.. IMPRESSION: No acute cardiopulmonary disease.,FINDINGS: The cardiac silhouette mediastinal contours are within normal limits. There is no definite focal infiltrate. There is no large pleural effusion. There is no pneumothorax.. IMPRESSION: No acute cardiopulmonary disease.,openi
OPENI_005355,What abnormality is present in this chest X-ray?,OPENI_005355,"FINDINGS: The cardiomediastinal silhouette is within normal limits for size and contour. The lungs are normally inflated without evidence of focal airspace disease, pleural effusion, or pneumothorax. Osseous structures are within normal limits for patient age... IMPRESSION: 1. No acute radiographic cardiopulmonary process.","FINDINGS: The cardiomediastinal silhouette is within normal limits for size and contour. The lungs are normally inflated without evidence of focal airspace disease, pleural effusion, or pneumothorax. Osseous structures are within normal limits for patient age... IMPRESSION: 1. No acute radiographic cardiopulmonary process.",openi
OPENI_003519,What abnormality is present in this chest X-ray?,OPENI_003519,FINDINGS: Cardiomediastinal silhouette and pulmonary vasculature are within normal limits. Lungs are clear. No pneumothorax or pleural effusion. No acute osseous findings.. IMPRESSION: No acute cardiopulmonary findings.,FINDINGS: Cardiomediastinal silhouette and pulmonary vasculature are within normal limits. Lungs are clear. No pneumothorax or pleural effusion. No acute osseous findings.. IMPRESSION: No acute cardiopulmonary findings.,openi
OPENI_002365,What abnormality is present in this chest X-ray?,OPENI_002365,"FINDINGS: Frontal and lateral views of the chest show an unchanged cardiomediastinal silhouette. Normal mediastinal contour, pulmonary XXXX and vasculature, central airways and aeration of the lungs. The inferior posterior sulcus is excluded.. IMPRESSION: No acute or active cardiac or pulmonary disease process. Cannot exclude small pleural effusions.","FINDINGS: Frontal and lateral views of the chest show an unchanged cardiomediastinal silhouette. Normal mediastinal contour, pulmonary XXXX and vasculature, central airways and aeration of the lungs. The inferior posterior sulcus is excluded.. IMPRESSION: No acute or active cardiac or pulmonary disease process. Cannot exclude small pleural effusions.",openi
OPENI_004039,What abnormality is present in this chest X-ray?,OPENI_004039,FINDINGS: Interstitial markings are diffusely prominent throughout both lungs. Heart size is normal. Pulmonary XXXX normal.. IMPRESSION: Diffuse fibrosis. No visible focal acute disease.,FINDINGS: Interstitial markings are diffusely prominent throughout both lungs. Heart size is normal. Pulmonary XXXX normal.. IMPRESSION: Diffuse fibrosis. No visible focal acute disease.,openi
OPENI_004696,What abnormality is present in this chest X-ray?,OPENI_004696,"FINDINGS: . IMPRESSION: Heart size is normal and lungs are clear. No pneumothorax, effusion, or pneumonia.","FINDINGS: . IMPRESSION: Heart size is normal and lungs are clear. No pneumothorax, effusion, or pneumonia.",openi
OPENI_002663,What abnormality is present in this chest X-ray?,OPENI_002663,"FINDINGS: The heart size is normal. The lungs are clear without focal airspace opacity, pleural effusion, or pneumothorax. The osseous structures are intact. There are degenerative changes within the XXXX bilaterally and left acromioclavicular joint. XXXX XXXX in the soft tissues of the right upper extremity.. IMPRESSION: No acute cardiopulmonary findings.","FINDINGS: The heart size is normal. The lungs are clear without focal airspace opacity, pleural effusion, or pneumothorax. The osseous structures are intact. There are degenerative changes within the XXXX bilaterally and left acromioclavicular joint. XXXX XXXX in the soft tissues of the right upper extremity.. IMPRESSION: No acute cardiopulmonary findings.",openi
OPENI_005516,What abnormality is present in this chest X-ray?,OPENI_005516,FINDINGS: Normal cardiomediastinal silhouette. There is no focal consolidation. There are no XXXX of a large pleural effusion. There is no pneumothorax. There is no acute bony abnormality seen.. IMPRESSION: There is no radiographic evidence of acute cardiopulmonary disease.,FINDINGS: Normal cardiomediastinal silhouette. There is no focal consolidation. There are no XXXX of a large pleural effusion. There is no pneumothorax. There is no acute bony abnormality seen.. IMPRESSION: There is no radiographic evidence of acute cardiopulmonary disease.,openi
OPENI_006466,What abnormality is present in this chest X-ray?,OPENI_006466,FINDINGS: . IMPRESSION: Increasing cardiomegaly. No effusions. Minimal interstitial edema.,FINDINGS: . IMPRESSION: Increasing cardiomegaly. No effusions. Minimal interstitial edema.,openi
OPENI_001783,What abnormality is present in this chest X-ray?,OPENI_001783,"FINDINGS: The cardiomediastinal silhouette and vasculature are within normal limits for size and contour. XXXX right lower lung opacity XXXX represents combination of soft tissue overlay and minimal atelectasis. No focal airspace consolidation, pleural effusion, or pneumothorax. Osseous structures are within normal limits for patient age.. IMPRESSION: 1. No acute radiographic cardiopulmonary process.","FINDINGS: The cardiomediastinal silhouette and vasculature are within normal limits for size and contour. XXXX right lower lung opacity XXXX represents combination of soft tissue overlay and minimal atelectasis. No focal airspace consolidation, pleural effusion, or pneumothorax. Osseous structures are within normal limits for patient age.. IMPRESSION: 1. No acute radiographic cardiopulmonary process.",openi
OPENI_002288,What abnormality is present in this chest X-ray?,OPENI_002288,"FINDINGS: The lungs are clear bilaterally. Specifically, no evidence of focal consolidation, pneumothorax, or pleural effusion.. Scattered calcified granulomas noted. Cardio mediastinal silhouette is unremarkable. Visualized osseous structures of the thorax demonstrate mild multilevel degenerative disc disease of the thoracolumbar spine without acute abnormality.. IMPRESSION: No acute cardiopulmonary abnormality.","FINDINGS: The lungs are clear bilaterally. Specifically, no evidence of focal consolidation, pneumothorax, or pleural effusion.. Scattered calcified granulomas noted. Cardio mediastinal silhouette is unremarkable. Visualized osseous structures of the thorax demonstrate mild multilevel degenerative disc disease of the thoracolumbar spine without acute abnormality.. IMPRESSION: No acute cardiopulmonary abnormality.",openi
OPENI_000062,What abnormality is present in this chest X-ray?,OPENI_000062,"FINDINGS: . IMPRESSION: Comparison XXXX, XXXX. Well-expanded and clear lungs. Mediastinal contour within normal limits. No acute cardiopulmonary abnormality identified. Stable chest.","FINDINGS: . IMPRESSION: Comparison XXXX, XXXX. Well-expanded and clear lungs. Mediastinal contour within normal limits. No acute cardiopulmonary abnormality identified. Stable chest.",openi
OPENI_003551,What abnormality is present in this chest X-ray?,OPENI_003551,FINDINGS: Trachea is midline. Normal heart. Clear lungs. No pneumothorax. No pleural effusion.. IMPRESSION: Normal chest exam.,FINDINGS: Trachea is midline. Normal heart. Clear lungs. No pneumothorax. No pleural effusion.. IMPRESSION: Normal chest exam.,openi
OPENI_002458,What abnormality is present in this chest X-ray?,OPENI_002458,FINDINGS: There is a moderate amount of retained contrast within the distal esophagus. There is no evidence of aspiration. A 3.0 cm nodule is present within the right hilum. No moderate to large pleural effusion or pneumothorax is identified. The cardiomediastinal silhouette is within normal limits. The pulmonary vasculature is normal.. IMPRESSION: 1. Retained contrast in the distal esophagus. 2. Unchanged right hilar mass.,FINDINGS: There is a moderate amount of retained contrast within the distal esophagus. There is no evidence of aspiration. A 3.0 cm nodule is present within the right hilum. No moderate to large pleural effusion or pneumothorax is identified. The cardiomediastinal silhouette is within normal limits. The pulmonary vasculature is normal.. IMPRESSION: 1. Retained contrast in the distal esophagus. 2. Unchanged right hilar mass.,openi
OPENI_001596,What abnormality is present in this chest X-ray?,OPENI_001596,"FINDINGS: The heart is mild enlarged. Central pulmonary vascularity is again accentuated. There are also mild increased interstitial markings without focal consolidation or pleural effusion.. IMPRESSION: Mild stable cardiomegaly with mild central pulmonary vascular congestion and interstitial accentuation, XXXX edema.","FINDINGS: The heart is mild enlarged. Central pulmonary vascularity is again accentuated. There are also mild increased interstitial markings without focal consolidation or pleural effusion.. IMPRESSION: Mild stable cardiomegaly with mild central pulmonary vascular congestion and interstitial accentuation, XXXX edema.",openi
OPENI_003939,What abnormality is present in this chest X-ray?,OPENI_003939,FINDINGS: Endotracheal tube and NG tube have been removed. Mild patchy bilateral airspace disease. There are small bilateral pleural effusions. No pneumothorax. Heart and mediastinum are stable with normal size heart. Degenerative changes in the spine.. IMPRESSION: Small bilateral pleural effusions with a few scattered areas of patchy bilateral airspace disease.,FINDINGS: Endotracheal tube and NG tube have been removed. Mild patchy bilateral airspace disease. There are small bilateral pleural effusions. No pneumothorax. Heart and mediastinum are stable with normal size heart. Degenerative changes in the spine.. IMPRESSION: Small bilateral pleural effusions with a few scattered areas of patchy bilateral airspace disease.,openi
OPENI_000032,What abnormality is present in this chest X-ray?,OPENI_000032,"FINDINGS: The heart is normal in size. The mediastinal contours are within normal limits. There are numerous bilateral pulmonary nodules of varying sizes. The largest is noted in the left lower lobe, posteriorly measuring approximately 7.0 cm. No acute infiltrate or pleural effusion are appreciated.. IMPRESSION: Numerous bilateral pulmonary nodules with dominant nodule/mass in the left lower lung. Diagnostic considerations would include primary lung carcinoma with metastatic nodules versus secondary metastatic disease from known brain tumor. Suggest clinical correlation and further imaging XXXX examination.","FINDINGS: The heart is normal in size. The mediastinal contours are within normal limits. There are numerous bilateral pulmonary nodules of varying sizes. The largest is noted in the left lower lobe, posteriorly measuring approximately 7.0 cm. No acute infiltrate or pleural effusion are appreciated.. IMPRESSION: Numerous bilateral pulmonary nodules with dominant nodule/mass in the left lower lung. Diagnostic considerations would include primary lung carcinoma with metastatic nodules versus secondary metastatic disease from known brain tumor. Suggest clinical correlation and further imaging XXXX examination.",openi
OPENI_004595,What abnormality is present in this chest X-ray?,OPENI_004595,FINDINGS: The heart size is upper limits of normal. The pulmonary XXXX and mediastinum are within normal limits. There is no pleural effusion or pneumothorax. There is no focal air space opacity to suggest a pneumonia.. IMPRESSION: No acute cardiopulmonary disease.,FINDINGS: The heart size is upper limits of normal. The pulmonary XXXX and mediastinum are within normal limits. There is no pleural effusion or pneumothorax. There is no focal air space opacity to suggest a pneumonia.. IMPRESSION: No acute cardiopulmonary disease.,openi
OPENI_003460,What abnormality is present in this chest X-ray?,OPENI_003460,FINDINGS: The heart is normal in size. The mediastinum is unremarkable. The lungs are hypoinflated. Small bilateral pleural effusions are seen.. IMPRESSION: Small bilateral pleural effusions.,FINDINGS: The heart is normal in size. The mediastinum is unremarkable. The lungs are hypoinflated. Small bilateral pleural effusions are seen.. IMPRESSION: Small bilateral pleural effusions.,openi
OPENI_000586,What abnormality is present in this chest X-ray?,OPENI_000586,"FINDINGS: Scattered calcified pulmonary nodules, XXXX represents calcified granulomas. Lungs are clear bilaterally. There is no focal consolidation, pleural effusion, or pneumothoraces. Stable calcified hilar and mediastinal lymph XXXX, XXXX decreased in size from prior exam. Heart size is normal. XXXX are unremarkable.. IMPRESSION: No acute cardiopulmonary abnormality.","FINDINGS: Scattered calcified pulmonary nodules, XXXX represents calcified granulomas. Lungs are clear bilaterally. There is no focal consolidation, pleural effusion, or pneumothoraces. Stable calcified hilar and mediastinal lymph XXXX, XXXX decreased in size from prior exam. Heart size is normal. XXXX are unremarkable.. IMPRESSION: No acute cardiopulmonary abnormality.",openi
OPENI_001058,What abnormality is present in this chest X-ray?,OPENI_001058,"FINDINGS: Heart size moderately enlarged, stable mediastinal contours. Lateral view curvilinear densities over the heart suggestive of coronary artery stents. Diaphragm eventration. No focal alveolar consolidation, no definite pleural effusion seen. No typical findings of pulmonary edema.. IMPRESSION: Cardiomegaly, no acute pulmonary findings","FINDINGS: Heart size moderately enlarged, stable mediastinal contours. Lateral view curvilinear densities over the heart suggestive of coronary artery stents. Diaphragm eventration. No focal alveolar consolidation, no definite pleural effusion seen. No typical findings of pulmonary edema.. IMPRESSION: Cardiomegaly, no acute pulmonary findings",openi
OPENI_006137,What abnormality is present in this chest X-ray?,OPENI_006137,FINDINGS: Normal heart size and mediastinal contours. Clear lungs. No pneumothorax or pleural effusion. Unremarkable XXXX.. IMPRESSION: No acute cardiopulmonary process. .,FINDINGS: Normal heart size and mediastinal contours. Clear lungs. No pneumothorax or pleural effusion. Unremarkable XXXX.. IMPRESSION: No acute cardiopulmonary process. .,openi
OPENI_006305,What abnormality is present in this chest X-ray?,OPENI_006305,FINDINGS: The heart size and pulmonary vascularity appear within normal limits. Right pleural effusion is present and appears increased. No pneumothorax is identified. Some scattered XXXX of right base atelectasis are seen. Surgical XXXX remain in XXXX. The left lung appears clear.. IMPRESSION: 1. Small right pleural effusion. Increased. 2. No pneumothorax is seen. 3. Scattered XXXX of right base atelectasis.,FINDINGS: The heart size and pulmonary vascularity appear within normal limits. Right pleural effusion is present and appears increased. No pneumothorax is identified. Some scattered XXXX of right base atelectasis are seen. Surgical XXXX remain in XXXX. The left lung appears clear.. IMPRESSION: 1. Small right pleural effusion. Increased. 2. No pneumothorax is seen. 3. Scattered XXXX of right base atelectasis.,openi
OPENI_005042,What abnormality is present in this chest X-ray?,OPENI_005042,"FINDINGS: Lungs are clear bilaterally with no focal infiltrate, pleural effusion, or pneumothoraces. Cardiomediastinal silhouette is within normal limits. No acute bony or soft tissue abnormality.. IMPRESSION: No acute cardiopulmonary abnormality. .","FINDINGS: Lungs are clear bilaterally with no focal infiltrate, pleural effusion, or pneumothoraces. Cardiomediastinal silhouette is within normal limits. No acute bony or soft tissue abnormality.. IMPRESSION: No acute cardiopulmonary abnormality. .",openi
OPENI_006275,What abnormality is present in this chest X-ray?,OPENI_006275,FINDINGS: Heart size is normal. There are XXXX opacities which appear to XXXX XXXX above the right XXXX fissure. There is mild thickening in the fissure. No pneumothorax. No large pleural effusions.. IMPRESSION: XXXX opacities in the right upper lobe anterior segment which may represent atelectasis or infiltrate.,FINDINGS: Heart size is normal. There are XXXX opacities which appear to XXXX XXXX above the right XXXX fissure. There is mild thickening in the fissure. No pneumothorax. No large pleural effusions.. IMPRESSION: XXXX opacities in the right upper lobe anterior segment which may represent atelectasis or infiltrate.,openi
OPENI_003797,What abnormality is present in this chest X-ray?,OPENI_003797,"FINDINGS: Normal heart size. Mild tortuosity of the aorta. No pneumothorax, pleural effusion or suspicious airspace opacity. Mild levoscoliosis of the lumbar spine.. IMPRESSION: No acute abnormality seen.","FINDINGS: Normal heart size. Mild tortuosity of the aorta. No pneumothorax, pleural effusion or suspicious airspace opacity. Mild levoscoliosis of the lumbar spine.. IMPRESSION: No acute abnormality seen.",openi
OPENI_005518,What abnormality is present in this chest X-ray?,OPENI_005518,"FINDINGS: Heart size and mediastinal contours appear within normal limits. Pulmonary vascularity is within normal limits. No focal consolidation, suspicious pulmonary opacity, pneumothorax or definite pleural effusion. Visualized osseous structures appear intact.. IMPRESSION: No acute cardiopulmonary abnormality.","FINDINGS: Heart size and mediastinal contours appear within normal limits. Pulmonary vascularity is within normal limits. No focal consolidation, suspicious pulmonary opacity, pneumothorax or definite pleural effusion. Visualized osseous structures appear intact.. IMPRESSION: No acute cardiopulmonary abnormality.",openi
OPENI_000018,What abnormality is present in this chest X-ray?,OPENI_000018,"FINDINGS: No focal airspace disease, pleural effusion or pneumothorax. Cardiomediastinal silhouette is within normal limits. No free subdiaphragmatic air.. IMPRESSION: No acute pulmonary disease.","FINDINGS: No focal airspace disease, pleural effusion or pneumothorax. Cardiomediastinal silhouette is within normal limits. No free subdiaphragmatic air.. IMPRESSION: No acute pulmonary disease.",openi
OPENI_000097,What abnormality is present in this chest X-ray?,OPENI_000097,FINDINGS: The lungs are clear. There is no pleural effusion. The heart and mediastinum are normal . The skeletal structures and soft tissues are normal.. IMPRESSION: No active disease.,FINDINGS: The lungs are clear. There is no pleural effusion. The heart and mediastinum are normal . The skeletal structures and soft tissues are normal.. IMPRESSION: No active disease.,openi
OPENI_001358,What abnormality is present in this chest X-ray?,OPENI_001358,"FINDINGS: Cardiac size, mediastinal contour, and pulmonary vascularity are within normal limits. No focal consolidation, suspicious pulmonary opacity, pleural effusion, or pneumothorax. The visualized osseous structures appear intact.. IMPRESSION: No acute cardiopulmonary abnormalities.","FINDINGS: Cardiac size, mediastinal contour, and pulmonary vascularity are within normal limits. No focal consolidation, suspicious pulmonary opacity, pleural effusion, or pneumothorax. The visualized osseous structures appear intact.. IMPRESSION: No acute cardiopulmonary abnormalities.",openi
D_mmcqsd_000,distractor,MMCQSD_REPORT_MMCQSD_001778,"What could be causing dryness, redness, thin skin, and pain on both thumbs in a 71-year-old undergoing chemotherapy and radiation? The image shows the condition of skin rash. Oval shaped or circular red patches on the leg. Little swelling and dryness on the patches with foldings of skin.",,mmcqsd
D_mmcqsd_001,distractor,MMCQSD_REPORT_MMCQSD_001042,Is the slightly raised bump with a small red dot and two hard bumps underneath indicative of ringworm? The image here shows a medical condition related to skin_growth. There are black eruptions and mass elevated from the surface on the skin.,,mmcqsd
D_mmcqsd_002,distractor,MMCQSD_REPORT_MMCQSD_001753,"Is the red, itchy, pimply rash on your hands possibly caused by a new hand cream you used? The image shows the condition of skin rash. Raised spots of pink color on the area of the skin just above the upper thumb. Little dryness present.",,mmcqsd
D_mmcqsd_003,distractor,MMCQSD_REPORT_MMCQSD_002419,"What could be the cause of my 5-year-old daughter's non-itchy, skin-colored rash on her face after a vacation? The image shows the condition of skin rash. Round and swollen spots on the skin, red in color and multiple in the affected area.",,mmcqsd
D_mmcqsd_004,distractor,MMCQSD_REPORT_MMCQSD_000818,"What could be the cause of my son's illness with symptoms of rash, peeling skin, and a burning bright orange urine? The image shows the condition of skin rash. Spot swelling on the complete leg's skin, circular In shape and very ligh pink color.",,mmcqsd
D_mmcqsd_005,distractor,MMCQSD_REPORT_MMCQSD_000140,"What could be causing a non-itchy red bumpy rash on the hands, arms, and ears of children after a field trip to Catalina Island? The image shows the condition of skin rash. Spot swelling on the complete leg's skin, circular In shape and very ligh pink color.",,mmcqsd
D_mmcqsd_006,distractor,MMCQSD_REPORT_MMCQSD_002759,"Can using a hair dryer five days a week for six months lead to brain tumor or cancer? The image shows the condition of dry scalp. White coloured scalp with lots of white flakes seen in the hairs.
Condition- dry scalp with dandruff caused by Malassezia Furfur.",,mmcqsd
D_mmcqsd_007,distractor,MMCQSD_REPORT_MMCQSD_002674,"What is the recommended treatment for alopecia and dry scalp, and can Tugain Foam and Morpheme Bhringraja be used together? The image shows the condition of dry scalp. White coloured scalp with lots of white flakes seen in the hairs.
Condition- dry scalp with dandruff caused by Malassezia Furfur.",,mmcqsd
D_mmcqsd_008,distractor,MMCQSD_REPORT_MMCQSD_002974,"What is the most effective treatment for thread-like rashes on genital area diagnosed as a fungal infection, unresponsive to antibiotics? The image shows the condition of skin rash. Round and swollen spots on the skin, red in color and multiple in the affected area.",,mmcqsd
D_mmcqsd_009,distractor,MMCQSD_REPORT_MMCQSD_000773,"Patient experiencing recurring canker sores, swollen tonsils on one side, sore and bleeding gums. Seeking assistance. The image here shows a medical condition related to swollen_tonsils. The swollen tonsils are black and red.",,mmcqsd
D_mmcqsd_010,distractor,MMCQSD_REPORT_MMCQSD_001103,"Is there a natural way to improve kidney function, reverse edema, and prevent dialysis in a diabetic patient with high blood pressure? The image here shows a medical condition related to edema. The leg is swollen with no signs of redness.",,mmcqsd
D_mmcqsd_011,distractor,MMCQSD_REPORT_MMCQSD_002934,"Query: Patient has been suffering from pterygium for 2 years, experiencing swollen eyes. Wants to know if online eye drops can provide a permanent solution without surgery. The image shows the condition of swollen eye. Little swelling on the lateral side of the right eye's eyelid.",,mmcqsd
D_mmcqsd_012,distractor,MMCQSD_REPORT_MMCQSD_000252,"Summary: Patient has undiagnosed throat infection with swollen tonsils, veiny throat, pale mouth, thin spider web veins, yellow roof, ear aches, pale and sensitive gums. The image shows the condition of mouth ulcers. Pink coloured circular swelling with redness all around it prese t on the inner side of upper lip.
Condition- stomatitis ( Inflammation of the skin of mouth)
",,mmcqsd
D_mmcqsd_013,distractor,MMCQSD_REPORT_MMCQSD_002877,"Is TAVR a viable option for replacing a calcium-deposited aortic valve after open heart surgery? If so, where can I get the best treatment? The image shows the condition of swollen eye. Pinkish red localized round swelling above the left eyelid on the lateral side.",,mmcqsd
D_mmcqsd_014,distractor,MMCQSD_REPORT_MMCQSD_002554,"Summary: Patient has had rashes on face and skin for 3 months. Antihistamines and corticosteroid caused dry skin. Can Venusia cream be used? The image shows the condition of skin rash. Round and swollen spots on the skin, red in color and multiple in the affected area.",,mmcqsd
D_mmcqsd_015,distractor,MMCQSD_REPORT_MMCQSD_002692,"What could be the cause of dryness, dandruff, skin rash, and hair loss in a patient with hypothyroidism and genital warts? The image shows the condition of skin rash. Round and swollen spots on the skin, red in color and multiple in the affected area.",,mmcqsd
D_mmcqsd_016,distractor,MMCQSD_REPORT_MMCQSD_001546,Should a 30-year-old male be concerned about a previously sore lump on the right side of his neck that has now become smaller without pain? The image here shows a medical condition related to neck_swelling. The part of the neck near the ear is swollen.,,mmcqsd
D_mmcqsd_017,distractor,MMCQSD_REPORT_MMCQSD_000015,"Is post nasal drip the cause for my 9-year-old son’s throat ache, swollen tonsils, congested nose, and bad breath? The image here shows a medical condition related to swollen_tonsils. The swollen tonsils are black and red.",,mmcqsd
D_mmcqsd_018,distractor,MMCQSD_REPORT_MMCQSD_001345,"What could be the cause of the lump under the ribs, vomiting in the mornings, and poor appetite in a 35-year-old man? The image shows the condition of hand lump. Two swellings or lump on the right hand's palm around the thumb side.",,mmcqsd
D_mmcqsd_019,distractor,MMCQSD_REPORT_MMCQSD_000719,"Summary: Patient experienced yellow jacket sting with initial pain, itching, rash, and swelling. After subsiding, it reoccurs as aching, under-the-skin swelling. The image shows the condition of skin rash. One section of oval skin with dark brown lining and central area light pink in color.",,mmcqsd
D_mmcqsd_020,distractor,MMCQSD_REPORT_MMCQSD_000458,"What are the possible causes of recurrent headaches, water retention in ankles and calves, swollen eyes, and increased blood pressure? The image shows the condition of Lip Swelling. The left side of lower lip contains the swelling.",,mmcqsd
D_mmcqsd_021,distractor,MMCQSD_REPORT_MMCQSD_001552,What could be the cause of a painful lump on the right side of the knee after a recent fall? The image here shows a medical condition related to knee_swelling. The right leg have swollen with a slight deformation in the leg.,,mmcqsd
D_mmcqsd_022,distractor,MMCQSD_REPORT_MMCQSD_001890,"What could be the cause of dry rashes, hair loss, and scanty hair after a high fever three months ago? The image shows the condition of skin rash.  Pinkish red multuiple single coloured rash on the skin present close to each other.",,mmcqsd
D_mmcqsd_023,distractor,MMCQSD_REPORT_MMCQSD_001207,"Is surgery for gallbladder stone necessary if patient is asymptomatic with no complications based on USG report? The image here shows a medical condition related to swollen_tonsils. There are two round, flesh masses ninth back of throat.",,mmcqsd
D_mmcqsd_024,distractor,MMCQSD_REPORT_MMCQSD_001252,What could be causing a deep lump just above the knee area that is painful when touched or pressed? The image here shows a medical condition related to knee_swelling. Both the knee are swollen as a result the legs have bend inwards.,,mmcqsd
D_mmcqsd_025,distractor,MMCQSD_REPORT_MMCQSD_000762,"Does the patient experience sharp pain in the eye, swollen tonsils, and a lump after a dental procedure indicating infection? The image here shows a medical condition related to swollen_tonsils. The right side of the   throat is swollen with redness. ",,mmcqsd
D_mmcqsd_026,distractor,MMCQSD_REPORT_MMCQSD_002093,"What is the cause of a persistent rash with blisters on the feet, itchy palms, and tiny lumps on the body? The image shows the condition of skin rash. Round and swollen spots on the skin, red in color and multiple in the affected area.",,mmcqsd
D_mmcqsd_027,distractor,MMCQSD_REPORT_MMCQSD_000479,"What is the cause of the random lesions on the knee, back of knee, left arm, butt cheek, and below the lip, considering the previous knee injury and tummy rash? The image shows the condition of Lip Swelling. Full upper lip swollen. More swelling on right side of upper lip.",,mmcqsd
D_mmcqsd_028,distractor,MMCQSD_REPORT_MMCQSD_002438,"Can Sjogren's Syndrome cause a symmetrical, red, rough, and dry rash on the cheeks, neck, and other areas? The image shows the condition of skin rash. Round and swollen spots on the skin, red in color and multiple in the affected area.",,mmcqsd
D_mmcqsd_029,distractor,MMCQSD_REPORT_MMCQSD_000671,Should the patient continue taking amoxicillin for infection in the neck and arm after tooth extractions? The image here shows a medical condition related to neck_swelling. The lower part of the neck is swollen.,,mmcqsd
D_pubmedqa_000,distractor,PUBMEDQA_REPORT_26348845,"Rapid prescreening (RPS) is one of the quality assurance (QA) methods used in gynecologic cytology. The efficacy of RPS has been previously studied but mostly with respect to squamous lesions; in fact, there has been no study so far specifically looking at the sensitivity of RPS for detecting glandular cell abnormalities. A total of 80,565 Papanicolaou (Pap) smears underwent RPS during a 25-month period. A sample was designated as ""review for abnormality"" (R) if any abnormal cells (at the threshold of atypical squamous cells of undetermined significance/atypical glandular cells [AGC]) were thought to be present or was designated as negative (N) if none were detected. Each sample then underwent full screening (FS) and was designated as either R or N and also given a cytologic interpretation. The final cytologic interpretation was a glandular cell abnormality (≥AGC) in 107 samples (0.13%); 39 of these (36.4%) were flagged as R on RPS. Twenty-four patients (33.8%) out of 71 who had histologic follow-up were found to harbor a high-grade squamous intraepithelial lesion or carcinoma; 13 of those 24 Pap smears (54.2%) had been flagged as R on RPS. Notably, 11 AGC cases were picked up by RPS only and not by FS and represented false-negative cases; 2 of these showed endometrial adenocarcinoma on histologic follow-up. Conclusion: Pap smears with glandular cell abnormalities are often flagged as abnormal by RPS, and this results in a sensitivity of 36.4% (at the AGC threshold). Most importantly, some cases of AGC are detected on Pap smears by RPS only, and this demonstrates that RPS is a valuable QA method.",,pubmedqa
D_pubmedqa_001,distractor,PUBMEDQA_REPORT_23506394,"Arterial calcification is a significant cardiovascular risk factor in hemodialysis patients. A series of factors are involved in the process of arterial calcification; however, the relationship between malnutrition and arterial calcification is still unclear. 68 hemodialysis patients were enrolled in this study. Nutrition status was evaluated using modified quantitative subjective global assessment (MQSGA). Related serum biochemical parameters were measured. And the radial artery samples were collected during the arteriovenous fistula surgeries. Hematoxylin/eosin stain was used to observe the arterial structures while Alizarin red stain to observe calcified depositions and classify calcified degree. The expressions of bone morphogenetic protein 2 (BMP2) and matrix Gla protein (MGP) were detected by immunohistochemistry and western blot methods. 66.18% hemodialysis patients were malnutrition. In hemodialysis patients, the calcified depositions were mainly located in the medial layer of the radial arteries and the expressions of BMP2 and MGP were both increased in the calcified areas. The levels of serum albumin were negatively associated with calcification score and the expressions of BMP2 and MGP. While MQSGA score, serum phosphorus and calcium × phosphorus product showed positive relationships with calcification score and the expressions of BMP2 and MGP. Conclusion: Malnutrition is prevalent in hemodialysis patients and is associated with arterial calcification and the expressions of BMP2 and MGP in calcified radial arteries. Malnutrition may be a new inducer candidate for arterial calcification in hemodialysis patients.",,pubmedqa
D_pubmedqa_002,distractor,PUBMEDQA_REPORT_24359102,"Skin diseases are the most frequently recognized occupational diseases in Denmark. The prognosis for occupational contact dermatitis is often poor. To investigate the prognosis, assessed by eczema, job status and skin-related quality of life, among patients allergic to rubber chemicals and latex (ubiquitous allergens) and epoxy (nonubiquitous allergen), 2 years after recognition of occupational allergic contact dermatitis. From a cohort of all patients recognized as having occupational dermatitis by the Danish National Board of Industrial Injuries in 2010, 199 patients with relevant rubber allergy (contact allergy to rubber chemicals or contact urticaria from latex) or epoxy allergy were identified. Follow-up consisted of a questionnaire covering current severity of eczema, employment, exposure and quality of life. The response rate was 75%. Clearance of eczema was reported by 11% of patients and 67% reported improvement. Overall 22% of patients with allergy to a nonubiquitous allergen had total clearance of eczema compared with 10% of cases allergic to ubiquitous allergens and 0% of those with contact urticaria (P = 0·116). Improvement was significantly more frequent in those who had changed jobs compared with those who had not (P = 0·01). Conclusion: At follow-up, patients with contact urticaria had significantly poorer prognosis than those with contact allergy, and there was a trend towards a poorer prognosis for those with contact allergy to rubber chemicals than those with allergy to epoxy. A significant positive association between job change and improvement was found.",,pubmedqa
D_pubmedqa_003,distractor,PUBMEDQA_REPORT_24374414,"Broad-based electronic health information exchange (HIE), in which patients' clinical data follow them between care delivery settings, is expected to produce large quality gains and cost savings. Although these benefits are assumed to result from reducing redundant care, there is limited supporting empirical evidence. To evaluate whether HIE adoption is associated with decreases in repeat imaging in emergency departments (EDs).DATA SOURCE/ ED discharge data from the State Emergency Department Databases for California and Florida for 2007-2010 were merged with Health Information Management Systems Society data that report hospital HIE participation. Using regression with ED fixed effects and trends, we performed a retrospective analysis of the impact of HIE participation on repeat imaging, comparing 37 EDs that initiated HIE participation during the study period to 410 EDs that did not participate in HIE during the same period. Within 3 common types of imaging tests [computed tomography (CT), ultrasound, and chest x-ray), we defined a repeat image for a given patient as the same study in the same body region performed within 30 days at unaffiliated EDs. In our sample there were 20,139 repeat CTs (representing 14.7% of those cases with CT in the index visit), 13,060 repeat ultrasounds (20.7% of ultrasound cases), and 29,703 repeat chest x-rays (19.5% of x-ray cases). HIE was associated with reduced probability of repeat ED imaging in all 3 modalities: -8.7 percentage points for CT [95% confidence interval (CI): -14.7, -2.7], -9.1 percentage points for ultrasound (95% CI: -17.2, -1.1), and -13.0 percentage points for chest x-ray (95% CI: -18.3, -7.7), reflecting reductions of 44%-67% relative to sample means. Conclusion: HIE was associated with reduced repeat imaging in EDs. This study is among the first to find empirical support for this anticipated benefit of HIE.",,pubmedqa
D_pubmedqa_004,distractor,PUBMEDQA_REPORT_22012962,"Men appear to benefit more from being married than women with respect to mortality in middle age. However, there is some uncertainty about gender differences in mortality risks in older individuals, widowed, divorced and single individuals and about the impact of living arrangements. Longitudinal data with 1990 census records being linked to mortality data up to 2005 were used (Swiss National Cohort). The sample comprised all residents over age 44 years in Switzerland (n=2,440,242). All-cause mortality HRs for marital status and living arrangements were estimated by Cox regression for men and women and different age groups with adjustment for education and socio-professional category. The benefit of being married was stronger for men than for women; however, mortality patterns were similar, with higher mortality in divorced and single individuals compared with widowed individuals (<80 years). After adjustment for living arrangements, the gender difference by marital status disappeared. Stratification by living arrangement revealed that mortality risks were highest for 45-64-year-old divorced (HR 1.72 (95% CI 1.67 to 1.76)) and single men (HR 1.67 (95% CI 1.63 to 1.71)) who lived alone. In women of the same age, the highest mortality risk was observed for those who were single and living with a partner (HR 1.70 (95% CI 1.58 to 1.82)). In older age groups, the impact of marital status decreased. Conclusion: Evaluation of living arrangements is crucial for identifying and explaining gender differences in mortality risks by marital status. The impact of living alone and living with a partner seems to be different in men and women.",,pubmedqa
D_pubmedqa_005,distractor,PUBMEDQA_REPORT_20064872,"To identify the features of PMR that may predict the duration of steroid therapy, the occurrence of relapses and the late development of GCA. Prospective cohort study of 176 patients with PMR, followed up for 5 years. Baseline factors associated with the duration of steroids therapy were identified using Cox regression. Predictors of relapse and the late development of GCA were identified using binary logistic regression. A total of 176 patients with PMR were included, of whom 124 stopped steroids within 5 years. The probability of stopping steroids within 5 years was independently reduced by an elevated plasma viscosity (PV) [hazard ratio (HR) = 0.49; 95% CI 0.29, 0.82 for a PV>or = 2.00 mPa s compared with a PV<or = 1.80 mPa s; overall P = 0.024] and by starting treatment at>15 mg prednisolone (HR = 0.63; 95% CI 0.41, 0.97; P = 0.036). Either of these independently reduced the chances of stopping steroids within a given time interval between 27 and 51%. No significant predictors of relapse were identified. Predictors of late GCA on univariable analysis were female sex [odds ratio (OR) = 8.16; 95% CI 1.06, 63.13; P = 0.044], HLA-DRB1*0101 or -*0401 alleles (OR = 4.95; 95% CI 1.05, 23.34; P = 0.043), PV>or = 2.00 mPa s compared with PV<or = 1.80 mPa s (OR = 10.64; 95% CI 1.28, 88.38; P = 0.029) and initial prednisolone dose>15 mg (OR = 4.53; 95% CI 1.61, 12.79; P = 0.004). Conclusion: A higher PV in PMR increases the risk of prolonged steroid therapy and late GCA. Female sex and particular HLA alleles may increase the risk of late GCA. Starting patients on>15 mg prednisolone is associated with a prolonged steroid duration.",,pubmedqa
D_pubmedqa_006,distractor,PUBMEDQA_REPORT_18439500,"To assess whether it is possible for an experienced laparoscopic surgeon to perform efficient laparoscopic myomectomy regardless of the size, number, and location of the myomas. Prospective observational study (Canadian Task Force classification II-1). Tertiary endoscopy center. A total of 505 healthy nonpregnant women with symptomatic myomas underwent laparoscopic myomectomy at our center. No exclusion criteria were based on the size, number, or location of myomas. Laparoscopic myomectomy and modifications of the technique: enucleation of the myoma by morcellation while it is still attached to the uterus with and without earlier devascularization. In all, 912 myomas were removed in these 505 patients laparoscopically. The mean number of myomas removed was 1.85 +/- 5.706 (95% CI 1.72-1.98). In all, 184 (36.4%) patients had multiple myomectomy. The mean size of the myomas removed was 5.86 +/- 3.300 cm in largest diameter (95% CI 5.56-6.16 cm). The mean weight of the myomas removed was 227.74 +/- 325.801 g (95% CI 198.03-257.45 g) and median was 100 g. The median operating time was 60 minutes (range 30-270 minutes). The median blood loss was 90 mL (range 40-2000 mL). Three comparisons were performed on the basis of size of the myomas (<10 cm and>or=10 cm in largest diameter), number of myomas removed (<or=4 and>or=5 myomas), and the technique (enucleation of the myomas by morcellation while the myoma is still attached to the uterus and the conventional technique). In all these comparisons, although the mean blood loss, duration of surgery, and hospital stay were greater in the groups in which larger myomas or more myomas were removed or the modified technique was performed as compared with their corresponding study group, the weight and size of removed myomas were also proportionately larger in these groups. Two patients were given the diagnosis of leiomyosarcoma in their histopathology and 1 patient developed a diaphragmatic parasitic myoma followed by a leiomyoma of the sigmoid colon. Six patients underwent laparoscopic hysterectomy 4 to 6 years after the surgery for recurrent myomas. One conversion to laparotomy occurred and 1 patient underwent open subtotal hysterectomy for dilutional coagulopathy. Conclusion: Laparoscopic myomectomy can be performed by experienced surgeons regardless of the size, number, or location of the myomas.",,pubmedqa
D_pubmedqa_007,distractor,PUBMEDQA_REPORT_9446993,"To determine the ability of dentists to recognize digitally manipulated radiographs. A poster was presented at the Annual Meeting of the German Society for Periodontology displaying the intra-oral radiographs of 12 different patients. Half of the radiographs were subjected to digital manipulation to add or remove specific features. Dentists were asked to identify these radiographs by means of a questionnaire. Thirty-nine dentists submitted usable questionnaires. Statistical evaluation revealed a distribution of hits similar to the random distribution. None of the dentists detected all the six manipulated radiographs; three dentists had five correct, but there were five with only one. An authentic radiograph scored highest as a manipulation. Conclusion: Image manipulations which alter the diagnostic content of a radiograph are unlikely to be detected by dentists. Digital radiography requires additional measures for data protection.",,pubmedqa
D_pubmedqa_008,distractor,PUBMEDQA_REPORT_25940336,"More than 1000 candidates applied for orthopaedic residency positions in 2014, and the competition is intense; approximately one-third of the candidates failed to secure a position in the match. However, the criteria used in the selection process often are subjective and studies have differed in terms of which criteria predict either objective measures or subjective ratings of resident performance by faculty.QUESTIONS/ Do preresidency selection factors serve as predictors of success in residency? Specifically, we asked which preresidency selection factors are associated or correlated with (1) objective measures of resident knowledge and performance; and (2) subjective ratings by faculty. Charts of 60 orthopaedic residents from our institution were reviewed. Preresidency selection criteria examined included United States Medical Licensing Examination (USMLE) Step 1 and Step 2 scores, Medical College Admission Test (MCAT) scores, number of clinical clerkship honors, number of letters of recommendation, number of away rotations, Alpha Omega Alpha (AOA) honor medical society membership, fourth-year subinternship at our institution, and number of publications. Resident performance was assessed using objective measures including American Board of Orthopaedic Surgery (ABOS) Part I scores and Orthopaedics In-Training Exam (OITE) scores and subjective ratings by faculty including global evaluation scores and faculty rankings of residents. We tested associations between preresidency criteria and the subsequent objective and subjective metrics using linear correlation analysis and Mann-Whitney tests when appropriate. Objective measures of resident performance namely, ABOS Part I scores, had a moderate linear correlation with the USMLE Step 2 scores (r = 0.55, p<0.001) and number of clinical honors received in medical school (r = 0.45, p<0.001). OITE scores had a weak linear correlation with the number of clinical honors (r = 0.35, p = 0.009) and USMLE Step 2 scores (r = 0.29, p = 0.02). With regards to subjective outcomes, AOA membership was associated with higher scores on the global evaluation (p = 0.005). AOA membership also correlated with higher global evaluation scores (r = 0.60, p = 0.005) with the strongest correlation existing between AOA membership and the ""interpersonal and communication skills"" subsection of the global evaluations. Conclusion: We found that USMLE Step 2, number of honors in medical school clerkships, and AOA membership demonstrated the strongest correlations with resident performance. Our goal in analyzing these data was to provide residency programs at large a sense of which criteria may be ""high yield"" in ranking applicants by analyzing data from within our own pool of residents. Similar studies across a broader scope of programs are warranted to confirm applicability of our findings. The continually emerging complexities of the field of orthopaedic surgery lend increasing importance to future work on the appropriate selection and training of orthopaedic residents.",,pubmedqa
D_pubmedqa_009,distractor,PUBMEDQA_REPORT_19054501,"Studies have shown that schizophrenia patients have motion perception deficit, which was thought to cause eye-tracking abnormality in schizophrenia. However, eye movement closely interacts with motion perception. The known eye-tracking difficulties in schizophrenia patients may interact with their motion perception. Two speed discrimination experiments were conducted in a within-subject design. In experiment 1, the stimulus duration was 150 msec to minimize the chance of eye-tracking occurrence. In experiment 2, the duration was increased to 300 msec, increasing the possibility of eye movement intrusion. Regular eye-tracking performance was evaluated in a third experiment. At 150 msec, speed discrimination thresholds did not differ between schizophrenia patients (n = 38) and control subjects (n = 33). At 300 msec, patients had significantly higher thresholds than control subjects (p = .03). Furthermore, frequencies of eye tracking during the 300 msec stimulus were significantly correlated with speed discrimination in control subjects (p = .01) but not in patients, suggesting that eye-tracking initiation may benefit control subjects but not patients. The frequency of eye tracking during speed discrimination was not significantly related to regular eye-tracking performance. Conclusion: Speed discrimination, per se, is not impaired in schizophrenia patients. The observed abnormality appears to be a consequence of impairment in generating or integrating the feedback information from eye movements. This study introduces a novel approach to motion perception studies and highlights the importance of concurrently measuring eye movements to understand interactions between these two systems; the results argue for a conceptual revision regarding motion perception abnormality in schizophrenia.",,pubmedqa
D_pubmedqa_010,distractor,PUBMEDQA_REPORT_23347337,"To provide equality of cancer care to rural patients, Townsville Cancer Centre administers intensive chemotherapy regimens to rural patients with node-positive breast and metastatic colorectal cancers at the same doses as urban patients. Side-effects were usually managed by rural general practitioners locally.AIM: The aim is to determine the safety of this practice by comparing the profile of serious adverse events and dose intensities between urban and rural patients at the Townsville Cancer Centre. A retrospective audit was conducted in patients with metastatic colorectal and node-positive breast cancers during a 24-month period. Fisher's exact test was used for analysis. Rurality was determined as per rural, remote and metropolitan classification. Of the 121 patients included, 70 and 51 patients had breast and colon cancers respectively. The urban versus rural patient split among all patients, breast and colorectal cancer subgroups was 68 versus 53, 43 versus 27 and 25 versus 26 respectively. A total of 421 cycles was given with dose intensity of>95% for breast cancer in both groups (P>0.05). Rate of febrile neutropenia was 9.3% versus 7.4% (P = 0.56). For XELOX, rate of diarrhoea was 20% versus 19% (P = 0.66) and rate of vomiting was 20% versus 11% (P = 0.11). Only two patients were transferred to Townsville for admission. No toxic death occurred in either group. Conclusion: It appears safe to administer intensive chemotherapy regimens at standard doses to rural patients without increased morbidity or mortality. Support for general practitioners through phone or videoconferencing may reduce the safety concerns.",,pubmedqa
D_pubmedqa_011,distractor,PUBMEDQA_REPORT_8199520,"To explore expressed needs, both formal and informal, of family caregivers of frail elderly. To evaluate roles of physicians. Questionnaire survey of members of the Montreal Jewish community providing care for frail elderly family members. Jewish community of Montreal. Volunteer caregivers who were caring for a family member or friend 60 years or older, who had greatest responsibility for providing physical or emotional support to an elderly person, who saw themselves as caregivers, and who could speak English or French were studied. Of 118 volunteers, 32 were excluded because they withdrew for personal reasons or because they did not meet study criteria. Demographic variables, functional status of the care receiver, use of home care services, and needs assessment to identify additional services. An average of 75.4% respondents did not use formal support services. Just under half of caregivers were dissatisfied with the attention they received from the health care system, and more than one third expressed feelings of stress, depression, guilt, and isolation. Conclusion: Hypotheses for this discontent are presented. Physicians may be uninterested in helping caregivers; even if they were receptive to counseling caregivers, they could be poorly remunerated for the types of counseling sessions that are usual for caregivers; and being a professional caregiver to family caregivers is demanding in itself.",,pubmedqa
D_pubmedqa_012,distractor,PUBMEDQA_REPORT_24340838,"Sudden death in athletes can occur during sport activities and is presumably related to ventricular arrhythmias. To investigate the long-term follow-up ofathletes with ventricular arrhythmias during an exercise test. From a database of 56,462 athletes we identified 192 athletes (35 years old who had ventricular arrhythmias during an exercise test. Ninety athletes had>or =3 ventricular premature beats (VPB) (group A) and 102 athletes had ventricular couplets or non-sustained ventricular tachycardia during an exercise test (group B). A control group of 92 athletesfrom without ventricular arrhythmias was randomly seleclted from the database (group C). Of the 192 athletes 39 returnied for a repeat exercise test after a mean follow-up period of 70 +/- 25 months and they constitute the study population. Twelve athletes from group A, 21 fromgroup B and 6 from group C returned for a repeat exercise test. The athletes reached a significantly lower peak heart rate during their follow-up exercise test (P = 0.001). More athletes were engaged in competitive sports during their initialexercise test than in the follow-up test (P = 0.021). Most of theathletes who had VPB and/orventricular couplets and/or NSVT during their initial exercise test had far fewer ventricular arrhythmias in the follow-up exercise test (P = 0.001). Conclusion: Athletes engaged in competitive sports are more likely to develop ventricular arrhythmias during exercise. These arrhythmias subside over time when athletes are engaged in non-competitive sports.",,pubmedqa
D_pubmedqa_013,distractor,PUBMEDQA_REPORT_17598882,"A genetic component is well established in the etiology of breast cancer. It is not well known, however, whether genetic traits also influence prognostic features of the malignant phenotype. We carried out a population-based cohort study in Sweden based on the nationwide Multi-Generation Register. Among all women with breast cancer diagnosed from 1961 to 2001, 2,787 mother-daughter pairs and 831 sister pairs with breast cancer were identified; we achieved complete follow-up and classified 5-year breast cancer-specific prognosis among proband (mother or oldest sister) into tertiles as poor, intermediary, or good. We used Kaplan-Meier estimates of survival proportions and Cox models to calculate relative risks of dying from breast cancer within 5 years depending on the proband's outcome. The 5-year survival proportion among daughters whose mothers died within 5 years was 87% compared to 91% if the mother was alive (p = 0.03). Among sisters, the corresponding proportions were 70% and 88%, respectively (p = 0.001). After adjustment for potential confounders, daughters and sisters of a proband with poor prognosis had a 60% higher 5-year breast cancer mortality compared to those of a proband with good prognosis (hazard ratio [HR], 1.6; 95% confidence interval [CI], 1.2 to 2.2; p for trend 0.002). This association was slightly stronger among sisters (HR, 1.8; 95% CI, 1.0 to 3.4) than among daughters (HR, 1.6; 95% CI, 1.1 to 2.3). Conclusion: Breast cancer prognosis of a woman predicts the survival in her first-degree relatives with breast cancer. Our novel findings suggest that breast cancer prognosis might be inherited.",,pubmedqa
D_pubmedqa_014,distractor,PUBMEDQA_REPORT_8921484,"After 34 weeks gestation, summary measures of location for birthweight (e.g means and centiles) increase more slowly for Australian Aborigines than for whites. A similar pattern has been observed for blacks in the US. This study tests whether the reported pattern is due to differential misclassification of gestational age. Simulation was used to measure the potential effect of differential misclassification of gestational age. Reported gestational age data were obtained from Queensland Perinatal Data Collection (QPDC). Estimates of the true distributions of gestational age were obtained by assuming various (plausible) types of misclassification and applying these to the reported distributions. Previous studies and data from the QPDC were used to help specify the birthweight distributions used in the simulations. At full term, the parameters of the birthweight distributions were robust to gestational age misclassification. At preterm, the 10th centiles were robust to misclassification. In contrast, the 90th centiles were sensitive to even minor misclassification. Extreme types of misclassification were required to remove the divergence in median birthweights for Aborigines and whites. Conclusion: Gestational age misclassification is an unlikely explanation for the reported divergence in average birth-weights for Aborigines and whites. The results might help with the interpretation of other between-population comparisons.",,pubmedqa
D_pubmedqa_015,distractor,PUBMEDQA_REPORT_8910148,"The brain-dead donor supply has become one of the criteria limiting the performance of heart transplantation. Conventional screening criteria are too limiting and exclude suitable heart donors. Echocardiography is now widely available and is a reliable tool to assess left ventricular dysfunction in brain-dead donors. Yet few data are available on the degree of left ventricular dysfunction where a transplantation is possible. Fifty-five potential brain-dead heart donors (age 38 +/- 11 years) were prospectively evaluated by transesophageal echocardiography (TEE) before harvesting. Fractional area change (FAC) was used to assess left ventricular function in potential brain-dead donors. Transplanted hearts were evaluated on the fifth postoperative day. The transplantation was considered a success if the recipient was alive, not retransplanted, without an assistance device or an epinephrine infusion of more than 1 mg/h and showed an ejection fraction above 40%. Of the 55 potential heart donors, 20 exhibited an FAC of less than 50%. Forty hearts were harvested, 36 of which were successfully transplanted. Nine patients had an FAC below 50% (group H2) and 27 had an FAC over 50% (group H1). Four patients died: 2 from hemorrhage (FAC>50% in donors); 1 from right and one from left ventricular dysfunction (FAC<50% in donors). The FAC increased significantly from 51 +/- 15% to 57 +/- 11% in 18 hearts that underwent TEE in donors and afterwards in recipients. Overall actuarial survival was 86.2% versus 64.6% at 1 and 2 years in group H1 and group H2, respectively (p = NS). Conclusion: TEE is useful to assess left ventricular function in potential brain-dead donors. An FAC less than 50% is present in 36% of potential heart donors. Because left ventricular dysfunction is often reversible shortly after transplantation, an FAC below 50% may not necessarily preclude the use of hearts for transplantation.",,pubmedqa
D_pubmedqa_016,distractor,PUBMEDQA_REPORT_21726930,"Endometrial polyp is a common cause of abnormal uterine bleeding, but the etiology and pathogenesis remain unclear. Vascular endothelial growth factor (VEGF) is angiogenic, related to thick walled vessels and transforming growth factor-beta1 (TGF-β1) is related to fibrotic tissue, which are characteristics of endometrial polyps. The primary objective of this study was to find out if endometrial polyp formation is associated with increased expression of VEGF or TGF-β1, or both. A secondary objective is to determine if the changes are related to steroid receptor expression. This prospective study compared VEGF and TGF-β1 expression of endometrial polyps and adjacent endometrial tissue in 70 premenopausal women. The comparison of results was separately made for endometrium specimens obtained in the proliferative and secretory phases. The results were correlated with the steroid receptors (estrogen receptor and progesterone receptor) expression. The score of VEGF in glandular cells of endometrial polyps was significantly higher than the score in adjacent endometrium, both in the proliferative phase (P<0.001) and the secretory phase (P=0.03); the score of VEGF in stromal cells of endometrial polyps was significantly higher than the score in adjacent endometrium only in proliferative phase (P=0.006). The score of TGF-β1 in glandular cells of endometrial polyps was significantly higher than the score in adjacent endometrium in proliferative phase (P=0.02); whereas the score of TGF-β1 in stromal cells of endometrial polyps was significantly higher than the score in adjacent endometrium, both in the proliferative phase (P=0.006) and the secretory phase (P=0.008). There was a significant correlation between the expression of steroid receptors and VEGF and TGF-β1 (Spearman's correlation P<0.001 and P<0.05, respectively). Conclusion: There was increased expression of TGF-β1 and VEGF in polyps compared to adjacent normal endometrial tissue. It suggested that these cytokines might play a role in endometrial polyp formation. In addition, there was a significant correlation between steroid receptor expression and VEGF and TGF-β1 expression.",,pubmedqa
D_pubmedqa_017,distractor,PUBMEDQA_REPORT_10173769,"To consider whether the Barthel Index alone provides sufficient information about the long term outcome of stroke. Cross sectional follow up study with a structured interview questionnaire and measures of impairment, disability, handicap, and general health. The scales used were the hospital anxiety and depression scale, mini mental state examination, Barthel index, modified Rankin scale, London handicap scale, Frenchay activities index, SF36, Nottingham health profile, life satisfaction index, and the caregiver strain index. South east London. People, and their identified carers, resident in south east London in 1989-90 when they had their first in a life-time stroke aged under 75 years. Observational study. Comparison and correlation of the individual Barthel index scores with the scores on other outcome measures. One hundred and twenty three (42%) people were known to be alive, of whom 106 (86%) were interviewed. The median age was 71 years (range 34-79). The mean interval between the stroke and follow up was 4.9 years. The rank correlation coefficients between the Barthel and the different dimensions of the SF36 ranged from r = 0.217 (with the role emotional dimension) to r = 0.810 (with the physical functioning dimension); with the Nottingham health profile the range was r = -0.189 (with the sleep dimension, NS) to r = -0.840 (with the physical mobility dimension); with the hospital and anxiety scale depression component the coefficient was r = -0.563, with the life satisfaction index r = 0.361, with the London handicap scale r = 0.726 and with the Frenchay activities index r = 0.826. Conclusion: The place of the Barthel index as the standard outcome measure for populations of stroke patients is still justified for long term follow up, and may be a proxy for different outcome measures intended for the assessment of other domains.",,pubmedqa
D_pubmedqa_018,distractor,PUBMEDQA_REPORT_16962519,"To estimate changes in uterine myoma volume during pregnancy. Review of departmental electronic perinatal database and medical records. Canadian Task Force Classification II-3. Obstetrical ultrasound unit in an academic tertiary care center. One hundred-seven patients diagnosed with uterine myomas during pregnancy and who had two or more obstetrical ultrasounds in different periods of pregnancy. We analyzed the change in volume of uterine myomas between the first half of pregnancy (up until 19 weeks), third quarter (20-30 weeks), and last quarter (31 weeks to term). The volume of largest uterine myoma was calculated using the formula Volume (mm3)=Pi/6x(length mm)x(width mm)x(height mm). The mean age of the population was 31+/-6 years. Between the first and the second study periods, the percentage of uterine myomas that decreased in size was 55.1% (95% CI: 43-66), with a mean decrease in volume of 35%+/-4%; while the percentage of uterine myomas that enlarged was 44.9% (95% CI: 34-56), with a mean increase in volume of 69%+/-11%. Between the second and the third study periods, 75% (95% CI: 56-87) became smaller, with a mean decrease in volume of 30%+/-3%; while 25% (95% CI: 13-43) enlarged, with a mean increase in volume of 102%+/-62%. Conclusion: Contrary to common belief, we found that uterine myomas commonly decrease in volume over the course of pregnancy.",,pubmedqa
D_pubmedqa_019,distractor,PUBMEDQA_REPORT_21849531,"Adults with GH deficiency (GHD) have a decreased life expectancy. The effect of GH treatment on mortality remains to be established. This nationwide cohort study investigates the effect of GH treatment on all-cause and cause-specific mortality and analyzes patient characteristics influencing mortality in GHD adults. Patients in the Dutch National Registry of Growth Hormone Treatment in Adults were retrospectively monitored (1985-2009) and subdivided into treatment (n = 2229), primary (untreated, n = 109), and secondary control (partly treated, n = 356) groups. Standardized mortality ratios (SMR) were calculated for all-cause, malignancy, and cardiovascular disease (CVD) mortality. Expected mortality was obtained from cause, sex, calendar year, and age-specific death rates from national death and population counts. In the treatment group, 95 patients died compared to 74.6 expected [SMR 1.27 (95% confidence interval, 1.04-1.56)]. Mortality was higher in women than in men. After exclusion of high-risk patients, the SMR for CVD mortality remained increased in women. Mortality due to malignancies was not elevated. In the control groups mortality was not different from the background population. Univariate analyses demonstrated sex, GHD onset, age, and underlying diagnosis as influencing factors. Conclusion: GHD men receiving GH treatment have a mortality rate not different from the background population. In women, after exclusion of high-risk patients, mortality was not different from the background population except for CVD. Mortality due to malignancies was not elevated in adults receiving GH treatment. Next to gender, the heterogeneous etiology is of influence on mortality in GHD adults with GH treatment.",,pubmedqa
D_pubmedqa_020,distractor,PUBMEDQA_REPORT_19653482,The present study investigated factors that explain when and why different groups of teammates are more likely to request and accept backup from one another when needed in an environment characterized by extreme time pressure and severe consequences of error: commercial air traffic control (ATC). Transactive memory theory states that teammates develop consensus regarding the distribution of their relative expertise as well as confidence in that expertise over time and that this facilitates coordination processes. The present study investigated whether this theory could help to explain between-team differences in requesting and accepting backup when needed. The present study used cross-sectional data collected from 51 commercial ATC teams. Hypotheses were tested using multiple regression analysis. Teammates with greater experience working together requested and accepted backup from one another more than those with lesser experience working together. Teammate knowledge consensus and perceived team efficacy appear to have mediated this relationship. Conclusion: Transactive memory theory extends to high-stress environments in which members' expertise is highly overlapping. Teammates' shared mental models about one another increase the likelihood that they will request and accept backup.,,pubmedqa
D_pubmedqa_021,distractor,PUBMEDQA_REPORT_18041059,"Despite the advantages from using aromatase inhibitors (AIs) compared with tamoxifen for early breast cancer, an unexpectedly greater number of grade 3 and 4 cardiovascular events (CVAE) (as defined by National Cancer Institute of Canada-Common Toxicity Criteria [version 2.0] was demonstrated. Phase 3 randomized clinical trials (RCTs) comparing AI with tamoxifen in early breast cancer were considered eligible for this review. The event-based risk ratios (RRs) with 95% confidence intervals (95% CIs) were derived, and a test of heterogeneity was applied. Finally, absolute differences (ADs) in event rates and the number of patients needed to harm 1 patient (NNH) were determined. Seven eligible RCTs (19,818 patients) reported CVAE results. When considering all RCTs, the AD of the primary endpoint (CVAE) between the 2 arms (0.52%), tamoxifen versus AI, was statistically significant (RR, 1.31; 95% CI, 1.07-1.60; P= .007). This translated into an NNH value of 189 patients; when only third-generation AIs were considered, the difference (0.57%) remained significant (RR, 1.34; 95% CI, 1.09-1.63; P= .0038). Thromboembolic events were significantly more frequent in the tamoxifen arm, regardless of the strategy adopted (RR, 0.53; 95% CI, 0.42-0.65; P<.0001), without significant heterogeneity (P= .21). An AD of 1.17% and an NNH value of 85 patients were observed. Conclusion: According to the results from this meta-analysis, the risk of grade 3 and 4 CVAEs in patients who were receiving AIs was higher compared with the risk in patients who were receiving tamoxifen, and the difference reached statistical significance. However, the AD was relatively low, and from 160 to 180 patients had to be treated to produce 1 event.",,pubmedqa
D_pubmedqa_022,distractor,PUBMEDQA_REPORT_21198823,"Elevation of cardiac troponin (cTn) is considered specific for myocardial damage. Elevated cTn and echocardiogrpahic documentation of wall motion abnormalities (WMAs) that were recorded after extreme physical effort raise the question whether dobutamine stress echo (DSE), can also induce elevation of troponin. we prospective enrolled stable patients (age>18 years) referred to DSE. The exam was performed under standardized conditions. Blood samples for cTnI were obtained at baseline and 18-24 hours after the test. We aimed to compare between the clinical and echocardiographic features of patients with elevated cTnI and those without cTnI elevations. Fifty-seven consecutive patients were included. The average age was 64.4 ± 10.7, 73% of the patients were males, and nearly half of the patients were known to have ischemic heart disease. Two of the patients were excluded due to technical difficulty. No signs of ischemia were recorded in 25 (45.4%). Among the patients with established ischemia on DSE, 12 (22%) had mild ischemia, 13 (23.6%) had moderate and 5 (9%) had severe ischemia. Angiography was performed in 13 (26%) of the patients, of which 7 had PCI and one was referred to bypass surgery. None of the patients had elevated cTnI 18-24 hours after the DSE. Conclusion: Our results indicate that there is no elevation of cTn despite the occurrence of significant WMAs on DSE. We conclude that cTnI cannot be used as an additional diagnostic tool during pharmacological stress test performed to evaluate the presence and severity of ischemia.",,pubmedqa
D_pubmedqa_023,distractor,PUBMEDQA_REPORT_24318956,"Digoxin is a commonly used medication for heart failure and cardiac arrhythmias that has recently been suggested as a novel chemotherapeutic agent. Preclinical studies of prostate cancer (PCa) have shown anti-tumor activity with digoxin. We explore the relationship between use of digoxin and PCa risk. Data from a population-based case-control study of incident cases aged 35-74 years at PCa diagnosis in 2002-2005 in King County, Washington were available. Controls were identified by random digit dialing and frequency matched by age. Use of digoxin was determined from in-person questionnaires regarding medical and prescription history. The relationship of digoxin use with PCa risk was evaluated with logistic regression. One thousand one cases of PCa and 942 controls were analyzed. The prevalence of digoxin use in controls was 2.7%, and use was positively correlated with age. In multivariate analysis adjusting for age, race, PSA screening, and family history of PCa, digoxin use was associated with a reduction in the odds ratio of PCa (OR 0.58, 95% CI: 0.30-1.10). Among those with ≥3 PSA tests over the preceding 5 years (546 cases, 380 controls), digoxin use was associated with a stronger reduction of PCa risk (OR 0.44, 95% CI: 0.20-0.98). Conclusion: These data indicate digoxin use may be associated with a reduction in risk of PCa. Given the potential mechanisms by which digoxin may exert an anti-neoplastic effect and other recent studies showing a negative association between digoxin use and PCa, further research is warranted.",,pubmedqa
D_pubmedqa_024,distractor,PUBMEDQA_REPORT_18507507,"Specialty pharmaceuticals have evolved beyond their status as niche drugs designed to treat rare conditions and are now poised to become the standard of care in a wide variety of common chronic illnesses. Due in part to the cost of these therapies, payers are increasingly demanding evidence of their value. Determining the value of these medications is hampered by a lack of robust pharmacoeconomic data. To outline emerging strategies and case study examples for the medical and pharmacy benefits management of specialty pharmaceuticals. The promise of specialty pharmaceuticals: increased life expectancy, improved quality of life, enhanced workplace productivity, decreased burden of disease, and reduced health care spending comes at a significant cost. These agents require special handling, administration, patient education, clinical support, and risk mitigation. Additionally, specialty drugs require distribution systems that ensure appropriate patient selection and data collection. With the specialty pharmaceutical pipeline overflowing with new medicines and an aging population increasingly relying on these novel treatments to treat common diseases, the challenge of managing the costs associated with these agents can be daunting. Aided by sophisticated pharmacoeconomic models to assess value, the cost impacts of these specialty drugs can be appropriately controlled. Conclusion: Current evidence suggests that when used in targeted patient populations, specialty pharmaceuticals may represent a good health care value.",,pubmedqa
D_pubmedqa_025,distractor,PUBMEDQA_REPORT_27040842,"To measure the dimensions of compensatory hypertrophy of the middle turbinate in patients with nasal septal deviation, before and after septoplasty. The mucosal and bony structures of the middle turbinate and the angle of the septum were measured using radiological analysis before septoplasty and at least one year after septoplasty. All pre- and post-operative measurements of the middle turbinate were compared using the paired sample t-test and Wilcoxon rank sum test. The dimensions of bony and mucosal components of the middle turbinate on concave and convex sides of the septum were not significantly changed by septoplasty. There was a significant negative correlation after septoplasty between the angle of the septum and the middle turbinate total area on the deviated side (p = 0.033). Conclusion: The present study findings suggest that compensatory hypertrophy of the middle turbinate is not affected by septoplasty, even after one year.",,pubmedqa
D_pubmedqa_026,distractor,PUBMEDQA_REPORT_12221908,"The principal causes of morbidity and mortality during pregnancy in Mexico, are preeclampsia/eclampsia, obstetric hemorrhage and puerperium complications; this is, 62% of maternal deaths in last years. HELLP syndrome was observed between 5 to 25% of the mortality in pregnancies of 36 weeks or less. To analyze patients with HELLP syndrome in ICU's (Intensive Care Unit) of a Gynecology and Obstetric Hospital, related to the abnormal hematological, hepatic and renal results with the obstetric case history and the clinical complications. A transversal study in patients with HELLP syndrome during 1998 and 1999 were carry out. Peripheral blood with Microangiopathic hemolysis, elevated liver enzymes: AST, ALT over 40 UI/L, even when were LDH lower than 600 UI/L. It was evaluated the hepatic and renal function, platelets count, microangiopathic hemolysis, arterial pressure, seizures, icteric skin color, blindness, visual disturbances, nausea, vomiting and upper quadrant right abdominal pain. In newborn we analyzed gestational age, sex, weight and APGAR. We studied for an association between maternal and biochemical variables with Correlation Pearson Test, and dependence between variables with lineal regression model. 2878 patients with hypertensives disorders in pregnancy (11.64%). The 1.15% (n = 33) had HELLP syndrome with specific maternal mortality of 0.4 per 10,000 live birth, perinatal mortality of 1.62 per 10,000 live birth; and renal damage in 84.5%. Coefficient beta was higher between number of pregnancies to platelets count (-0.33) and creatinine clearance (-0.401). Conclusion: We found an important renal damage, low platelets, elevated liver enzymes in women with two or more pregnancies. Then we propose there are similarities between HELLP syndrome and Systemic Inflammatory Response Syndrome (SIRS) because they could have the same pathophysiology.",,pubmedqa
D_pubmedqa_027,distractor,PUBMEDQA_REPORT_24352924,"The purpose of this study was to investigate the efficacy of ultrasonography to confirm Schanz pin placement in a cadaveric model, and the interobserver repeatability of the ultrasound methodology. This investigation is a repeated measures cadaveric study with multiple examiners. Cadaveric preparation and observations were done by an orthopaedic traumatologist and resident, and two general surgery traumatologists. A total of 16 Schanz pins were equally placed in bilateral femora and tibiae. Four examiners took measurements of pin protrusion beyond the distal cortices using first ultrasonography and then by direct measurement after gross dissection.MAIN OUTCOME MEASURE(S): Distal Schanz pin protrusion length measurements from both ultrasonography and direct measurement post dissection. Schanz pin protrusion measurements are underestimated by ultrasonography (p<0.01) by an average of 10 percent over the range of 5 to 18 mm, and they display a proportional bias that increases the under reporting as the magnitude of pin protrusion increases. Ultrasound data demonstrate good linear correlation and closely represent actual protrusion values in the 5 to 12 mm range. Interobserver repeatability analysis demonstrated that all examiners were not statistically different in their measurements despite minimal familiarity with the ultrasound methodology (p>0.8). Conclusion: Despite the statistical imparity of pin protrusion measurement via ultrasound compared to that of gross dissection, a consideration of the clinical relevance of ultrasound measurement bias during an austere operating theatre leads to the conclusion that ultrasonography is an adequate methodology for Schanz pin protrusion measurement.",,pubmedqa
D_pubmedqa_028,distractor,PUBMEDQA_REPORT_23453079,"To determine whether prostate morphology or technique used has any effect on postoperative outcomes after holmium laser enucleation of the prostate. A retrospective review of prospectively collected data was completed for all patients undergoing a holmium laser enucleation of the prostate at our institution. Prostate morphology was classified as either ""bilobar"" or ""trilobar"" according to the cystoscopic appearance. The baseline characteristics, complications, and postoperative outcomes were collected. A total of 304 patients with either ""bilobar"" (n = 142) or ""trilobar"" (n = 162) prostate morphology were included. The trilobar group was more likely to have longer operative times (112 vs 100 minutes, P = .04), although this difference was not significant on multivariate analysis. The postoperative outcomes were similar between the 2 groups for American Urological Association symptom score, change in American Urological Association symptom score, bother score, maximal flow rate, change in maximal flow rate, postvoid residual urine volume, and complication rate. However, the trilobar group had a significantly greater decrease in their PVR urine volume (296 vs 176 mL, P = .01), a difference that persisted on multivariate analysis. A subset analysis of the trilobar prostates revealed that performing a 2-lobe technique achieved shorter operative and enucleation times, although the difference was not significant. Conclusion: Those patients with trilobar prostate morphology are more likely to achieve a greater decrease in the PVR urine volume after holmium laser enucleation of the prostate. All other outcomes appeared to be similar between the 2 groups. In addition, a 2-lobe technique can be safely used for trilobar prostates when deemed feasible by the surgeon.",,pubmedqa
D_pubmedqa_029,distractor,PUBMEDQA_REPORT_10411439,"Lower limb compartment syndrome has been reported to occur after colorectal, urological, and gynecological procedures during which the patient's lower limbs are elevated for prolonged periods of time. We investigated lower limb perfusion in a group of patients undergoing prolonged pelvic surgery both during and immediately after surgery, using intra-arterial blood pressure monitoring, laser doppler flowmetry, and pulse oximetry. Use of the modified lithotomy position was not associated with any demonstrable decrease in lower limb perfusion. The addition of 15 degrees head-down tilt, however, during pelvic dissection, led to an immediate and significant drop in lower limb perfusion (P<0.05; Mann-Whitney U test). The subgroup of patients analyzed postoperatively showed a ten-fold increase (P<0.01) in perfusion that was confined to the muscle compartment with no demonstrable increase in skin perfusion or intra-arterial pedal blood pressure. Conclusion: The use of the modified lithotomy position during pelvic surgery is not associated with lower limb ischemia. Addition of Trendelenburg position, however, causes profound ischemia of the lower limbs, and this is followed during the recovery period by hyperperfusion that is confined to the muscle compartments, which may put patients at risk of developing lower limb compartment syndrome.",,pubmedqa
D_mmed_bench_000,distractor,MMEDBENCH_REPORT_MMEDBENCH_039388,"Correct answer: T8. Rationale: The correct answer option for the vertebral level indicated by a thoracic CT scan can be determined by the anatomic structures visible in the image. In an adult, the T4 level typically shows the arch of the aorta and great vessels emerging from it, while T1 is at the level where the brachiocephalic veins converge to form the superior vena cava. The T5 level may show the aortic arch coming to an end. However, at the T8 level, you can often identify the inferior vena cava passing through the diaphragm, which is a key landmark distinguishing the mid-thoracic vertebrae. Depending on which anatomical structures or features are identifiable in the CT scan, you can deduce the vertebral level that corresponds to the image. If the image shows landmarks consistent with the T8 level, it would be the correct answer. This analysis underscores the importance of understanding thoracic anatomy for accurate clinical diagnostics in trauma settings.",,mmed_bench
D_mmed_bench_001,distractor,MMEDBENCH_REPORT_MMEDBENCH_037715,"Correct answer: 600 mg. Rationale: To calculate the loading dose for the patient, we need to apply the concept of proportionality. The original subject weighed 100 kg and received a 1500 mg dose to achieve a 15 mg/dL serum concentration. As the bioavailability is 1, no adjustments for absorption are needed.The patient weighs 60 kg, and the desired concentration is 10 mg/dL, which is two-thirds of the original concentration (10/15 = 2/3). Since dose, body weight, and targeted serum concentration are directly proportional, we calculate the dose for the new patient by multiplying the original dose by the ratio of the target concentration and the ratio of target body weight to original body weight:New Dose = (1500 mg) * (60 kg / 100 kg) * (10 mg/dL / 15 mg/dL)          = (1500 mg) * (0.6) * (2/3)          = (1500 mg) * 0.4          = 600 mgTherefore, the correct loading dose to achieve the target serum concentration in a 60 kg patient is 600 mg, leading us to choose option D.",,mmed_bench
D_mmed_bench_002,distractor,MMEDBENCH_REPORT_MMEDBENCH_041074,"Correct answer: Dark-field microscopy
"". Rationale: The most appropriate next step to confirm the diagnosis is D. Dark-field microscopy. The patient's symptoms—painless ulcer (chancre) with a smooth base and non-tender bilateral inguinal adenopathy—are classic for primary syphilis. Dark-field microscopy can be used to directly observe the spirochete Treponema pallidum in fluid from the lesion, providing rapid and specific confirmation. Swab culture (A) is not generally useful for syphilis, as T. pallidum does not grow well in culture. Serologic tests such as RPR (B) and FTA-ABS (C) are useful in syphilis diagnosis, but they may not yet be positive in the earliest stages of primary syphilis; therefore, direct visualization using microscopy is preferred.",,mmed_bench
D_mmed_bench_003,distractor,MMEDBENCH_REPORT_MMEDBENCH_003645,"Correct answer: Dermis. Rationale: The pruritic wheals described are indicative of urticaria, a key feature of type I hypersensitivity reactions, where histamine release leads to vasodilation and increased vascular permeability in the skin. This process predominantly affects the dermis layer, which contains the mast cells that release histamine in response to an allergen. The stratum corneum, stratum granulosum, and stratum basale are layers of the epidermis and are not primarily involved in this immediate hypersensitivity reaction. Therefore, histologic changes such as dermal edema and inflammatory cell infiltration would be most notable in the dermis (option D), justifying its selection as the correct answer.",,mmed_bench
D_mmed_bench_004,distractor,MMEDBENCH_REPORT_MMEDBENCH_003627,"Correct answer: Calcium oxalate crystals. Rationale: The presence of empty vodka bottles and antifreeze suggests the patient ingested ethylene glycol, found in antifreeze, which is metabolized into oxalic acid. Calcium oxalate crystals in the urine are characteristic of ethylene glycol poisoning. Oxalic acid combines with calcium to form calcium oxalate, which precipitates as crystals in the urine. This can lead to acute kidney injury, as suggested by the elevated serum creatinine and BUN. Slurred speech and altered mental status are also consistent with the neurotoxic effects of ethylene glycol. Hence, of the given options, calcium oxalate crystals (A) would be expected in this patient's urine.",,mmed_bench
D_mmed_bench_005,distractor,MMEDBENCH_REPORT_MMEDBENCH_039109,"Correct answer: Otosclerosis. Rationale: The most likely diagnosis for the patient's symptoms is otosclerosis, indicated by option C. Otosclerosis is a condition characterized by the abnormal bone growth in the middle ear that can cause hearing loss. The key findings suggesting this diagnosis are the presence of bilateral buzzing (tinnitus), episodes of mild dizziness, and the hearing test results showing bone conduction greater than air conduction with no lateralization on the Weber test. These clinical features are consistent with conductive hearing loss which is typical of otosclerosis. Diabetic otopathy generally leads to sensorineural hearing loss, not conductive, making it less likely. Drug-induced ototoxicity is less probable considering her medications do not commonly cause this issue, and presbycusis, age-related hearing loss, is unlikely given her age. Her occupation as a trombonist is a distractor; noise-induced hearing loss typically causes sensorineural hearing loss rather than conductive.",,mmed_bench
D_mmed_bench_006,distractor,MMEDBENCH_REPORT_MMEDBENCH_045156,"Correct answer: Seborrheic dermatitis. Rationale: The child's presentation includes signs and symptoms suggestive of a nutritional deficiency, specifically B-group vitamin deficiencies, such as riboflavin (vitamin B2), niacin (vitamin B3), or pyridoxine (vitamin B6), associated with angular cheilitis (cracking of the skin at the corners of the mouth), glossitis (swollen tongue), and pallor secondary to anemia. The normal MCV with low hemoglobin points to a non-megaloblastic anemia, which can occur with deficiencies in these vitamins. If left untreated, deficiencies of certain B vitamins can lead to dermatological manifestations, including seborrheic dermatitis-like eruptions. Option D (Seborrheic dermatitis) is the most likely development if the nutritional deficiencies are not addressed. Hypersegmented neutrophils (Option A) are associated with megaloblastic anemia, typically related to vitamin B12 or folate deficiency. Keratomalacia (Option B) results from severe vitamin A deficiency. Dilated cardiomyopathy (Option C) could be related to a deficiency in thiamine (vitamin B1), but the other symptoms don't fit this as well as they do B-group deficiencies linked to seborrheic dermatitis.",,mmed_bench
D_mmed_bench_007,distractor,MMEDBENCH_REPORT_MMEDBENCH_044040,"Correct answer: Berger’s disease. Rationale: The most likely diagnosis is A. Berger’s disease, also known as IgA nephropathy. The key indicator in this case is the presence of granular IgA immune complex deposits in the mesangium on immunofluorescence. This finding is characteristic of IgA nephropathy. The patient’s history of multiple episodes of hematuria since childhood supports this chronic condition, unlike post-streptococcal glomerulonephritis, which is usually preceded by a streptococcal infection and would more likely present with low C3 levels. Hemolytic uremic syndrome typically includes thrombocytopenia and kidney impairment, which are not indicated here. Finally, celiac disease is not associated with these renal findings.",,mmed_bench
D_mmed_bench_008,distractor,MMEDBENCH_REPORT_MMEDBENCH_042438,"Correct answer: Parvovirus arthritis. Rationale: The patient presents with acute pain and swelling in the hands and wrists, a nonpruritic generalized rash, and a recent history of fever and upper respiratory symptoms that suggest a viral etiology. The absence of abnormalities in the erythrocyte sedimentation rate and autoimmune serologies such as anti-nuclear antibody and anti-dsDNA make systemic autoimmune conditions like systemic lupus erythematosus less likely. Disseminated gonococcal disease typically presents with fever and migratory polyarthralgia, tenosynovitis, and dermatitis, but the recent usage of condoms, albeit inconsistent, and lack of genitourinary symptoms reduce this likelihood. Psoriatic arthritis usually has a more insidious onset and is associated with psoriatic skin changes. Therefore, parvovirus arthritis, or Parvovirus B19 infection, which commonly causes a lacy macular rash (erythema infectiosum or ""fifth disease"") and can lead to acute symmetrical polyarthralgia or polyarthritis, is the most probable diagnosis given the clinical picture.",,mmed_bench
D_mmed_bench_009,distractor,MMEDBENCH_REPORT_MMEDBENCH_036054,"Correct answer: Increased confidence interval range. Rationale: Reducing the sample size of a study typically leads to a decrease in the power of the study and an increase in the width of the confidence interval for the estimated parameters, reflecting greater statistical uncertainty. In this hypothetical scenario, if the number of participants were halved from 14,000 to 7,000, the precision of the hazard ratio estimate would diminish, resulting in a wider confidence interval around the calculated hazard ratio. A smaller sample size would not necessarily alter the hazard ratio itself (Option A), the rate of type I error (Option C), or directly affect the risk of confounding bias (Option D). The increased confidence interval (Option B) is therefore the most expected change with a reduced sample size.",,mmed_bench
D_mmed_bench_010,distractor,MMEDBENCH_REPORT_MMEDBENCH_044720,"Correct answer: Folate synthesis inhibitor. Rationale: The patient's clinical presentation of persistent fevers, night sweats, productive cough, cavitations on chest radiograph, and the detection of partially acid-fast gram-positive branching rods in bronchoalveolar lavage strongly suggests a diagnosis of pulmonary nocardiosis, especially given his immunocompromised state due to poorly managed HIV with low CD4 count. Nocardia species are susceptible to sulfonamides, which inhibit folate synthesis—a crucial pathway required for bacterial replication and survival. Therefore, a folate synthesis inhibitor, such as trimethoprim-sulfamethoxazole, is the appropriate choice for antibiotic therapy (Option D). Other listed mechanisms wouldn't target the suspected pathogen as effectively as a folate synthesis inhibitor.",,mmed_bench
D_mmed_bench_011,distractor,MMEDBENCH_REPORT_MMEDBENCH_037909,"Correct answer: 5. Rationale: The correct answer is A. 5. The patient's presentation of abdominal pain and bloody stool coupled with the finding of hundreds of small polyps in the colon strongly suggests familial adenomatous polyposis (FAP), a condition caused by a mutation in the APC (adenomatous polyposis coli) gene. This gene is located on chromosome 5 (5q21-q22). The early age of onset and the number of polyps are characteristic of FAP. Additionally, a family history of colon cancer (cousin diagnosed at 21) also supports this diagnosis. Although both are genetic conditions, the grandfather's Alzheimer disease and the chromosome it's associated with are not relevant to the polyposis observed in this patient.",,mmed_bench
D_mmed_bench_012,distractor,MMEDBENCH_REPORT_MMEDBENCH_044638,"Correct answer: Diclofenac. Rationale: Diclofenac, a nonsteroidal anti-inflammatory drug (NSAID), is the medication most likely to have contributed to treatment failure with furosemide in this scenario. NSAIDs can decrease renal blood flow, impairing the diuretic response to furosemide, a loop diuretic. The patient presents with signs of fluid overload consistent with heart failure exacerbation. NSAIDs can exacerbate heart failure by causing sodium and water retention. The other options, including sulfasalazine, prednisone, and infliximab, do not typically have the same significant impact on renal blood flow or diuretic response as NSAIDs do. Prednisone, for example, could even promote diuresis in some cases due to its anti-inflammatory effects.",,mmed_bench
D_mmed_bench_013,distractor,MMEDBENCH_REPORT_MMEDBENCH_041919,"Correct answer: Clindamycin therapy. Rationale: The most appropriate next step in managing this case is C, clindamycin therapy. The child presents with symptoms of a bacterial pharyngitis—sore throat, painful swallowing, enlarged tonsils with exudates, and a warm, tender, nonfluctuant cervical lymph node. These signs suggest a bacterial infection, likely Group A Streptococcus (GAS), which is a common cause of pharyngitis in children. Clindamycin is an effective antibiotic for treating GAS, and it also covers potential anaerobic bacteria that could cause neck abscesses. The lack of fluctuance suggests that abscess formation is not present, thus making incision and drainage (option B) inappropriate at this time. Sulfadiazine and pyrimethamine (option A) are treatments for toxoplasmosis, not bacterial pharyngitis, and there is no indication of immunodeficiency or viral infection to warrant immunoglobulin therapy (option D).",,mmed_bench
D_mmed_bench_014,distractor,MMEDBENCH_REPORT_MMEDBENCH_039432,"Correct answer: Knee to chest positioning. Rationale: The presented symptoms suggest a possible congenital heart disorder, such as Tetralogy of Fallot, which can present with cyanotic episodes called ""Tet spells."" These spells are due to decreased pulmonary blood flow and right-to-left shunting through concomitant defects. Option D, knee to chest positioning, increases systemic vascular resistance, which reduces the right-to-left shunting across the ventricular septal defect and increases the blood flow to the lungs, thereby improving oxygenation. Options A, B, and C are not typically used to manage acute cyanotic spells in congenital heart disease and would not directly address the underlying pathophysiology as the knee-to-chest position does.",,mmed_bench
D_mmed_bench_015,distractor,MMEDBENCH_REPORT_MMEDBENCH_037018,"Correct answer: Central line-associated blood stream infection. Rationale: The patient's presentation with high, unrelenting fever alongside the identification of coagulase-negative cocci in clusters from blood cultures taken from the central line on the 8th postoperative day points towards a central line-associated blood stream infection (CLABSI). The earlier positivity of cultures from the central line versus the peripheral line supports this diagnosis. The presence of an S3 gallop and crackles at the lung bases might suggest heart failure or a pulmonary process, but these findings do not exclude a CLABSI. Additionally, there is no purulent discharge from the sternal wound, which reduces the likelihood of a surgical site infection, and there are no abdominal signs to suggest bowel ischemia. Finally, while a catheter-associated urinary tract infection is possible, it is less likely to cause systemic symptoms as severe as those seen in this patient without other specific urinary findings.",,mmed_bench
D_mmed_bench_016,distractor,MMEDBENCH_REPORT_MMEDBENCH_046056,"Correct answer: Fine needle aspiration with cytology. Rationale: A fine needle aspiration with cytology (Option B) is the most appropriate next step for a patient presenting with new-onset palpitations, tremors, weight loss, and anxiety alongside a palpable thyroid nodule. These symptoms are suggestive of hyperthyroidism, possibly due to thyroid autonomy or thyroiditis. The history of neuroblastoma does not directly relate to the current presentation but raises concern for secondary malignancies. Thus, evaluating the thyroid nodule for malignancy is imperative. An ultrasound (Option A) is commonly performed as part of the evaluation, but a biopsy via fine needle aspiration is necessary to obtain cytology to rule out thyroid cancer, especially considering the firm and nontender characteristics of the nodule, which increase the suspicion of malignancy. Life-long monitoring (Option C) or thyroid hormone replacement therapy (Option D) may be premature without a diagnosis.",,mmed_bench
D_mmed_bench_017,distractor,MMEDBENCH_REPORT_MMEDBENCH_043847,"Correct answer: Decreases microtubule polymerization. Rationale: The patient's symptoms—sudden onset of severe pain in the great toe touched off by a very light stimulus (such as the bed sheet)—are classic for gout, a form of acute inflammatory arthritis. Colchicine is often used in the treatment of gout attacks due to its anti-inflammatory properties. Option D, ""Decreases microtubule polymerization,"" describes the mechanism of colchicine. It works by binding to tubulin, thereby inhibiting the assembly of microtubule structures. This affects the mobility and activity of neutrophils, leading to a decreased inflammatory response to the deposited monosodium urate crystals that cause gout. Colchicine does not inhibit xanthine oxidase (Option A), which is the mechanism of action for allopurinol, or bind to the glucocorticoid receptor (Option C), which is characteristic of steroids. It also does not affect the reabsorption of uric acid in the proximal convoluted tubule (Option B); that's the mechanism of action of drugs like probenecid. Hence, the most accurate description of colchicine's mechanism is D.",,mmed_bench
D_mmed_bench_018,distractor,MMEDBENCH_REPORT_MMEDBENCH_044017,"Correct answer: Past history of infective endocarditis. Rationale: The correct answer is C, past history of infective endocarditis. According to guidelines, antibiotic prophylaxis for the prevention of infective endocarditis is recommended in patients with certain cardiac conditions that confer the highest risk of adverse outcomes if endocarditis develops. These conditions include prosthetic heart valves, previous infective endocarditis, congenital heart disease with residual defects at the site or adjacent to the site of a prosthetic patch or device, and cardiac transplantation recipients who develop cardiac valvulopathy. In this scenario, a history of infective endocarditis is the only listed condition associated with a high risk of complication, warranting the use of antibiotic prophylaxis before dental procedures that can introduce bacteria into the bloodstream. Options A, B, and D are not typically indications for prophylaxis in an otherwise healthy patient without an aforementioned high-risk condition.",,mmed_bench
D_mmed_bench_019,distractor,MMEDBENCH_REPORT_MMEDBENCH_036080,"Correct answer: No further workup required. Rationale: The patient's presentation does not suggest an acute condition requiring immediate intervention. His history of peripheral vascular disease could explain decreased pedal pulses and absent ankle and patellar reflexes. Mild dementia is consistent with his trouble recalling words. No new symptoms indicative of other deficiencies or diseases (e.g., thiamine deficiency or Parkinsonism) are present, and there are no signs of infection or neural compromise to justify a lumbar puncture. His current management with aspirin and lisinopril seems appropriate for his hypertension and vascular history. Therefore, no additional workup is required at this time, and ongoing monitoring of his chronic conditions is indicated.",,mmed_bench
D_mmed_bench_020,distractor,MMEDBENCH_REPORT_MMEDBENCH_003641,"Correct answer: Factitious disorder. Rationale: Factitious disorder seems to be the likely cause of this patient's hypoglycemia based on the given scenario. The normal Hgb A1c indicates this is not a chronic hyperglycemic state as seen with uncontrolled diabetes. The low C-peptide level suggests that the insulin in her system is exogenous, since C-peptide is released in equal amounts to insulin by the pancreas and would be elevated with endogenous hyperinsulinemia, such as with an insulinoma. Furthermore, the stress of a difficult divorce could trigger factitious disorder, where the patient self-administers insulin or other hypoglycemic agents to produce a medical condition. The medical history and stressor suggest a psychological cause rather than an organic one.",,mmed_bench
D_mmed_bench_021,distractor,MMEDBENCH_REPORT_MMEDBENCH_045871,"Correct answer: Mitral valve prolapse. Rationale: The patient's cardiac examination reveals a high-frequency, mid-to-late systolic murmur that is best heard at the apex, which is a classical presentation of mitral valve prolapse (MVP). MVP murmur is best heard at the mitral listening post, which corresponds to the apex area. Pulmonary valve regurgitation and stenosis typically produce murmur that is best heard at the left upper sternal border, and these murmurs would also commonly change with respiration, which is not mentioned in this case. Tricuspid valve stenosis would produce a murmur heard best at the lower left sternal border and would likely be accompanied by other signs of right-sided heart failure, which are absent in this patient. Therefore, option D, Mitral valve prolapse, is the most likely diagnosis given the description.",,mmed_bench
D_mmed_bench_022,distractor,MMEDBENCH_REPORT_MMEDBENCH_043189,"Correct answer: Accumulation of foam cells in the tunica intima. Rationale: Choosing option A, ""Accumulation of foam cells in the tunica intima,"" might seem reasonable because of the patient's history of long-term smoking, which is a risk factor for atherosclerosis. Foam cells are a hallmark of atherosclerotic plaque formation. However, the patient's symptoms and physical examination findings are more indicative of an abdominal aortic aneurysm (AAA), which is associated with smoking and hypertension. AAAs can cause dull abdominal pain that radiates to the back and are characterized by the presence of a pulsatile mass in the periumbilical region. The most likely finding on evaluation of the blood vessel in AAA would be ""Fragmentation of elastic tissue in the tunica media,"" option D. This reflects the structural weakening of the vessel wall that leads to aneurysmal dilation. The presence of foam cells (choice A) is indicative of atherosclerosis, which may contribute to the development of an AAA, but the fragmentation and loss of elastic tissue within the tunica media is most directly associated with the pathology of an AAA. Therefore, option D would be the best answer for this question.",,mmed_bench
D_mmed_bench_023,distractor,MMEDBENCH_REPORT_MMEDBENCH_042398,"Correct answer: Deferoxamine. Rationale: The presentation of sudden onset nausea, vomiting, irritability, bloody emesis, and particularly the radiopaque objects visible on radiography, suggests an acute ingestion of a toxic substance, likely a heavy metal like iron, which can present as radiopaque. Given the findings, deferoxamine is the appropriate treatment as it is a chelating agent used specifically for iron toxicity. Iron poisoning can cause gastrointestinal hemorrhage, which could explain the bloody emesis, as well as metabolic acidosis reflected by the low HCO3-; hence, deferoxamine binds to the iron to facilitate its excretion and mitigate the toxic effects. The other options are not first-line treatments for iron toxicity: dialysis does not effectively remove iron from the body, fomepizole is used for toxic alcohol ingestions (e.g., methanol, ethylene glycol), and sodium bicarbonate is used for certain drug overdoses or to correct severe metabolic acidosis, but not as a direct treatment for iron poisoning.",,mmed_bench
D_mmed_bench_024,distractor,MMEDBENCH_REPORT_MMEDBENCH_043906,"Correct answer: D-Ala-D-Ala. Rationale: The described symptoms suggest a diagnosis of primary syphilis, which is typically treated with antibiotics targeting the causative bacterium, Treponema pallidum. The first-line treatment for syphilis is penicillin, a beta-lactam antibiotic. The molecular structure mimicked by beta-lactam antibiotics, including penicillin, is D-Ala-D-Ala, a component of the bacterial cell wall peptide cross-linking process. Beta-lactam antibiotics work by binding to penicillin-binding proteins involved in cell wall synthesis, thus inhibiting the transpeptidation enzyme that cross-links the peptidoglycan molecules. This action disrupts bacterial cell wall synthesis, leading to cell lysis and the death of the bacterial cell. Thus, A. D-Ala-D-Ala is the correct answer.",,mmed_bench
D_mmed_bench_025,distractor,MMEDBENCH_REPORT_MMEDBENCH_035996,"Correct answer: Intraosseous cannulation. Rationale: The most appropriate next step in the management of this 3-week-old boy is intraosseous (IO) cannulation (Option C). The child presents with signs of shock, including tachycardia, hypotension, delayed capillary refill, and altered mental status (lethargy). Immediate vascular access is crucial for administering fluids and medications. When peripheral intravenous access is not possible, as in this case, IO cannulation is recommended, especially in emergency situations in pediatric patients. IO access provides a quick and reliable route directly into the bone marrow space, allowing for the immediate administration of fluids and drugs. Options A, B, and D are less appropriate. Intramuscular epinephrine is not indicated for shock without anaphylaxis. Internal jugular vein cannulation is more invasive and time-consuming compared to IO and not the first step during resuscitation. Lastly, ultrasound-guided cannulation may be attempted, but it can be time-consuming and is not warranted over IO in a life-threatening emergency.",,mmed_bench
D_mmed_bench_026,distractor,MMEDBENCH_REPORT_MMEDBENCH_040494,"Correct answer: Antiphospholipid antibody syndrome. Rationale: The most likely diagnosis is Antiphospholipid antibody syndrome (APS). This is indicated by the patient's history of deep vein thrombosis, positive VDRL, and a persistent prolongation of APTT after a mixing study, which suggests the presence of an inhibitor such as lupus anticoagulant, one of the criteria for APS. In addition, her history of a previous thrombosis, current signs of potential pregnancy complications, and a family history of thrombotic events (sister's spontaneous abortions) support APS. The patient's abnormal bleeding is consistent with coagulation issues but not necessarily indicative of von Willebrand disease or Disseminated intravascular coagulation (DIC), as the fibrinogen levels are normal, and there is no widespread bleeding. Factor V Leiden is less likely due to the abnormal APTT and positive VDRL, which are not typically associated with this condition.",,mmed_bench
D_mmed_bench_027,distractor,MMEDBENCH_REPORT_MMEDBENCH_039384,"Correct answer: Increased left atrial pressure. Rationale: The symptoms described—loss of consciousness without confusion, shortness of breath, palpitations, chest tightness, plus physical exam findings of jugular venous distention, pitting edema, and crackles in the lungs—are suggestive of cardiac disease. The accentuated and split S2, along with an opening snap and diastolic murmur, point toward mitral stenosis, which can be a consequence of rheumatic heart disease—a condition still prevalent in countries like India. The ECG shows atrial fibrillation with right axis deviation, which suggests the involvement of the right heart possibly due to pulmonary hypertension secondary to left-sided heart disease. These symptoms and signs indicate increased left atrial pressure (D). This increased pressure would lead to pulmonary congestion (evidenced by crackles) and right heart strain (ECG changes), as well as reduced cardiac output leading to syncopal episodes. Increased left atrial pressure is the likely underlying mechanism in mitral stenosis, leading to the subsequent clinical findings.",,mmed_bench
D_mmed_bench_028,distractor,MMEDBENCH_REPORT_MMEDBENCH_003730,"Correct answer: Vaginal septum. Rationale: The patient's history of normal secondary sexual characteristics development (Tanner IV breast and pubic hair development), along with a normal growth spurt and no mention of galactorrhea, makes hyperprolactinemia (A) less likely. Normal hormone levels and the presentation of headaches with photosensitivity suggest a history of migraines rather than a hormonal etiology. An imperforate hymen (B) is less likely given the normal development of secondary sexual characteristics and the absence of cyclic abdominal pain or a pelvic mass on exam. A normal uterine and ovarian ultrasound rules this out as well. Normal development (D) is unlikely because the patient is 16 and has not yet had menarche, falling outside the typical age range of 9 to 15. The most likely diagnosis, considering these factors and the regular hormone levels, is a vaginal septum (C), a congenital malformation that may obstruct menstrual outflow despite normal ovarian and uterine function as evidenced by the normal hormone levels and secondary sexual characteristic development.",,mmed_bench
D_mmed_bench_029,distractor,MMEDBENCH_REPORT_MMEDBENCH_043394,"Correct answer: Instruct parents to remove guns from the house. Rationale: Choosing option D, instructing parents to remove guns from the house, addresses an immediate safety concern given the patient's expressed thoughts of ending his life, even though he has no specific plan. Access to firearms can increase the risk of suicide, especially in individuals experiencing depressive symptoms. The presence of a gun in the home, combined with the patient’s recent loss of interest in activities, changes in sleep and appetite, and difficulty concentrating—which are all potential signs of depression—make it crucial to eliminate access to lethal means as part of a harm reduction strategy. While options A, B, and C could also be part of a comprehensive treatment plan, they do not tackle the immediate risk of suicide with the same urgency as removing access to guns.",,mmed_bench
