report_id,report_text,clean_report_text,report_concepts,report_side
OPENI_000248,"FINDINGS: Heart size and mediastinal contour are normal. Pulmonary vascularity is normal. Lungs are clear. No pleural effusions or pneumothoraces. There is a mild anterior wedge XXXX deformity of L1, age-indeterminate.. IMPRESSION: 1. No acute cardiopulmonary process. 2. Age indeterminant grade 1 anterior wedge XXXX deformity of L1.",findings heart size and mediastinal contour are normal pulmonary vascularity is normal lungs are clear no pleural effusions or pneumothoraces there is a mild anterior wedge xxxx deformity of l1 age-indeterminate impression 1 no acute cardiopulmonary process 2 age indeterminant grade 1 anterior wedge xxxx deformity of l1,pleural_effusion|cardiomegaly|no_acute,unspecified
OPENI_002464,FINDINGS: No focal consolidation. No pneumothorax. No pleural effusions. Heart size normal. Cardio mediastinal silhouette is unremarkable.. IMPRESSION: 1. No acute cardiopulmonary findings.,findings no focal consolidation no pneumothorax no pleural effusions heart size normal cardio mediastinal silhouette is unremarkable impression 1 no acute cardiopulmonary findings,pleural_effusion|consolidation|cardiomegaly|no_acute,unspecified
OPENI_006081,FINDINGS: There is a moderate sized right pleural effusion. Severe slightly smaller than is compared to XXXX. There is a small left pleural effusion. This is unchanged as compared to the prior study. There is a right chest wall venous XXXX XXXX which appears accessed. No pneumothorax. Scaphoid abdomen.. IMPRESSION: 1. Moderate sized right pleural effusion appears smaller than the prior study. 2. Small left pleural effusion appears unchanged.,findings there is a moderate sized right pleural effusion severe slightly smaller than is compared to xxxx there is a small left pleural effusion this is unchanged as compared to the prior study there is a right chest wall venous xxxx xxxx which appears accessed no pneumothorax scaphoid abdomen impression 1 moderate sized right pleural effusion appears smaller than the prior study 2 small left pleural effusion appears unchanged,pleural_effusion,right
OPENI_005118,FINDINGS: Normal cardiomediastinal contours. No pneumothorax or pleural effusions. No focal lung consolidation.. IMPRESSION: 1. No acute cardiopulmonary abnormalities.,findings normal cardiomediastinal contours no pneumothorax or pleural effusions no focal lung consolidation impression 1 no acute cardiopulmonary abnormalities,pleural_effusion|consolidation|cardiomegaly|no_acute,unspecified
OPENI_002670,"FINDINGS: The lungs are clear, and without focal airspace opacity. The cardiomediastinal silhouette is normal in size and contour, and stable. There is no pneumothorax or large pleural effusion.. IMPRESSION: No acute cardiopulmonary abnormality.",findings the lungs are clear and without focal airspace opacity the cardiomediastinal silhouette is normal in size and contour and stable there is no pneumothorax or large pleural effusion impression no acute cardiopulmonary abnormality,pleural_effusion|cardiomegaly|opacity|no_acute,unspecified
OPENI_002390,FINDINGS: The cardiomediastinal silhouette is within normal limits. There is rounded calcified density within the left lower lobe most consistent with granuloma. Remaining lungs are clear without evidence of focal opacification. No pneumothorax or large pleural effusion. No acute bone abnormality.. IMPRESSION: No acute cardiopulmonary process.,findings the cardiomediastinal silhouette is within normal limits there is rounded calcified density within the left lower lobe most consistent with granuloma remaining lungs are clear without evidence of focal opacification no pneumothorax or large pleural effusion no acute bone abnormality impression no acute cardiopulmonary process,pleural_effusion|cardiomegaly|no_acute,left
OPENI_001966,FINDINGS: Heart is mildly enlarged but stable. Pulmonary vascularity is normal. The patient is status post valve replacement. XXXX sternotomy XXXX intact. No focal airspace disease or effusion. Residuals of prior granulomatous infection. Degenerative change of the spine. No pneumothorax.. IMPRESSION: 1. Stable cardiomegaly without evidence for acute pulmonary process.,findings heart is mildly enlarged but stable pulmonary vascularity is normal the patient is status post valve replacement xxxx sternotomy xxxx intact no focal airspace disease or effusion residuals of prior granulomatous infection degenerative change of the spine no pneumothorax impression 1 stable cardiomegaly without evidence for acute pulmonary process,pleural_effusion|pneumonia|cardiomegaly|no_acute,unspecified
OPENI_004476,FINDINGS: . IMPRESSION: Small calcification right lung base with appearance of old granulomatous disease. Also small perihilar calcified lymph XXXX. Lungs are clear. No active parenchymal disease. No XXXX of pleural effusions. No pulmonary edema. Normal heart size. No XXXX of active cardiopulmonary disease. Unchanged.,findings impression small calcification right lung base with appearance of old granulomatous disease also small perihilar calcified lymph xxxx lungs are clear no active parenchymal disease no xxxx of pleural effusions no pulmonary edema normal heart size no xxxx of active cardiopulmonary disease unchanged,pleural_effusion|cardiomegaly|congestion|no_acute,right
OPENI_001401,"FINDINGS: Heart size normal. Lungs are clear. XXXX are normal. No pneumonia, effusions, edema, pneumothorax, adenopathy, nodules or masses.. IMPRESSION: Normal chest",findings heart size normal lungs are clear xxxx are normal no pneumonia effusions edema pneumothorax adenopathy nodules or masses impression normal chest,pleural_effusion|pneumonia|cardiomegaly|congestion|no_acute,unspecified
OPENI_002971,FINDINGS: Heart size and pulmonary vascularity appear within normal limits. The lungs are free of focal airspace disease. No pleural effusion or pneumothorax is seen. There is eventration of the right hemidiaphragm. Degenerative changes are present in the spine.. IMPRESSION: 1. No evidence of active disease.,findings heart size and pulmonary vascularity appear within normal limits the lungs are free of focal airspace disease no pleural effusion or pneumothorax is seen there is eventration of the right hemidiaphragm degenerative changes are present in the spine impression 1 no evidence of active disease,pleural_effusion|cardiomegaly|no_acute,right
OPENI_003045,FINDINGS: Cardiomegaly. No focal consolidation. No pleural effusions. No evidence of pneumothorax. Osseous structures intact. Levocurvature of the thoracic spine. Lumbar vertebral body stabilization XXXX.. IMPRESSION: 1. No acute cardiopulmonary abnormality. 2. Cardiomegaly. .,findings cardiomegaly no focal consolidation no pleural effusions no evidence of pneumothorax osseous structures intact levocurvature of the thoracic spine lumbar vertebral body stabilization xxxx impression 1 no acute cardiopulmonary abnormality 2 cardiomegaly,pleural_effusion|consolidation|cardiomegaly|no_acute,unspecified
OPENI_000545,"FINDINGS: There is a lobulated contour to the right paratracheal stripe, possibly consistent with a vascular structure or lymph XXXX. The cardiomediastinal silhouette is otherwise within normal limits for appearance. No focal areas of pulmonary consolidation. No pneumothorax. No pleural effusion. The thoracic spine appears intact.. IMPRESSION: 1. Lobulated contour of the right paratracheal stripe. This may represent a vascular structure or enlarged lymph node and could be evaluated further with chest CT. Otherwise, no acute intrathoracic abnormality.",findings there is a lobulated contour to the right paratracheal stripe possibly consistent with a vascular structure or lymph xxxx the cardiomediastinal silhouette is otherwise within normal limits for appearance no focal areas of pulmonary consolidation no pneumothorax no pleural effusion the thoracic spine appears intact impression 1 lobulated contour of the right paratracheal stripe this may represent a vascular structure or enlarged lymph node and could be evaluated further with chest ct otherwise no acute intrathoracic abnormality,pleural_effusion|consolidation|cardiomegaly|no_acute,right
OPENI_000231,FINDINGS: The heart size and pulmonary vascularity appear within normal limits. The lungs are free of focal airspace disease. No pleural effusion or pneumothorax is seen. Degenerative changes are present in the spine.. IMPRESSION: 1. No evidence of active disease.,findings the heart size and pulmonary vascularity appear within normal limits the lungs are free of focal airspace disease no pleural effusion or pneumothorax is seen degenerative changes are present in the spine impression 1 no evidence of active disease,pleural_effusion|cardiomegaly|no_acute,unspecified
OPENI_004759,"FINDINGS: Normal heart size and mediastinal contours. There are reticular opacities in the medial right middle lobe with tubular airway ectasia which obscures the right heart XXXX. This was present previously and is most compatible with bronchiectasis. There is no XXXX focal airspace disease. No pneumothorax or pleural effusion. Unremarkable XXXX.. IMPRESSION: 1. No acute cardiopulmonary process. 2. Stable right middle lobe bronchiectasis, XXXX postinfectious/postinflammatory. .",findings normal heart size and mediastinal contours there are reticular opacities in the medial right middle lobe with tubular airway ectasia which obscures the right heart xxxx this was present previously and is most compatible with bronchiectasis there is no xxxx focal airspace disease no pneumothorax or pleural effusion unremarkable xxxx impression 1 no acute cardiopulmonary process 2 stable right middle lobe bronchiectasis xxxx postinfectious postinflammatory,pleural_effusion|pneumonia|cardiomegaly|opacity|no_acute,right
OPENI_003479,"FINDINGS: Heart size normal. Lungs are clear. XXXX are normal. No pneumonia, effusions, edema, pneumothorax, adenopathy, nodules or masses.. IMPRESSION: Normal chest",findings heart size normal lungs are clear xxxx are normal no pneumonia effusions edema pneumothorax adenopathy nodules or masses impression normal chest,pleural_effusion|pneumonia|cardiomegaly|congestion|no_acute,unspecified
OPENI_000813,FINDINGS: Patient is status post CABG. The heart size and pulmonary vascularity appear within normal limits. The lungs are free of focal airspace disease. No pleural effusion or pneumothorax is seen. Calcified granuloma is noted.. IMPRESSION: No evidence of active disease.,findings patient is status post cabg the heart size and pulmonary vascularity appear within normal limits the lungs are free of focal airspace disease no pleural effusion or pneumothorax is seen calcified granuloma is noted impression no evidence of active disease,pleural_effusion|cardiomegaly|no_acute,unspecified
OPENI_000436,FINDINGS: . IMPRESSION: Well-expanded and clear lungs. Conspicuous for size 3-4 mm nodular opacity projecting in right lung is probably a small calcified granuloma. Mediastinal contour within normal limits. No acute cardiopulmonary abnormality identified.,findings impression well-expanded and clear lungs conspicuous for size 3-4 mm nodular opacity projecting in right lung is probably a small calcified granuloma mediastinal contour within normal limits no acute cardiopulmonary abnormality identified,opacity|no_acute,right
OPENI_002216,FINDINGS: The heart and lungs have XXXX XXXX in the interval. Both lungs are clear and expanded. Heart and mediastinum normal.. IMPRESSION: No active disease.,findings the heart and lungs have xxxx xxxx in the interval both lungs are clear and expanded heart and mediastinum normal impression no active disease,no_acute,unspecified
OPENI_002378,"FINDINGS: Lung volumes are low. In the interval, a patchy infiltrate has developed in the right lower lobe. Heart and pulmonary XXXX are normal.. IMPRESSION: XXXX. XXXX patchy right lower lobe infiltrate consistent with pneumonia.",findings lung volumes are low in the interval a patchy infiltrate has developed in the right lower lobe heart and pulmonary xxxx are normal impression xxxx xxxx patchy right lower lobe infiltrate consistent with pneumonia,pneumonia|opacity|no_acute,right
OPENI_003887,"FINDINGS: The heart is normal in size. The pulmonary vascularity is within normal limits in appearance. No pneumothorax or pleural effusion. A wedge-shaped opacity has developed in the right upper lobe. There is also XXXX patchy opacification identified in the left upper lobe. No acute bony abnormality.. IMPRESSION: Interval development of bilateral upper lobe consolidation, right greater than left, XXXX representing pneumonia.. Followup imaging to document resolution is recommended.",findings the heart is normal in size the pulmonary vascularity is within normal limits in appearance no pneumothorax or pleural effusion a wedge-shaped opacity has developed in the right upper lobe there is also xxxx patchy opacification identified in the left upper lobe no acute bony abnormality impression interval development of bilateral upper lobe consolidation right greater than left xxxx representing pneumonia followup imaging to document resolution is recommended,pleural_effusion|pneumonia|consolidation|opacity|no_acute,right
OPENI_002448,"FINDINGS: Heart size within normal limits. No focal alveolar consolidation, no definite pleural effusion seen. No typical findings of pulmonary edema. No pneumothorax.. IMPRESSION: No acute cardiopulmonary findings",findings heart size within normal limits no focal alveolar consolidation no definite pleural effusion seen no typical findings of pulmonary edema no pneumothorax impression no acute cardiopulmonary findings,pleural_effusion|consolidation|cardiomegaly|congestion|no_acute,unspecified
OPENI_002586,"FINDINGS: Streaky and patchy bibasilar opacities, triangular density projected over the heart on the lateral view. No definite pleural effusion seen, no typical findings of pulmonary edema. Considering differences in technical factors XXXX stable cardiomediastinal silhouette with normal heart size.. IMPRESSION: Bibasilar opacities, right greater than left, features suggest a combination of consolidation and atelectasis",findings streaky and patchy bibasilar opacities triangular density projected over the heart on the lateral view no definite pleural effusion seen no typical findings of pulmonary edema considering differences in technical factors xxxx stable cardiomediastinal silhouette with normal heart size impression bibasilar opacities right greater than left features suggest a combination of consolidation and atelectasis,pleural_effusion|consolidation|cardiomegaly|congestion|atelectasis|opacity|no_acute,right
OPENI_003574,"FINDINGS: Normal cardiomediastinal silhouette. No airspace consolidation, pneumothorax, pleural effusion, or pulmonary edema. No acute bony abnormality.. IMPRESSION: No acute cardiopulmonary disease.",findings normal cardiomediastinal silhouette no airspace consolidation pneumothorax pleural effusion or pulmonary edema no acute bony abnormality impression no acute cardiopulmonary disease,pleural_effusion|consolidation|cardiomegaly|congestion|no_acute,unspecified
OPENI_001481,"FINDINGS: Heart size normal. No pneumothorax, pleural effusion, or focal airspace disease. Bony structures appear intact. The trachea and XXXX pulmonary bronchi are unremarkable.. IMPRESSION: Normal chest radiograph.",findings heart size normal no pneumothorax pleural effusion or focal airspace disease bony structures appear intact the trachea and xxxx pulmonary bronchi are unremarkable impression normal chest radiograph,pleural_effusion|cardiomegaly|no_acute,unspecified
OPENI_003510,FINDINGS: Normal heart size. Clear lungs. Degenerative this disease within the spine. Prosthetic right shoulder. Possible XXXX body in the axillary recess of the left shoulder. Degenerative left glenohumeral osteoarthritis.. IMPRESSION: No acute pulmonary findings.,findings normal heart size clear lungs degenerative this disease within the spine prosthetic right shoulder possible xxxx body in the axillary recess of the left shoulder degenerative left glenohumeral osteoarthritis impression no acute pulmonary findings,cardiomegaly|no_acute,right
OPENI_001570,FINDINGS: Stable appearance of lower cervical fusion XXXX. Heart size normal. No pneumothorax or pleural effusion. No focal airspace disease. Calcified nodules consistent with chronic granulomatous disease. Bony structures appear intact. DISH of the thoracic spine.. IMPRESSION: Negative for acute cardiopulmonary disease.,findings stable appearance of lower cervical fusion xxxx heart size normal no pneumothorax or pleural effusion no focal airspace disease calcified nodules consistent with chronic granulomatous disease bony structures appear intact dish of the thoracic spine impression negative for acute cardiopulmonary disease,pleural_effusion|cardiomegaly|no_acute,unspecified
OPENI_001919,"FINDINGS: Heart size, mediastinal contour, and pulmonary vascularity are within normal limits. No focal consolidation, pleural effusion, or pneumothorax is identified. No acute osseous abnormality identified.. IMPRESSION: No acute cardiopulmonary abnormality. .",findings heart size mediastinal contour and pulmonary vascularity are within normal limits no focal consolidation pleural effusion or pneumothorax is identified no acute osseous abnormality identified impression no acute cardiopulmonary abnormality,pleural_effusion|consolidation|cardiomegaly|no_acute,unspecified
OPENI_000470,"FINDINGS: XXXX sternotomy XXXX remain in XXXX. The cardiomediastinal silhouette is within normal limits for appearance. The thoracic aorta is tortuous. No focal areas of pulmonary consolidation. No pneumothorax. No pleural effusion. Moderate degenerative changes of the thoracic spine. No acute, displaced rib fractures identified.. IMPRESSION: 1. No acute intrathoracic abnormality.",findings xxxx sternotomy xxxx remain in xxxx the cardiomediastinal silhouette is within normal limits for appearance the thoracic aorta is tortuous no focal areas of pulmonary consolidation no pneumothorax no pleural effusion moderate degenerative changes of the thoracic spine no acute displaced rib fractures identified impression 1 no acute intrathoracic abnormality,pleural_effusion|consolidation|cardiomegaly|no_acute,unspecified
OPENI_003207,FINDINGS: Chest: The heart is enlarged. There may be a pericardial effusion. No definite pulmonary edema is seen. Lungs appear clear. There is no pleural effusion. The skeletal structures and soft tissues are unremarkable. KUB XXXX: XXXX single view of the abdomen was obtained. The bowel XXXX pattern is nonspecific. There is no evidence for obstruction or free intraperitoneal air. No large soft tissue masses or organomegaly are identified. The skeletal structures appear normal.. IMPRESSION: Chest. 1. Cardiomegaly with possible pericardial effusion. 2. No evidence for pulmonary edema or pneumonitis. KUB. 1. Nonspecific abdomen.,findings chest the heart is enlarged there may be a pericardial effusion no definite pulmonary edema is seen lungs appear clear there is no pleural effusion the skeletal structures and soft tissues are unremarkable kub xxxx xxxx single view of the abdomen was obtained the bowel xxxx pattern is nonspecific there is no evidence for obstruction or free intraperitoneal air no large soft tissue masses or organomegaly are identified the skeletal structures appear normal impression chest 1 cardiomegaly with possible pericardial effusion 2 no evidence for pulmonary edema or pneumonitis kub 1 nonspecific abdomen,pleural_effusion|cardiomegaly|congestion|no_acute,unspecified
OPENI_004672,FINDINGS: The cardiac contours are normal. XXXX scarring left base. The lungs are clear. Thoracic spondylosis.. IMPRESSION: No acute preoperative process.,findings the cardiac contours are normal xxxx scarring left base the lungs are clear thoracic spondylosis impression no acute preoperative process,no_acute,left
OPENI_005307,"FINDINGS: The XXXX examination consists of frontal and lateral radiographs of the chest. The cardiomediastinal contours are within normal limits. Pulmonary vascularity is within normal limits. No focal consolidation, pleural effusion, or pneumothorax identified. Old healed left 5th and 6th rib fractures are seen laterally.. IMPRESSION: No evidence of acute cardiopulmonary process.",findings the xxxx examination consists of frontal and lateral radiographs of the chest the cardiomediastinal contours are within normal limits pulmonary vascularity is within normal limits no focal consolidation pleural effusion or pneumothorax identified old healed left 5th and 6th rib fractures are seen laterally impression no evidence of acute cardiopulmonary process,pleural_effusion|consolidation|cardiomegaly|no_acute,left
OPENI_005492,"FINDINGS: Stable appearance of the right aortic XXXX. Normal heart size. No pneumothorax, pleural effusion or suspicious focal airspace opacity.. IMPRESSION: Stable exam with known right aortic XXXX.",findings stable appearance of the right aortic xxxx normal heart size no pneumothorax pleural effusion or suspicious focal airspace opacity impression stable exam with known right aortic xxxx,pleural_effusion|cardiomegaly|opacity|no_acute,right
OPENI_000961,"FINDINGS: Low lung volumes with bronchovascular crowding. Otherwise, no focal alveolar consolidation, no definite pleural effusion seen. A dense nodule in the right base suggest a previous granulomatous process. Heart size within normal limits, bronchovascular crowding without typical findings of pulmonary edema.. IMPRESSION: Low lung volumes with no definite acute findings.",findings low lung volumes with bronchovascular crowding otherwise no focal alveolar consolidation no definite pleural effusion seen a dense nodule in the right base suggest a previous granulomatous process heart size within normal limits bronchovascular crowding without typical findings of pulmonary edema impression low lung volumes with no definite acute findings,pleural_effusion|consolidation|cardiomegaly|congestion|no_acute,right
OPENI_005815,"FINDINGS: 2 images. Heart size and pulmonary vascular engorgement appear within limits of normal. Mediastinal contour is unremarkable. No focal consolidation, pleural effusion, or pneumothorax identified. No convincing acute bony findings.. IMPRESSION: No acute cardiopulmonary abnormality identified.",findings 2 images heart size and pulmonary vascular engorgement appear within limits of normal mediastinal contour is unremarkable no focal consolidation pleural effusion or pneumothorax identified no convincing acute bony findings impression no acute cardiopulmonary abnormality identified,pleural_effusion|consolidation|cardiomegaly|no_acute,unspecified
OPENI_000218,FINDINGS: Stable cardiomediastinal silhouette. Pulmonary vascularity is within normal limits. Lungs are expanded and clear airspace disease. Negative for pneumothorax or pleural effusion. Limited evaluation reveals the XXXX XXXX to be grossly intact.. IMPRESSION: 1. No acute cardiopulmonary abnormality.,findings stable cardiomediastinal silhouette pulmonary vascularity is within normal limits lungs are expanded and clear airspace disease negative for pneumothorax or pleural effusion limited evaluation reveals the xxxx xxxx to be grossly intact impression 1 no acute cardiopulmonary abnormality,pleural_effusion|cardiomegaly|no_acute,unspecified
OPENI_003974,FINDINGS: Sequelae of old granulomatous disease. Lungs are clear without focal consolidation. No pleural effusions or pneumothoraces. Heart and mediastinum of normal size and contour.. IMPRESSION: Clear lungs.,findings sequelae of old granulomatous disease lungs are clear without focal consolidation no pleural effusions or pneumothoraces heart and mediastinum of normal size and contour impression clear lungs,pleural_effusion|consolidation|no_acute,unspecified
OPENI_002156,FINDINGS: There is a moderate sized right pleural effusion. Severe slightly smaller than is compared to XXXX. There is a small left pleural effusion. This is unchanged as compared to the prior study. There is a right chest wall venous XXXX XXXX which appears accessed. No pneumothorax. Scaphoid abdomen.. IMPRESSION: 1. Moderate sized right pleural effusion appears smaller than the prior study. 2. Small left pleural effusion appears unchanged.,findings there is a moderate sized right pleural effusion severe slightly smaller than is compared to xxxx there is a small left pleural effusion this is unchanged as compared to the prior study there is a right chest wall venous xxxx xxxx which appears accessed no pneumothorax scaphoid abdomen impression 1 moderate sized right pleural effusion appears smaller than the prior study 2 small left pleural effusion appears unchanged,pleural_effusion,right
OPENI_003246,"FINDINGS: XXXX focal opacity in the medial right lung base XXXX seen on the frontal view. No definite pleural effusion. Stable cardiomediastinal silhouette with normal heart size, no typical findings of pulmonary edema.. IMPRESSION: Abnormal opacity in the right lung base which may be compatible with pneumonia in the appropriate clinical setting. Recommend clinical correlation for infection and followup to resolution. Or, if clinical findings are not compatible with XXXX may be of XXXX.",findings xxxx focal opacity in the medial right lung base xxxx seen on the frontal view no definite pleural effusion stable cardiomediastinal silhouette with normal heart size no typical findings of pulmonary edema impression abnormal opacity in the right lung base which may be compatible with pneumonia in the appropriate clinical setting recommend clinical correlation for infection and followup to resolution or if clinical findings are not compatible with xxxx may be of xxxx,pleural_effusion|pneumonia|cardiomegaly|congestion|opacity|no_acute,right
OPENI_006412,"FINDINGS: The cardiomediastinal silhouette and pulmonary vasculature are within normal limits in size. The lungs are clear of focal airspace disease, pneumothorax, or pleural effusion. There are no acute bony findings.. IMPRESSION: No acute cardiopulmonary findings. .",findings the cardiomediastinal silhouette and pulmonary vasculature are within normal limits in size the lungs are clear of focal airspace disease pneumothorax or pleural effusion there are no acute bony findings impression no acute cardiopulmonary findings,pleural_effusion|cardiomegaly|no_acute,unspecified
OPENI_000497,FINDINGS: The cardiac contours are normal. Prior granulomatous disease. The lungs are clear. Thoracic spondylosis.. IMPRESSION: No acute process.,findings the cardiac contours are normal prior granulomatous disease the lungs are clear thoracic spondylosis impression no acute process,no_acute,unspecified
OPENI_001962,FINDINGS: Lungs are clear bilaterally. Cardiac and mediastinal silhouettes are normal. Pulmonary vasculature is normal. No pneumothorax or pleural effusion. No acute bony abnormality.. IMPRESSION: No acute cardiopulmonary abnormality.,findings lungs are clear bilaterally cardiac and mediastinal silhouettes are normal pulmonary vasculature is normal no pneumothorax or pleural effusion no acute bony abnormality impression no acute cardiopulmonary abnormality,pleural_effusion|no_acute,bilateral
OPENI_001887,"FINDINGS: The heart size and cardiomediastinal silhouette are normal. The aorta is tortuous and atherosclerotic. The lungs are hyperexpanded with flattening of hemidiaphragms and increased retrosternal airspace. There is no focal airspace opacity, pleural effusion, or pneumothorax. There are degenerative changes in the thoracic spine.. IMPRESSION: 1. No acute cardiopulmonary finding. 2. Emphysema and atherosclerosis.",findings the heart size and cardiomediastinal silhouette are normal the aorta is tortuous and atherosclerotic the lungs are hyperexpanded with flattening of hemidiaphragms and increased retrosternal airspace there is no focal airspace opacity pleural effusion or pneumothorax there are degenerative changes in the thoracic spine impression 1 no acute cardiopulmonary finding 2 emphysema and atherosclerosis,pleural_effusion|cardiomegaly|opacity|no_acute,unspecified
OPENI_003631,FINDINGS: There are low volumes with bronchovascular crowding. No focal infiltrate or effusion. Heart and mediastinal contours within normal limits. No displaced fracture identified.. IMPRESSION: Low volumes with bronchovascular crowding. No acute abnormality.,findings there are low volumes with bronchovascular crowding no focal infiltrate or effusion heart and mediastinal contours within normal limits no displaced fracture identified impression low volumes with bronchovascular crowding no acute abnormality,pleural_effusion|opacity|no_acute,unspecified
OPENI_001871,FINDINGS: The heart is normal in size. The pulmonary vascularity is within normal limits in appearance. No focal air space opacities. No pleural effusions or pneumothorax. No acute bony abnormalities.. IMPRESSION: No acute cardiopulmonary abnormalities.,findings the heart is normal in size the pulmonary vascularity is within normal limits in appearance no focal air space opacities no pleural effusions or pneumothorax no acute bony abnormalities impression no acute cardiopulmonary abnormalities,pleural_effusion|opacity|no_acute,unspecified
OPENI_000474,FINDINGS: The cardiomediastinal silhouette is normal in size and appearance. No pleural effusion or pneumothorax. Lungs are clear.. IMPRESSION: Normal chest.,findings the cardiomediastinal silhouette is normal in size and appearance no pleural effusion or pneumothorax lungs are clear impression normal chest,pleural_effusion|cardiomegaly|no_acute,unspecified
OPENI_001424,"FINDINGS: Normal cardiomediastinal contours. Marrow pneumothorax, focal lung consolidation or pleural effusions.. IMPRESSION: No acute cardiopulmonary abnormality.",findings normal cardiomediastinal contours marrow pneumothorax focal lung consolidation or pleural effusions impression no acute cardiopulmonary abnormality,pleural_effusion|consolidation|cardiomegaly|no_acute,unspecified
OPENI_005556,FINDINGS: Heart size is normal. There are densely calcified mediastinal and right hilar lymph XXXX which suggest prior histoplasmosis exposure. No consolidating airspace disease is seen within the lungs. No pleural effusion or pneumothorax. No convincing acute bony findings.. IMPRESSION: No acute abnormality identified.,findings heart size is normal there are densely calcified mediastinal and right hilar lymph xxxx which suggest prior histoplasmosis exposure no consolidating airspace disease is seen within the lungs no pleural effusion or pneumothorax no convincing acute bony findings impression no acute abnormality identified,pleural_effusion|cardiomegaly|no_acute,right
OPENI_000866,FINDINGS: Normal heart size. Mild unfolding and atherosclerotic calcification of the aorta. No focal air space consolidation. No pneumothorax or pleural effusion. Visualized bony structures are unremarkable in appearance.. IMPRESSION: No acute cardiopulmonary abnormalities.,findings normal heart size mild unfolding and atherosclerotic calcification of the aorta no focal air space consolidation no pneumothorax or pleural effusion visualized bony structures are unremarkable in appearance impression no acute cardiopulmonary abnormalities,pleural_effusion|consolidation|cardiomegaly|no_acute,unspecified
OPENI_001282,"FINDINGS: The cardiomediastinal silhouette and pulmonary vasculature are within normal limits in size. The lungs are clear of focal airspace disease, pneumothorax, or pleural effusion. There are no acute bony findings.. IMPRESSION: No acute cardiopulmonary findings. .",findings the cardiomediastinal silhouette and pulmonary vasculature are within normal limits in size the lungs are clear of focal airspace disease pneumothorax or pleural effusion there are no acute bony findings impression no acute cardiopulmonary findings,pleural_effusion|cardiomegaly|no_acute,unspecified
OPENI_003553,"FINDINGS: Cardiomediastinal silhouette stable with atherosclerosis of the thoracic aorta. Diffusely coarsened interstitial markings are noted consistent with chronic lung disease, with worsened patchy opacities and a left apex and right base. No pneumothorax or pleural effusion. No acute bony abnormality.. IMPRESSION: Changes of chronic interstitial lung disease with ill-defined patchy left apical and right basilar airspace disease. PA and lateral chest radiograph may be of benefit XXXX clinically feasible.",findings cardiomediastinal silhouette stable with atherosclerosis of the thoracic aorta diffusely coarsened interstitial markings are noted consistent with chronic lung disease with worsened patchy opacities and a left apex and right base no pneumothorax or pleural effusion no acute bony abnormality impression changes of chronic interstitial lung disease with ill-defined patchy left apical and right basilar airspace disease pa and lateral chest radiograph may be of benefit xxxx clinically feasible,pleural_effusion|cardiomegaly|opacity|no_acute,right
OPENI_001422,FINDINGS: Mild cardiomegaly. Tortuous aorta. No focal infiltrate. No pneumothorax or large pleural effusion. Soft tissue density identified in the medial right apex which is asymmetric compared to left.. IMPRESSION: Asymmetric right medial apical opacity which may be attributable to the sternoclavicular joint. Upper lobe airspace disease or pulmonary nodule is not entirely excluded. Recommend XXXX XXXX chest and apical lordotic view of the chest to further evaluate. Findings and recommendations were discussed XXXX. XXXX in the XXXX department at XXXX a.m. XXXX/XXXX.,findings mild cardiomegaly tortuous aorta no focal infiltrate no pneumothorax or large pleural effusion soft tissue density identified in the medial right apex which is asymmetric compared to left impression asymmetric right medial apical opacity which may be attributable to the sternoclavicular joint upper lobe airspace disease or pulmonary nodule is not entirely excluded recommend xxxx xxxx chest and apical lordotic view of the chest to further evaluate findings and recommendations were discussed xxxx xxxx in the xxxx department at xxxx a m xxxx xxxx,pleural_effusion|cardiomegaly|opacity,right
OPENI_002993,FINDINGS: The lungs are clear. No focal airspace consolidation. No pleural effusion or pneumothorax. Heart size is within normal limits.. IMPRESSION: Clear lungs.,findings the lungs are clear no focal airspace consolidation no pleural effusion or pneumothorax heart size is within normal limits impression clear lungs,pleural_effusion|consolidation|cardiomegaly|no_acute,unspecified
OPENI_002664,"FINDINGS: Lung volumes are low. The heart is large, the pulmonary XXXX are engorged. No infiltrates. XXXX opacity is present in the left midlung.. IMPRESSION: Hypoinflation with cardiomegaly and pulmonary venous hypertension. Left mid lung focal atelectasis.",findings lung volumes are low the heart is large the pulmonary xxxx are engorged no infiltrates xxxx opacity is present in the left midlung impression hypoinflation with cardiomegaly and pulmonary venous hypertension left mid lung focal atelectasis,cardiomegaly|atelectasis|opacity,left
OPENI_003011,FINDINGS: . IMPRESSION: No comparison chest x-XXXX. Well-expanded and clear lungs. Mediastinal contour within normal limits. No acute cardiopulmonary abnormality identified.,findings impression no comparison chest x-xxxx well-expanded and clear lungs mediastinal contour within normal limits no acute cardiopulmonary abnormality identified,no_acute,unspecified
OPENI_001500,FINDINGS: The heart is again enlarged. Aorta is tortuous. The lungs are hypoinflated but clear. No pleural effusion or pneumothorax is seen.. IMPRESSION: 1. Stable cardiomegaly without acute disease.,findings the heart is again enlarged aorta is tortuous the lungs are hypoinflated but clear no pleural effusion or pneumothorax is seen impression 1 stable cardiomegaly without acute disease,pleural_effusion|cardiomegaly,unspecified
OPENI_004646,FINDINGS: Heart size is normal. No focal consolidations. No pneumothorax or pleural effusion.. IMPRESSION: Negative chest. .,findings heart size is normal no focal consolidations no pneumothorax or pleural effusion impression negative chest,pleural_effusion|consolidation|cardiomegaly|no_acute,unspecified
OPENI_001868,"FINDINGS: CHEST. The heart, pulmonary XXXX and mediastinum are within normal limits. There is no pleural effusion or pneumothorax. There is no focal air space opacity to suggest a pneumonia. There are minimal degenerative changes of the spine. There is flattening of the hemidiaphragms. ABDOMEN. There is a normal bowel XXXX pattern. There is an IVC XXXX identified. There are phleboliths in pelvis. There mild degenerative changes of the spine.. IMPRESSION: CHEST. No acute cardiopulmonary disease. ABDOMEN. Normal bowel XXXX pattern.",findings chest the heart pulmonary xxxx and mediastinum are within normal limits there is no pleural effusion or pneumothorax there is no focal air space opacity to suggest a pneumonia there are minimal degenerative changes of the spine there is flattening of the hemidiaphragms abdomen there is a normal bowel xxxx pattern there is an ivc xxxx identified there are phleboliths in pelvis there mild degenerative changes of the spine impression chest no acute cardiopulmonary disease abdomen normal bowel xxxx pattern,pleural_effusion|pneumonia|opacity|no_acute,unspecified
OPENI_001298,FINDINGS: The lungs hyperexpanded suggesting emphysema. The heart size and pulmonary vascularity appear within normal limits. Lungs are free of focal airspace disease. No pleural effusion or pneumothorax is seen. Osteopenia and degenerative changes are present in the spine.. IMPRESSION: No evidence of active disease.,findings the lungs hyperexpanded suggesting emphysema the heart size and pulmonary vascularity appear within normal limits lungs are free of focal airspace disease no pleural effusion or pneumothorax is seen osteopenia and degenerative changes are present in the spine impression no evidence of active disease,pleural_effusion|cardiomegaly|no_acute,unspecified
OPENI_002522,"FINDINGS: The lungs are clear bilaterally. Specifically, no evidence of focal consolidation, pneumothorax, or pleural effusion.. Cardio mediastinal silhouette is unremarkable. Visualized osseous structures of the thorax are without acute abnormality.. IMPRESSION: No acute cardiopulmonary abnormality..",findings the lungs are clear bilaterally specifically no evidence of focal consolidation pneumothorax or pleural effusion cardio mediastinal silhouette is unremarkable visualized osseous structures of the thorax are without acute abnormality impression no acute cardiopulmonary abnormality,pleural_effusion|consolidation|no_acute,bilateral
OPENI_001756,"FINDINGS: Heart size mildly to moderately enlarged. Mild right hemidiaphragm elevation with mild bronchovascular crowding, right greater than left, indistinct vascular margination. No definite focal alveolar consolidation, no pleural effusion XXXX demonstrated.. IMPRESSION: 1. Cardiomegaly 2. Indistinct vascular margination which may be secondary to bronchovascular crowding however differential diagnosis includes mild pulmonary edema, atypical infection, inflammation",findings heart size mildly to moderately enlarged mild right hemidiaphragm elevation with mild bronchovascular crowding right greater than left indistinct vascular margination no definite focal alveolar consolidation no pleural effusion xxxx demonstrated impression 1 cardiomegaly 2 indistinct vascular margination which may be secondary to bronchovascular crowding however differential diagnosis includes mild pulmonary edema atypical infection inflammation,pleural_effusion|pneumonia|consolidation|cardiomegaly|congestion,right
OPENI_006559,"FINDINGS: Stable flattening of the posterior diaphragm and scattered chronic appearing irregular interstitial markings with no focal alveolar consolidation. Stable cardiomediastinal silhouette with normal heart size and aortic ectasia/tortuosity, stable mediastinal contours. No definite pleural effusion seen, no typical findings of pulmonary edema. Following spine ossifications and marginal osteophytes again noted.. IMPRESSION: Chronic changes as described, no acute findings",findings stable flattening of the posterior diaphragm and scattered chronic appearing irregular interstitial markings with no focal alveolar consolidation stable cardiomediastinal silhouette with normal heart size and aortic ectasia tortuosity stable mediastinal contours no definite pleural effusion seen no typical findings of pulmonary edema following spine ossifications and marginal osteophytes again noted impression chronic changes as described no acute findings,pleural_effusion|consolidation|cardiomegaly|congestion|no_acute,unspecified
OPENI_000753,FINDINGS: Normal cardiac size. Normal pulmonary vasculature. No airspace disease. Negative for pneumothorax. Negative for acute osseous deformity. The thoracic spine has a normal appearance.. IMPRESSION: Unremarkable 2 views of the chest.,findings normal cardiac size normal pulmonary vasculature no airspace disease negative for pneumothorax negative for acute osseous deformity the thoracic spine has a normal appearance impression unremarkable 2 views of the chest,no_acute,unspecified
OPENI_003873,FINDINGS: . IMPRESSION: Heart size normal.No significant change in left base airspace disease and small effusion. Small residual right pneumothorax. Increased right base atelectasis.Catheter overlying the right mediastinum may be outside the patient is.,findings impression heart size normal no significant change in left base airspace disease and small effusion small residual right pneumothorax increased right base atelectasis catheter overlying the right mediastinum may be outside the patient is,pleural_effusion|cardiomegaly|atelectasis|no_acute,right
OPENI_001421,"FINDINGS: There are T-spine osteophytes. There calcified costochondral cartilages. There is loss of disc XXXX of a midthoracic vertebral body. There are streaky opacities in both lung bases which may represent atelectasis or scarring. No pneumothorax. The heart is borderline enlarged.. IMPRESSION: 1. Borderline cardiomegaly. 2. Age-indeterminate, XXXX chronic, XXXX deformity in the midthoracic spine.",findings there are t-spine osteophytes there calcified costochondral cartilages there is loss of disc xxxx of a midthoracic vertebral body there are streaky opacities in both lung bases which may represent atelectasis or scarring no pneumothorax the heart is borderline enlarged impression 1 borderline cardiomegaly 2 age-indeterminate xxxx chronic xxxx deformity in the midthoracic spine,cardiomegaly|atelectasis|opacity,unspecified
OPENI_004093,FINDINGS: Stable cardiomediastinal silhouette with borderline heart size and aortic ectasia/tortuosity. Stable hyperinflation without focal alveolar consolidation. No definite pleural effusion seen. No typical findings of pulmonary edema. Healed left rib fractures again noted.. IMPRESSION: No acute findings,findings stable cardiomediastinal silhouette with borderline heart size and aortic ectasia tortuosity stable hyperinflation without focal alveolar consolidation no definite pleural effusion seen no typical findings of pulmonary edema healed left rib fractures again noted impression no acute findings,pleural_effusion|consolidation|cardiomegaly|congestion|no_acute,left
OPENI_001727,"FINDINGS: The heart and cardiomediastinal silhouette or normal in size and contour. There is no focal air space opacity, pleural effusion, or pneumothorax. The osseous structures are intact.. IMPRESSION: No acute cardiopulmonary finding.",findings the heart and cardiomediastinal silhouette or normal in size and contour there is no focal air space opacity pleural effusion or pneumothorax the osseous structures are intact impression no acute cardiopulmonary finding,pleural_effusion|cardiomegaly|opacity|no_acute,unspecified
OPENI_000744,"FINDINGS: The lungs are clear bilaterally. Specifically, no evidence of focal consolidation, pneumothorax, or pleural effusion.. Scattered calcified granulomas noted. Cardio mediastinal silhouette is unremarkable. Visualized osseous structures of the thorax demonstrate mild multilevel degenerative disc disease of the thoracolumbar spine without acute abnormality.. IMPRESSION: No acute cardiopulmonary abnormality.",findings the lungs are clear bilaterally specifically no evidence of focal consolidation pneumothorax or pleural effusion scattered calcified granulomas noted cardio mediastinal silhouette is unremarkable visualized osseous structures of the thorax demonstrate mild multilevel degenerative disc disease of the thoracolumbar spine without acute abnormality impression no acute cardiopulmonary abnormality,pleural_effusion|consolidation|no_acute,bilateral
OPENI_003482,"FINDINGS: Heart size normal. Lungs are clear. XXXX are normal. No pneumonia, effusions, edema, pneumothorax, adenopathy, nodules or masses.. IMPRESSION: Normal chest",findings heart size normal lungs are clear xxxx are normal no pneumonia effusions edema pneumothorax adenopathy nodules or masses impression normal chest,pleural_effusion|pneumonia|cardiomegaly|congestion|no_acute,unspecified
OPENI_006320,"FINDINGS: There are midline sternotomy XXXX and mediastinal clips consistent with prior CABG. The heart is enlarged with unfolding of the aorta. There is prominence of the interstitial markings with fluid in the fissures consistent with interstitial edema. There is no focal airspace opacity, large pleural effusion, or pneumothorax. There multilevel degenerative spine changes.. IMPRESSION: 1. Interstitial pulmonary edema. 2. Cardiomegaly.",findings there are midline sternotomy xxxx and mediastinal clips consistent with prior cabg the heart is enlarged with unfolding of the aorta there is prominence of the interstitial markings with fluid in the fissures consistent with interstitial edema there is no focal airspace opacity large pleural effusion or pneumothorax there multilevel degenerative spine changes impression 1 interstitial pulmonary edema 2 cardiomegaly,pleural_effusion|cardiomegaly|congestion|opacity,unspecified
OPENI_005390,"FINDINGS: There is interval placement of a XXXX on the left chest with the catheter tip in the cavoatrial junction. The heart size is within normal limits. Lung volumes within normal limits. Slightly prominent pulmonary vascularity noted. Increased peribronchial cuffing. No large consolidation, effusion, or pneumothorax. There is subpleural edema outlining the right XXXX fissure.. IMPRESSION: 1. Stable and adequately placed XXXX. 2. Prominent pulmonary vasculature, subpleural edema, and peribronchial cuffing suggestive of volume overload versus viral bronchiolitis.",findings there is interval placement of a xxxx on the left chest with the catheter tip in the cavoatrial junction the heart size is within normal limits lung volumes within normal limits slightly prominent pulmonary vascularity noted increased peribronchial cuffing no large consolidation effusion or pneumothorax there is subpleural edema outlining the right xxxx fissure impression 1 stable and adequately placed xxxx 2 prominent pulmonary vasculature subpleural edema and peribronchial cuffing suggestive of volume overload versus viral bronchiolitis,pleural_effusion|consolidation|cardiomegaly|congestion|no_acute,right
OPENI_003129,FINDINGS: The heart size and pulmonary vascularity appear within normal limits. The lungs are free of focal airspace disease. No pleural effusion or pneumothorax is seen. PICC line is in XXXX. The tip is in the upper right atrium.. IMPRESSION: 1. No evidence of active disease.,findings the heart size and pulmonary vascularity appear within normal limits the lungs are free of focal airspace disease no pleural effusion or pneumothorax is seen picc line is in xxxx the tip is in the upper right atrium impression 1 no evidence of active disease,pleural_effusion|cardiomegaly|no_acute,right
OPENI_001150,FINDINGS: . IMPRESSION: The heart size and cardiomediastinal silhouette are within normal limits. Pulmonary vasculature appears normal. There is no focal air space consolidation. No pleural effusion or pneumothorax.,findings impression the heart size and cardiomediastinal silhouette are within normal limits pulmonary vasculature appears normal there is no focal air space consolidation no pleural effusion or pneumothorax,pleural_effusion|consolidation|cardiomegaly|no_acute,unspecified
OPENI_001076,"FINDINGS: . IMPRESSION: Mild hyperinflation. Scattered chronic appearing irregular interstitial markings with no focal alveolar consolidation. No definite pleural effusion seen. Heart size near top normal limits, aortic ectasia/tortuosity similar to prior. Right hemidiaphragm eventration. No typical findings of pulmonary edema.",findings impression mild hyperinflation scattered chronic appearing irregular interstitial markings with no focal alveolar consolidation no definite pleural effusion seen heart size near top normal limits aortic ectasia tortuosity similar to prior right hemidiaphragm eventration no typical findings of pulmonary edema,pleural_effusion|consolidation|cardiomegaly|congestion|no_acute,right
OPENI_001340,FINDINGS: Lungs are clear. No pleural effusions or pneumothoraces. Heart size is normal with postoperative changes consistent with CABG. Degenerative changes in the thoracic spine.. IMPRESSION: Clear lungs,findings lungs are clear no pleural effusions or pneumothoraces heart size is normal with postoperative changes consistent with cabg degenerative changes in the thoracic spine impression clear lungs,pleural_effusion|cardiomegaly|no_acute,unspecified
OPENI_001329,"FINDINGS: Chest. Lung volumes are low, but no focal infiltrates are present. Heart and mediastinum remain normal. Abdomen. Multiple slightly distended loops are present from stomach to rectum. Formed stool is present in the rectum.. IMPRESSION: 1. Chest. Hypoinflation with no visible active cardiopulmonary disease. 2. Abdomen. Negative. No mechanical obstruction.",findings chest lung volumes are low but no focal infiltrates are present heart and mediastinum remain normal abdomen multiple slightly distended loops are present from stomach to rectum formed stool is present in the rectum impression 1 chest hypoinflation with no visible active cardiopulmonary disease 2 abdomen negative no mechanical obstruction,opacity|no_acute,unspecified
OPENI_001906,FINDINGS: Normal heart size and mediastinal contour. Right lung base airspace disease on frontal XXXX. XXXX opacities in the left lung base consistent with atelectasis. No pneumothorax. No pleural effusion. Mild wedge XXXX deformity of T12.. IMPRESSION: Right lung base airspace disease and left base atelectasis.,findings normal heart size and mediastinal contour right lung base airspace disease on frontal xxxx xxxx opacities in the left lung base consistent with atelectasis no pneumothorax no pleural effusion mild wedge xxxx deformity of t12 impression right lung base airspace disease and left base atelectasis,pleural_effusion|cardiomegaly|atelectasis|opacity|no_acute,right
OPENI_002624,FINDINGS: There's been interval enlargement in the cardiac silhouette. These XXXX't contours are within normal limits. The lungs are normally inflated and clear. Osseous structures are within normal limits for patient age.. IMPRESSION: 1. No acute radiographic cardiopulmonary process. 2. Interval development of cardiomegaly.,findings there s been interval enlargement in the cardiac silhouette these xxxx t contours are within normal limits the lungs are normally inflated and clear osseous structures are within normal limits for patient age impression 1 no acute radiographic cardiopulmonary process 2 interval development of cardiomegaly,cardiomegaly|no_acute,unspecified
OPENI_005328,"FINDINGS: Lung volumes are low. Prominent increased interstitial markings in both lungs are unchanged in the interval. Bullae are present both upper lobes, right worse than left. No pleural air collections. Heart size normal.. IMPRESSION: Chronic interstitial and bullous disease. No acute findings.",findings lung volumes are low prominent increased interstitial markings in both lungs are unchanged in the interval bullae are present both upper lobes right worse than left no pleural air collections heart size normal impression chronic interstitial and bullous disease no acute findings,cardiomegaly|no_acute,right
OPENI_006075,FINDINGS: Heart size and pulmonary vascularity appear within normal limits. There is mild tortuosity to the descending thoracic aorta. The lungs are free of focal airspace disease. No pleural effusion or pneumothorax is seen. No discrete nodules or adenopathy are noted. Degenerative changes are present in the spine.. IMPRESSION: No evidence of active disease.,findings heart size and pulmonary vascularity appear within normal limits there is mild tortuosity to the descending thoracic aorta the lungs are free of focal airspace disease no pleural effusion or pneumothorax is seen no discrete nodules or adenopathy are noted degenerative changes are present in the spine impression no evidence of active disease,pleural_effusion|cardiomegaly|no_acute,unspecified
OPENI_004681,FINDINGS: On the right there is marked narrowing of the hip joint space uniformly throughout. Osteophyte formation is present with some sclerosis and subchondral cyst formation vertically along the superior acetabulum and femoral head. I do not see evidence for fracture or destructive process. AP view of the femur shows no femoral XXXX destructive process or other significant abnormality. For of the Left hip shows near-complete obliteration of the joint space with severe subchondral sclerosis and cystic formation in both the superior acetabulum and superior aspect of the femoral head. No fracture or destructive process is identified. Surgical markers were XXXX in the images and left hip for the purpose of surgical planning. PA and lateral chest show the lungs to be clear. There may be some hyperinflation. No pleural effusion is identified. The heart is normal in size. There are calcified mediastinal lymph XXXX. The skeletal structures appear normal.. IMPRESSION: 1.Severe arthritic changes in both hips left worse than right. 2. Possible COPD but no acute pulmonary disease.,findings on the right there is marked narrowing of the hip joint space uniformly throughout osteophyte formation is present with some sclerosis and subchondral cyst formation vertically along the superior acetabulum and femoral head i do not see evidence for fracture or destructive process ap view of the femur shows no femoral xxxx destructive process or other significant abnormality for of the left hip shows near-complete obliteration of the joint space with severe subchondral sclerosis and cystic formation in both the superior acetabulum and superior aspect of the femoral head no fracture or destructive process is identified surgical markers were xxxx in the images and left hip for the purpose of surgical planning pa and lateral chest show the lungs to be clear there may be some hyperinflation no pleural effusion is identified the heart is normal in size there are calcified mediastinal lymph xxxx the skeletal structures appear normal impression 1 severe arthritic changes in both hips left worse than right 2 possible copd but no acute pulmonary disease,pleural_effusion|no_acute,right
OPENI_006569,"FINDINGS: The trachea is midline. The cardiomediastinal silhouette appears normal. There are no acute infiltrates, effusions. There is no evidence of pneumothorax. Visualized bony structures are intact with no acute abnormalities.. IMPRESSION: Normal chest x-XXXX",findings the trachea is midline the cardiomediastinal silhouette appears normal there are no acute infiltrates effusions there is no evidence of pneumothorax visualized bony structures are intact with no acute abnormalities impression normal chest x-xxxx,pleural_effusion|cardiomegaly|opacity|no_acute,unspecified
OPENI_000240,"FINDINGS: No focal consolidation, pneumothorax, or pleural effusion. Cardiomediastinal silhouette is stable and unremarkable. No acute osseous abnormalities are identified.. IMPRESSION: No acute cardiopulmonary abnormality..",findings no focal consolidation pneumothorax or pleural effusion cardiomediastinal silhouette is stable and unremarkable no acute osseous abnormalities are identified impression no acute cardiopulmonary abnormality,pleural_effusion|consolidation|cardiomegaly|no_acute,unspecified
OPENI_003219,"FINDINGS: Heart size and mediastinal contours are within normal limits. There is no pneumothorax, pleural effusion, focal airspace consolidation.. IMPRESSION: No acute cardiopulmonary findings.",findings heart size and mediastinal contours are within normal limits there is no pneumothorax pleural effusion focal airspace consolidation impression no acute cardiopulmonary findings,pleural_effusion|consolidation|cardiomegaly|no_acute,unspecified
OPENI_004669,FINDINGS: The heart and lungs have XXXX XXXX in the interval. Both lungs are clear and expanded. Heart and mediastinum normal.. IMPRESSION: No active disease.,findings the heart and lungs have xxxx xxxx in the interval both lungs are clear and expanded heart and mediastinum normal impression no active disease,no_acute,unspecified
OPENI_004715,FINDINGS: The lungs are clear without evidence of focal airspace disease. There is no evidence of pneumothorax or large pleural effusion. The cardiac and mediastinal contours are within normal limits. The XXXX are unremarkable.. IMPRESSION: No radiographic evidence of acute cardiopulmonary disease.,findings the lungs are clear without evidence of focal airspace disease there is no evidence of pneumothorax or large pleural effusion the cardiac and mediastinal contours are within normal limits the xxxx are unremarkable impression no radiographic evidence of acute cardiopulmonary disease,pleural_effusion|no_acute,unspecified
OPENI_005861,"FINDINGS: . IMPRESSION: Stable appearing chest with low lung volumes. Reticulonodular changes in left lung base and periphery of left lung most XXXX representing chronic inflammatory change. Also some peripheral XXXX fibrotic appearing opacity in the periphery the right upper lobe, grossly stable. No XXXX acute airspace consolidation. Stable mediastinal contour.",findings impression stable appearing chest with low lung volumes reticulonodular changes in left lung base and periphery of left lung most xxxx representing chronic inflammatory change also some peripheral xxxx fibrotic appearing opacity in the periphery the right upper lobe grossly stable no xxxx acute airspace consolidation stable mediastinal contour,consolidation|opacity,right
OPENI_002604,"FINDINGS: Cardiomediastinal silhouette is unchanged with mild cardiomegaly. There is relative elevation of the right hemidiaphragm consistent with history of right lower lobectomy, without focal consolidation, pneumothorax, or effusion identified. Irregularity of the right fifth and sixth ribs stable since at XXXX XXXX and XXXX postsurgical/post traumatic in XXXX. Left shoulder rotator XXXX bone anchor noted. No acute osseous abnormality identified.. IMPRESSION: Surgical changes of the right hemithorax and mild cardiomegaly without acute cardiopulmonary abnormality identified. .",findings cardiomediastinal silhouette is unchanged with mild cardiomegaly there is relative elevation of the right hemidiaphragm consistent with history of right lower lobectomy without focal consolidation pneumothorax or effusion identified irregularity of the right fifth and sixth ribs stable since at xxxx xxxx and xxxx postsurgical post traumatic in xxxx left shoulder rotator xxxx bone anchor noted no acute osseous abnormality identified impression surgical changes of the right hemithorax and mild cardiomegaly without acute cardiopulmonary abnormality identified,pleural_effusion|consolidation|cardiomegaly|no_acute,right
OPENI_002595,"FINDINGS: Heart size is normal. Prior calcified granulomatous disease. On the lateral view in the anterior costophrenic XXXX, there is a 2.1 x 2 cm nodular density which seems to be present previously but is more nodular in appearance on this examination. No pleural effusion or pneumothorax. Endplate degenerative changes of the thoracolumbar spine and mild scoliosis are unchanged.. IMPRESSION: 2.1 cm nodular density in the anterior costophrenic XXXX on the lateral view, which could represent overlapping shadows or actual pulmonary nodule. Recommend followup with chest CT.",findings heart size is normal prior calcified granulomatous disease on the lateral view in the anterior costophrenic xxxx there is a 2 1 x 2 cm nodular density which seems to be present previously but is more nodular in appearance on this examination no pleural effusion or pneumothorax endplate degenerative changes of the thoracolumbar spine and mild scoliosis are unchanged impression 2 1 cm nodular density in the anterior costophrenic xxxx on the lateral view which could represent overlapping shadows or actual pulmonary nodule recommend followup with chest ct,pleural_effusion|cardiomegaly|no_acute,unspecified
OPENI_006611,"FINDINGS: The lungs are clear bilaterally. Specifically, no evidence of focal consolidation, pneumothorax, or pleural effusion.. Cardiomediastinal silhouette is unremarkable. Visualized osseous structures of the thorax are without acute abnormality.. IMPRESSION: No acute cardiopulmonary abnormality.",findings the lungs are clear bilaterally specifically no evidence of focal consolidation pneumothorax or pleural effusion cardiomediastinal silhouette is unremarkable visualized osseous structures of the thorax are without acute abnormality impression no acute cardiopulmonary abnormality,pleural_effusion|consolidation|cardiomegaly|no_acute,bilateral
OPENI_000707,"FINDINGS: There are diffuse bilateral interstitial and alveolar opacities consistent with chronic obstructive lung disease and bullous emphysema. There are irregular opacities in the left lung apex, that could represent a cavitary lesion in the left lung apex.There are streaky opacities in the right upper lobe, XXXX scarring. The cardiomediastinal silhouette is normal in size and contour. There is no pneumothorax or large pleural effusion.. IMPRESSION: 1. Bullous emphysema and interstitial fibrosis. 2. Probably scarring in the left apex, although difficult to exclude a cavitary lesion. 3. Opacities in the bilateral upper lobes could represent scarring, however the absence of comparison exam, recommend short interval followup radiograph or CT thorax to document resolution.",findings there are diffuse bilateral interstitial and alveolar opacities consistent with chronic obstructive lung disease and bullous emphysema there are irregular opacities in the left lung apex that could represent a cavitary lesion in the left lung apex there are streaky opacities in the right upper lobe xxxx scarring the cardiomediastinal silhouette is normal in size and contour there is no pneumothorax or large pleural effusion impression 1 bullous emphysema and interstitial fibrosis 2 probably scarring in the left apex although difficult to exclude a cavitary lesion 3 opacities in the bilateral upper lobes could represent scarring however the absence of comparison exam recommend short interval followup radiograph or ct thorax to document resolution,pleural_effusion|cardiomegaly|opacity|no_acute,right
OPENI_003625,FINDINGS: The lungs are clear. The cardiomediastinal silhouette is within normal limits. No pneumothorax or pleural effusion.. IMPRESSION: Negative chest .,findings the lungs are clear the cardiomediastinal silhouette is within normal limits no pneumothorax or pleural effusion impression negative chest,pleural_effusion|cardiomegaly|no_acute,unspecified
OPENI_005363,FINDINGS: . IMPRESSION: No focal lung consolidation. No pneumothorax or large pleural effusion. There is marked cardiomegaly. Aortic calcifications consistent with atherosclerotic disease. Degenerative changes of the thoracic spine and right shoulder.,findings impression no focal lung consolidation no pneumothorax or large pleural effusion there is marked cardiomegaly aortic calcifications consistent with atherosclerotic disease degenerative changes of the thoracic spine and right shoulder,pleural_effusion|consolidation|cardiomegaly,right
OPENI_003793,"FINDINGS: The cardiomediastinal silhouette is within normal limits for appearance. No focal areas of pulmonary consolidation. Calcified lymph XXXX are identified in the left infrahilar region. No pneumothorax. No pleural effusion. No acute, displaced rib fractures identified.. IMPRESSION: 1. No acute intrathoracic abnormality.",findings the cardiomediastinal silhouette is within normal limits for appearance no focal areas of pulmonary consolidation calcified lymph xxxx are identified in the left infrahilar region no pneumothorax no pleural effusion no acute displaced rib fractures identified impression 1 no acute intrathoracic abnormality,pleural_effusion|consolidation|cardiomegaly|no_acute,left
OPENI_006589,"FINDINGS: Right jugular XXXX catheter present with tip overlying the lower SVC. Curvilinear density projecting over the upper chest appears external on the lateral projection. Correlate clinically. Normal heart size and mediastinal contour appear normal pulmonary vascularity. XXXX scar/subsegmental atelectasis in the lingula. No focal airspace consolidation, pleural effusion, or pneumothorax. No acute osseous findings. Mild degenerative changes of the spine.. IMPRESSION: No acute cardiopulmonary findings.",findings right jugular xxxx catheter present with tip overlying the lower svc curvilinear density projecting over the upper chest appears external on the lateral projection correlate clinically normal heart size and mediastinal contour appear normal pulmonary vascularity xxxx scar subsegmental atelectasis in the lingula no focal airspace consolidation pleural effusion or pneumothorax no acute osseous findings mild degenerative changes of the spine impression no acute cardiopulmonary findings,pleural_effusion|consolidation|cardiomegaly|atelectasis|no_acute,right
OPENI_003384,FINDINGS: . IMPRESSION: No comparison chest x-XXXX. Well-expanded and clear lungs. Mediastinal contour within normal limits. No acute cardiopulmonary abnormality identified.,findings impression no comparison chest x-xxxx well-expanded and clear lungs mediastinal contour within normal limits no acute cardiopulmonary abnormality identified,no_acute,unspecified
OPENI_002587,FINDINGS: No pneumothorax. Heart size is normal. No large pleural effusions. No focal airspace consolidation.. IMPRESSION: No acute cardiopulmonary abnormalities.,findings no pneumothorax heart size is normal no large pleural effusions no focal airspace consolidation impression no acute cardiopulmonary abnormalities,pleural_effusion|consolidation|cardiomegaly|no_acute,unspecified
OPENI_002597,FINDINGS: Lungs are clear bilaterally. Cardiac and mediastinal silhouettes are normal. Pulmonary vasculature is normal. No pneumothorax or pleural effusion. No acute bony abnormality.. IMPRESSION: No acute cardiopulmonary abnormality.,findings lungs are clear bilaterally cardiac and mediastinal silhouettes are normal pulmonary vasculature is normal no pneumothorax or pleural effusion no acute bony abnormality impression no acute cardiopulmonary abnormality,pleural_effusion|no_acute,bilateral
OPENI_001375,FINDINGS: Normal heart. Clear lungs. Stable calcified granuloma left midlung. No pneumothorax. No pleural effusion. Midline trachea.. IMPRESSION: Normal chest exam.,findings normal heart clear lungs stable calcified granuloma left midlung no pneumothorax no pleural effusion midline trachea impression normal chest exam,pleural_effusion|no_acute,left
OPENI_002411,FINDINGS: There is mild hyperinflation. There is no focal consolidation. There is no pneumothorax or large pleural effusion. The cardiomediastinal contours are grossly unremarkable. The heart size is within normal limits. cardiac XXXX generator overlies the left upper thorax with XXXX XXXX tips overlying the right atrium and ventricles.. IMPRESSION: No acute cardiopulmonary findings. .,findings there is mild hyperinflation there is no focal consolidation there is no pneumothorax or large pleural effusion the cardiomediastinal contours are grossly unremarkable the heart size is within normal limits cardiac xxxx generator overlies the left upper thorax with xxxx xxxx tips overlying the right atrium and ventricles impression no acute cardiopulmonary findings,pleural_effusion|consolidation|cardiomegaly|no_acute,right
OPENI_004261,FINDINGS: There is a moderate right-sided pneumothorax measuring approximately 3.3 cm in the right apex. There is a minimally displaced right lateral 8th rib fracture and probable nondisplaced right lateral 7th rib fracture. Cardiomediastinal silhouette is within normal limits. Left lung is clear.. IMPRESSION: 1. Moderate right-sided pneumothorax measuring approximately 3.3 cm in the right apex. 2. Minimally displaced right lateral 8th rib fracture probable nondisplaced right lateral 7th rib fracture.,findings there is a moderate right-sided pneumothorax measuring approximately 3 3 cm in the right apex there is a minimally displaced right lateral 8th rib fracture and probable nondisplaced right lateral 7th rib fracture cardiomediastinal silhouette is within normal limits left lung is clear impression 1 moderate right-sided pneumothorax measuring approximately 3 3 cm in the right apex 2 minimally displaced right lateral 8th rib fracture probable nondisplaced right lateral 7th rib fracture,cardiomegaly|no_acute,right
OPENI_001761,"FINDINGS: Lung volumes are decreased from XXXX, and there is resultant bronchovascular crowding. No evidence of focal airspace disease. No definite pleural effusion or pneumothorax. Cardiomediastinal silhouette is within normal limits given the low lung volumes. No free subdiaphragmatic air. Grossly stable mild degenerative changes of the right lower thoracic spine.. IMPRESSION: No acute pulmonary disease.",findings lung volumes are decreased from xxxx and there is resultant bronchovascular crowding no evidence of focal airspace disease no definite pleural effusion or pneumothorax cardiomediastinal silhouette is within normal limits given the low lung volumes no free subdiaphragmatic air grossly stable mild degenerative changes of the right lower thoracic spine impression no acute pulmonary disease,pleural_effusion|cardiomegaly|no_acute,right
OPENI_002657,FINDINGS: Soft tissue neck. The airway is XXXX. No laryngeal edema. Laryngeal XXXX intact. Cervical spine intact. Chest. The heart is large. Diffuse parahilar and alveolar consolidations are present. Bilateral costophrenic XXXX blunting is present.. IMPRESSION: 1. Soft tissue neck negative. 2. Chest. Heart failure with pulmonary alveolar edema and pleural effusion.,findings soft tissue neck the airway is xxxx no laryngeal edema laryngeal xxxx intact cervical spine intact chest the heart is large diffuse parahilar and alveolar consolidations are present bilateral costophrenic xxxx blunting is present impression 1 soft tissue neck negative 2 chest heart failure with pulmonary alveolar edema and pleural effusion,pleural_effusion|consolidation|congestion,bilateral
OPENI_004428,FINDINGS: Lungs are clear. No pleural effusions or pneumothoraces. Heart and mediastinum of normal size and contour.. IMPRESSION: Clear lungs.,findings lungs are clear no pleural effusions or pneumothoraces heart and mediastinum of normal size and contour impression clear lungs,pleural_effusion|no_acute,unspecified
OPENI_005461,FINDINGS: The heart is normal in size. The mediastinum is unremarkable. The lungs are clear.. IMPRESSION: No acute disease.,findings the heart is normal in size the mediastinum is unremarkable the lungs are clear impression no acute disease,no_acute,unspecified
OPENI_004376,FINDINGS: The lungs are clear. There are calcified left hilar lymph XXXX. The heart and mediastinum are normal. The skeletal structures are notable for an old apparent fracture at T12-L1 or congenital fusion unchanged from the prior study.. IMPRESSION: 1. No acute pulmonary disease. 2. Possible old injury or developmental anomaly partially T12-L1.,findings the lungs are clear there are calcified left hilar lymph xxxx the heart and mediastinum are normal the skeletal structures are notable for an old apparent fracture at t12-l1 or congenital fusion unchanged from the prior study impression 1 no acute pulmonary disease 2 possible old injury or developmental anomaly partially t12-l1,no_acute,left
OPENI_006298,FINDINGS: Heart size and pulmonary vascularity appear within normal limits. Calcified granuloma is present in the right base. No pneumothorax or pleural effusion is seen. In the lateral right base is identified an ill-defined somewhat oblong opacity. This was not present on the previous study. The remainder of the lungs appear clear.. IMPRESSION: 1. Ill-defined oblong opacity in the lateral right base. This may represent pleural based process. The exact XXXX is unclear. Followup exam is suggested to confirm clearing or stability.,findings heart size and pulmonary vascularity appear within normal limits calcified granuloma is present in the right base no pneumothorax or pleural effusion is seen in the lateral right base is identified an ill-defined somewhat oblong opacity this was not present on the previous study the remainder of the lungs appear clear impression 1 ill-defined oblong opacity in the lateral right base this may represent pleural based process the exact xxxx is unclear followup exam is suggested to confirm clearing or stability,pleural_effusion|cardiomegaly|opacity|no_acute,right
OPENI_000477,FINDINGS: The heart is normal in size and contour. There is no mediastinal widening. The lungs are clear bilaterally. No large pleural effusion or pneumothorax. The XXXX are intact.. IMPRESSION: No acute cardiopulmonary abnormalities.,findings the heart is normal in size and contour there is no mediastinal widening the lungs are clear bilaterally no large pleural effusion or pneumothorax the xxxx are intact impression no acute cardiopulmonary abnormalities,pleural_effusion|no_acute,bilateral
OPENI_004036,FINDINGS: Heart size is within normal limits. Trachea is midline. The lung volumes are slightly on the low side. Lungs are otherwise clear without pleural effusion or pneumothorax. No focal consolidations. No bony or soft tissue abnormalities.. IMPRESSION: No acute cardiopulmonary abnormality.,findings heart size is within normal limits trachea is midline the lung volumes are slightly on the low side lungs are otherwise clear without pleural effusion or pneumothorax no focal consolidations no bony or soft tissue abnormalities impression no acute cardiopulmonary abnormality,pleural_effusion|consolidation|cardiomegaly|no_acute,unspecified
OPENI_006092,"FINDINGS: Borderline cardiomegaly, XXXX at XXXX partially accentuated by low lung volumes. Right upper lobe calcified granuloma. No focal consolidation, pneumothorax or large pleural effusion. Negative for acute bone abnormality.. IMPRESSION: Low lung volumes, otherwise clear.",findings borderline cardiomegaly xxxx at xxxx partially accentuated by low lung volumes right upper lobe calcified granuloma no focal consolidation pneumothorax or large pleural effusion negative for acute bone abnormality impression low lung volumes otherwise clear,pleural_effusion|consolidation|cardiomegaly|no_acute,right
OPENI_003090,FINDINGS: . IMPRESSION: Heart size is normal. Lungs are clear. Minimal platelike atelectasis left base.,findings impression heart size is normal lungs are clear minimal platelike atelectasis left base,cardiomegaly|atelectasis|no_acute,left
OPENI_005383,FINDINGS: There are no focal areas of consolidation. No pleural effusions. No pneumothorax. Heart size within normal limits. Calcified granulomas. Degenerative changes thoracic spine.. IMPRESSION: ,findings there are no focal areas of consolidation no pleural effusions no pneumothorax heart size within normal limits calcified granulomas degenerative changes thoracic spine impression,pleural_effusion|consolidation|cardiomegaly|no_acute,unspecified
OPENI_005696,"FINDINGS: The cardiomediastinal silhouette is normal in size and contour. Low lung volumes without focal consolidation, pneumothorax or large pleural effusion. Negative for acute bone abnormality.. IMPRESSION: Low lung volumes, otherwise clear.",findings the cardiomediastinal silhouette is normal in size and contour low lung volumes without focal consolidation pneumothorax or large pleural effusion negative for acute bone abnormality impression low lung volumes otherwise clear,pleural_effusion|consolidation|cardiomegaly|no_acute,unspecified
OPENI_003440,"FINDINGS: Heart size normal. Lungs XXXX clear. XXXX XXXX normal. No pneumonia, effusions, edema, pneumothorax, adenopathy, nodules or masses.. IMPRESSION: Normal chest",findings heart size normal lungs xxxx clear xxxx xxxx normal no pneumonia effusions edema pneumothorax adenopathy nodules or masses impression normal chest,pleural_effusion|pneumonia|cardiomegaly|congestion|no_acute,unspecified
OPENI_001407,"FINDINGS: The lungs are clear, and without focal air space opacity. The cardiomediastinal silhouette is normal in size and contour, and stable. There is no pneumothorax large pleural effusion.. IMPRESSION: No acute cardiopulmonary abnormality.",findings the lungs are clear and without focal air space opacity the cardiomediastinal silhouette is normal in size and contour and stable there is no pneumothorax large pleural effusion impression no acute cardiopulmonary abnormality,pleural_effusion|cardiomegaly|opacity|no_acute,unspecified
OPENI_005479,"FINDINGS: Heart size within normal limits. Small, nodular opacity in the right upper lobe. This does not look like an acute infiltrate, and more XXXX represents a granuloma. No pneumothorax or effusions.. IMPRESSION: No acute findings, no evidence for active TB.",findings heart size within normal limits small nodular opacity in the right upper lobe this does not look like an acute infiltrate and more xxxx represents a granuloma no pneumothorax or effusions impression no acute findings no evidence for active tb,pleural_effusion|cardiomegaly|opacity|no_acute,right
OPENI_000562,FINDINGS: Mediastinal contours are normal. Lungs are clear. There is no pneumothorax or large pleural effusion.. IMPRESSION: No acute cardiopulmonary abnormality.,findings mediastinal contours are normal lungs are clear there is no pneumothorax or large pleural effusion impression no acute cardiopulmonary abnormality,pleural_effusion|no_acute,unspecified
OPENI_005234,FINDINGS: The heart is normal in size. The mediastinum is unremarkable. The lungs are clear.. IMPRESSION: No acute disease.,findings the heart is normal in size the mediastinum is unremarkable the lungs are clear impression no acute disease,no_acute,unspecified
OPENI_001091,"FINDINGS: Stable obscuration of the left cardiac XXXX, XXXX representing left pleural thickening. Stable nodular opacity within the left midlung. The lungs are clear bilaterally with no focal consolidation, pleural effusions, or pneumothoraces. Cardiomediastinal silhouette is stable. XXXX are unremarkable.. IMPRESSION: 1. No acute cardiopulmonary abnormality. 2. No evidence of tuberculosis.",findings stable obscuration of the left cardiac xxxx xxxx representing left pleural thickening stable nodular opacity within the left midlung the lungs are clear bilaterally with no focal consolidation pleural effusions or pneumothoraces cardiomediastinal silhouette is stable xxxx are unremarkable impression 1 no acute cardiopulmonary abnormality 2 no evidence of tuberculosis,pleural_effusion|consolidation|cardiomegaly|opacity|no_acute,left
OPENI_001567,"FINDINGS: The trachea is midline. Cardio mediastinal silhouette is normal in contour with overlying sternotomy XXXX. The lungs are clear without acute infiltrate, effusion or pneumothorax. The visualized bony structures reveal no fractures or dislocations.. IMPRESSION: No acute abnormalities.",findings the trachea is midline cardio mediastinal silhouette is normal in contour with overlying sternotomy xxxx the lungs are clear without acute infiltrate effusion or pneumothorax the visualized bony structures reveal no fractures or dislocations impression no acute abnormalities,pleural_effusion|opacity|no_acute,unspecified
OPENI_000504,"FINDINGS: The heart is normal in size and contour. The lungs are clear, without evidence of infiltrate. There is no pneumothorax or effusion.. IMPRESSION: No acute cardiopulmonary disease.",findings the heart is normal in size and contour the lungs are clear without evidence of infiltrate there is no pneumothorax or effusion impression no acute cardiopulmonary disease,pleural_effusion|opacity|no_acute,unspecified
OPENI_005415,FINDINGS: The cardiac silhouette mediastinal contours are within normal limits. There is no definite focal infiltrate. There is no large pleural effusion. There is no pneumothorax.. IMPRESSION: No acute cardiopulmonary disease.,findings the cardiac silhouette mediastinal contours are within normal limits there is no definite focal infiltrate there is no large pleural effusion there is no pneumothorax impression no acute cardiopulmonary disease,pleural_effusion|opacity|no_acute,unspecified
OPENI_005355,"FINDINGS: The cardiomediastinal silhouette is within normal limits for size and contour. The lungs are normally inflated without evidence of focal airspace disease, pleural effusion, or pneumothorax. Osseous structures are within normal limits for patient age... IMPRESSION: 1. No acute radiographic cardiopulmonary process.",findings the cardiomediastinal silhouette is within normal limits for size and contour the lungs are normally inflated without evidence of focal airspace disease pleural effusion or pneumothorax osseous structures are within normal limits for patient age impression 1 no acute radiographic cardiopulmonary process,pleural_effusion|cardiomegaly|no_acute,unspecified
OPENI_003519,FINDINGS: Cardiomediastinal silhouette and pulmonary vasculature are within normal limits. Lungs are clear. No pneumothorax or pleural effusion. No acute osseous findings.. IMPRESSION: No acute cardiopulmonary findings.,findings cardiomediastinal silhouette and pulmonary vasculature are within normal limits lungs are clear no pneumothorax or pleural effusion no acute osseous findings impression no acute cardiopulmonary findings,pleural_effusion|cardiomegaly|no_acute,unspecified
OPENI_002365,"FINDINGS: Frontal and lateral views of the chest show an unchanged cardiomediastinal silhouette. Normal mediastinal contour, pulmonary XXXX and vasculature, central airways and aeration of the lungs. The inferior posterior sulcus is excluded.. IMPRESSION: No acute or active cardiac or pulmonary disease process. Cannot exclude small pleural effusions.",findings frontal and lateral views of the chest show an unchanged cardiomediastinal silhouette normal mediastinal contour pulmonary xxxx and vasculature central airways and aeration of the lungs the inferior posterior sulcus is excluded impression no acute or active cardiac or pulmonary disease process cannot exclude small pleural effusions,pleural_effusion|cardiomegaly|no_acute,unspecified
OPENI_004039,FINDINGS: Interstitial markings are diffusely prominent throughout both lungs. Heart size is normal. Pulmonary XXXX normal.. IMPRESSION: Diffuse fibrosis. No visible focal acute disease.,findings interstitial markings are diffusely prominent throughout both lungs heart size is normal pulmonary xxxx normal impression diffuse fibrosis no visible focal acute disease,cardiomegaly|no_acute,unspecified
OPENI_004696,"FINDINGS: . IMPRESSION: Heart size is normal and lungs are clear. No pneumothorax, effusion, or pneumonia.",findings impression heart size is normal and lungs are clear no pneumothorax effusion or pneumonia,pleural_effusion|pneumonia|cardiomegaly|no_acute,unspecified
OPENI_002663,"FINDINGS: The heart size is normal. The lungs are clear without focal airspace opacity, pleural effusion, or pneumothorax. The osseous structures are intact. There are degenerative changes within the XXXX bilaterally and left acromioclavicular joint. XXXX XXXX in the soft tissues of the right upper extremity.. IMPRESSION: No acute cardiopulmonary findings.",findings the heart size is normal the lungs are clear without focal airspace opacity pleural effusion or pneumothorax the osseous structures are intact there are degenerative changes within the xxxx bilaterally and left acromioclavicular joint xxxx xxxx in the soft tissues of the right upper extremity impression no acute cardiopulmonary findings,pleural_effusion|cardiomegaly|opacity|no_acute,right
OPENI_005516,FINDINGS: Normal cardiomediastinal silhouette. There is no focal consolidation. There are no XXXX of a large pleural effusion. There is no pneumothorax. There is no acute bony abnormality seen.. IMPRESSION: There is no radiographic evidence of acute cardiopulmonary disease.,findings normal cardiomediastinal silhouette there is no focal consolidation there are no xxxx of a large pleural effusion there is no pneumothorax there is no acute bony abnormality seen impression there is no radiographic evidence of acute cardiopulmonary disease,pleural_effusion|consolidation|cardiomegaly|no_acute,unspecified
OPENI_006466,FINDINGS: . IMPRESSION: Increasing cardiomegaly. No effusions. Minimal interstitial edema.,findings impression increasing cardiomegaly no effusions minimal interstitial edema,pleural_effusion|cardiomegaly|congestion,unspecified
OPENI_001783,"FINDINGS: The cardiomediastinal silhouette and vasculature are within normal limits for size and contour. XXXX right lower lung opacity XXXX represents combination of soft tissue overlay and minimal atelectasis. No focal airspace consolidation, pleural effusion, or pneumothorax. Osseous structures are within normal limits for patient age.. IMPRESSION: 1. No acute radiographic cardiopulmonary process.",findings the cardiomediastinal silhouette and vasculature are within normal limits for size and contour xxxx right lower lung opacity xxxx represents combination of soft tissue overlay and minimal atelectasis no focal airspace consolidation pleural effusion or pneumothorax osseous structures are within normal limits for patient age impression 1 no acute radiographic cardiopulmonary process,pleural_effusion|consolidation|cardiomegaly|atelectasis|opacity|no_acute,right
OPENI_002288,"FINDINGS: The lungs are clear bilaterally. Specifically, no evidence of focal consolidation, pneumothorax, or pleural effusion.. Scattered calcified granulomas noted. Cardio mediastinal silhouette is unremarkable. Visualized osseous structures of the thorax demonstrate mild multilevel degenerative disc disease of the thoracolumbar spine without acute abnormality.. IMPRESSION: No acute cardiopulmonary abnormality.",findings the lungs are clear bilaterally specifically no evidence of focal consolidation pneumothorax or pleural effusion scattered calcified granulomas noted cardio mediastinal silhouette is unremarkable visualized osseous structures of the thorax demonstrate mild multilevel degenerative disc disease of the thoracolumbar spine without acute abnormality impression no acute cardiopulmonary abnormality,pleural_effusion|consolidation|no_acute,bilateral
OPENI_000062,"FINDINGS: . IMPRESSION: Comparison XXXX, XXXX. Well-expanded and clear lungs. Mediastinal contour within normal limits. No acute cardiopulmonary abnormality identified. Stable chest.",findings impression comparison xxxx xxxx well-expanded and clear lungs mediastinal contour within normal limits no acute cardiopulmonary abnormality identified stable chest,no_acute,unspecified
OPENI_003551,FINDINGS: Trachea is midline. Normal heart. Clear lungs. No pneumothorax. No pleural effusion.. IMPRESSION: Normal chest exam.,findings trachea is midline normal heart clear lungs no pneumothorax no pleural effusion impression normal chest exam,pleural_effusion|no_acute,unspecified
OPENI_002458,FINDINGS: There is a moderate amount of retained contrast within the distal esophagus. There is no evidence of aspiration. A 3.0 cm nodule is present within the right hilum. No moderate to large pleural effusion or pneumothorax is identified. The cardiomediastinal silhouette is within normal limits. The pulmonary vasculature is normal.. IMPRESSION: 1. Retained contrast in the distal esophagus. 2. Unchanged right hilar mass.,findings there is a moderate amount of retained contrast within the distal esophagus there is no evidence of aspiration a 3 0 cm nodule is present within the right hilum no moderate to large pleural effusion or pneumothorax is identified the cardiomediastinal silhouette is within normal limits the pulmonary vasculature is normal impression 1 retained contrast in the distal esophagus 2 unchanged right hilar mass,pleural_effusion|cardiomegaly|no_acute,right
OPENI_001596,"FINDINGS: The heart is mild enlarged. Central pulmonary vascularity is again accentuated. There are also mild increased interstitial markings without focal consolidation or pleural effusion.. IMPRESSION: Mild stable cardiomegaly with mild central pulmonary vascular congestion and interstitial accentuation, XXXX edema.",findings the heart is mild enlarged central pulmonary vascularity is again accentuated there are also mild increased interstitial markings without focal consolidation or pleural effusion impression mild stable cardiomegaly with mild central pulmonary vascular congestion and interstitial accentuation xxxx edema,pleural_effusion|consolidation|cardiomegaly|congestion,unspecified
OPENI_003939,FINDINGS: Endotracheal tube and NG tube have been removed. Mild patchy bilateral airspace disease. There are small bilateral pleural effusions. No pneumothorax. Heart and mediastinum are stable with normal size heart. Degenerative changes in the spine.. IMPRESSION: Small bilateral pleural effusions with a few scattered areas of patchy bilateral airspace disease.,findings endotracheal tube and ng tube have been removed mild patchy bilateral airspace disease there are small bilateral pleural effusions no pneumothorax heart and mediastinum are stable with normal size heart degenerative changes in the spine impression small bilateral pleural effusions with a few scattered areas of patchy bilateral airspace disease,pleural_effusion|no_acute,bilateral
OPENI_000032,"FINDINGS: The heart is normal in size. The mediastinal contours are within normal limits. There are numerous bilateral pulmonary nodules of varying sizes. The largest is noted in the left lower lobe, posteriorly measuring approximately 7.0 cm. No acute infiltrate or pleural effusion are appreciated.. IMPRESSION: Numerous bilateral pulmonary nodules with dominant nodule/mass in the left lower lung. Diagnostic considerations would include primary lung carcinoma with metastatic nodules versus secondary metastatic disease from known brain tumor. Suggest clinical correlation and further imaging XXXX examination.",findings the heart is normal in size the mediastinal contours are within normal limits there are numerous bilateral pulmonary nodules of varying sizes the largest is noted in the left lower lobe posteriorly measuring approximately 7 0 cm no acute infiltrate or pleural effusion are appreciated impression numerous bilateral pulmonary nodules with dominant nodule mass in the left lower lung diagnostic considerations would include primary lung carcinoma with metastatic nodules versus secondary metastatic disease from known brain tumor suggest clinical correlation and further imaging xxxx examination,pleural_effusion|opacity|no_acute,left
OPENI_004595,FINDINGS: The heart size is upper limits of normal. The pulmonary XXXX and mediastinum are within normal limits. There is no pleural effusion or pneumothorax. There is no focal air space opacity to suggest a pneumonia.. IMPRESSION: No acute cardiopulmonary disease.,findings the heart size is upper limits of normal the pulmonary xxxx and mediastinum are within normal limits there is no pleural effusion or pneumothorax there is no focal air space opacity to suggest a pneumonia impression no acute cardiopulmonary disease,pleural_effusion|pneumonia|cardiomegaly|opacity|no_acute,unspecified
OPENI_003460,FINDINGS: The heart is normal in size. The mediastinum is unremarkable. The lungs are hypoinflated. Small bilateral pleural effusions are seen.. IMPRESSION: Small bilateral pleural effusions.,findings the heart is normal in size the mediastinum is unremarkable the lungs are hypoinflated small bilateral pleural effusions are seen impression small bilateral pleural effusions,pleural_effusion|no_acute,bilateral
OPENI_000586,"FINDINGS: Scattered calcified pulmonary nodules, XXXX represents calcified granulomas. Lungs are clear bilaterally. There is no focal consolidation, pleural effusion, or pneumothoraces. Stable calcified hilar and mediastinal lymph XXXX, XXXX decreased in size from prior exam. Heart size is normal. XXXX are unremarkable.. IMPRESSION: No acute cardiopulmonary abnormality.",findings scattered calcified pulmonary nodules xxxx represents calcified granulomas lungs are clear bilaterally there is no focal consolidation pleural effusion or pneumothoraces stable calcified hilar and mediastinal lymph xxxx xxxx decreased in size from prior exam heart size is normal xxxx are unremarkable impression no acute cardiopulmonary abnormality,pleural_effusion|consolidation|cardiomegaly|no_acute,bilateral
OPENI_001058,"FINDINGS: Heart size moderately enlarged, stable mediastinal contours. Lateral view curvilinear densities over the heart suggestive of coronary artery stents. Diaphragm eventration. No focal alveolar consolidation, no definite pleural effusion seen. No typical findings of pulmonary edema.. IMPRESSION: Cardiomegaly, no acute pulmonary findings",findings heart size moderately enlarged stable mediastinal contours lateral view curvilinear densities over the heart suggestive of coronary artery stents diaphragm eventration no focal alveolar consolidation no definite pleural effusion seen no typical findings of pulmonary edema impression cardiomegaly no acute pulmonary findings,pleural_effusion|consolidation|cardiomegaly|congestion|no_acute,unspecified
OPENI_006137,FINDINGS: Normal heart size and mediastinal contours. Clear lungs. No pneumothorax or pleural effusion. Unremarkable XXXX.. IMPRESSION: No acute cardiopulmonary process. .,findings normal heart size and mediastinal contours clear lungs no pneumothorax or pleural effusion unremarkable xxxx impression no acute cardiopulmonary process,pleural_effusion|cardiomegaly|no_acute,unspecified
OPENI_006305,FINDINGS: The heart size and pulmonary vascularity appear within normal limits. Right pleural effusion is present and appears increased. No pneumothorax is identified. Some scattered XXXX of right base atelectasis are seen. Surgical XXXX remain in XXXX. The left lung appears clear.. IMPRESSION: 1. Small right pleural effusion. Increased. 2. No pneumothorax is seen. 3. Scattered XXXX of right base atelectasis.,findings the heart size and pulmonary vascularity appear within normal limits right pleural effusion is present and appears increased no pneumothorax is identified some scattered xxxx of right base atelectasis are seen surgical xxxx remain in xxxx the left lung appears clear impression 1 small right pleural effusion increased 2 no pneumothorax is seen 3 scattered xxxx of right base atelectasis,pleural_effusion|cardiomegaly|atelectasis|no_acute,right
OPENI_005042,"FINDINGS: Lungs are clear bilaterally with no focal infiltrate, pleural effusion, or pneumothoraces. Cardiomediastinal silhouette is within normal limits. No acute bony or soft tissue abnormality.. IMPRESSION: No acute cardiopulmonary abnormality. .",findings lungs are clear bilaterally with no focal infiltrate pleural effusion or pneumothoraces cardiomediastinal silhouette is within normal limits no acute bony or soft tissue abnormality impression no acute cardiopulmonary abnormality,pleural_effusion|cardiomegaly|opacity|no_acute,bilateral
OPENI_006275,FINDINGS: Heart size is normal. There are XXXX opacities which appear to XXXX XXXX above the right XXXX fissure. There is mild thickening in the fissure. No pneumothorax. No large pleural effusions.. IMPRESSION: XXXX opacities in the right upper lobe anterior segment which may represent atelectasis or infiltrate.,findings heart size is normal there are xxxx opacities which appear to xxxx xxxx above the right xxxx fissure there is mild thickening in the fissure no pneumothorax no large pleural effusions impression xxxx opacities in the right upper lobe anterior segment which may represent atelectasis or infiltrate,pleural_effusion|cardiomegaly|atelectasis|opacity|no_acute,right
OPENI_003797,"FINDINGS: Normal heart size. Mild tortuosity of the aorta. No pneumothorax, pleural effusion or suspicious airspace opacity. Mild levoscoliosis of the lumbar spine.. IMPRESSION: No acute abnormality seen.",findings normal heart size mild tortuosity of the aorta no pneumothorax pleural effusion or suspicious airspace opacity mild levoscoliosis of the lumbar spine impression no acute abnormality seen,pleural_effusion|cardiomegaly|opacity|no_acute,unspecified
OPENI_005518,"FINDINGS: Heart size and mediastinal contours appear within normal limits. Pulmonary vascularity is within normal limits. No focal consolidation, suspicious pulmonary opacity, pneumothorax or definite pleural effusion. Visualized osseous structures appear intact.. IMPRESSION: No acute cardiopulmonary abnormality.",findings heart size and mediastinal contours appear within normal limits pulmonary vascularity is within normal limits no focal consolidation suspicious pulmonary opacity pneumothorax or definite pleural effusion visualized osseous structures appear intact impression no acute cardiopulmonary abnormality,pleural_effusion|consolidation|cardiomegaly|opacity|no_acute,unspecified
OPENI_000018,"FINDINGS: No focal airspace disease, pleural effusion or pneumothorax. Cardiomediastinal silhouette is within normal limits. No free subdiaphragmatic air.. IMPRESSION: No acute pulmonary disease.",findings no focal airspace disease pleural effusion or pneumothorax cardiomediastinal silhouette is within normal limits no free subdiaphragmatic air impression no acute pulmonary disease,pleural_effusion|cardiomegaly|no_acute,unspecified
OPENI_000097,FINDINGS: The lungs are clear. There is no pleural effusion. The heart and mediastinum are normal . The skeletal structures and soft tissues are normal.. IMPRESSION: No active disease.,findings the lungs are clear there is no pleural effusion the heart and mediastinum are normal the skeletal structures and soft tissues are normal impression no active disease,pleural_effusion|no_acute,unspecified
OPENI_001358,"FINDINGS: Cardiac size, mediastinal contour, and pulmonary vascularity are within normal limits. No focal consolidation, suspicious pulmonary opacity, pleural effusion, or pneumothorax. The visualized osseous structures appear intact.. IMPRESSION: No acute cardiopulmonary abnormalities.",findings cardiac size mediastinal contour and pulmonary vascularity are within normal limits no focal consolidation suspicious pulmonary opacity pleural effusion or pneumothorax the visualized osseous structures appear intact impression no acute cardiopulmonary abnormalities,pleural_effusion|consolidation|opacity|no_acute,unspecified
MMCQSD_REPORT_MMCQSD_001778,"What could be causing dryness, redness, thin skin, and pain on both thumbs in a 71-year-old undergoing chemotherapy and radiation? The image shows the condition of skin rash. Oval shaped or circular red patches on the leg. Little swelling and dryness on the patches with foldings of skin.",what could be causing dryness redness thin skin and pain on both thumbs in a 71-year-old undergoing chemotherapy and radiation the image shows the condition of skin rash oval shaped or circular red patches on the leg little swelling and dryness on the patches with foldings of skin,,unspecified
MMCQSD_REPORT_MMCQSD_001042,Is the slightly raised bump with a small red dot and two hard bumps underneath indicative of ringworm? The image here shows a medical condition related to skin_growth. There are black eruptions and mass elevated from the surface on the skin.,is the slightly raised bump with a small red dot and two hard bumps underneath indicative of ringworm the image here shows a medical condition related to skin growth there are black eruptions and mass elevated from the surface on the skin,,unspecified
MMCQSD_REPORT_MMCQSD_001753,"Is the red, itchy, pimply rash on your hands possibly caused by a new hand cream you used? The image shows the condition of skin rash. Raised spots of pink color on the area of the skin just above the upper thumb. Little dryness present.",is the red itchy pimply rash on your hands possibly caused by a new hand cream you used the image shows the condition of skin rash raised spots of pink color on the area of the skin just above the upper thumb little dryness present,,unspecified
MMCQSD_REPORT_MMCQSD_002419,"What could be the cause of my 5-year-old daughter's non-itchy, skin-colored rash on her face after a vacation? The image shows the condition of skin rash. Round and swollen spots on the skin, red in color and multiple in the affected area.",what could be the cause of my 5-year-old daughter s non-itchy skin-colored rash on her face after a vacation the image shows the condition of skin rash round and swollen spots on the skin red in color and multiple in the affected area,,unspecified
MMCQSD_REPORT_MMCQSD_000818,"What could be the cause of my son's illness with symptoms of rash, peeling skin, and a burning bright orange urine? The image shows the condition of skin rash. Spot swelling on the complete leg's skin, circular In shape and very ligh pink color.",what could be the cause of my son s illness with symptoms of rash peeling skin and a burning bright orange urine the image shows the condition of skin rash spot swelling on the complete leg s skin circular in shape and very ligh pink color,,right
MMCQSD_REPORT_MMCQSD_000140,"What could be causing a non-itchy red bumpy rash on the hands, arms, and ears of children after a field trip to Catalina Island? The image shows the condition of skin rash. Spot swelling on the complete leg's skin, circular In shape and very ligh pink color.",what could be causing a non-itchy red bumpy rash on the hands arms and ears of children after a field trip to catalina island the image shows the condition of skin rash spot swelling on the complete leg s skin circular in shape and very ligh pink color,,unspecified
MMCQSD_REPORT_MMCQSD_002759,"Can using a hair dryer five days a week for six months lead to brain tumor or cancer? The image shows the condition of dry scalp. White coloured scalp with lots of white flakes seen in the hairs.
Condition- dry scalp with dandruff caused by Malassezia Furfur.",can using a hair dryer five days a week for six months lead to brain tumor or cancer the image shows the condition of dry scalp white coloured scalp with lots of white flakes seen in the hairs condition- dry scalp with dandruff caused by malassezia furfur,,unspecified
MMCQSD_REPORT_MMCQSD_002674,"What is the recommended treatment for alopecia and dry scalp, and can Tugain Foam and Morpheme Bhringraja be used together? The image shows the condition of dry scalp. White coloured scalp with lots of white flakes seen in the hairs.
Condition- dry scalp with dandruff caused by Malassezia Furfur.",what is the recommended treatment for alopecia and dry scalp and can tugain foam and morpheme bhringraja be used together the image shows the condition of dry scalp white coloured scalp with lots of white flakes seen in the hairs condition- dry scalp with dandruff caused by malassezia furfur,,unspecified
MMCQSD_REPORT_MMCQSD_002974,"What is the most effective treatment for thread-like rashes on genital area diagnosed as a fungal infection, unresponsive to antibiotics? The image shows the condition of skin rash. Round and swollen spots on the skin, red in color and multiple in the affected area.",what is the most effective treatment for thread-like rashes on genital area diagnosed as a fungal infection unresponsive to antibiotics the image shows the condition of skin rash round and swollen spots on the skin red in color and multiple in the affected area,pneumonia,unspecified
MMCQSD_REPORT_MMCQSD_000773,"Patient experiencing recurring canker sores, swollen tonsils on one side, sore and bleeding gums. Seeking assistance. The image here shows a medical condition related to swollen_tonsils. The swollen tonsils are black and red.",patient experiencing recurring canker sores swollen tonsils on one side sore and bleeding gums seeking assistance the image here shows a medical condition related to swollen tonsils the swollen tonsils are black and red,,unspecified
MMCQSD_REPORT_MMCQSD_001103,"Is there a natural way to improve kidney function, reverse edema, and prevent dialysis in a diabetic patient with high blood pressure? The image here shows a medical condition related to edema. The leg is swollen with no signs of redness.",is there a natural way to improve kidney function reverse edema and prevent dialysis in a diabetic patient with high blood pressure the image here shows a medical condition related to edema the leg is swollen with no signs of redness,congestion,unspecified
MMCQSD_REPORT_MMCQSD_002934,"Query: Patient has been suffering from pterygium for 2 years, experiencing swollen eyes. Wants to know if online eye drops can provide a permanent solution without surgery. The image shows the condition of swollen eye. Little swelling on the lateral side of the right eye's eyelid.",query patient has been suffering from pterygium for 2 years experiencing swollen eyes wants to know if online eye drops can provide a permanent solution without surgery the image shows the condition of swollen eye little swelling on the lateral side of the right eye s eyelid,,right
MMCQSD_REPORT_MMCQSD_000252,"Summary: Patient has undiagnosed throat infection with swollen tonsils, veiny throat, pale mouth, thin spider web veins, yellow roof, ear aches, pale and sensitive gums. The image shows the condition of mouth ulcers. Pink coloured circular swelling with redness all around it prese t on the inner side of upper lip.
Condition- stomatitis ( Inflammation of the skin of mouth)
",summary patient has undiagnosed throat infection with swollen tonsils veiny throat pale mouth thin spider web veins yellow roof ear aches pale and sensitive gums the image shows the condition of mouth ulcers pink coloured circular swelling with redness all around it prese t on the inner side of upper lip condition- stomatitis inflammation of the skin of mouth,pneumonia,unspecified
MMCQSD_REPORT_MMCQSD_002877,"Is TAVR a viable option for replacing a calcium-deposited aortic valve after open heart surgery? If so, where can I get the best treatment? The image shows the condition of swollen eye. Pinkish red localized round swelling above the left eyelid on the lateral side.",is tavr a viable option for replacing a calcium-deposited aortic valve after open heart surgery if so where can i get the best treatment the image shows the condition of swollen eye pinkish red localized round swelling above the left eyelid on the lateral side,,left
MMCQSD_REPORT_MMCQSD_002554,"Summary: Patient has had rashes on face and skin for 3 months. Antihistamines and corticosteroid caused dry skin. Can Venusia cream be used? The image shows the condition of skin rash. Round and swollen spots on the skin, red in color and multiple in the affected area.",summary patient has had rashes on face and skin for 3 months antihistamines and corticosteroid caused dry skin can venusia cream be used the image shows the condition of skin rash round and swollen spots on the skin red in color and multiple in the affected area,,unspecified
MMCQSD_REPORT_MMCQSD_002692,"What could be the cause of dryness, dandruff, skin rash, and hair loss in a patient with hypothyroidism and genital warts? The image shows the condition of skin rash. Round and swollen spots on the skin, red in color and multiple in the affected area.",what could be the cause of dryness dandruff skin rash and hair loss in a patient with hypothyroidism and genital warts the image shows the condition of skin rash round and swollen spots on the skin red in color and multiple in the affected area,,unspecified
MMCQSD_REPORT_MMCQSD_001546,Should a 30-year-old male be concerned about a previously sore lump on the right side of his neck that has now become smaller without pain? The image here shows a medical condition related to neck_swelling. The part of the neck near the ear is swollen.,should a 30-year-old male be concerned about a previously sore lump on the right side of his neck that has now become smaller without pain the image here shows a medical condition related to neck swelling the part of the neck near the ear is swollen,,right
MMCQSD_REPORT_MMCQSD_000015,"Is post nasal drip the cause for my 9-year-old son’s throat ache, swollen tonsils, congested nose, and bad breath? The image here shows a medical condition related to swollen_tonsils. The swollen tonsils are black and red.",is post nasal drip the cause for my 9-year-old son s throat ache swollen tonsils congested nose and bad breath the image here shows a medical condition related to swollen tonsils the swollen tonsils are black and red,,unspecified
MMCQSD_REPORT_MMCQSD_001345,"What could be the cause of the lump under the ribs, vomiting in the mornings, and poor appetite in a 35-year-old man? The image shows the condition of hand lump. Two swellings or lump on the right hand's palm around the thumb side.",what could be the cause of the lump under the ribs vomiting in the mornings and poor appetite in a 35-year-old man the image shows the condition of hand lump two swellings or lump on the right hand s palm around the thumb side,,right
MMCQSD_REPORT_MMCQSD_000719,"Summary: Patient experienced yellow jacket sting with initial pain, itching, rash, and swelling. After subsiding, it reoccurs as aching, under-the-skin swelling. The image shows the condition of skin rash. One section of oval skin with dark brown lining and central area light pink in color.",summary patient experienced yellow jacket sting with initial pain itching rash and swelling after subsiding it reoccurs as aching under-the-skin swelling the image shows the condition of skin rash one section of oval skin with dark brown lining and central area light pink in color,,unspecified
MMCQSD_REPORT_MMCQSD_000458,"What are the possible causes of recurrent headaches, water retention in ankles and calves, swollen eyes, and increased blood pressure? The image shows the condition of Lip Swelling. The left side of lower lip contains the swelling.",what are the possible causes of recurrent headaches water retention in ankles and calves swollen eyes and increased blood pressure the image shows the condition of lip swelling the left side of lower lip contains the swelling,,left
MMCQSD_REPORT_MMCQSD_001552,What could be the cause of a painful lump on the right side of the knee after a recent fall? The image here shows a medical condition related to knee_swelling. The right leg have swollen with a slight deformation in the leg.,what could be the cause of a painful lump on the right side of the knee after a recent fall the image here shows a medical condition related to knee swelling the right leg have swollen with a slight deformation in the leg,,right
MMCQSD_REPORT_MMCQSD_001890,"What could be the cause of dry rashes, hair loss, and scanty hair after a high fever three months ago? The image shows the condition of skin rash.  Pinkish red multuiple single coloured rash on the skin present close to each other.",what could be the cause of dry rashes hair loss and scanty hair after a high fever three months ago the image shows the condition of skin rash pinkish red multuiple single coloured rash on the skin present close to each other,,unspecified
MMCQSD_REPORT_MMCQSD_001207,"Is surgery for gallbladder stone necessary if patient is asymptomatic with no complications based on USG report? The image here shows a medical condition related to swollen_tonsils. There are two round, flesh masses ninth back of throat.",is surgery for gallbladder stone necessary if patient is asymptomatic with no complications based on usg report the image here shows a medical condition related to swollen tonsils there are two round flesh masses ninth back of throat,,unspecified
MMCQSD_REPORT_MMCQSD_001252,What could be causing a deep lump just above the knee area that is painful when touched or pressed? The image here shows a medical condition related to knee_swelling. Both the knee are swollen as a result the legs have bend inwards.,what could be causing a deep lump just above the knee area that is painful when touched or pressed the image here shows a medical condition related to knee swelling both the knee are swollen as a result the legs have bend inwards,,unspecified
MMCQSD_REPORT_MMCQSD_000762,"Does the patient experience sharp pain in the eye, swollen tonsils, and a lump after a dental procedure indicating infection? The image here shows a medical condition related to swollen_tonsils. The right side of the   throat is swollen with redness. ",does the patient experience sharp pain in the eye swollen tonsils and a lump after a dental procedure indicating infection the image here shows a medical condition related to swollen tonsils the right side of the throat is swollen with redness,pneumonia,right
MMCQSD_REPORT_MMCQSD_002093,"What is the cause of a persistent rash with blisters on the feet, itchy palms, and tiny lumps on the body? The image shows the condition of skin rash. Round and swollen spots on the skin, red in color and multiple in the affected area.",what is the cause of a persistent rash with blisters on the feet itchy palms and tiny lumps on the body the image shows the condition of skin rash round and swollen spots on the skin red in color and multiple in the affected area,,unspecified
MMCQSD_REPORT_MMCQSD_000479,"What is the cause of the random lesions on the knee, back of knee, left arm, butt cheek, and below the lip, considering the previous knee injury and tummy rash? The image shows the condition of Lip Swelling. Full upper lip swollen. More swelling on right side of upper lip.",what is the cause of the random lesions on the knee back of knee left arm butt cheek and below the lip considering the previous knee injury and tummy rash the image shows the condition of lip swelling full upper lip swollen more swelling on right side of upper lip,,right
MMCQSD_REPORT_MMCQSD_002438,"Can Sjogren's Syndrome cause a symmetrical, red, rough, and dry rash on the cheeks, neck, and other areas? The image shows the condition of skin rash. Round and swollen spots on the skin, red in color and multiple in the affected area.",can sjogren s syndrome cause a symmetrical red rough and dry rash on the cheeks neck and other areas the image shows the condition of skin rash round and swollen spots on the skin red in color and multiple in the affected area,,unspecified
MMCQSD_REPORT_MMCQSD_000671,Should the patient continue taking amoxicillin for infection in the neck and arm after tooth extractions? The image here shows a medical condition related to neck_swelling. The lower part of the neck is swollen.,should the patient continue taking amoxicillin for infection in the neck and arm after tooth extractions the image here shows a medical condition related to neck swelling the lower part of the neck is swollen,pneumonia,unspecified
PUBMEDQA_REPORT_26348845,"Rapid prescreening (RPS) is one of the quality assurance (QA) methods used in gynecologic cytology. The efficacy of RPS has been previously studied but mostly with respect to squamous lesions; in fact, there has been no study so far specifically looking at the sensitivity of RPS for detecting glandular cell abnormalities. A total of 80,565 Papanicolaou (Pap) smears underwent RPS during a 25-month period. A sample was designated as ""review for abnormality"" (R) if any abnormal cells (at the threshold of atypical squamous cells of undetermined significance/atypical glandular cells [AGC]) were thought to be present or was designated as negative (N) if none were detected. Each sample then underwent full screening (FS) and was designated as either R or N and also given a cytologic interpretation. The final cytologic interpretation was a glandular cell abnormality (≥AGC) in 107 samples (0.13%); 39 of these (36.4%) were flagged as R on RPS. Twenty-four patients (33.8%) out of 71 who had histologic follow-up were found to harbor a high-grade squamous intraepithelial lesion or carcinoma; 13 of those 24 Pap smears (54.2%) had been flagged as R on RPS. Notably, 11 AGC cases were picked up by RPS only and not by FS and represented false-negative cases; 2 of these showed endometrial adenocarcinoma on histologic follow-up. Conclusion: Pap smears with glandular cell abnormalities are often flagged as abnormal by RPS, and this results in a sensitivity of 36.4% (at the AGC threshold). Most importantly, some cases of AGC are detected on Pap smears by RPS only, and this demonstrates that RPS is a valuable QA method.",rapid prescreening rps is one of the quality assurance qa methods used in gynecologic cytology the efficacy of rps has been previously studied but mostly with respect to squamous lesions in fact there has been no study so far specifically looking at the sensitivity of rps for detecting glandular cell abnormalities a total of 80 565 papanicolaou pap smears underwent rps during a 25-month period a sample was designated as review for abnormality r if any abnormal cells at the threshold of atypical squamous cells of undetermined significance atypical glandular cells agc were thought to be present or was designated as negative n if none were detected each sample then underwent full screening fs and was designated as either r or n and also given a cytologic interpretation the final cytologic interpretation was a glandular cell abnormality agc in 107 samples 0 13 39 of these 36 4 were flagged as r on rps twenty-four patients 33 8 out of 71 who had histologic follow-up were found to harbor a high-grade squamous intraepithelial lesion or carcinoma 13 of those 24 pap smears 54 2 had been flagged as r on rps notably 11 agc cases were picked up by rps only and not by fs and represented false-negative cases 2 of these showed endometrial adenocarcinoma on histologic follow-up conclusion pap smears with glandular cell abnormalities are often flagged as abnormal by rps and this results in a sensitivity of 36 4 at the agc threshold most importantly some cases of agc are detected on pap smears by rps only and this demonstrates that rps is a valuable qa method,no_acute,unspecified
PUBMEDQA_REPORT_23506394,"Arterial calcification is a significant cardiovascular risk factor in hemodialysis patients. A series of factors are involved in the process of arterial calcification; however, the relationship between malnutrition and arterial calcification is still unclear. 68 hemodialysis patients were enrolled in this study. Nutrition status was evaluated using modified quantitative subjective global assessment (MQSGA). Related serum biochemical parameters were measured. And the radial artery samples were collected during the arteriovenous fistula surgeries. Hematoxylin/eosin stain was used to observe the arterial structures while Alizarin red stain to observe calcified depositions and classify calcified degree. The expressions of bone morphogenetic protein 2 (BMP2) and matrix Gla protein (MGP) were detected by immunohistochemistry and western blot methods. 66.18% hemodialysis patients were malnutrition. In hemodialysis patients, the calcified depositions were mainly located in the medial layer of the radial arteries and the expressions of BMP2 and MGP were both increased in the calcified areas. The levels of serum albumin were negatively associated with calcification score and the expressions of BMP2 and MGP. While MQSGA score, serum phosphorus and calcium × phosphorus product showed positive relationships with calcification score and the expressions of BMP2 and MGP. Conclusion: Malnutrition is prevalent in hemodialysis patients and is associated with arterial calcification and the expressions of BMP2 and MGP in calcified radial arteries. Malnutrition may be a new inducer candidate for arterial calcification in hemodialysis patients.",arterial calcification is a significant cardiovascular risk factor in hemodialysis patients a series of factors are involved in the process of arterial calcification however the relationship between malnutrition and arterial calcification is still unclear 68 hemodialysis patients were enrolled in this study nutrition status was evaluated using modified quantitative subjective global assessment mqsga related serum biochemical parameters were measured and the radial artery samples were collected during the arteriovenous fistula surgeries hematoxylin eosin stain was used to observe the arterial structures while alizarin red stain to observe calcified depositions and classify calcified degree the expressions of bone morphogenetic protein 2 bmp2 and matrix gla protein mgp were detected by immunohistochemistry and western blot methods 66 18 hemodialysis patients were malnutrition in hemodialysis patients the calcified depositions were mainly located in the medial layer of the radial arteries and the expressions of bmp2 and mgp were both increased in the calcified areas the levels of serum albumin were negatively associated with calcification score and the expressions of bmp2 and mgp while mqsga score serum phosphorus and calcium phosphorus product showed positive relationships with calcification score and the expressions of bmp2 and mgp conclusion malnutrition is prevalent in hemodialysis patients and is associated with arterial calcification and the expressions of bmp2 and mgp in calcified radial arteries malnutrition may be a new inducer candidate for arterial calcification in hemodialysis patients,,unspecified
PUBMEDQA_REPORT_24359102,"Skin diseases are the most frequently recognized occupational diseases in Denmark. The prognosis for occupational contact dermatitis is often poor. To investigate the prognosis, assessed by eczema, job status and skin-related quality of life, among patients allergic to rubber chemicals and latex (ubiquitous allergens) and epoxy (nonubiquitous allergen), 2 years after recognition of occupational allergic contact dermatitis. From a cohort of all patients recognized as having occupational dermatitis by the Danish National Board of Industrial Injuries in 2010, 199 patients with relevant rubber allergy (contact allergy to rubber chemicals or contact urticaria from latex) or epoxy allergy were identified. Follow-up consisted of a questionnaire covering current severity of eczema, employment, exposure and quality of life. The response rate was 75%. Clearance of eczema was reported by 11% of patients and 67% reported improvement. Overall 22% of patients with allergy to a nonubiquitous allergen had total clearance of eczema compared with 10% of cases allergic to ubiquitous allergens and 0% of those with contact urticaria (P = 0·116). Improvement was significantly more frequent in those who had changed jobs compared with those who had not (P = 0·01). Conclusion: At follow-up, patients with contact urticaria had significantly poorer prognosis than those with contact allergy, and there was a trend towards a poorer prognosis for those with contact allergy to rubber chemicals than those with allergy to epoxy. A significant positive association between job change and improvement was found.",skin diseases are the most frequently recognized occupational diseases in denmark the prognosis for occupational contact dermatitis is often poor to investigate the prognosis assessed by eczema job status and skin-related quality of life among patients allergic to rubber chemicals and latex ubiquitous allergens and epoxy nonubiquitous allergen 2 years after recognition of occupational allergic contact dermatitis from a cohort of all patients recognized as having occupational dermatitis by the danish national board of industrial injuries in 2010 199 patients with relevant rubber allergy contact allergy to rubber chemicals or contact urticaria from latex or epoxy allergy were identified follow-up consisted of a questionnaire covering current severity of eczema employment exposure and quality of life the response rate was 75 clearance of eczema was reported by 11 of patients and 67 reported improvement overall 22 of patients with allergy to a nonubiquitous allergen had total clearance of eczema compared with 10 of cases allergic to ubiquitous allergens and 0 of those with contact urticaria p 0 116 improvement was significantly more frequent in those who had changed jobs compared with those who had not p 0 01 conclusion at follow-up patients with contact urticaria had significantly poorer prognosis than those with contact allergy and there was a trend towards a poorer prognosis for those with contact allergy to rubber chemicals than those with allergy to epoxy a significant positive association between job change and improvement was found,,unspecified
PUBMEDQA_REPORT_24374414,"Broad-based electronic health information exchange (HIE), in which patients' clinical data follow them between care delivery settings, is expected to produce large quality gains and cost savings. Although these benefits are assumed to result from reducing redundant care, there is limited supporting empirical evidence. To evaluate whether HIE adoption is associated with decreases in repeat imaging in emergency departments (EDs).DATA SOURCE/ ED discharge data from the State Emergency Department Databases for California and Florida for 2007-2010 were merged with Health Information Management Systems Society data that report hospital HIE participation. Using regression with ED fixed effects and trends, we performed a retrospective analysis of the impact of HIE participation on repeat imaging, comparing 37 EDs that initiated HIE participation during the study period to 410 EDs that did not participate in HIE during the same period. Within 3 common types of imaging tests [computed tomography (CT), ultrasound, and chest x-ray), we defined a repeat image for a given patient as the same study in the same body region performed within 30 days at unaffiliated EDs. In our sample there were 20,139 repeat CTs (representing 14.7% of those cases with CT in the index visit), 13,060 repeat ultrasounds (20.7% of ultrasound cases), and 29,703 repeat chest x-rays (19.5% of x-ray cases). HIE was associated with reduced probability of repeat ED imaging in all 3 modalities: -8.7 percentage points for CT [95% confidence interval (CI): -14.7, -2.7], -9.1 percentage points for ultrasound (95% CI: -17.2, -1.1), and -13.0 percentage points for chest x-ray (95% CI: -18.3, -7.7), reflecting reductions of 44%-67% relative to sample means. Conclusion: HIE was associated with reduced repeat imaging in EDs. This study is among the first to find empirical support for this anticipated benefit of HIE.",broad-based electronic health information exchange hie in which patients clinical data follow them between care delivery settings is expected to produce large quality gains and cost savings although these benefits are assumed to result from reducing redundant care there is limited supporting empirical evidence to evaluate whether hie adoption is associated with decreases in repeat imaging in emergency departments eds data source ed discharge data from the state emergency department databases for california and florida for 2007-2010 were merged with health information management systems society data that report hospital hie participation using regression with ed fixed effects and trends we performed a retrospective analysis of the impact of hie participation on repeat imaging comparing 37 eds that initiated hie participation during the study period to 410 eds that did not participate in hie during the same period within 3 common types of imaging tests computed tomography ct ultrasound and chest x-ray we defined a repeat image for a given patient as the same study in the same body region performed within 30 days at unaffiliated eds in our sample there were 20 139 repeat cts representing 14 7 of those cases with ct in the index visit 13 060 repeat ultrasounds 20 7 of ultrasound cases and 29 703 repeat chest x-rays 19 5 of x-ray cases hie was associated with reduced probability of repeat ed imaging in all 3 modalities -8 7 percentage points for ct 95 confidence interval ci -14 7 -2 7 -9 1 percentage points for ultrasound 95 ci -17 2 -1 1 and -13 0 percentage points for chest x-ray 95 ci -18 3 -7 7 reflecting reductions of 44 -67 relative to sample means conclusion hie was associated with reduced repeat imaging in eds this study is among the first to find empirical support for this anticipated benefit of hie,,unspecified
PUBMEDQA_REPORT_22012962,"Men appear to benefit more from being married than women with respect to mortality in middle age. However, there is some uncertainty about gender differences in mortality risks in older individuals, widowed, divorced and single individuals and about the impact of living arrangements. Longitudinal data with 1990 census records being linked to mortality data up to 2005 were used (Swiss National Cohort). The sample comprised all residents over age 44 years in Switzerland (n=2,440,242). All-cause mortality HRs for marital status and living arrangements were estimated by Cox regression for men and women and different age groups with adjustment for education and socio-professional category. The benefit of being married was stronger for men than for women; however, mortality patterns were similar, with higher mortality in divorced and single individuals compared with widowed individuals (<80 years). After adjustment for living arrangements, the gender difference by marital status disappeared. Stratification by living arrangement revealed that mortality risks were highest for 45-64-year-old divorced (HR 1.72 (95% CI 1.67 to 1.76)) and single men (HR 1.67 (95% CI 1.63 to 1.71)) who lived alone. In women of the same age, the highest mortality risk was observed for those who were single and living with a partner (HR 1.70 (95% CI 1.58 to 1.82)). In older age groups, the impact of marital status decreased. Conclusion: Evaluation of living arrangements is crucial for identifying and explaining gender differences in mortality risks by marital status. The impact of living alone and living with a partner seems to be different in men and women.",men appear to benefit more from being married than women with respect to mortality in middle age however there is some uncertainty about gender differences in mortality risks in older individuals widowed divorced and single individuals and about the impact of living arrangements longitudinal data with 1990 census records being linked to mortality data up to 2005 were used swiss national cohort the sample comprised all residents over age 44 years in switzerland n 2 440 242 all-cause mortality hrs for marital status and living arrangements were estimated by cox regression for men and women and different age groups with adjustment for education and socio-professional category the benefit of being married was stronger for men than for women however mortality patterns were similar with higher mortality in divorced and single individuals compared with widowed individuals 80 years after adjustment for living arrangements the gender difference by marital status disappeared stratification by living arrangement revealed that mortality risks were highest for 45-64-year-old divorced hr 1 72 95 ci 1 67 to 1 76 and single men hr 1 67 95 ci 1 63 to 1 71 who lived alone in women of the same age the highest mortality risk was observed for those who were single and living with a partner hr 1 70 95 ci 1 58 to 1 82 in older age groups the impact of marital status decreased conclusion evaluation of living arrangements is crucial for identifying and explaining gender differences in mortality risks by marital status the impact of living alone and living with a partner seems to be different in men and women,,unspecified
PUBMEDQA_REPORT_20064872,"To identify the features of PMR that may predict the duration of steroid therapy, the occurrence of relapses and the late development of GCA. Prospective cohort study of 176 patients with PMR, followed up for 5 years. Baseline factors associated with the duration of steroids therapy were identified using Cox regression. Predictors of relapse and the late development of GCA were identified using binary logistic regression. A total of 176 patients with PMR were included, of whom 124 stopped steroids within 5 years. The probability of stopping steroids within 5 years was independently reduced by an elevated plasma viscosity (PV) [hazard ratio (HR) = 0.49; 95% CI 0.29, 0.82 for a PV>or = 2.00 mPa s compared with a PV<or = 1.80 mPa s; overall P = 0.024] and by starting treatment at>15 mg prednisolone (HR = 0.63; 95% CI 0.41, 0.97; P = 0.036). Either of these independently reduced the chances of stopping steroids within a given time interval between 27 and 51%. No significant predictors of relapse were identified. Predictors of late GCA on univariable analysis were female sex [odds ratio (OR) = 8.16; 95% CI 1.06, 63.13; P = 0.044], HLA-DRB1*0101 or -*0401 alleles (OR = 4.95; 95% CI 1.05, 23.34; P = 0.043), PV>or = 2.00 mPa s compared with PV<or = 1.80 mPa s (OR = 10.64; 95% CI 1.28, 88.38; P = 0.029) and initial prednisolone dose>15 mg (OR = 4.53; 95% CI 1.61, 12.79; P = 0.004). Conclusion: A higher PV in PMR increases the risk of prolonged steroid therapy and late GCA. Female sex and particular HLA alleles may increase the risk of late GCA. Starting patients on>15 mg prednisolone is associated with a prolonged steroid duration.",to identify the features of pmr that may predict the duration of steroid therapy the occurrence of relapses and the late development of gca prospective cohort study of 176 patients with pmr followed up for 5 years baseline factors associated with the duration of steroids therapy were identified using cox regression predictors of relapse and the late development of gca were identified using binary logistic regression a total of 176 patients with pmr were included of whom 124 stopped steroids within 5 years the probability of stopping steroids within 5 years was independently reduced by an elevated plasma viscosity pv hazard ratio hr 0 49 95 ci 0 29 0 82 for a pv or 2 00 mpa s compared with a pv or 1 80 mpa s overall p 0 024 and by starting treatment at 15 mg prednisolone hr 0 63 95 ci 0 41 0 97 p 0 036 either of these independently reduced the chances of stopping steroids within a given time interval between 27 and 51 no significant predictors of relapse were identified predictors of late gca on univariable analysis were female sex odds ratio or 8 16 95 ci 1 06 63 13 p 0 044 hla-drb1 0101 or - 0401 alleles or 4 95 95 ci 1 05 23 34 p 0 043 pv or 2 00 mpa s compared with pv or 1 80 mpa s or 10 64 95 ci 1 28 88 38 p 0 029 and initial prednisolone dose 15 mg or 4 53 95 ci 1 61 12 79 p 0 004 conclusion a higher pv in pmr increases the risk of prolonged steroid therapy and late gca female sex and particular hla alleles may increase the risk of late gca starting patients on 15 mg prednisolone is associated with a prolonged steroid duration,,unspecified
PUBMEDQA_REPORT_18439500,"To assess whether it is possible for an experienced laparoscopic surgeon to perform efficient laparoscopic myomectomy regardless of the size, number, and location of the myomas. Prospective observational study (Canadian Task Force classification II-1). Tertiary endoscopy center. A total of 505 healthy nonpregnant women with symptomatic myomas underwent laparoscopic myomectomy at our center. No exclusion criteria were based on the size, number, or location of myomas. Laparoscopic myomectomy and modifications of the technique: enucleation of the myoma by morcellation while it is still attached to the uterus with and without earlier devascularization. In all, 912 myomas were removed in these 505 patients laparoscopically. The mean number of myomas removed was 1.85 +/- 5.706 (95% CI 1.72-1.98). In all, 184 (36.4%) patients had multiple myomectomy. The mean size of the myomas removed was 5.86 +/- 3.300 cm in largest diameter (95% CI 5.56-6.16 cm). The mean weight of the myomas removed was 227.74 +/- 325.801 g (95% CI 198.03-257.45 g) and median was 100 g. The median operating time was 60 minutes (range 30-270 minutes). The median blood loss was 90 mL (range 40-2000 mL). Three comparisons were performed on the basis of size of the myomas (<10 cm and>or=10 cm in largest diameter), number of myomas removed (<or=4 and>or=5 myomas), and the technique (enucleation of the myomas by morcellation while the myoma is still attached to the uterus and the conventional technique). In all these comparisons, although the mean blood loss, duration of surgery, and hospital stay were greater in the groups in which larger myomas or more myomas were removed or the modified technique was performed as compared with their corresponding study group, the weight and size of removed myomas were also proportionately larger in these groups. Two patients were given the diagnosis of leiomyosarcoma in their histopathology and 1 patient developed a diaphragmatic parasitic myoma followed by a leiomyoma of the sigmoid colon. Six patients underwent laparoscopic hysterectomy 4 to 6 years after the surgery for recurrent myomas. One conversion to laparotomy occurred and 1 patient underwent open subtotal hysterectomy for dilutional coagulopathy. Conclusion: Laparoscopic myomectomy can be performed by experienced surgeons regardless of the size, number, or location of the myomas.",to assess whether it is possible for an experienced laparoscopic surgeon to perform efficient laparoscopic myomectomy regardless of the size number and location of the myomas prospective observational study canadian task force classification ii-1 tertiary endoscopy center a total of 505 healthy nonpregnant women with symptomatic myomas underwent laparoscopic myomectomy at our center no exclusion criteria were based on the size number or location of myomas laparoscopic myomectomy and modifications of the technique enucleation of the myoma by morcellation while it is still attached to the uterus with and without earlier devascularization in all 912 myomas were removed in these 505 patients laparoscopically the mean number of myomas removed was 1 85 - 5 706 95 ci 1 72-1 98 in all 184 36 4 patients had multiple myomectomy the mean size of the myomas removed was 5 86 - 3 300 cm in largest diameter 95 ci 5 56-6 16 cm the mean weight of the myomas removed was 227 74 - 325 801 g 95 ci 198 03-257 45 g and median was 100 g the median operating time was 60 minutes range 30-270 minutes the median blood loss was 90 ml range 40-2000 ml three comparisons were performed on the basis of size of the myomas 10 cm and or 10 cm in largest diameter number of myomas removed or 4 and or 5 myomas and the technique enucleation of the myomas by morcellation while the myoma is still attached to the uterus and the conventional technique in all these comparisons although the mean blood loss duration of surgery and hospital stay were greater in the groups in which larger myomas or more myomas were removed or the modified technique was performed as compared with their corresponding study group the weight and size of removed myomas were also proportionately larger in these groups two patients were given the diagnosis of leiomyosarcoma in their histopathology and 1 patient developed a diaphragmatic parasitic myoma followed by a leiomyoma of the sigmoid colon six patients underwent laparoscopic hysterectomy 4 to 6 years after the surgery for recurrent myomas one conversion to laparotomy occurred and 1 patient underwent open subtotal hysterectomy for dilutional coagulopathy conclusion laparoscopic myomectomy can be performed by experienced surgeons regardless of the size number or location of the myomas,,unspecified
PUBMEDQA_REPORT_9446993,"To determine the ability of dentists to recognize digitally manipulated radiographs. A poster was presented at the Annual Meeting of the German Society for Periodontology displaying the intra-oral radiographs of 12 different patients. Half of the radiographs were subjected to digital manipulation to add or remove specific features. Dentists were asked to identify these radiographs by means of a questionnaire. Thirty-nine dentists submitted usable questionnaires. Statistical evaluation revealed a distribution of hits similar to the random distribution. None of the dentists detected all the six manipulated radiographs; three dentists had five correct, but there were five with only one. An authentic radiograph scored highest as a manipulation. Conclusion: Image manipulations which alter the diagnostic content of a radiograph are unlikely to be detected by dentists. Digital radiography requires additional measures for data protection.",to determine the ability of dentists to recognize digitally manipulated radiographs a poster was presented at the annual meeting of the german society for periodontology displaying the intra-oral radiographs of 12 different patients half of the radiographs were subjected to digital manipulation to add or remove specific features dentists were asked to identify these radiographs by means of a questionnaire thirty-nine dentists submitted usable questionnaires statistical evaluation revealed a distribution of hits similar to the random distribution none of the dentists detected all the six manipulated radiographs three dentists had five correct but there were five with only one an authentic radiograph scored highest as a manipulation conclusion image manipulations which alter the diagnostic content of a radiograph are unlikely to be detected by dentists digital radiography requires additional measures for data protection,,unspecified
PUBMEDQA_REPORT_25940336,"More than 1000 candidates applied for orthopaedic residency positions in 2014, and the competition is intense; approximately one-third of the candidates failed to secure a position in the match. However, the criteria used in the selection process often are subjective and studies have differed in terms of which criteria predict either objective measures or subjective ratings of resident performance by faculty.QUESTIONS/ Do preresidency selection factors serve as predictors of success in residency? Specifically, we asked which preresidency selection factors are associated or correlated with (1) objective measures of resident knowledge and performance; and (2) subjective ratings by faculty. Charts of 60 orthopaedic residents from our institution were reviewed. Preresidency selection criteria examined included United States Medical Licensing Examination (USMLE) Step 1 and Step 2 scores, Medical College Admission Test (MCAT) scores, number of clinical clerkship honors, number of letters of recommendation, number of away rotations, Alpha Omega Alpha (AOA) honor medical society membership, fourth-year subinternship at our institution, and number of publications. Resident performance was assessed using objective measures including American Board of Orthopaedic Surgery (ABOS) Part I scores and Orthopaedics In-Training Exam (OITE) scores and subjective ratings by faculty including global evaluation scores and faculty rankings of residents. We tested associations between preresidency criteria and the subsequent objective and subjective metrics using linear correlation analysis and Mann-Whitney tests when appropriate. Objective measures of resident performance namely, ABOS Part I scores, had a moderate linear correlation with the USMLE Step 2 scores (r = 0.55, p<0.001) and number of clinical honors received in medical school (r = 0.45, p<0.001). OITE scores had a weak linear correlation with the number of clinical honors (r = 0.35, p = 0.009) and USMLE Step 2 scores (r = 0.29, p = 0.02). With regards to subjective outcomes, AOA membership was associated with higher scores on the global evaluation (p = 0.005). AOA membership also correlated with higher global evaluation scores (r = 0.60, p = 0.005) with the strongest correlation existing between AOA membership and the ""interpersonal and communication skills"" subsection of the global evaluations. Conclusion: We found that USMLE Step 2, number of honors in medical school clerkships, and AOA membership demonstrated the strongest correlations with resident performance. Our goal in analyzing these data was to provide residency programs at large a sense of which criteria may be ""high yield"" in ranking applicants by analyzing data from within our own pool of residents. Similar studies across a broader scope of programs are warranted to confirm applicability of our findings. The continually emerging complexities of the field of orthopaedic surgery lend increasing importance to future work on the appropriate selection and training of orthopaedic residents.",more than 1000 candidates applied for orthopaedic residency positions in 2014 and the competition is intense approximately one-third of the candidates failed to secure a position in the match however the criteria used in the selection process often are subjective and studies have differed in terms of which criteria predict either objective measures or subjective ratings of resident performance by faculty questions do preresidency selection factors serve as predictors of success in residency specifically we asked which preresidency selection factors are associated or correlated with 1 objective measures of resident knowledge and performance and 2 subjective ratings by faculty charts of 60 orthopaedic residents from our institution were reviewed preresidency selection criteria examined included united states medical licensing examination usmle step 1 and step 2 scores medical college admission test mcat scores number of clinical clerkship honors number of letters of recommendation number of away rotations alpha omega alpha aoa honor medical society membership fourth-year subinternship at our institution and number of publications resident performance was assessed using objective measures including american board of orthopaedic surgery abos part i scores and orthopaedics in-training exam oite scores and subjective ratings by faculty including global evaluation scores and faculty rankings of residents we tested associations between preresidency criteria and the subsequent objective and subjective metrics using linear correlation analysis and mann-whitney tests when appropriate objective measures of resident performance namely abos part i scores had a moderate linear correlation with the usmle step 2 scores r 0 55 p 0 001 and number of clinical honors received in medical school r 0 45 p 0 001 oite scores had a weak linear correlation with the number of clinical honors r 0 35 p 0 009 and usmle step 2 scores r 0 29 p 0 02 with regards to subjective outcomes aoa membership was associated with higher scores on the global evaluation p 0 005 aoa membership also correlated with higher global evaluation scores r 0 60 p 0 005 with the strongest correlation existing between aoa membership and the interpersonal and communication skills subsection of the global evaluations conclusion we found that usmle step 2 number of honors in medical school clerkships and aoa membership demonstrated the strongest correlations with resident performance our goal in analyzing these data was to provide residency programs at large a sense of which criteria may be high yield in ranking applicants by analyzing data from within our own pool of residents similar studies across a broader scope of programs are warranted to confirm applicability of our findings the continually emerging complexities of the field of orthopaedic surgery lend increasing importance to future work on the appropriate selection and training of orthopaedic residents,,unspecified
PUBMEDQA_REPORT_19054501,"Studies have shown that schizophrenia patients have motion perception deficit, which was thought to cause eye-tracking abnormality in schizophrenia. However, eye movement closely interacts with motion perception. The known eye-tracking difficulties in schizophrenia patients may interact with their motion perception. Two speed discrimination experiments were conducted in a within-subject design. In experiment 1, the stimulus duration was 150 msec to minimize the chance of eye-tracking occurrence. In experiment 2, the duration was increased to 300 msec, increasing the possibility of eye movement intrusion. Regular eye-tracking performance was evaluated in a third experiment. At 150 msec, speed discrimination thresholds did not differ between schizophrenia patients (n = 38) and control subjects (n = 33). At 300 msec, patients had significantly higher thresholds than control subjects (p = .03). Furthermore, frequencies of eye tracking during the 300 msec stimulus were significantly correlated with speed discrimination in control subjects (p = .01) but not in patients, suggesting that eye-tracking initiation may benefit control subjects but not patients. The frequency of eye tracking during speed discrimination was not significantly related to regular eye-tracking performance. Conclusion: Speed discrimination, per se, is not impaired in schizophrenia patients. The observed abnormality appears to be a consequence of impairment in generating or integrating the feedback information from eye movements. This study introduces a novel approach to motion perception studies and highlights the importance of concurrently measuring eye movements to understand interactions between these two systems; the results argue for a conceptual revision regarding motion perception abnormality in schizophrenia.",studies have shown that schizophrenia patients have motion perception deficit which was thought to cause eye-tracking abnormality in schizophrenia however eye movement closely interacts with motion perception the known eye-tracking difficulties in schizophrenia patients may interact with their motion perception two speed discrimination experiments were conducted in a within-subject design in experiment 1 the stimulus duration was 150 msec to minimize the chance of eye-tracking occurrence in experiment 2 the duration was increased to 300 msec increasing the possibility of eye movement intrusion regular eye-tracking performance was evaluated in a third experiment at 150 msec speed discrimination thresholds did not differ between schizophrenia patients n 38 and control subjects n 33 at 300 msec patients had significantly higher thresholds than control subjects p 03 furthermore frequencies of eye tracking during the 300 msec stimulus were significantly correlated with speed discrimination in control subjects p 01 but not in patients suggesting that eye-tracking initiation may benefit control subjects but not patients the frequency of eye tracking during speed discrimination was not significantly related to regular eye-tracking performance conclusion speed discrimination per se is not impaired in schizophrenia patients the observed abnormality appears to be a consequence of impairment in generating or integrating the feedback information from eye movements this study introduces a novel approach to motion perception studies and highlights the importance of concurrently measuring eye movements to understand interactions between these two systems the results argue for a conceptual revision regarding motion perception abnormality in schizophrenia,no_acute,unspecified
PUBMEDQA_REPORT_23347337,"To provide equality of cancer care to rural patients, Townsville Cancer Centre administers intensive chemotherapy regimens to rural patients with node-positive breast and metastatic colorectal cancers at the same doses as urban patients. Side-effects were usually managed by rural general practitioners locally.AIM: The aim is to determine the safety of this practice by comparing the profile of serious adverse events and dose intensities between urban and rural patients at the Townsville Cancer Centre. A retrospective audit was conducted in patients with metastatic colorectal and node-positive breast cancers during a 24-month period. Fisher's exact test was used for analysis. Rurality was determined as per rural, remote and metropolitan classification. Of the 121 patients included, 70 and 51 patients had breast and colon cancers respectively. The urban versus rural patient split among all patients, breast and colorectal cancer subgroups was 68 versus 53, 43 versus 27 and 25 versus 26 respectively. A total of 421 cycles was given with dose intensity of>95% for breast cancer in both groups (P>0.05). Rate of febrile neutropenia was 9.3% versus 7.4% (P = 0.56). For XELOX, rate of diarrhoea was 20% versus 19% (P = 0.66) and rate of vomiting was 20% versus 11% (P = 0.11). Only two patients were transferred to Townsville for admission. No toxic death occurred in either group. Conclusion: It appears safe to administer intensive chemotherapy regimens at standard doses to rural patients without increased morbidity or mortality. Support for general practitioners through phone or videoconferencing may reduce the safety concerns.",to provide equality of cancer care to rural patients townsville cancer centre administers intensive chemotherapy regimens to rural patients with node-positive breast and metastatic colorectal cancers at the same doses as urban patients side-effects were usually managed by rural general practitioners locally aim the aim is to determine the safety of this practice by comparing the profile of serious adverse events and dose intensities between urban and rural patients at the townsville cancer centre a retrospective audit was conducted in patients with metastatic colorectal and node-positive breast cancers during a 24-month period fisher s exact test was used for analysis rurality was determined as per rural remote and metropolitan classification of the 121 patients included 70 and 51 patients had breast and colon cancers respectively the urban versus rural patient split among all patients breast and colorectal cancer subgroups was 68 versus 53 43 versus 27 and 25 versus 26 respectively a total of 421 cycles was given with dose intensity of 95 for breast cancer in both groups p 0 05 rate of febrile neutropenia was 9 3 versus 7 4 p 0 56 for xelox rate of diarrhoea was 20 versus 19 p 0 66 and rate of vomiting was 20 versus 11 p 0 11 only two patients were transferred to townsville for admission no toxic death occurred in either group conclusion it appears safe to administer intensive chemotherapy regimens at standard doses to rural patients without increased morbidity or mortality support for general practitioners through phone or videoconferencing may reduce the safety concerns,,unspecified
PUBMEDQA_REPORT_8199520,"To explore expressed needs, both formal and informal, of family caregivers of frail elderly. To evaluate roles of physicians. Questionnaire survey of members of the Montreal Jewish community providing care for frail elderly family members. Jewish community of Montreal. Volunteer caregivers who were caring for a family member or friend 60 years or older, who had greatest responsibility for providing physical or emotional support to an elderly person, who saw themselves as caregivers, and who could speak English or French were studied. Of 118 volunteers, 32 were excluded because they withdrew for personal reasons or because they did not meet study criteria. Demographic variables, functional status of the care receiver, use of home care services, and needs assessment to identify additional services. An average of 75.4% respondents did not use formal support services. Just under half of caregivers were dissatisfied with the attention they received from the health care system, and more than one third expressed feelings of stress, depression, guilt, and isolation. Conclusion: Hypotheses for this discontent are presented. Physicians may be uninterested in helping caregivers; even if they were receptive to counseling caregivers, they could be poorly remunerated for the types of counseling sessions that are usual for caregivers; and being a professional caregiver to family caregivers is demanding in itself.",to explore expressed needs both formal and informal of family caregivers of frail elderly to evaluate roles of physicians questionnaire survey of members of the montreal jewish community providing care for frail elderly family members jewish community of montreal volunteer caregivers who were caring for a family member or friend 60 years or older who had greatest responsibility for providing physical or emotional support to an elderly person who saw themselves as caregivers and who could speak english or french were studied of 118 volunteers 32 were excluded because they withdrew for personal reasons or because they did not meet study criteria demographic variables functional status of the care receiver use of home care services and needs assessment to identify additional services an average of 75 4 respondents did not use formal support services just under half of caregivers were dissatisfied with the attention they received from the health care system and more than one third expressed feelings of stress depression guilt and isolation conclusion hypotheses for this discontent are presented physicians may be uninterested in helping caregivers even if they were receptive to counseling caregivers they could be poorly remunerated for the types of counseling sessions that are usual for caregivers and being a professional caregiver to family caregivers is demanding in itself,,unspecified
PUBMEDQA_REPORT_24340838,"Sudden death in athletes can occur during sport activities and is presumably related to ventricular arrhythmias. To investigate the long-term follow-up ofathletes with ventricular arrhythmias during an exercise test. From a database of 56,462 athletes we identified 192 athletes (35 years old who had ventricular arrhythmias during an exercise test. Ninety athletes had>or =3 ventricular premature beats (VPB) (group A) and 102 athletes had ventricular couplets or non-sustained ventricular tachycardia during an exercise test (group B). A control group of 92 athletesfrom without ventricular arrhythmias was randomly seleclted from the database (group C). Of the 192 athletes 39 returnied for a repeat exercise test after a mean follow-up period of 70 +/- 25 months and they constitute the study population. Twelve athletes from group A, 21 fromgroup B and 6 from group C returned for a repeat exercise test. The athletes reached a significantly lower peak heart rate during their follow-up exercise test (P = 0.001). More athletes were engaged in competitive sports during their initialexercise test than in the follow-up test (P = 0.021). Most of theathletes who had VPB and/orventricular couplets and/or NSVT during their initial exercise test had far fewer ventricular arrhythmias in the follow-up exercise test (P = 0.001). Conclusion: Athletes engaged in competitive sports are more likely to develop ventricular arrhythmias during exercise. These arrhythmias subside over time when athletes are engaged in non-competitive sports.",sudden death in athletes can occur during sport activities and is presumably related to ventricular arrhythmias to investigate the long-term follow-up ofathletes with ventricular arrhythmias during an exercise test from a database of 56 462 athletes we identified 192 athletes 35 years old who had ventricular arrhythmias during an exercise test ninety athletes had or 3 ventricular premature beats vpb group a and 102 athletes had ventricular couplets or non-sustained ventricular tachycardia during an exercise test group b a control group of 92 athletesfrom without ventricular arrhythmias was randomly seleclted from the database group c of the 192 athletes 39 returnied for a repeat exercise test after a mean follow-up period of 70 - 25 months and they constitute the study population twelve athletes from group a 21 fromgroup b and 6 from group c returned for a repeat exercise test the athletes reached a significantly lower peak heart rate during their follow-up exercise test p 0 001 more athletes were engaged in competitive sports during their initialexercise test than in the follow-up test p 0 021 most of theathletes who had vpb and orventricular couplets and or nsvt during their initial exercise test had far fewer ventricular arrhythmias in the follow-up exercise test p 0 001 conclusion athletes engaged in competitive sports are more likely to develop ventricular arrhythmias during exercise these arrhythmias subside over time when athletes are engaged in non-competitive sports,,unspecified
PUBMEDQA_REPORT_17598882,"A genetic component is well established in the etiology of breast cancer. It is not well known, however, whether genetic traits also influence prognostic features of the malignant phenotype. We carried out a population-based cohort study in Sweden based on the nationwide Multi-Generation Register. Among all women with breast cancer diagnosed from 1961 to 2001, 2,787 mother-daughter pairs and 831 sister pairs with breast cancer were identified; we achieved complete follow-up and classified 5-year breast cancer-specific prognosis among proband (mother or oldest sister) into tertiles as poor, intermediary, or good. We used Kaplan-Meier estimates of survival proportions and Cox models to calculate relative risks of dying from breast cancer within 5 years depending on the proband's outcome. The 5-year survival proportion among daughters whose mothers died within 5 years was 87% compared to 91% if the mother was alive (p = 0.03). Among sisters, the corresponding proportions were 70% and 88%, respectively (p = 0.001). After adjustment for potential confounders, daughters and sisters of a proband with poor prognosis had a 60% higher 5-year breast cancer mortality compared to those of a proband with good prognosis (hazard ratio [HR], 1.6; 95% confidence interval [CI], 1.2 to 2.2; p for trend 0.002). This association was slightly stronger among sisters (HR, 1.8; 95% CI, 1.0 to 3.4) than among daughters (HR, 1.6; 95% CI, 1.1 to 2.3). Conclusion: Breast cancer prognosis of a woman predicts the survival in her first-degree relatives with breast cancer. Our novel findings suggest that breast cancer prognosis might be inherited.",a genetic component is well established in the etiology of breast cancer it is not well known however whether genetic traits also influence prognostic features of the malignant phenotype we carried out a population-based cohort study in sweden based on the nationwide multi-generation register among all women with breast cancer diagnosed from 1961 to 2001 2 787 mother-daughter pairs and 831 sister pairs with breast cancer were identified we achieved complete follow-up and classified 5-year breast cancer-specific prognosis among proband mother or oldest sister into tertiles as poor intermediary or good we used kaplan-meier estimates of survival proportions and cox models to calculate relative risks of dying from breast cancer within 5 years depending on the proband s outcome the 5-year survival proportion among daughters whose mothers died within 5 years was 87 compared to 91 if the mother was alive p 0 03 among sisters the corresponding proportions were 70 and 88 respectively p 0 001 after adjustment for potential confounders daughters and sisters of a proband with poor prognosis had a 60 higher 5-year breast cancer mortality compared to those of a proband with good prognosis hazard ratio hr 1 6 95 confidence interval ci 1 2 to 2 2 p for trend 0 002 this association was slightly stronger among sisters hr 1 8 95 ci 1 0 to 3 4 than among daughters hr 1 6 95 ci 1 1 to 2 3 conclusion breast cancer prognosis of a woman predicts the survival in her first-degree relatives with breast cancer our novel findings suggest that breast cancer prognosis might be inherited,,unspecified
PUBMEDQA_REPORT_8921484,"After 34 weeks gestation, summary measures of location for birthweight (e.g means and centiles) increase more slowly for Australian Aborigines than for whites. A similar pattern has been observed for blacks in the US. This study tests whether the reported pattern is due to differential misclassification of gestational age. Simulation was used to measure the potential effect of differential misclassification of gestational age. Reported gestational age data were obtained from Queensland Perinatal Data Collection (QPDC). Estimates of the true distributions of gestational age were obtained by assuming various (plausible) types of misclassification and applying these to the reported distributions. Previous studies and data from the QPDC were used to help specify the birthweight distributions used in the simulations. At full term, the parameters of the birthweight distributions were robust to gestational age misclassification. At preterm, the 10th centiles were robust to misclassification. In contrast, the 90th centiles were sensitive to even minor misclassification. Extreme types of misclassification were required to remove the divergence in median birthweights for Aborigines and whites. Conclusion: Gestational age misclassification is an unlikely explanation for the reported divergence in average birth-weights for Aborigines and whites. The results might help with the interpretation of other between-population comparisons.",after 34 weeks gestation summary measures of location for birthweight e g means and centiles increase more slowly for australian aborigines than for whites a similar pattern has been observed for blacks in the us this study tests whether the reported pattern is due to differential misclassification of gestational age simulation was used to measure the potential effect of differential misclassification of gestational age reported gestational age data were obtained from queensland perinatal data collection qpdc estimates of the true distributions of gestational age were obtained by assuming various plausible types of misclassification and applying these to the reported distributions previous studies and data from the qpdc were used to help specify the birthweight distributions used in the simulations at full term the parameters of the birthweight distributions were robust to gestational age misclassification at preterm the 10th centiles were robust to misclassification in contrast the 90th centiles were sensitive to even minor misclassification extreme types of misclassification were required to remove the divergence in median birthweights for aborigines and whites conclusion gestational age misclassification is an unlikely explanation for the reported divergence in average birth-weights for aborigines and whites the results might help with the interpretation of other between-population comparisons,,unspecified
PUBMEDQA_REPORT_8910148,"The brain-dead donor supply has become one of the criteria limiting the performance of heart transplantation. Conventional screening criteria are too limiting and exclude suitable heart donors. Echocardiography is now widely available and is a reliable tool to assess left ventricular dysfunction in brain-dead donors. Yet few data are available on the degree of left ventricular dysfunction where a transplantation is possible. Fifty-five potential brain-dead heart donors (age 38 +/- 11 years) were prospectively evaluated by transesophageal echocardiography (TEE) before harvesting. Fractional area change (FAC) was used to assess left ventricular function in potential brain-dead donors. Transplanted hearts were evaluated on the fifth postoperative day. The transplantation was considered a success if the recipient was alive, not retransplanted, without an assistance device or an epinephrine infusion of more than 1 mg/h and showed an ejection fraction above 40%. Of the 55 potential heart donors, 20 exhibited an FAC of less than 50%. Forty hearts were harvested, 36 of which were successfully transplanted. Nine patients had an FAC below 50% (group H2) and 27 had an FAC over 50% (group H1). Four patients died: 2 from hemorrhage (FAC>50% in donors); 1 from right and one from left ventricular dysfunction (FAC<50% in donors). The FAC increased significantly from 51 +/- 15% to 57 +/- 11% in 18 hearts that underwent TEE in donors and afterwards in recipients. Overall actuarial survival was 86.2% versus 64.6% at 1 and 2 years in group H1 and group H2, respectively (p = NS). Conclusion: TEE is useful to assess left ventricular function in potential brain-dead donors. An FAC less than 50% is present in 36% of potential heart donors. Because left ventricular dysfunction is often reversible shortly after transplantation, an FAC below 50% may not necessarily preclude the use of hearts for transplantation.",the brain-dead donor supply has become one of the criteria limiting the performance of heart transplantation conventional screening criteria are too limiting and exclude suitable heart donors echocardiography is now widely available and is a reliable tool to assess left ventricular dysfunction in brain-dead donors yet few data are available on the degree of left ventricular dysfunction where a transplantation is possible fifty-five potential brain-dead heart donors age 38 - 11 years were prospectively evaluated by transesophageal echocardiography tee before harvesting fractional area change fac was used to assess left ventricular function in potential brain-dead donors transplanted hearts were evaluated on the fifth postoperative day the transplantation was considered a success if the recipient was alive not retransplanted without an assistance device or an epinephrine infusion of more than 1 mg h and showed an ejection fraction above 40 of the 55 potential heart donors 20 exhibited an fac of less than 50 forty hearts were harvested 36 of which were successfully transplanted nine patients had an fac below 50 group h2 and 27 had an fac over 50 group h1 four patients died 2 from hemorrhage fac 50 in donors 1 from right and one from left ventricular dysfunction fac 50 in donors the fac increased significantly from 51 - 15 to 57 - 11 in 18 hearts that underwent tee in donors and afterwards in recipients overall actuarial survival was 86 2 versus 64 6 at 1 and 2 years in group h1 and group h2 respectively p ns conclusion tee is useful to assess left ventricular function in potential brain-dead donors an fac less than 50 is present in 36 of potential heart donors because left ventricular dysfunction is often reversible shortly after transplantation an fac below 50 may not necessarily preclude the use of hearts for transplantation,,right
PUBMEDQA_REPORT_21726930,"Endometrial polyp is a common cause of abnormal uterine bleeding, but the etiology and pathogenesis remain unclear. Vascular endothelial growth factor (VEGF) is angiogenic, related to thick walled vessels and transforming growth factor-beta1 (TGF-β1) is related to fibrotic tissue, which are characteristics of endometrial polyps. The primary objective of this study was to find out if endometrial polyp formation is associated with increased expression of VEGF or TGF-β1, or both. A secondary objective is to determine if the changes are related to steroid receptor expression. This prospective study compared VEGF and TGF-β1 expression of endometrial polyps and adjacent endometrial tissue in 70 premenopausal women. The comparison of results was separately made for endometrium specimens obtained in the proliferative and secretory phases. The results were correlated with the steroid receptors (estrogen receptor and progesterone receptor) expression. The score of VEGF in glandular cells of endometrial polyps was significantly higher than the score in adjacent endometrium, both in the proliferative phase (P<0.001) and the secretory phase (P=0.03); the score of VEGF in stromal cells of endometrial polyps was significantly higher than the score in adjacent endometrium only in proliferative phase (P=0.006). The score of TGF-β1 in glandular cells of endometrial polyps was significantly higher than the score in adjacent endometrium in proliferative phase (P=0.02); whereas the score of TGF-β1 in stromal cells of endometrial polyps was significantly higher than the score in adjacent endometrium, both in the proliferative phase (P=0.006) and the secretory phase (P=0.008). There was a significant correlation between the expression of steroid receptors and VEGF and TGF-β1 (Spearman's correlation P<0.001 and P<0.05, respectively). Conclusion: There was increased expression of TGF-β1 and VEGF in polyps compared to adjacent normal endometrial tissue. It suggested that these cytokines might play a role in endometrial polyp formation. In addition, there was a significant correlation between steroid receptor expression and VEGF and TGF-β1 expression.",endometrial polyp is a common cause of abnormal uterine bleeding but the etiology and pathogenesis remain unclear vascular endothelial growth factor vegf is angiogenic related to thick walled vessels and transforming growth factor-beta1 tgf- 1 is related to fibrotic tissue which are characteristics of endometrial polyps the primary objective of this study was to find out if endometrial polyp formation is associated with increased expression of vegf or tgf- 1 or both a secondary objective is to determine if the changes are related to steroid receptor expression this prospective study compared vegf and tgf- 1 expression of endometrial polyps and adjacent endometrial tissue in 70 premenopausal women the comparison of results was separately made for endometrium specimens obtained in the proliferative and secretory phases the results were correlated with the steroid receptors estrogen receptor and progesterone receptor expression the score of vegf in glandular cells of endometrial polyps was significantly higher than the score in adjacent endometrium both in the proliferative phase p 0 001 and the secretory phase p 0 03 the score of vegf in stromal cells of endometrial polyps was significantly higher than the score in adjacent endometrium only in proliferative phase p 0 006 the score of tgf- 1 in glandular cells of endometrial polyps was significantly higher than the score in adjacent endometrium in proliferative phase p 0 02 whereas the score of tgf- 1 in stromal cells of endometrial polyps was significantly higher than the score in adjacent endometrium both in the proliferative phase p 0 006 and the secretory phase p 0 008 there was a significant correlation between the expression of steroid receptors and vegf and tgf- 1 spearman s correlation p 0 001 and p 0 05 respectively conclusion there was increased expression of tgf- 1 and vegf in polyps compared to adjacent normal endometrial tissue it suggested that these cytokines might play a role in endometrial polyp formation in addition there was a significant correlation between steroid receptor expression and vegf and tgf- 1 expression,no_acute,unspecified
PUBMEDQA_REPORT_10173769,"To consider whether the Barthel Index alone provides sufficient information about the long term outcome of stroke. Cross sectional follow up study with a structured interview questionnaire and measures of impairment, disability, handicap, and general health. The scales used were the hospital anxiety and depression scale, mini mental state examination, Barthel index, modified Rankin scale, London handicap scale, Frenchay activities index, SF36, Nottingham health profile, life satisfaction index, and the caregiver strain index. South east London. People, and their identified carers, resident in south east London in 1989-90 when they had their first in a life-time stroke aged under 75 years. Observational study. Comparison and correlation of the individual Barthel index scores with the scores on other outcome measures. One hundred and twenty three (42%) people were known to be alive, of whom 106 (86%) were interviewed. The median age was 71 years (range 34-79). The mean interval between the stroke and follow up was 4.9 years. The rank correlation coefficients between the Barthel and the different dimensions of the SF36 ranged from r = 0.217 (with the role emotional dimension) to r = 0.810 (with the physical functioning dimension); with the Nottingham health profile the range was r = -0.189 (with the sleep dimension, NS) to r = -0.840 (with the physical mobility dimension); with the hospital and anxiety scale depression component the coefficient was r = -0.563, with the life satisfaction index r = 0.361, with the London handicap scale r = 0.726 and with the Frenchay activities index r = 0.826. Conclusion: The place of the Barthel index as the standard outcome measure for populations of stroke patients is still justified for long term follow up, and may be a proxy for different outcome measures intended for the assessment of other domains.",to consider whether the barthel index alone provides sufficient information about the long term outcome of stroke cross sectional follow up study with a structured interview questionnaire and measures of impairment disability handicap and general health the scales used were the hospital anxiety and depression scale mini mental state examination barthel index modified rankin scale london handicap scale frenchay activities index sf36 nottingham health profile life satisfaction index and the caregiver strain index south east london people and their identified carers resident in south east london in 1989-90 when they had their first in a life-time stroke aged under 75 years observational study comparison and correlation of the individual barthel index scores with the scores on other outcome measures one hundred and twenty three 42 people were known to be alive of whom 106 86 were interviewed the median age was 71 years range 34-79 the mean interval between the stroke and follow up was 4 9 years the rank correlation coefficients between the barthel and the different dimensions of the sf36 ranged from r 0 217 with the role emotional dimension to r 0 810 with the physical functioning dimension with the nottingham health profile the range was r -0 189 with the sleep dimension ns to r -0 840 with the physical mobility dimension with the hospital and anxiety scale depression component the coefficient was r -0 563 with the life satisfaction index r 0 361 with the london handicap scale r 0 726 and with the frenchay activities index r 0 826 conclusion the place of the barthel index as the standard outcome measure for populations of stroke patients is still justified for long term follow up and may be a proxy for different outcome measures intended for the assessment of other domains,,unspecified
PUBMEDQA_REPORT_16962519,"To estimate changes in uterine myoma volume during pregnancy. Review of departmental electronic perinatal database and medical records. Canadian Task Force Classification II-3. Obstetrical ultrasound unit in an academic tertiary care center. One hundred-seven patients diagnosed with uterine myomas during pregnancy and who had two or more obstetrical ultrasounds in different periods of pregnancy. We analyzed the change in volume of uterine myomas between the first half of pregnancy (up until 19 weeks), third quarter (20-30 weeks), and last quarter (31 weeks to term). The volume of largest uterine myoma was calculated using the formula Volume (mm3)=Pi/6x(length mm)x(width mm)x(height mm). The mean age of the population was 31+/-6 years. Between the first and the second study periods, the percentage of uterine myomas that decreased in size was 55.1% (95% CI: 43-66), with a mean decrease in volume of 35%+/-4%; while the percentage of uterine myomas that enlarged was 44.9% (95% CI: 34-56), with a mean increase in volume of 69%+/-11%. Between the second and the third study periods, 75% (95% CI: 56-87) became smaller, with a mean decrease in volume of 30%+/-3%; while 25% (95% CI: 13-43) enlarged, with a mean increase in volume of 102%+/-62%. Conclusion: Contrary to common belief, we found that uterine myomas commonly decrease in volume over the course of pregnancy.",to estimate changes in uterine myoma volume during pregnancy review of departmental electronic perinatal database and medical records canadian task force classification ii-3 obstetrical ultrasound unit in an academic tertiary care center one hundred-seven patients diagnosed with uterine myomas during pregnancy and who had two or more obstetrical ultrasounds in different periods of pregnancy we analyzed the change in volume of uterine myomas between the first half of pregnancy up until 19 weeks third quarter 20-30 weeks and last quarter 31 weeks to term the volume of largest uterine myoma was calculated using the formula volume mm3 pi 6x length mm x width mm x height mm the mean age of the population was 31 -6 years between the first and the second study periods the percentage of uterine myomas that decreased in size was 55 1 95 ci 43-66 with a mean decrease in volume of 35 -4 while the percentage of uterine myomas that enlarged was 44 9 95 ci 34-56 with a mean increase in volume of 69 -11 between the second and the third study periods 75 95 ci 56-87 became smaller with a mean decrease in volume of 30 -3 while 25 95 ci 13-43 enlarged with a mean increase in volume of 102 -62 conclusion contrary to common belief we found that uterine myomas commonly decrease in volume over the course of pregnancy,,unspecified
PUBMEDQA_REPORT_21849531,"Adults with GH deficiency (GHD) have a decreased life expectancy. The effect of GH treatment on mortality remains to be established. This nationwide cohort study investigates the effect of GH treatment on all-cause and cause-specific mortality and analyzes patient characteristics influencing mortality in GHD adults. Patients in the Dutch National Registry of Growth Hormone Treatment in Adults were retrospectively monitored (1985-2009) and subdivided into treatment (n = 2229), primary (untreated, n = 109), and secondary control (partly treated, n = 356) groups. Standardized mortality ratios (SMR) were calculated for all-cause, malignancy, and cardiovascular disease (CVD) mortality. Expected mortality was obtained from cause, sex, calendar year, and age-specific death rates from national death and population counts. In the treatment group, 95 patients died compared to 74.6 expected [SMR 1.27 (95% confidence interval, 1.04-1.56)]. Mortality was higher in women than in men. After exclusion of high-risk patients, the SMR for CVD mortality remained increased in women. Mortality due to malignancies was not elevated. In the control groups mortality was not different from the background population. Univariate analyses demonstrated sex, GHD onset, age, and underlying diagnosis as influencing factors. Conclusion: GHD men receiving GH treatment have a mortality rate not different from the background population. In women, after exclusion of high-risk patients, mortality was not different from the background population except for CVD. Mortality due to malignancies was not elevated in adults receiving GH treatment. Next to gender, the heterogeneous etiology is of influence on mortality in GHD adults with GH treatment.",adults with gh deficiency ghd have a decreased life expectancy the effect of gh treatment on mortality remains to be established this nationwide cohort study investigates the effect of gh treatment on all-cause and cause-specific mortality and analyzes patient characteristics influencing mortality in ghd adults patients in the dutch national registry of growth hormone treatment in adults were retrospectively monitored 1985-2009 and subdivided into treatment n 2229 primary untreated n 109 and secondary control partly treated n 356 groups standardized mortality ratios smr were calculated for all-cause malignancy and cardiovascular disease cvd mortality expected mortality was obtained from cause sex calendar year and age-specific death rates from national death and population counts in the treatment group 95 patients died compared to 74 6 expected smr 1 27 95 confidence interval 1 04-1 56 mortality was higher in women than in men after exclusion of high-risk patients the smr for cvd mortality remained increased in women mortality due to malignancies was not elevated in the control groups mortality was not different from the background population univariate analyses demonstrated sex ghd onset age and underlying diagnosis as influencing factors conclusion ghd men receiving gh treatment have a mortality rate not different from the background population in women after exclusion of high-risk patients mortality was not different from the background population except for cvd mortality due to malignancies was not elevated in adults receiving gh treatment next to gender the heterogeneous etiology is of influence on mortality in ghd adults with gh treatment,,unspecified
PUBMEDQA_REPORT_19653482,The present study investigated factors that explain when and why different groups of teammates are more likely to request and accept backup from one another when needed in an environment characterized by extreme time pressure and severe consequences of error: commercial air traffic control (ATC). Transactive memory theory states that teammates develop consensus regarding the distribution of their relative expertise as well as confidence in that expertise over time and that this facilitates coordination processes. The present study investigated whether this theory could help to explain between-team differences in requesting and accepting backup when needed. The present study used cross-sectional data collected from 51 commercial ATC teams. Hypotheses were tested using multiple regression analysis. Teammates with greater experience working together requested and accepted backup from one another more than those with lesser experience working together. Teammate knowledge consensus and perceived team efficacy appear to have mediated this relationship. Conclusion: Transactive memory theory extends to high-stress environments in which members' expertise is highly overlapping. Teammates' shared mental models about one another increase the likelihood that they will request and accept backup.,the present study investigated factors that explain when and why different groups of teammates are more likely to request and accept backup from one another when needed in an environment characterized by extreme time pressure and severe consequences of error commercial air traffic control atc transactive memory theory states that teammates develop consensus regarding the distribution of their relative expertise as well as confidence in that expertise over time and that this facilitates coordination processes the present study investigated whether this theory could help to explain between-team differences in requesting and accepting backup when needed the present study used cross-sectional data collected from 51 commercial atc teams hypotheses were tested using multiple regression analysis teammates with greater experience working together requested and accepted backup from one another more than those with lesser experience working together teammate knowledge consensus and perceived team efficacy appear to have mediated this relationship conclusion transactive memory theory extends to high-stress environments in which members expertise is highly overlapping teammates shared mental models about one another increase the likelihood that they will request and accept backup,,unspecified
PUBMEDQA_REPORT_18041059,"Despite the advantages from using aromatase inhibitors (AIs) compared with tamoxifen for early breast cancer, an unexpectedly greater number of grade 3 and 4 cardiovascular events (CVAE) (as defined by National Cancer Institute of Canada-Common Toxicity Criteria [version 2.0] was demonstrated. Phase 3 randomized clinical trials (RCTs) comparing AI with tamoxifen in early breast cancer were considered eligible for this review. The event-based risk ratios (RRs) with 95% confidence intervals (95% CIs) were derived, and a test of heterogeneity was applied. Finally, absolute differences (ADs) in event rates and the number of patients needed to harm 1 patient (NNH) were determined. Seven eligible RCTs (19,818 patients) reported CVAE results. When considering all RCTs, the AD of the primary endpoint (CVAE) between the 2 arms (0.52%), tamoxifen versus AI, was statistically significant (RR, 1.31; 95% CI, 1.07-1.60; P= .007). This translated into an NNH value of 189 patients; when only third-generation AIs were considered, the difference (0.57%) remained significant (RR, 1.34; 95% CI, 1.09-1.63; P= .0038). Thromboembolic events were significantly more frequent in the tamoxifen arm, regardless of the strategy adopted (RR, 0.53; 95% CI, 0.42-0.65; P<.0001), without significant heterogeneity (P= .21). An AD of 1.17% and an NNH value of 85 patients were observed. Conclusion: According to the results from this meta-analysis, the risk of grade 3 and 4 CVAEs in patients who were receiving AIs was higher compared with the risk in patients who were receiving tamoxifen, and the difference reached statistical significance. However, the AD was relatively low, and from 160 to 180 patients had to be treated to produce 1 event.",despite the advantages from using aromatase inhibitors ais compared with tamoxifen for early breast cancer an unexpectedly greater number of grade 3 and 4 cardiovascular events cvae as defined by national cancer institute of canada-common toxicity criteria version 2 0 was demonstrated phase 3 randomized clinical trials rcts comparing ai with tamoxifen in early breast cancer were considered eligible for this review the event-based risk ratios rrs with 95 confidence intervals 95 cis were derived and a test of heterogeneity was applied finally absolute differences ads in event rates and the number of patients needed to harm 1 patient nnh were determined seven eligible rcts 19 818 patients reported cvae results when considering all rcts the ad of the primary endpoint cvae between the 2 arms 0 52 tamoxifen versus ai was statistically significant rr 1 31 95 ci 1 07-1 60 p 007 this translated into an nnh value of 189 patients when only third-generation ais were considered the difference 0 57 remained significant rr 1 34 95 ci 1 09-1 63 p 0038 thromboembolic events were significantly more frequent in the tamoxifen arm regardless of the strategy adopted rr 0 53 95 ci 0 42-0 65 p 0001 without significant heterogeneity p 21 an ad of 1 17 and an nnh value of 85 patients were observed conclusion according to the results from this meta-analysis the risk of grade 3 and 4 cvaes in patients who were receiving ais was higher compared with the risk in patients who were receiving tamoxifen and the difference reached statistical significance however the ad was relatively low and from 160 to 180 patients had to be treated to produce 1 event,,unspecified
PUBMEDQA_REPORT_21198823,"Elevation of cardiac troponin (cTn) is considered specific for myocardial damage. Elevated cTn and echocardiogrpahic documentation of wall motion abnormalities (WMAs) that were recorded after extreme physical effort raise the question whether dobutamine stress echo (DSE), can also induce elevation of troponin. we prospective enrolled stable patients (age>18 years) referred to DSE. The exam was performed under standardized conditions. Blood samples for cTnI were obtained at baseline and 18-24 hours after the test. We aimed to compare between the clinical and echocardiographic features of patients with elevated cTnI and those without cTnI elevations. Fifty-seven consecutive patients were included. The average age was 64.4 ± 10.7, 73% of the patients were males, and nearly half of the patients were known to have ischemic heart disease. Two of the patients were excluded due to technical difficulty. No signs of ischemia were recorded in 25 (45.4%). Among the patients with established ischemia on DSE, 12 (22%) had mild ischemia, 13 (23.6%) had moderate and 5 (9%) had severe ischemia. Angiography was performed in 13 (26%) of the patients, of which 7 had PCI and one was referred to bypass surgery. None of the patients had elevated cTnI 18-24 hours after the DSE. Conclusion: Our results indicate that there is no elevation of cTn despite the occurrence of significant WMAs on DSE. We conclude that cTnI cannot be used as an additional diagnostic tool during pharmacological stress test performed to evaluate the presence and severity of ischemia.",elevation of cardiac troponin ctn is considered specific for myocardial damage elevated ctn and echocardiogrpahic documentation of wall motion abnormalities wmas that were recorded after extreme physical effort raise the question whether dobutamine stress echo dse can also induce elevation of troponin we prospective enrolled stable patients age 18 years referred to dse the exam was performed under standardized conditions blood samples for ctni were obtained at baseline and 18-24 hours after the test we aimed to compare between the clinical and echocardiographic features of patients with elevated ctni and those without ctni elevations fifty-seven consecutive patients were included the average age was 64 4 10 7 73 of the patients were males and nearly half of the patients were known to have ischemic heart disease two of the patients were excluded due to technical difficulty no signs of ischemia were recorded in 25 45 4 among the patients with established ischemia on dse 12 22 had mild ischemia 13 23 6 had moderate and 5 9 had severe ischemia angiography was performed in 13 26 of the patients of which 7 had pci and one was referred to bypass surgery none of the patients had elevated ctni 18-24 hours after the dse conclusion our results indicate that there is no elevation of ctn despite the occurrence of significant wmas on dse we conclude that ctni cannot be used as an additional diagnostic tool during pharmacological stress test performed to evaluate the presence and severity of ischemia,no_acute,unspecified
PUBMEDQA_REPORT_24318956,"Digoxin is a commonly used medication for heart failure and cardiac arrhythmias that has recently been suggested as a novel chemotherapeutic agent. Preclinical studies of prostate cancer (PCa) have shown anti-tumor activity with digoxin. We explore the relationship between use of digoxin and PCa risk. Data from a population-based case-control study of incident cases aged 35-74 years at PCa diagnosis in 2002-2005 in King County, Washington were available. Controls were identified by random digit dialing and frequency matched by age. Use of digoxin was determined from in-person questionnaires regarding medical and prescription history. The relationship of digoxin use with PCa risk was evaluated with logistic regression. One thousand one cases of PCa and 942 controls were analyzed. The prevalence of digoxin use in controls was 2.7%, and use was positively correlated with age. In multivariate analysis adjusting for age, race, PSA screening, and family history of PCa, digoxin use was associated with a reduction in the odds ratio of PCa (OR 0.58, 95% CI: 0.30-1.10). Among those with ≥3 PSA tests over the preceding 5 years (546 cases, 380 controls), digoxin use was associated with a stronger reduction of PCa risk (OR 0.44, 95% CI: 0.20-0.98). Conclusion: These data indicate digoxin use may be associated with a reduction in risk of PCa. Given the potential mechanisms by which digoxin may exert an anti-neoplastic effect and other recent studies showing a negative association between digoxin use and PCa, further research is warranted.",digoxin is a commonly used medication for heart failure and cardiac arrhythmias that has recently been suggested as a novel chemotherapeutic agent preclinical studies of prostate cancer pca have shown anti-tumor activity with digoxin we explore the relationship between use of digoxin and pca risk data from a population-based case-control study of incident cases aged 35-74 years at pca diagnosis in 2002-2005 in king county washington were available controls were identified by random digit dialing and frequency matched by age use of digoxin was determined from in-person questionnaires regarding medical and prescription history the relationship of digoxin use with pca risk was evaluated with logistic regression one thousand one cases of pca and 942 controls were analyzed the prevalence of digoxin use in controls was 2 7 and use was positively correlated with age in multivariate analysis adjusting for age race psa screening and family history of pca digoxin use was associated with a reduction in the odds ratio of pca or 0 58 95 ci 0 30-1 10 among those with 3 psa tests over the preceding 5 years 546 cases 380 controls digoxin use was associated with a stronger reduction of pca risk or 0 44 95 ci 0 20-0 98 conclusion these data indicate digoxin use may be associated with a reduction in risk of pca given the potential mechanisms by which digoxin may exert an anti-neoplastic effect and other recent studies showing a negative association between digoxin use and pca further research is warranted,,unspecified
PUBMEDQA_REPORT_18507507,"Specialty pharmaceuticals have evolved beyond their status as niche drugs designed to treat rare conditions and are now poised to become the standard of care in a wide variety of common chronic illnesses. Due in part to the cost of these therapies, payers are increasingly demanding evidence of their value. Determining the value of these medications is hampered by a lack of robust pharmacoeconomic data. To outline emerging strategies and case study examples for the medical and pharmacy benefits management of specialty pharmaceuticals. The promise of specialty pharmaceuticals: increased life expectancy, improved quality of life, enhanced workplace productivity, decreased burden of disease, and reduced health care spending comes at a significant cost. These agents require special handling, administration, patient education, clinical support, and risk mitigation. Additionally, specialty drugs require distribution systems that ensure appropriate patient selection and data collection. With the specialty pharmaceutical pipeline overflowing with new medicines and an aging population increasingly relying on these novel treatments to treat common diseases, the challenge of managing the costs associated with these agents can be daunting. Aided by sophisticated pharmacoeconomic models to assess value, the cost impacts of these specialty drugs can be appropriately controlled. Conclusion: Current evidence suggests that when used in targeted patient populations, specialty pharmaceuticals may represent a good health care value.",specialty pharmaceuticals have evolved beyond their status as niche drugs designed to treat rare conditions and are now poised to become the standard of care in a wide variety of common chronic illnesses due in part to the cost of these therapies payers are increasingly demanding evidence of their value determining the value of these medications is hampered by a lack of robust pharmacoeconomic data to outline emerging strategies and case study examples for the medical and pharmacy benefits management of specialty pharmaceuticals the promise of specialty pharmaceuticals increased life expectancy improved quality of life enhanced workplace productivity decreased burden of disease and reduced health care spending comes at a significant cost these agents require special handling administration patient education clinical support and risk mitigation additionally specialty drugs require distribution systems that ensure appropriate patient selection and data collection with the specialty pharmaceutical pipeline overflowing with new medicines and an aging population increasingly relying on these novel treatments to treat common diseases the challenge of managing the costs associated with these agents can be daunting aided by sophisticated pharmacoeconomic models to assess value the cost impacts of these specialty drugs can be appropriately controlled conclusion current evidence suggests that when used in targeted patient populations specialty pharmaceuticals may represent a good health care value,,unspecified
PUBMEDQA_REPORT_27040842,"To measure the dimensions of compensatory hypertrophy of the middle turbinate in patients with nasal septal deviation, before and after septoplasty. The mucosal and bony structures of the middle turbinate and the angle of the septum were measured using radiological analysis before septoplasty and at least one year after septoplasty. All pre- and post-operative measurements of the middle turbinate were compared using the paired sample t-test and Wilcoxon rank sum test. The dimensions of bony and mucosal components of the middle turbinate on concave and convex sides of the septum were not significantly changed by septoplasty. There was a significant negative correlation after septoplasty between the angle of the septum and the middle turbinate total area on the deviated side (p = 0.033). Conclusion: The present study findings suggest that compensatory hypertrophy of the middle turbinate is not affected by septoplasty, even after one year.",to measure the dimensions of compensatory hypertrophy of the middle turbinate in patients with nasal septal deviation before and after septoplasty the mucosal and bony structures of the middle turbinate and the angle of the septum were measured using radiological analysis before septoplasty and at least one year after septoplasty all pre- and post-operative measurements of the middle turbinate were compared using the paired sample t-test and wilcoxon rank sum test the dimensions of bony and mucosal components of the middle turbinate on concave and convex sides of the septum were not significantly changed by septoplasty there was a significant negative correlation after septoplasty between the angle of the septum and the middle turbinate total area on the deviated side p 0 033 conclusion the present study findings suggest that compensatory hypertrophy of the middle turbinate is not affected by septoplasty even after one year,,unspecified
PUBMEDQA_REPORT_12221908,"The principal causes of morbidity and mortality during pregnancy in Mexico, are preeclampsia/eclampsia, obstetric hemorrhage and puerperium complications; this is, 62% of maternal deaths in last years. HELLP syndrome was observed between 5 to 25% of the mortality in pregnancies of 36 weeks or less. To analyze patients with HELLP syndrome in ICU's (Intensive Care Unit) of a Gynecology and Obstetric Hospital, related to the abnormal hematological, hepatic and renal results with the obstetric case history and the clinical complications. A transversal study in patients with HELLP syndrome during 1998 and 1999 were carry out. Peripheral blood with Microangiopathic hemolysis, elevated liver enzymes: AST, ALT over 40 UI/L, even when were LDH lower than 600 UI/L. It was evaluated the hepatic and renal function, platelets count, microangiopathic hemolysis, arterial pressure, seizures, icteric skin color, blindness, visual disturbances, nausea, vomiting and upper quadrant right abdominal pain. In newborn we analyzed gestational age, sex, weight and APGAR. We studied for an association between maternal and biochemical variables with Correlation Pearson Test, and dependence between variables with lineal regression model. 2878 patients with hypertensives disorders in pregnancy (11.64%). The 1.15% (n = 33) had HELLP syndrome with specific maternal mortality of 0.4 per 10,000 live birth, perinatal mortality of 1.62 per 10,000 live birth; and renal damage in 84.5%. Coefficient beta was higher between number of pregnancies to platelets count (-0.33) and creatinine clearance (-0.401). Conclusion: We found an important renal damage, low platelets, elevated liver enzymes in women with two or more pregnancies. Then we propose there are similarities between HELLP syndrome and Systemic Inflammatory Response Syndrome (SIRS) because they could have the same pathophysiology.",the principal causes of morbidity and mortality during pregnancy in mexico are preeclampsia eclampsia obstetric hemorrhage and puerperium complications this is 62 of maternal deaths in last years hellp syndrome was observed between 5 to 25 of the mortality in pregnancies of 36 weeks or less to analyze patients with hellp syndrome in icu s intensive care unit of a gynecology and obstetric hospital related to the abnormal hematological hepatic and renal results with the obstetric case history and the clinical complications a transversal study in patients with hellp syndrome during 1998 and 1999 were carry out peripheral blood with microangiopathic hemolysis elevated liver enzymes ast alt over 40 ui l even when were ldh lower than 600 ui l it was evaluated the hepatic and renal function platelets count microangiopathic hemolysis arterial pressure seizures icteric skin color blindness visual disturbances nausea vomiting and upper quadrant right abdominal pain in newborn we analyzed gestational age sex weight and apgar we studied for an association between maternal and biochemical variables with correlation pearson test and dependence between variables with lineal regression model 2878 patients with hypertensives disorders in pregnancy 11 64 the 1 15 n 33 had hellp syndrome with specific maternal mortality of 0 4 per 10 000 live birth perinatal mortality of 1 62 per 10 000 live birth and renal damage in 84 5 coefficient beta was higher between number of pregnancies to platelets count -0 33 and creatinine clearance -0 401 conclusion we found an important renal damage low platelets elevated liver enzymes in women with two or more pregnancies then we propose there are similarities between hellp syndrome and systemic inflammatory response syndrome sirs because they could have the same pathophysiology,no_acute,right
PUBMEDQA_REPORT_24352924,"The purpose of this study was to investigate the efficacy of ultrasonography to confirm Schanz pin placement in a cadaveric model, and the interobserver repeatability of the ultrasound methodology. This investigation is a repeated measures cadaveric study with multiple examiners. Cadaveric preparation and observations were done by an orthopaedic traumatologist and resident, and two general surgery traumatologists. A total of 16 Schanz pins were equally placed in bilateral femora and tibiae. Four examiners took measurements of pin protrusion beyond the distal cortices using first ultrasonography and then by direct measurement after gross dissection.MAIN OUTCOME MEASURE(S): Distal Schanz pin protrusion length measurements from both ultrasonography and direct measurement post dissection. Schanz pin protrusion measurements are underestimated by ultrasonography (p<0.01) by an average of 10 percent over the range of 5 to 18 mm, and they display a proportional bias that increases the under reporting as the magnitude of pin protrusion increases. Ultrasound data demonstrate good linear correlation and closely represent actual protrusion values in the 5 to 12 mm range. Interobserver repeatability analysis demonstrated that all examiners were not statistically different in their measurements despite minimal familiarity with the ultrasound methodology (p>0.8). Conclusion: Despite the statistical imparity of pin protrusion measurement via ultrasound compared to that of gross dissection, a consideration of the clinical relevance of ultrasound measurement bias during an austere operating theatre leads to the conclusion that ultrasonography is an adequate methodology for Schanz pin protrusion measurement.",the purpose of this study was to investigate the efficacy of ultrasonography to confirm schanz pin placement in a cadaveric model and the interobserver repeatability of the ultrasound methodology this investigation is a repeated measures cadaveric study with multiple examiners cadaveric preparation and observations were done by an orthopaedic traumatologist and resident and two general surgery traumatologists a total of 16 schanz pins were equally placed in bilateral femora and tibiae four examiners took measurements of pin protrusion beyond the distal cortices using first ultrasonography and then by direct measurement after gross dissection main outcome measure s distal schanz pin protrusion length measurements from both ultrasonography and direct measurement post dissection schanz pin protrusion measurements are underestimated by ultrasonography p 0 01 by an average of 10 percent over the range of 5 to 18 mm and they display a proportional bias that increases the under reporting as the magnitude of pin protrusion increases ultrasound data demonstrate good linear correlation and closely represent actual protrusion values in the 5 to 12 mm range interobserver repeatability analysis demonstrated that all examiners were not statistically different in their measurements despite minimal familiarity with the ultrasound methodology p 0 8 conclusion despite the statistical imparity of pin protrusion measurement via ultrasound compared to that of gross dissection a consideration of the clinical relevance of ultrasound measurement bias during an austere operating theatre leads to the conclusion that ultrasonography is an adequate methodology for schanz pin protrusion measurement,,bilateral
PUBMEDQA_REPORT_23453079,"To determine whether prostate morphology or technique used has any effect on postoperative outcomes after holmium laser enucleation of the prostate. A retrospective review of prospectively collected data was completed for all patients undergoing a holmium laser enucleation of the prostate at our institution. Prostate morphology was classified as either ""bilobar"" or ""trilobar"" according to the cystoscopic appearance. The baseline characteristics, complications, and postoperative outcomes were collected. A total of 304 patients with either ""bilobar"" (n = 142) or ""trilobar"" (n = 162) prostate morphology were included. The trilobar group was more likely to have longer operative times (112 vs 100 minutes, P = .04), although this difference was not significant on multivariate analysis. The postoperative outcomes were similar between the 2 groups for American Urological Association symptom score, change in American Urological Association symptom score, bother score, maximal flow rate, change in maximal flow rate, postvoid residual urine volume, and complication rate. However, the trilobar group had a significantly greater decrease in their PVR urine volume (296 vs 176 mL, P = .01), a difference that persisted on multivariate analysis. A subset analysis of the trilobar prostates revealed that performing a 2-lobe technique achieved shorter operative and enucleation times, although the difference was not significant. Conclusion: Those patients with trilobar prostate morphology are more likely to achieve a greater decrease in the PVR urine volume after holmium laser enucleation of the prostate. All other outcomes appeared to be similar between the 2 groups. In addition, a 2-lobe technique can be safely used for trilobar prostates when deemed feasible by the surgeon.",to determine whether prostate morphology or technique used has any effect on postoperative outcomes after holmium laser enucleation of the prostate a retrospective review of prospectively collected data was completed for all patients undergoing a holmium laser enucleation of the prostate at our institution prostate morphology was classified as either bilobar or trilobar according to the cystoscopic appearance the baseline characteristics complications and postoperative outcomes were collected a total of 304 patients with either bilobar n 142 or trilobar n 162 prostate morphology were included the trilobar group was more likely to have longer operative times 112 vs 100 minutes p 04 although this difference was not significant on multivariate analysis the postoperative outcomes were similar between the 2 groups for american urological association symptom score change in american urological association symptom score bother score maximal flow rate change in maximal flow rate postvoid residual urine volume and complication rate however the trilobar group had a significantly greater decrease in their pvr urine volume 296 vs 176 ml p 01 a difference that persisted on multivariate analysis a subset analysis of the trilobar prostates revealed that performing a 2-lobe technique achieved shorter operative and enucleation times although the difference was not significant conclusion those patients with trilobar prostate morphology are more likely to achieve a greater decrease in the pvr urine volume after holmium laser enucleation of the prostate all other outcomes appeared to be similar between the 2 groups in addition a 2-lobe technique can be safely used for trilobar prostates when deemed feasible by the surgeon,,unspecified
PUBMEDQA_REPORT_10411439,"Lower limb compartment syndrome has been reported to occur after colorectal, urological, and gynecological procedures during which the patient's lower limbs are elevated for prolonged periods of time. We investigated lower limb perfusion in a group of patients undergoing prolonged pelvic surgery both during and immediately after surgery, using intra-arterial blood pressure monitoring, laser doppler flowmetry, and pulse oximetry. Use of the modified lithotomy position was not associated with any demonstrable decrease in lower limb perfusion. The addition of 15 degrees head-down tilt, however, during pelvic dissection, led to an immediate and significant drop in lower limb perfusion (P<0.05; Mann-Whitney U test). The subgroup of patients analyzed postoperatively showed a ten-fold increase (P<0.01) in perfusion that was confined to the muscle compartment with no demonstrable increase in skin perfusion or intra-arterial pedal blood pressure. Conclusion: The use of the modified lithotomy position during pelvic surgery is not associated with lower limb ischemia. Addition of Trendelenburg position, however, causes profound ischemia of the lower limbs, and this is followed during the recovery period by hyperperfusion that is confined to the muscle compartments, which may put patients at risk of developing lower limb compartment syndrome.",lower limb compartment syndrome has been reported to occur after colorectal urological and gynecological procedures during which the patient s lower limbs are elevated for prolonged periods of time we investigated lower limb perfusion in a group of patients undergoing prolonged pelvic surgery both during and immediately after surgery using intra-arterial blood pressure monitoring laser doppler flowmetry and pulse oximetry use of the modified lithotomy position was not associated with any demonstrable decrease in lower limb perfusion the addition of 15 degrees head-down tilt however during pelvic dissection led to an immediate and significant drop in lower limb perfusion p 0 05 mann-whitney u test the subgroup of patients analyzed postoperatively showed a ten-fold increase p 0 01 in perfusion that was confined to the muscle compartment with no demonstrable increase in skin perfusion or intra-arterial pedal blood pressure conclusion the use of the modified lithotomy position during pelvic surgery is not associated with lower limb ischemia addition of trendelenburg position however causes profound ischemia of the lower limbs and this is followed during the recovery period by hyperperfusion that is confined to the muscle compartments which may put patients at risk of developing lower limb compartment syndrome,,unspecified
MMEDBENCH_REPORT_MMEDBENCH_039388,"Correct answer: T8. Rationale: The correct answer option for the vertebral level indicated by a thoracic CT scan can be determined by the anatomic structures visible in the image. In an adult, the T4 level typically shows the arch of the aorta and great vessels emerging from it, while T1 is at the level where the brachiocephalic veins converge to form the superior vena cava. The T5 level may show the aortic arch coming to an end. However, at the T8 level, you can often identify the inferior vena cava passing through the diaphragm, which is a key landmark distinguishing the mid-thoracic vertebrae. Depending on which anatomical structures or features are identifiable in the CT scan, you can deduce the vertebral level that corresponds to the image. If the image shows landmarks consistent with the T8 level, it would be the correct answer. This analysis underscores the importance of understanding thoracic anatomy for accurate clinical diagnostics in trauma settings.",correct answer t8 rationale the correct answer option for the vertebral level indicated by a thoracic ct scan can be determined by the anatomic structures visible in the image in an adult the t4 level typically shows the arch of the aorta and great vessels emerging from it while t1 is at the level where the brachiocephalic veins converge to form the superior vena cava the t5 level may show the aortic arch coming to an end however at the t8 level you can often identify the inferior vena cava passing through the diaphragm which is a key landmark distinguishing the mid-thoracic vertebrae depending on which anatomical structures or features are identifiable in the ct scan you can deduce the vertebral level that corresponds to the image if the image shows landmarks consistent with the t8 level it would be the correct answer this analysis underscores the importance of understanding thoracic anatomy for accurate clinical diagnostics in trauma settings,,unspecified
MMEDBENCH_REPORT_MMEDBENCH_037715,"Correct answer: 600 mg. Rationale: To calculate the loading dose for the patient, we need to apply the concept of proportionality. The original subject weighed 100 kg and received a 1500 mg dose to achieve a 15 mg/dL serum concentration. As the bioavailability is 1, no adjustments for absorption are needed.The patient weighs 60 kg, and the desired concentration is 10 mg/dL, which is two-thirds of the original concentration (10/15 = 2/3). Since dose, body weight, and targeted serum concentration are directly proportional, we calculate the dose for the new patient by multiplying the original dose by the ratio of the target concentration and the ratio of target body weight to original body weight:New Dose = (1500 mg) * (60 kg / 100 kg) * (10 mg/dL / 15 mg/dL)          = (1500 mg) * (0.6) * (2/3)          = (1500 mg) * 0.4          = 600 mgTherefore, the correct loading dose to achieve the target serum concentration in a 60 kg patient is 600 mg, leading us to choose option D.",correct answer 600 mg rationale to calculate the loading dose for the patient we need to apply the concept of proportionality the original subject weighed 100 kg and received a 1500 mg dose to achieve a 15 mg dl serum concentration as the bioavailability is 1 no adjustments for absorption are needed the patient weighs 60 kg and the desired concentration is 10 mg dl which is two-thirds of the original concentration 10 15 2 3 since dose body weight and targeted serum concentration are directly proportional we calculate the dose for the new patient by multiplying the original dose by the ratio of the target concentration and the ratio of target body weight to original body weight new dose 1500 mg 60 kg 100 kg 10 mg dl 15 mg dl 1500 mg 0 6 2 3 1500 mg 0 4 600 mgtherefore the correct loading dose to achieve the target serum concentration in a 60 kg patient is 600 mg leading us to choose option d,,unspecified
MMEDBENCH_REPORT_MMEDBENCH_041074,"Correct answer: Dark-field microscopy
"". Rationale: The most appropriate next step to confirm the diagnosis is D. Dark-field microscopy. The patient's symptoms—painless ulcer (chancre) with a smooth base and non-tender bilateral inguinal adenopathy—are classic for primary syphilis. Dark-field microscopy can be used to directly observe the spirochete Treponema pallidum in fluid from the lesion, providing rapid and specific confirmation. Swab culture (A) is not generally useful for syphilis, as T. pallidum does not grow well in culture. Serologic tests such as RPR (B) and FTA-ABS (C) are useful in syphilis diagnosis, but they may not yet be positive in the earliest stages of primary syphilis; therefore, direct visualization using microscopy is preferred.",correct answer dark-field microscopy rationale the most appropriate next step to confirm the diagnosis is d dark-field microscopy the patient s symptoms painless ulcer chancre with a smooth base and non-tender bilateral inguinal adenopathy are classic for primary syphilis dark-field microscopy can be used to directly observe the spirochete treponema pallidum in fluid from the lesion providing rapid and specific confirmation swab culture a is not generally useful for syphilis as t pallidum does not grow well in culture serologic tests such as rpr b and fta-abs c are useful in syphilis diagnosis but they may not yet be positive in the earliest stages of primary syphilis therefore direct visualization using microscopy is preferred,pleural_effusion,bilateral
MMEDBENCH_REPORT_MMEDBENCH_003645,"Correct answer: Dermis. Rationale: The pruritic wheals described are indicative of urticaria, a key feature of type I hypersensitivity reactions, where histamine release leads to vasodilation and increased vascular permeability in the skin. This process predominantly affects the dermis layer, which contains the mast cells that release histamine in response to an allergen. The stratum corneum, stratum granulosum, and stratum basale are layers of the epidermis and are not primarily involved in this immediate hypersensitivity reaction. Therefore, histologic changes such as dermal edema and inflammatory cell infiltration would be most notable in the dermis (option D), justifying its selection as the correct answer.",correct answer dermis rationale the pruritic wheals described are indicative of urticaria a key feature of type i hypersensitivity reactions where histamine release leads to vasodilation and increased vascular permeability in the skin this process predominantly affects the dermis layer which contains the mast cells that release histamine in response to an allergen the stratum corneum stratum granulosum and stratum basale are layers of the epidermis and are not primarily involved in this immediate hypersensitivity reaction therefore histologic changes such as dermal edema and inflammatory cell infiltration would be most notable in the dermis option d justifying its selection as the correct answer,congestion,unspecified
MMEDBENCH_REPORT_MMEDBENCH_003627,"Correct answer: Calcium oxalate crystals. Rationale: The presence of empty vodka bottles and antifreeze suggests the patient ingested ethylene glycol, found in antifreeze, which is metabolized into oxalic acid. Calcium oxalate crystals in the urine are characteristic of ethylene glycol poisoning. Oxalic acid combines with calcium to form calcium oxalate, which precipitates as crystals in the urine. This can lead to acute kidney injury, as suggested by the elevated serum creatinine and BUN. Slurred speech and altered mental status are also consistent with the neurotoxic effects of ethylene glycol. Hence, of the given options, calcium oxalate crystals (A) would be expected in this patient's urine.",correct answer calcium oxalate crystals rationale the presence of empty vodka bottles and antifreeze suggests the patient ingested ethylene glycol found in antifreeze which is metabolized into oxalic acid calcium oxalate crystals in the urine are characteristic of ethylene glycol poisoning oxalic acid combines with calcium to form calcium oxalate which precipitates as crystals in the urine this can lead to acute kidney injury as suggested by the elevated serum creatinine and bun slurred speech and altered mental status are also consistent with the neurotoxic effects of ethylene glycol hence of the given options calcium oxalate crystals a would be expected in this patient s urine,,unspecified
MMEDBENCH_REPORT_MMEDBENCH_039109,"Correct answer: Otosclerosis. Rationale: The most likely diagnosis for the patient's symptoms is otosclerosis, indicated by option C. Otosclerosis is a condition characterized by the abnormal bone growth in the middle ear that can cause hearing loss. The key findings suggesting this diagnosis are the presence of bilateral buzzing (tinnitus), episodes of mild dizziness, and the hearing test results showing bone conduction greater than air conduction with no lateralization on the Weber test. These clinical features are consistent with conductive hearing loss which is typical of otosclerosis. Diabetic otopathy generally leads to sensorineural hearing loss, not conductive, making it less likely. Drug-induced ototoxicity is less probable considering her medications do not commonly cause this issue, and presbycusis, age-related hearing loss, is unlikely given her age. Her occupation as a trombonist is a distractor; noise-induced hearing loss typically causes sensorineural hearing loss rather than conductive.",correct answer otosclerosis rationale the most likely diagnosis for the patient s symptoms is otosclerosis indicated by option c otosclerosis is a condition characterized by the abnormal bone growth in the middle ear that can cause hearing loss the key findings suggesting this diagnosis are the presence of bilateral buzzing tinnitus episodes of mild dizziness and the hearing test results showing bone conduction greater than air conduction with no lateralization on the weber test these clinical features are consistent with conductive hearing loss which is typical of otosclerosis diabetic otopathy generally leads to sensorineural hearing loss not conductive making it less likely drug-induced ototoxicity is less probable considering her medications do not commonly cause this issue and presbycusis age-related hearing loss is unlikely given her age her occupation as a trombonist is a distractor noise-induced hearing loss typically causes sensorineural hearing loss rather than conductive,no_acute,bilateral
MMEDBENCH_REPORT_MMEDBENCH_045156,"Correct answer: Seborrheic dermatitis. Rationale: The child's presentation includes signs and symptoms suggestive of a nutritional deficiency, specifically B-group vitamin deficiencies, such as riboflavin (vitamin B2), niacin (vitamin B3), or pyridoxine (vitamin B6), associated with angular cheilitis (cracking of the skin at the corners of the mouth), glossitis (swollen tongue), and pallor secondary to anemia. The normal MCV with low hemoglobin points to a non-megaloblastic anemia, which can occur with deficiencies in these vitamins. If left untreated, deficiencies of certain B vitamins can lead to dermatological manifestations, including seborrheic dermatitis-like eruptions. Option D (Seborrheic dermatitis) is the most likely development if the nutritional deficiencies are not addressed. Hypersegmented neutrophils (Option A) are associated with megaloblastic anemia, typically related to vitamin B12 or folate deficiency. Keratomalacia (Option B) results from severe vitamin A deficiency. Dilated cardiomyopathy (Option C) could be related to a deficiency in thiamine (vitamin B1), but the other symptoms don't fit this as well as they do B-group deficiencies linked to seborrheic dermatitis.",correct answer seborrheic dermatitis rationale the child s presentation includes signs and symptoms suggestive of a nutritional deficiency specifically b-group vitamin deficiencies such as riboflavin vitamin b2 niacin vitamin b3 or pyridoxine vitamin b6 associated with angular cheilitis cracking of the skin at the corners of the mouth glossitis swollen tongue and pallor secondary to anemia the normal mcv with low hemoglobin points to a non-megaloblastic anemia which can occur with deficiencies in these vitamins if left untreated deficiencies of certain b vitamins can lead to dermatological manifestations including seborrheic dermatitis-like eruptions option d seborrheic dermatitis is the most likely development if the nutritional deficiencies are not addressed hypersegmented neutrophils option a are associated with megaloblastic anemia typically related to vitamin b12 or folate deficiency keratomalacia option b results from severe vitamin a deficiency dilated cardiomyopathy option c could be related to a deficiency in thiamine vitamin b1 but the other symptoms don t fit this as well as they do b-group deficiencies linked to seborrheic dermatitis,no_acute,left
MMEDBENCH_REPORT_MMEDBENCH_044040,"Correct answer: Berger’s disease. Rationale: The most likely diagnosis is A. Berger’s disease, also known as IgA nephropathy. The key indicator in this case is the presence of granular IgA immune complex deposits in the mesangium on immunofluorescence. This finding is characteristic of IgA nephropathy. The patient’s history of multiple episodes of hematuria since childhood supports this chronic condition, unlike post-streptococcal glomerulonephritis, which is usually preceded by a streptococcal infection and would more likely present with low C3 levels. Hemolytic uremic syndrome typically includes thrombocytopenia and kidney impairment, which are not indicated here. Finally, celiac disease is not associated with these renal findings.",correct answer berger s disease rationale the most likely diagnosis is a berger s disease also known as iga nephropathy the key indicator in this case is the presence of granular iga immune complex deposits in the mesangium on immunofluorescence this finding is characteristic of iga nephropathy the patient s history of multiple episodes of hematuria since childhood supports this chronic condition unlike post-streptococcal glomerulonephritis which is usually preceded by a streptococcal infection and would more likely present with low c3 levels hemolytic uremic syndrome typically includes thrombocytopenia and kidney impairment which are not indicated here finally celiac disease is not associated with these renal findings,pneumonia,unspecified
MMEDBENCH_REPORT_MMEDBENCH_042438,"Correct answer: Parvovirus arthritis. Rationale: The patient presents with acute pain and swelling in the hands and wrists, a nonpruritic generalized rash, and a recent history of fever and upper respiratory symptoms that suggest a viral etiology. The absence of abnormalities in the erythrocyte sedimentation rate and autoimmune serologies such as anti-nuclear antibody and anti-dsDNA make systemic autoimmune conditions like systemic lupus erythematosus less likely. Disseminated gonococcal disease typically presents with fever and migratory polyarthralgia, tenosynovitis, and dermatitis, but the recent usage of condoms, albeit inconsistent, and lack of genitourinary symptoms reduce this likelihood. Psoriatic arthritis usually has a more insidious onset and is associated with psoriatic skin changes. Therefore, parvovirus arthritis, or Parvovirus B19 infection, which commonly causes a lacy macular rash (erythema infectiosum or ""fifth disease"") and can lead to acute symmetrical polyarthralgia or polyarthritis, is the most probable diagnosis given the clinical picture.",correct answer parvovirus arthritis rationale the patient presents with acute pain and swelling in the hands and wrists a nonpruritic generalized rash and a recent history of fever and upper respiratory symptoms that suggest a viral etiology the absence of abnormalities in the erythrocyte sedimentation rate and autoimmune serologies such as anti-nuclear antibody and anti-dsdna make systemic autoimmune conditions like systemic lupus erythematosus less likely disseminated gonococcal disease typically presents with fever and migratory polyarthralgia tenosynovitis and dermatitis but the recent usage of condoms albeit inconsistent and lack of genitourinary symptoms reduce this likelihood psoriatic arthritis usually has a more insidious onset and is associated with psoriatic skin changes therefore parvovirus arthritis or parvovirus b19 infection which commonly causes a lacy macular rash erythema infectiosum or fifth disease and can lead to acute symmetrical polyarthralgia or polyarthritis is the most probable diagnosis given the clinical picture,pneumonia|no_acute,unspecified
MMEDBENCH_REPORT_MMEDBENCH_036054,"Correct answer: Increased confidence interval range. Rationale: Reducing the sample size of a study typically leads to a decrease in the power of the study and an increase in the width of the confidence interval for the estimated parameters, reflecting greater statistical uncertainty. In this hypothetical scenario, if the number of participants were halved from 14,000 to 7,000, the precision of the hazard ratio estimate would diminish, resulting in a wider confidence interval around the calculated hazard ratio. A smaller sample size would not necessarily alter the hazard ratio itself (Option A), the rate of type I error (Option C), or directly affect the risk of confounding bias (Option D). The increased confidence interval (Option B) is therefore the most expected change with a reduced sample size.",correct answer increased confidence interval range rationale reducing the sample size of a study typically leads to a decrease in the power of the study and an increase in the width of the confidence interval for the estimated parameters reflecting greater statistical uncertainty in this hypothetical scenario if the number of participants were halved from 14 000 to 7 000 the precision of the hazard ratio estimate would diminish resulting in a wider confidence interval around the calculated hazard ratio a smaller sample size would not necessarily alter the hazard ratio itself option a the rate of type i error option c or directly affect the risk of confounding bias option d the increased confidence interval option b is therefore the most expected change with a reduced sample size,,unspecified
MMEDBENCH_REPORT_MMEDBENCH_044720,"Correct answer: Folate synthesis inhibitor. Rationale: The patient's clinical presentation of persistent fevers, night sweats, productive cough, cavitations on chest radiograph, and the detection of partially acid-fast gram-positive branching rods in bronchoalveolar lavage strongly suggests a diagnosis of pulmonary nocardiosis, especially given his immunocompromised state due to poorly managed HIV with low CD4 count. Nocardia species are susceptible to sulfonamides, which inhibit folate synthesis—a crucial pathway required for bacterial replication and survival. Therefore, a folate synthesis inhibitor, such as trimethoprim-sulfamethoxazole, is the appropriate choice for antibiotic therapy (Option D). Other listed mechanisms wouldn't target the suspected pathogen as effectively as a folate synthesis inhibitor.",correct answer folate synthesis inhibitor rationale the patient s clinical presentation of persistent fevers night sweats productive cough cavitations on chest radiograph and the detection of partially acid-fast gram-positive branching rods in bronchoalveolar lavage strongly suggests a diagnosis of pulmonary nocardiosis especially given his immunocompromised state due to poorly managed hiv with low cd4 count nocardia species are susceptible to sulfonamides which inhibit folate synthesis a crucial pathway required for bacterial replication and survival therefore a folate synthesis inhibitor such as trimethoprim-sulfamethoxazole is the appropriate choice for antibiotic therapy option d other listed mechanisms wouldn t target the suspected pathogen as effectively as a folate synthesis inhibitor,,unspecified
MMEDBENCH_REPORT_MMEDBENCH_037909,"Correct answer: 5. Rationale: The correct answer is A. 5. The patient's presentation of abdominal pain and bloody stool coupled with the finding of hundreds of small polyps in the colon strongly suggests familial adenomatous polyposis (FAP), a condition caused by a mutation in the APC (adenomatous polyposis coli) gene. This gene is located on chromosome 5 (5q21-q22). The early age of onset and the number of polyps are characteristic of FAP. Additionally, a family history of colon cancer (cousin diagnosed at 21) also supports this diagnosis. Although both are genetic conditions, the grandfather's Alzheimer disease and the chromosome it's associated with are not relevant to the polyposis observed in this patient.",correct answer 5 rationale the correct answer is a 5 the patient s presentation of abdominal pain and bloody stool coupled with the finding of hundreds of small polyps in the colon strongly suggests familial adenomatous polyposis fap a condition caused by a mutation in the apc adenomatous polyposis coli gene this gene is located on chromosome 5 5q21-q22 the early age of onset and the number of polyps are characteristic of fap additionally a family history of colon cancer cousin diagnosed at 21 also supports this diagnosis although both are genetic conditions the grandfather s alzheimer disease and the chromosome it s associated with are not relevant to the polyposis observed in this patient,,unspecified
MMEDBENCH_REPORT_MMEDBENCH_044638,"Correct answer: Diclofenac. Rationale: Diclofenac, a nonsteroidal anti-inflammatory drug (NSAID), is the medication most likely to have contributed to treatment failure with furosemide in this scenario. NSAIDs can decrease renal blood flow, impairing the diuretic response to furosemide, a loop diuretic. The patient presents with signs of fluid overload consistent with heart failure exacerbation. NSAIDs can exacerbate heart failure by causing sodium and water retention. The other options, including sulfasalazine, prednisone, and infliximab, do not typically have the same significant impact on renal blood flow or diuretic response as NSAIDs do. Prednisone, for example, could even promote diuresis in some cases due to its anti-inflammatory effects.",correct answer diclofenac rationale diclofenac a nonsteroidal anti-inflammatory drug nsaid is the medication most likely to have contributed to treatment failure with furosemide in this scenario nsaids can decrease renal blood flow impairing the diuretic response to furosemide a loop diuretic the patient presents with signs of fluid overload consistent with heart failure exacerbation nsaids can exacerbate heart failure by causing sodium and water retention the other options including sulfasalazine prednisone and infliximab do not typically have the same significant impact on renal blood flow or diuretic response as nsaids do prednisone for example could even promote diuresis in some cases due to its anti-inflammatory effects,pleural_effusion,unspecified
MMEDBENCH_REPORT_MMEDBENCH_041919,"Correct answer: Clindamycin therapy. Rationale: The most appropriate next step in managing this case is C, clindamycin therapy. The child presents with symptoms of a bacterial pharyngitis—sore throat, painful swallowing, enlarged tonsils with exudates, and a warm, tender, nonfluctuant cervical lymph node. These signs suggest a bacterial infection, likely Group A Streptococcus (GAS), which is a common cause of pharyngitis in children. Clindamycin is an effective antibiotic for treating GAS, and it also covers potential anaerobic bacteria that could cause neck abscesses. The lack of fluctuance suggests that abscess formation is not present, thus making incision and drainage (option B) inappropriate at this time. Sulfadiazine and pyrimethamine (option A) are treatments for toxoplasmosis, not bacterial pharyngitis, and there is no indication of immunodeficiency or viral infection to warrant immunoglobulin therapy (option D).",correct answer clindamycin therapy rationale the most appropriate next step in managing this case is c clindamycin therapy the child presents with symptoms of a bacterial pharyngitis sore throat painful swallowing enlarged tonsils with exudates and a warm tender nonfluctuant cervical lymph node these signs suggest a bacterial infection likely group a streptococcus gas which is a common cause of pharyngitis in children clindamycin is an effective antibiotic for treating gas and it also covers potential anaerobic bacteria that could cause neck abscesses the lack of fluctuance suggests that abscess formation is not present thus making incision and drainage option b inappropriate at this time sulfadiazine and pyrimethamine option a are treatments for toxoplasmosis not bacterial pharyngitis and there is no indication of immunodeficiency or viral infection to warrant immunoglobulin therapy option d,pneumonia,unspecified
MMEDBENCH_REPORT_MMEDBENCH_039432,"Correct answer: Knee to chest positioning. Rationale: The presented symptoms suggest a possible congenital heart disorder, such as Tetralogy of Fallot, which can present with cyanotic episodes called ""Tet spells."" These spells are due to decreased pulmonary blood flow and right-to-left shunting through concomitant defects. Option D, knee to chest positioning, increases systemic vascular resistance, which reduces the right-to-left shunting across the ventricular septal defect and increases the blood flow to the lungs, thereby improving oxygenation. Options A, B, and C are not typically used to manage acute cyanotic spells in congenital heart disease and would not directly address the underlying pathophysiology as the knee-to-chest position does.",correct answer knee to chest positioning rationale the presented symptoms suggest a possible congenital heart disorder such as tetralogy of fallot which can present with cyanotic episodes called tet spells these spells are due to decreased pulmonary blood flow and right-to-left shunting through concomitant defects option d knee to chest positioning increases systemic vascular resistance which reduces the right-to-left shunting across the ventricular septal defect and increases the blood flow to the lungs thereby improving oxygenation options a b and c are not typically used to manage acute cyanotic spells in congenital heart disease and would not directly address the underlying pathophysiology as the knee-to-chest position does,,right
MMEDBENCH_REPORT_MMEDBENCH_037018,"Correct answer: Central line-associated blood stream infection. Rationale: The patient's presentation with high, unrelenting fever alongside the identification of coagulase-negative cocci in clusters from blood cultures taken from the central line on the 8th postoperative day points towards a central line-associated blood stream infection (CLABSI). The earlier positivity of cultures from the central line versus the peripheral line supports this diagnosis. The presence of an S3 gallop and crackles at the lung bases might suggest heart failure or a pulmonary process, but these findings do not exclude a CLABSI. Additionally, there is no purulent discharge from the sternal wound, which reduces the likelihood of a surgical site infection, and there are no abdominal signs to suggest bowel ischemia. Finally, while a catheter-associated urinary tract infection is possible, it is less likely to cause systemic symptoms as severe as those seen in this patient without other specific urinary findings.",correct answer central line-associated blood stream infection rationale the patient s presentation with high unrelenting fever alongside the identification of coagulase-negative cocci in clusters from blood cultures taken from the central line on the 8th postoperative day points towards a central line-associated blood stream infection clabsi the earlier positivity of cultures from the central line versus the peripheral line supports this diagnosis the presence of an s3 gallop and crackles at the lung bases might suggest heart failure or a pulmonary process but these findings do not exclude a clabsi additionally there is no purulent discharge from the sternal wound which reduces the likelihood of a surgical site infection and there are no abdominal signs to suggest bowel ischemia finally while a catheter-associated urinary tract infection is possible it is less likely to cause systemic symptoms as severe as those seen in this patient without other specific urinary findings,pneumonia,unspecified
MMEDBENCH_REPORT_MMEDBENCH_046056,"Correct answer: Fine needle aspiration with cytology. Rationale: A fine needle aspiration with cytology (Option B) is the most appropriate next step for a patient presenting with new-onset palpitations, tremors, weight loss, and anxiety alongside a palpable thyroid nodule. These symptoms are suggestive of hyperthyroidism, possibly due to thyroid autonomy or thyroiditis. The history of neuroblastoma does not directly relate to the current presentation but raises concern for secondary malignancies. Thus, evaluating the thyroid nodule for malignancy is imperative. An ultrasound (Option A) is commonly performed as part of the evaluation, but a biopsy via fine needle aspiration is necessary to obtain cytology to rule out thyroid cancer, especially considering the firm and nontender characteristics of the nodule, which increase the suspicion of malignancy. Life-long monitoring (Option C) or thyroid hormone replacement therapy (Option D) may be premature without a diagnosis.",correct answer fine needle aspiration with cytology rationale a fine needle aspiration with cytology option b is the most appropriate next step for a patient presenting with new-onset palpitations tremors weight loss and anxiety alongside a palpable thyroid nodule these symptoms are suggestive of hyperthyroidism possibly due to thyroid autonomy or thyroiditis the history of neuroblastoma does not directly relate to the current presentation but raises concern for secondary malignancies thus evaluating the thyroid nodule for malignancy is imperative an ultrasound option a is commonly performed as part of the evaluation but a biopsy via fine needle aspiration is necessary to obtain cytology to rule out thyroid cancer especially considering the firm and nontender characteristics of the nodule which increase the suspicion of malignancy life-long monitoring option c or thyroid hormone replacement therapy option d may be premature without a diagnosis,,unspecified
MMEDBENCH_REPORT_MMEDBENCH_043847,"Correct answer: Decreases microtubule polymerization. Rationale: The patient's symptoms—sudden onset of severe pain in the great toe touched off by a very light stimulus (such as the bed sheet)—are classic for gout, a form of acute inflammatory arthritis. Colchicine is often used in the treatment of gout attacks due to its anti-inflammatory properties. Option D, ""Decreases microtubule polymerization,"" describes the mechanism of colchicine. It works by binding to tubulin, thereby inhibiting the assembly of microtubule structures. This affects the mobility and activity of neutrophils, leading to a decreased inflammatory response to the deposited monosodium urate crystals that cause gout. Colchicine does not inhibit xanthine oxidase (Option A), which is the mechanism of action for allopurinol, or bind to the glucocorticoid receptor (Option C), which is characteristic of steroids. It also does not affect the reabsorption of uric acid in the proximal convoluted tubule (Option B); that's the mechanism of action of drugs like probenecid. Hence, the most accurate description of colchicine's mechanism is D.",correct answer decreases microtubule polymerization rationale the patient s symptoms sudden onset of severe pain in the great toe touched off by a very light stimulus such as the bed sheet are classic for gout a form of acute inflammatory arthritis colchicine is often used in the treatment of gout attacks due to its anti-inflammatory properties option d decreases microtubule polymerization describes the mechanism of colchicine it works by binding to tubulin thereby inhibiting the assembly of microtubule structures this affects the mobility and activity of neutrophils leading to a decreased inflammatory response to the deposited monosodium urate crystals that cause gout colchicine does not inhibit xanthine oxidase option a which is the mechanism of action for allopurinol or bind to the glucocorticoid receptor option c which is characteristic of steroids it also does not affect the reabsorption of uric acid in the proximal convoluted tubule option b that s the mechanism of action of drugs like probenecid hence the most accurate description of colchicine s mechanism is d,,unspecified
MMEDBENCH_REPORT_MMEDBENCH_044017,"Correct answer: Past history of infective endocarditis. Rationale: The correct answer is C, past history of infective endocarditis. According to guidelines, antibiotic prophylaxis for the prevention of infective endocarditis is recommended in patients with certain cardiac conditions that confer the highest risk of adverse outcomes if endocarditis develops. These conditions include prosthetic heart valves, previous infective endocarditis, congenital heart disease with residual defects at the site or adjacent to the site of a prosthetic patch or device, and cardiac transplantation recipients who develop cardiac valvulopathy. In this scenario, a history of infective endocarditis is the only listed condition associated with a high risk of complication, warranting the use of antibiotic prophylaxis before dental procedures that can introduce bacteria into the bloodstream. Options A, B, and D are not typically indications for prophylaxis in an otherwise healthy patient without an aforementioned high-risk condition.",correct answer past history of infective endocarditis rationale the correct answer is c past history of infective endocarditis according to guidelines antibiotic prophylaxis for the prevention of infective endocarditis is recommended in patients with certain cardiac conditions that confer the highest risk of adverse outcomes if endocarditis develops these conditions include prosthetic heart valves previous infective endocarditis congenital heart disease with residual defects at the site or adjacent to the site of a prosthetic patch or device and cardiac transplantation recipients who develop cardiac valvulopathy in this scenario a history of infective endocarditis is the only listed condition associated with a high risk of complication warranting the use of antibiotic prophylaxis before dental procedures that can introduce bacteria into the bloodstream options a b and d are not typically indications for prophylaxis in an otherwise healthy patient without an aforementioned high-risk condition,pneumonia,unspecified
MMEDBENCH_REPORT_MMEDBENCH_036080,"Correct answer: No further workup required. Rationale: The patient's presentation does not suggest an acute condition requiring immediate intervention. His history of peripheral vascular disease could explain decreased pedal pulses and absent ankle and patellar reflexes. Mild dementia is consistent with his trouble recalling words. No new symptoms indicative of other deficiencies or diseases (e.g., thiamine deficiency or Parkinsonism) are present, and there are no signs of infection or neural compromise to justify a lumbar puncture. His current management with aspirin and lisinopril seems appropriate for his hypertension and vascular history. Therefore, no additional workup is required at this time, and ongoing monitoring of his chronic conditions is indicated.",correct answer no further workup required rationale the patient s presentation does not suggest an acute condition requiring immediate intervention his history of peripheral vascular disease could explain decreased pedal pulses and absent ankle and patellar reflexes mild dementia is consistent with his trouble recalling words no new symptoms indicative of other deficiencies or diseases e g thiamine deficiency or parkinsonism are present and there are no signs of infection or neural compromise to justify a lumbar puncture his current management with aspirin and lisinopril seems appropriate for his hypertension and vascular history therefore no additional workup is required at this time and ongoing monitoring of his chronic conditions is indicated,pneumonia,unspecified
MMEDBENCH_REPORT_MMEDBENCH_003641,"Correct answer: Factitious disorder. Rationale: Factitious disorder seems to be the likely cause of this patient's hypoglycemia based on the given scenario. The normal Hgb A1c indicates this is not a chronic hyperglycemic state as seen with uncontrolled diabetes. The low C-peptide level suggests that the insulin in her system is exogenous, since C-peptide is released in equal amounts to insulin by the pancreas and would be elevated with endogenous hyperinsulinemia, such as with an insulinoma. Furthermore, the stress of a difficult divorce could trigger factitious disorder, where the patient self-administers insulin or other hypoglycemic agents to produce a medical condition. The medical history and stressor suggest a psychological cause rather than an organic one.",correct answer factitious disorder rationale factitious disorder seems to be the likely cause of this patient s hypoglycemia based on the given scenario the normal hgb a1c indicates this is not a chronic hyperglycemic state as seen with uncontrolled diabetes the low c-peptide level suggests that the insulin in her system is exogenous since c-peptide is released in equal amounts to insulin by the pancreas and would be elevated with endogenous hyperinsulinemia such as with an insulinoma furthermore the stress of a difficult divorce could trigger factitious disorder where the patient self-administers insulin or other hypoglycemic agents to produce a medical condition the medical history and stressor suggest a psychological cause rather than an organic one,no_acute,unspecified
MMEDBENCH_REPORT_MMEDBENCH_045871,"Correct answer: Mitral valve prolapse. Rationale: The patient's cardiac examination reveals a high-frequency, mid-to-late systolic murmur that is best heard at the apex, which is a classical presentation of mitral valve prolapse (MVP). MVP murmur is best heard at the mitral listening post, which corresponds to the apex area. Pulmonary valve regurgitation and stenosis typically produce murmur that is best heard at the left upper sternal border, and these murmurs would also commonly change with respiration, which is not mentioned in this case. Tricuspid valve stenosis would produce a murmur heard best at the lower left sternal border and would likely be accompanied by other signs of right-sided heart failure, which are absent in this patient. Therefore, option D, Mitral valve prolapse, is the most likely diagnosis given the description.",correct answer mitral valve prolapse rationale the patient s cardiac examination reveals a high-frequency mid-to-late systolic murmur that is best heard at the apex which is a classical presentation of mitral valve prolapse mvp mvp murmur is best heard at the mitral listening post which corresponds to the apex area pulmonary valve regurgitation and stenosis typically produce murmur that is best heard at the left upper sternal border and these murmurs would also commonly change with respiration which is not mentioned in this case tricuspid valve stenosis would produce a murmur heard best at the lower left sternal border and would likely be accompanied by other signs of right-sided heart failure which are absent in this patient therefore option d mitral valve prolapse is the most likely diagnosis given the description,,right
MMEDBENCH_REPORT_MMEDBENCH_043189,"Correct answer: Accumulation of foam cells in the tunica intima. Rationale: Choosing option A, ""Accumulation of foam cells in the tunica intima,"" might seem reasonable because of the patient's history of long-term smoking, which is a risk factor for atherosclerosis. Foam cells are a hallmark of atherosclerotic plaque formation. However, the patient's symptoms and physical examination findings are more indicative of an abdominal aortic aneurysm (AAA), which is associated with smoking and hypertension. AAAs can cause dull abdominal pain that radiates to the back and are characterized by the presence of a pulsatile mass in the periumbilical region. The most likely finding on evaluation of the blood vessel in AAA would be ""Fragmentation of elastic tissue in the tunica media,"" option D. This reflects the structural weakening of the vessel wall that leads to aneurysmal dilation. The presence of foam cells (choice A) is indicative of atherosclerosis, which may contribute to the development of an AAA, but the fragmentation and loss of elastic tissue within the tunica media is most directly associated with the pathology of an AAA. Therefore, option D would be the best answer for this question.",correct answer accumulation of foam cells in the tunica intima rationale choosing option a accumulation of foam cells in the tunica intima might seem reasonable because of the patient s history of long-term smoking which is a risk factor for atherosclerosis foam cells are a hallmark of atherosclerotic plaque formation however the patient s symptoms and physical examination findings are more indicative of an abdominal aortic aneurysm aaa which is associated with smoking and hypertension aaas can cause dull abdominal pain that radiates to the back and are characterized by the presence of a pulsatile mass in the periumbilical region the most likely finding on evaluation of the blood vessel in aaa would be fragmentation of elastic tissue in the tunica media option d this reflects the structural weakening of the vessel wall that leads to aneurysmal dilation the presence of foam cells choice a is indicative of atherosclerosis which may contribute to the development of an aaa but the fragmentation and loss of elastic tissue within the tunica media is most directly associated with the pathology of an aaa therefore option d would be the best answer for this question,,unspecified
MMEDBENCH_REPORT_MMEDBENCH_042398,"Correct answer: Deferoxamine. Rationale: The presentation of sudden onset nausea, vomiting, irritability, bloody emesis, and particularly the radiopaque objects visible on radiography, suggests an acute ingestion of a toxic substance, likely a heavy metal like iron, which can present as radiopaque. Given the findings, deferoxamine is the appropriate treatment as it is a chelating agent used specifically for iron toxicity. Iron poisoning can cause gastrointestinal hemorrhage, which could explain the bloody emesis, as well as metabolic acidosis reflected by the low HCO3-; hence, deferoxamine binds to the iron to facilitate its excretion and mitigate the toxic effects. The other options are not first-line treatments for iron toxicity: dialysis does not effectively remove iron from the body, fomepizole is used for toxic alcohol ingestions (e.g., methanol, ethylene glycol), and sodium bicarbonate is used for certain drug overdoses or to correct severe metabolic acidosis, but not as a direct treatment for iron poisoning.",correct answer deferoxamine rationale the presentation of sudden onset nausea vomiting irritability bloody emesis and particularly the radiopaque objects visible on radiography suggests an acute ingestion of a toxic substance likely a heavy metal like iron which can present as radiopaque given the findings deferoxamine is the appropriate treatment as it is a chelating agent used specifically for iron toxicity iron poisoning can cause gastrointestinal hemorrhage which could explain the bloody emesis as well as metabolic acidosis reflected by the low hco3- hence deferoxamine binds to the iron to facilitate its excretion and mitigate the toxic effects the other options are not first-line treatments for iron toxicity dialysis does not effectively remove iron from the body fomepizole is used for toxic alcohol ingestions e g methanol ethylene glycol and sodium bicarbonate is used for certain drug overdoses or to correct severe metabolic acidosis but not as a direct treatment for iron poisoning,,unspecified
MMEDBENCH_REPORT_MMEDBENCH_043906,"Correct answer: D-Ala-D-Ala. Rationale: The described symptoms suggest a diagnosis of primary syphilis, which is typically treated with antibiotics targeting the causative bacterium, Treponema pallidum. The first-line treatment for syphilis is penicillin, a beta-lactam antibiotic. The molecular structure mimicked by beta-lactam antibiotics, including penicillin, is D-Ala-D-Ala, a component of the bacterial cell wall peptide cross-linking process. Beta-lactam antibiotics work by binding to penicillin-binding proteins involved in cell wall synthesis, thus inhibiting the transpeptidation enzyme that cross-links the peptidoglycan molecules. This action disrupts bacterial cell wall synthesis, leading to cell lysis and the death of the bacterial cell. Thus, A. D-Ala-D-Ala is the correct answer.",correct answer d-ala-d-ala rationale the described symptoms suggest a diagnosis of primary syphilis which is typically treated with antibiotics targeting the causative bacterium treponema pallidum the first-line treatment for syphilis is penicillin a beta-lactam antibiotic the molecular structure mimicked by beta-lactam antibiotics including penicillin is d-ala-d-ala a component of the bacterial cell wall peptide cross-linking process beta-lactam antibiotics work by binding to penicillin-binding proteins involved in cell wall synthesis thus inhibiting the transpeptidation enzyme that cross-links the peptidoglycan molecules this action disrupts bacterial cell wall synthesis leading to cell lysis and the death of the bacterial cell thus a d-ala-d-ala is the correct answer,,unspecified
MMEDBENCH_REPORT_MMEDBENCH_035996,"Correct answer: Intraosseous cannulation. Rationale: The most appropriate next step in the management of this 3-week-old boy is intraosseous (IO) cannulation (Option C). The child presents with signs of shock, including tachycardia, hypotension, delayed capillary refill, and altered mental status (lethargy). Immediate vascular access is crucial for administering fluids and medications. When peripheral intravenous access is not possible, as in this case, IO cannulation is recommended, especially in emergency situations in pediatric patients. IO access provides a quick and reliable route directly into the bone marrow space, allowing for the immediate administration of fluids and drugs. Options A, B, and D are less appropriate. Intramuscular epinephrine is not indicated for shock without anaphylaxis. Internal jugular vein cannulation is more invasive and time-consuming compared to IO and not the first step during resuscitation. Lastly, ultrasound-guided cannulation may be attempted, but it can be time-consuming and is not warranted over IO in a life-threatening emergency.",correct answer intraosseous cannulation rationale the most appropriate next step in the management of this 3-week-old boy is intraosseous io cannulation option c the child presents with signs of shock including tachycardia hypotension delayed capillary refill and altered mental status lethargy immediate vascular access is crucial for administering fluids and medications when peripheral intravenous access is not possible as in this case io cannulation is recommended especially in emergency situations in pediatric patients io access provides a quick and reliable route directly into the bone marrow space allowing for the immediate administration of fluids and drugs options a b and d are less appropriate intramuscular epinephrine is not indicated for shock without anaphylaxis internal jugular vein cannulation is more invasive and time-consuming compared to io and not the first step during resuscitation lastly ultrasound-guided cannulation may be attempted but it can be time-consuming and is not warranted over io in a life-threatening emergency,pleural_effusion,unspecified
MMEDBENCH_REPORT_MMEDBENCH_040494,"Correct answer: Antiphospholipid antibody syndrome. Rationale: The most likely diagnosis is Antiphospholipid antibody syndrome (APS). This is indicated by the patient's history of deep vein thrombosis, positive VDRL, and a persistent prolongation of APTT after a mixing study, which suggests the presence of an inhibitor such as lupus anticoagulant, one of the criteria for APS. In addition, her history of a previous thrombosis, current signs of potential pregnancy complications, and a family history of thrombotic events (sister's spontaneous abortions) support APS. The patient's abnormal bleeding is consistent with coagulation issues but not necessarily indicative of von Willebrand disease or Disseminated intravascular coagulation (DIC), as the fibrinogen levels are normal, and there is no widespread bleeding. Factor V Leiden is less likely due to the abnormal APTT and positive VDRL, which are not typically associated with this condition.",correct answer antiphospholipid antibody syndrome rationale the most likely diagnosis is antiphospholipid antibody syndrome aps this is indicated by the patient s history of deep vein thrombosis positive vdrl and a persistent prolongation of aptt after a mixing study which suggests the presence of an inhibitor such as lupus anticoagulant one of the criteria for aps in addition her history of a previous thrombosis current signs of potential pregnancy complications and a family history of thrombotic events sister s spontaneous abortions support aps the patient s abnormal bleeding is consistent with coagulation issues but not necessarily indicative of von willebrand disease or disseminated intravascular coagulation dic as the fibrinogen levels are normal and there is no widespread bleeding factor v leiden is less likely due to the abnormal aptt and positive vdrl which are not typically associated with this condition,no_acute,unspecified
MMEDBENCH_REPORT_MMEDBENCH_039384,"Correct answer: Increased left atrial pressure. Rationale: The symptoms described—loss of consciousness without confusion, shortness of breath, palpitations, chest tightness, plus physical exam findings of jugular venous distention, pitting edema, and crackles in the lungs—are suggestive of cardiac disease. The accentuated and split S2, along with an opening snap and diastolic murmur, point toward mitral stenosis, which can be a consequence of rheumatic heart disease—a condition still prevalent in countries like India. The ECG shows atrial fibrillation with right axis deviation, which suggests the involvement of the right heart possibly due to pulmonary hypertension secondary to left-sided heart disease. These symptoms and signs indicate increased left atrial pressure (D). This increased pressure would lead to pulmonary congestion (evidenced by crackles) and right heart strain (ECG changes), as well as reduced cardiac output leading to syncopal episodes. Increased left atrial pressure is the likely underlying mechanism in mitral stenosis, leading to the subsequent clinical findings.",correct answer increased left atrial pressure rationale the symptoms described loss of consciousness without confusion shortness of breath palpitations chest tightness plus physical exam findings of jugular venous distention pitting edema and crackles in the lungs are suggestive of cardiac disease the accentuated and split s2 along with an opening snap and diastolic murmur point toward mitral stenosis which can be a consequence of rheumatic heart disease a condition still prevalent in countries like india the ecg shows atrial fibrillation with right axis deviation which suggests the involvement of the right heart possibly due to pulmonary hypertension secondary to left-sided heart disease these symptoms and signs indicate increased left atrial pressure d this increased pressure would lead to pulmonary congestion evidenced by crackles and right heart strain ecg changes as well as reduced cardiac output leading to syncopal episodes increased left atrial pressure is the likely underlying mechanism in mitral stenosis leading to the subsequent clinical findings,congestion,right
MMEDBENCH_REPORT_MMEDBENCH_003730,"Correct answer: Vaginal septum. Rationale: The patient's history of normal secondary sexual characteristics development (Tanner IV breast and pubic hair development), along with a normal growth spurt and no mention of galactorrhea, makes hyperprolactinemia (A) less likely. Normal hormone levels and the presentation of headaches with photosensitivity suggest a history of migraines rather than a hormonal etiology. An imperforate hymen (B) is less likely given the normal development of secondary sexual characteristics and the absence of cyclic abdominal pain or a pelvic mass on exam. A normal uterine and ovarian ultrasound rules this out as well. Normal development (D) is unlikely because the patient is 16 and has not yet had menarche, falling outside the typical age range of 9 to 15. The most likely diagnosis, considering these factors and the regular hormone levels, is a vaginal septum (C), a congenital malformation that may obstruct menstrual outflow despite normal ovarian and uterine function as evidenced by the normal hormone levels and secondary sexual characteristic development.",correct answer vaginal septum rationale the patient s history of normal secondary sexual characteristics development tanner iv breast and pubic hair development along with a normal growth spurt and no mention of galactorrhea makes hyperprolactinemia a less likely normal hormone levels and the presentation of headaches with photosensitivity suggest a history of migraines rather than a hormonal etiology an imperforate hymen b is less likely given the normal development of secondary sexual characteristics and the absence of cyclic abdominal pain or a pelvic mass on exam a normal uterine and ovarian ultrasound rules this out as well normal development d is unlikely because the patient is 16 and has not yet had menarche falling outside the typical age range of 9 to 15 the most likely diagnosis considering these factors and the regular hormone levels is a vaginal septum c a congenital malformation that may obstruct menstrual outflow despite normal ovarian and uterine function as evidenced by the normal hormone levels and secondary sexual characteristic development,no_acute,unspecified
MMEDBENCH_REPORT_MMEDBENCH_043394,"Correct answer: Instruct parents to remove guns from the house. Rationale: Choosing option D, instructing parents to remove guns from the house, addresses an immediate safety concern given the patient's expressed thoughts of ending his life, even though he has no specific plan. Access to firearms can increase the risk of suicide, especially in individuals experiencing depressive symptoms. The presence of a gun in the home, combined with the patient’s recent loss of interest in activities, changes in sleep and appetite, and difficulty concentrating—which are all potential signs of depression—make it crucial to eliminate access to lethal means as part of a harm reduction strategy. While options A, B, and C could also be part of a comprehensive treatment plan, they do not tackle the immediate risk of suicide with the same urgency as removing access to guns.",correct answer instruct parents to remove guns from the house rationale choosing option d instructing parents to remove guns from the house addresses an immediate safety concern given the patient s expressed thoughts of ending his life even though he has no specific plan access to firearms can increase the risk of suicide especially in individuals experiencing depressive symptoms the presence of a gun in the home combined with the patient s recent loss of interest in activities changes in sleep and appetite and difficulty concentrating which are all potential signs of depression make it crucial to eliminate access to lethal means as part of a harm reduction strategy while options a b and c could also be part of a comprehensive treatment plan they do not tackle the immediate risk of suicide with the same urgency as removing access to guns,,unspecified
